city,year,scope,total_patents,active_applicants,hhi,top1_share,top5_share,top10_share,effective_applicants,new_applicants,new_patents,new_applicant_share
七台河,2024,all_pub,246,120,0.016788948377288657,0.04878048780487805,0.19918699186991873,0.3252032520325204,59.56299212598423,120,246,1.0
万宁,2024,all_pub,246,54,0.08106946923127772,0.23170731707317074,0.47967479674796754,0.6544715447154471,12.335099877700767,54,246,1.0
三亚,2024,all_pub,5300,638,0.01773620505517978,0.047735849056603774,0.22867924528301886,0.3667924528301887,56.38184701230405,638,5300,1.0
三明,2024,all_pub,3926,773,0.005920403677924435,0.05501782985226694,0.11003565970453388,0.14391237901171677,168.9074013193942,773,3926,1.0
三沙,2024,all_pub,35,10,0.29795918367346935,0.5142857142857142,0.8285714285714286,1.0,3.3561643835616444,10,35,1.0
三门峡,2024,all_pub,1808,441,0.0066695953089513675,0.03871681415929203,0.10840707964601767,0.1620575221238938,149.93413448307493,441,1808,1.0
上海,2024,all_pub,303411,33072,0.0012390745607700048,0.01697697183028961,0.05349179825385368,0.079400549090178,807.0539349775405,33072,303411,1.0
上饶,2024,all_pub,7282,1748,0.0032201767519826115,0.03240867893435869,0.08775061796209832,0.12469101895083767,310.5419599667366,1748,7282,1.0
东方,2024,all_pub,308,53,0.09139399561477483,0.25,0.5324675324675324,0.672077922077922,10.941637831603229,53,308,1.0
东莞,2024,all_pub,119354,18692,0.009597983329401339,0.07667945774754092,0.15484189888901922,0.16610251855823852,104.18855354090032,18692,119354,1.0
东营,2024,all_pub,11618,2119,0.009674811712173022,0.0771217076949561,0.16259252883456704,0.20012050266827336,103.36118466696173,2119,11618,1.0
中卫,2024,all_pub,1124,301,0.013294537809804838,0.07829181494661921,0.17615658362989325,0.24644128113879002,75.21886163372233,301,1124,1.0
中山,2024,all_pub,48262,8512,0.0015662097145657963,0.02840744270854917,0.05774729600928267,0.08091251916621774,638.4840999899124,8512,48262,1.0
临夏,2024,all_pub,424,166,0.011937077251690992,0.04009433962264151,0.1509433962264151,0.2452830188679245,83.7726001863933,166,424,1.0
临夏回族自治州,2024,all_pub,2,1,1.0,1.0,1.0,1.0,1.0,1,2,1.0
临汾,2024,all_pub,2339,570,0.011311989334154157,0.06412997007268063,0.1791363830696879,0.2663531423685335,88.40178066475997,570,2339,1.0
临沂,2024,all_pub,22258,5526,0.001934646922112511,0.027181238206487556,0.07664659897564921,0.10234522418905563,516.8901821672265,5526,22258,1.0
临沧,2024,all_pub,749,213,0.019217434550027536,0.10013351134846461,0.19359145527369825,0.28704939919893196,52.03608199610427,213,749,1.0
临高,2024,all_pub,138,37,0.05828607435412729,0.13768115942028986,0.4420289855072464,0.6594202898550725,17.156756756756756,37,138,1.0
临高县,2024,all_pub,1,1,1.0,1.0,1.0,1.0,1.0,1,1,1.0
丹东,2024,all_pub,2330,540,0.006340142570318112,0.03819742489270386,0.11974248927038625,0.18369098712446352,157.7251597908193,540,2330,1.0
丽水,2024,all_pub,12143,2728,0.001955091298619258,0.0249526476159104,0.06695215350407642,0.09132833731367866,511.4850650229116,2728,12143,1.0
丽江,2024,all_pub,684,196,0.013572552238295541,0.06725146198830409,0.15350877192982454,0.23976608187134502,73.67811023622049,196,684,1.0
乌兰察布,2024,all_pub,1623,456,0.006190661125556113,0.02279728897104128,0.09550215650030806,0.16327788046826863,161.5336358618998,456,1623,1.0
乌海,2024,all_pub,1025,231,0.02244473527662106,0.08585365853658537,0.28097560975609753,0.36487804878048785,44.553878122217036,231,1025,1.0
乌鲁木齐,2024,all_pub,12286,1806,0.016286415820418076,0.10174181995767541,0.21146019860003257,0.2915513592707146,61.400863825809516,1806,12286,1.0
乐东,2024,all_pub,138,42,0.042007981516488144,0.08695652173913043,0.3405797101449275,0.5579710144927537,23.804999999999993,42,138,1.0
乐山,2024,all_pub,2467,479,0.008994774805297786,0.038508309687880014,0.14673692744223754,0.2278070531009323,111.17565716164624,479,2467,1.0
九江,2024,all_pub,8272,1906,0.002069155483390637,0.013781431334622824,0.05911508704061895,0.0929642166344294,483.2889592044299,1906,8272,1.0
云林县,2024,all_pub,27,16,0.07270233196159122,0.1111111111111111,0.4444444444444444,0.7777777777777777,13.754716981132075,16,27,1.0
云浮,2024,all_pub,2106,525,0.006469554269490957,0.029439696106362774,0.1225071225071225,0.1842355175688509,154.570154039172,525,2106,1.0
五家渠,2024,all_pub,277,66,0.036791825776433945,0.09025270758122744,0.3429602888086643,0.49819494584837554,27.179950407368047,66,277,1.0
五指山,2024,all_pub,83,22,0.0933372042386413,0.1927710843373494,0.6024096385542169,0.8072289156626505,10.713841368584761,22,83,1.0
亳州,2024,all_pub,4313,1076,0.0025898871243146353,0.01878043125434732,0.05865986552283794,0.09390215627173662,386.11721360815335,1076,4313,1.0
仙桃,2024,all_pub,1147,260,0.007841995608117611,0.022667829119442023,0.09764603312990411,0.1769834350479512,127.51856159736354,260,1147,1.0
伊春,2024,all_pub,497,154,0.03585699306503002,0.10261569416498995,0.3822937625754528,0.4788732394366197,27.888562718753526,154,497,1.0
伊犁,2024,all_pub,1898,500,0.006537301202197201,0.038461538461538464,0.11275026343519495,0.17544783983140144,152.96832271762204,500,1898,1.0
伊犁哈萨克自治州,2024,all_pub,2,2,0.5,0.5,1.0,1.0,2.0,2,2,1.0
佛山,2024,all_pub,105373,16304,0.0027086423756922393,0.03992483843109715,0.08021030055137464,0.11317889782012469,369.1886418724558,16304,105373,1.0
佳木斯,2024,all_pub,1844,425,0.10759230852480461,0.32212581344902386,0.40835140997830804,0.4609544468546638,9.294344676780101,425,1844,1.0
保亭,2024,all_pub,67,17,0.12497215415460013,0.208955223880597,0.7164179104477612,0.8955223880597015,8.001782531194296,17,67,1.0
保定,2024,all_pub,24989,4770,0.046510758863316806,0.20953219416543278,0.29424946976669736,0.32526311577093925,21.500401722937774,4770,24989,1.0
保山,2024,all_pub,834,230,0.016861331079021675,0.07913669064748201,0.20983213429256595,0.30455635491606714,59.30729877216917,230,834,1.0
信阳,2024,all_pub,3978,936,0.004454868796985735,0.03645047762694822,0.102061337355455,0.14203117144293617,224.47350204266905,936,3978,1.0
儋州,2024,all_pub,742,189,0.018359355134008035,0.09703504043126684,0.1967654986522911,0.28436657681940697,54.468144044321335,189,742,1.0
克孜勒苏,2024,all_pub,275,64,0.03344132231404959,0.09454545454545454,0.29090909090909084,0.469090909090909,29.903123764333728,64,275,1.0
克拉玛依,2024,all_pub,2477,398,0.00729700731591359,0.03794913201453371,0.11546225272507066,0.1683488090431974,137.0424828572067,398,2477,1.0
六安,2024,all_pub,10068,1978,0.0027540377400304865,0.026221692491060787,0.08531982518871672,0.1204807310290028,363.1032303823586,1978,10068,1.0
六盘水,2024,all_pub,1376,323,0.033774590995132504,0.14171511627906977,0.33066860465116277,0.407703488372093,29.60805654594358,323,1376,1.0
兰州,2024,all_pub,18864,1995,0.02352090019287201,0.08672603901611535,0.3017387616624258,0.396363443596268,42.51537959006557,1995,18864,1.0
兴安,2024,all_pub,587,248,0.012360369040743655,0.05792163543441227,0.18398637137989776,0.2691652470187394,80.90373327072082,248,587,1.0
兴安盟,2024,all_pub,9,4,0.3333333333333333,0.4444444444444444,1.0,1.0,3.0,4,9,1.0
内江,2024,all_pub,1745,425,0.009392697925304389,0.0498567335243553,0.1478510028653295,0.21088825214899712,106.4656830180763,425,1745,1.0
凉山,2024,all_pub,2119,410,0.017863724708312236,0.0873053327041057,0.23076923076923075,0.29919773478055683,55.979366919749175,410,2119,1.0
凉山彝族自治州,2024,all_pub,19,10,0.16897506925207756,0.2631578947368421,0.7368421052631577,0.9999999999999998,5.918032786885246,10,19,1.0
包头,2024,all_pub,7513,935,0.042008147765489015,0.17729269266604553,0.334486889391721,0.40995607613469986,23.80490579071736,935,7513,1.0
北京,2024,all_pub,522990,30142,0.003916991563381045,0.02829882024512897,0.09509168435342932,0.15615212527964206,255.29797136882934,30142,522990,1.0
北屯,2024,all_pub,69,21,0.10228943499264857,0.2318840579710145,0.5942028985507247,0.8260869565217392,9.776180698151954,21,69,1.0
北海,2024,all_pub,1077,316,0.011282587123867063,0.0510677808727948,0.16527390900649952,0.2590529247910863,88.63215404599985,316,1077,1.0
十堰,2024,all_pub,6201,1034,0.02660725919299551,0.14658925979680695,0.2591517497177874,0.31414288018061604,37.58372828807767,1034,6201,1.0
南京,2024,all_pub,150110,15306,0.007948762695600735,0.04804476717074146,0.16252081806675106,0.24184931050562922,125.80574339619584,15306,150110,1.0
南充,2024,all_pub,3208,770,0.0072714100036691326,0.0408354114713217,0.14650872817955113,0.2057356608478803,137.52490912978402,770,3208,1.0
南宁,2024,all_pub,19149,3015,0.01525541319954497,0.08674082197503787,0.22497258342472193,0.28910125855136043,65.55050242951319,3015,19149,1.0
南平,2024,all_pub,3778,807,0.005349294528154838,0.044732662784542084,0.10111169931180519,0.15087347803070408,186.94053855825652,807,3778,1.0
南投县,2024,all_pub,65,30,0.07786982248520714,0.18461538461538463,0.49230769230769234,0.6461538461538462,12.841945288753791,30,65,1.0
南昌,2024,all_pub,28731,3172,0.012673427774349853,0.06724443980369636,0.2077198844453726,0.28871254046152245,78.90525103428855,3172,28731,1.0
南通,2024,all_pub,69042,9465,0.0019669678606486817,0.03788998001216651,0.06595985052576693,0.08287708930795747,508.3967155773518,9465,69042,1.0
南阳,2024,all_pub,8270,1977,0.002163821098388868,0.016324062877871828,0.06977025392986698,0.10229746070133011,462.1454152307588,1977,8270,1.0
博尔塔拉,2024,all_pub,435,144,0.016250495441934205,0.06436781609195402,0.18390804597701146,0.2850574712643678,61.53658536585366,144,435,1.0
博尔塔拉蒙古自治州,2024,all_pub,3,3,0.3333333333333333,0.3333333333333333,1.0,1.0,3.0,3,3,1.0
厦门,2024,all_pub,52275,7034,0.004599734006117175,0.0557819225251076,0.1095169775227164,0.13972262075561934,217.40387567413734,7034,52275,1.0
双河,2024,all_pub,91,18,0.0996256490761985,0.18681318681318682,0.6373626373626374,0.8461538461538463,10.03757575757576,18,91,1.0
双鸭山,2024,all_pub,480,214,0.01710069444444444,0.0875,0.21874999999999997,0.2895833333333333,58.47715736040611,214,480,1.0
可克达拉,2024,all_pub,56,13,0.11670918367346937,0.19642857142857142,0.6964285714285714,0.9464285714285714,8.568306010928962,13,56,1.0
台中,2024,all_pub,1156,334,0.04380485147447947,0.18079584775086505,0.34515570934256057,0.42301038062283736,22.82852164406027,334,1156,1.0
台北,2024,all_pub,2274,574,0.016958172728461157,0.06860158311345646,0.23482849604221634,0.36015831134564635,58.96861743374538,574,2274,1.0
台南,2024,all_pub,606,200,0.03439749915585619,0.13036303630363036,0.3366336633663366,0.41914191419141916,29.071880937302083,200,606,1.0
台州,2024,all_pub,40225,8311,0.0006041733088542888,0.006886264760720945,0.02555624611559975,0.04477315102548167,1655.1542170843807,8311,40225,1.0
台湾省,2024,all_pub,153,79,0.03020205903712247,0.11764705882352941,0.27450980392156865,0.4183006535947713,33.11032531824611,79,153,1.0
合肥,2024,all_pub,114995,13226,0.006543311731183976,0.04712378799078221,0.14636288534284098,0.2099395625896778,152.8278096906527,13226,114995,1.0
吉安,2024,all_pub,6992,1599,0.0026150759416449783,0.02402745995423341,0.07208237986270022,0.10740846681922198,382.39807268119466,1599,6992,1.0
吉林,2024,all_pub,4358,731,0.05115393906665928,0.19871500688389168,0.38871041762276276,0.44997705369435514,19.548836673103292,731,4358,1.0
吐鲁番,2024,all_pub,544,132,0.01974751297577855,0.07352941176470588,0.2224264705882353,0.3272058823529411,50.63928815879534,132,544,1.0
吕梁,2024,all_pub,1877,580,0.0156062976973026,0.10761854022376133,0.17900905700586042,0.23441662226957913,64.07669643344305,580,1877,1.0
吴忠,2024,all_pub,1933,481,0.0048781088342559,0.032591826176927054,0.08018623900672531,0.12571132953957578,204.99747627146547,481,1933,1.0
周口,2024,all_pub,3868,1142,0.0033564986862213123,0.03852119958634954,0.07109617373319546,0.09307135470527406,297.92950734796284,1142,3868,1.0
呼伦贝尔,2024,all_pub,1983,410,0.062029774515555684,0.20121028744326777,0.4225920322743318,0.5098335854765507,16.121290264391053,410,1983,1.0
呼和浩特,2024,all_pub,13941,1812,0.026350841134058556,0.11197188150060972,0.31281830571695,0.41065920665662425,37.94945272951824,1812,13941,1.0
和田,2024,all_pub,531,154,0.01614053007330801,0.054613935969868174,0.17137476459510356,0.3088512241054614,61.95583388266316,154,531,1.0
和田地区,2024,all_pub,1,1,1.0,1.0,1.0,1.0,1.0,1,1,1.0
咸宁,2024,all_pub,4617,911,0.01200275521212511,0.0950833874810483,0.16244314489928524,0.19449859215941087,83.31420430784144,911,4617,1.0
咸阳,2024,all_pub,9384,1747,0.037236182789955004,0.18595481670929243,0.2504262574595056,0.3067988064791134,26.8555991799934,1747,9384,1.0
哈密,2024,all_pub,1082,236,0.014676388286222884,0.05083179297597042,0.1987060998151571,0.2865064695009242,68.13665463857525,236,1082,1.0
哈尔滨,2024,all_pub,37011,4624,0.06288007816499944,0.21977250006754748,0.4347086001459025,0.48655805030936744,15.903288118948682,4624,37011,1.0
唐山,2024,all_pub,16480,3207,0.006307049144594212,0.05254854368932039,0.1433859223300971,0.183373786407767,158.55275217842603,3207,16480,1.0
商丘,2024,all_pub,4507,1398,0.002511341355007808,0.01952518304859108,0.06545373862879963,0.0976259152429554,398.1935781075412,1398,4507,1.0
商洛,2024,all_pub,930,243,0.025078043704474504,0.13548387096774195,0.22365591397849463,0.29462365591397843,39.87551867219917,243,930,1.0
喀什,2024,all_pub,1213,371,0.009345718171308488,0.057708161582852434,0.1483924154987634,0.20032976092333057,107.00087266380628,371,1213,1.0
喀什地区,2024,all_pub,5,4,0.28,0.4,1.0,1.0,3.571428571428571,4,5,1.0
嘉义,2024,all_pub,10,10,0.10000000000000003,0.1,0.5,1.0,9.999999999999996,10,10,1.0
嘉义县,2024,all_pub,41,20,0.07911957168352172,0.17073170731707318,0.5365853658536585,0.7560975609756099,12.6390977443609,20,41,1.0
嘉兴,2024,all_pub,55114,8169,0.000971179104985071,0.014696810247849912,0.042765903400224986,0.06285154407228653,1029.6761893527066,8169,55114,1.0
嘉峪关,2024,all_pub,1244,195,0.09338587276806483,0.27491961414790994,0.4919614147909967,0.5635048231511254,10.708257794876765,195,1244,1.0
四平,2024,all_pub,1013,302,0.01592622657671397,0.09378084896347483,0.18361303060217177,0.26159921026653504,62.78951232943769,302,1013,1.0
固原,2024,all_pub,731,235,0.015089050286229718,0.06703146374829001,0.20930232558139536,0.292749658002736,66.27322336599282,235,731,1.0
图木舒克,2024,all_pub,233,49,0.050415369596050766,0.13733905579399142,0.38197424892703863,0.6008583690987125,19.835221044939715,49,233,1.0
基隆,2024,all_pub,12,6,0.25,0.4166666666666667,0.9166666666666667,1.0,4.0,6,12,1.0
塔城,2024,all_pub,739,233,0.015141333147782267,0.07036535859269283,0.19485791610284167,0.27604871447902574,66.04438263393398,233,739,1.0
塔城地区,2024,all_pub,3,3,0.3333333333333333,0.3333333333333333,1.0,1.0,3.0,3,3,1.0
大兴安岭,2024,all_pub,180,67,0.03907407407407409,0.13333333333333333,0.3388888888888889,0.47777777777777775,25.592417061611364,67,180,1.0
大兴安岭地区,2024,all_pub,2,2,0.5,0.5,1.0,1.0,2.0,2,2,1.0
大同,2024,all_pub,2143,488,0.02183998123876825,0.08072795146990201,0.2902473168455436,0.3826411572561829,45.78758512048973,488,2143,1.0
大庆,2024,all_pub,4378,914,0.03999450301885273,0.13133851073549566,0.37322978529008677,0.4104613978985839,25.003436085419462,914,4378,1.0
大理,2024,all_pub,1433,369,0.017102112550882908,0.0928122819260293,0.2184228890439637,0.29448709002093515,58.4723084370284,369,1433,1.0
大理白族自治州,2024,all_pub,7,6,0.18367346938775508,0.2857142857142857,0.857142857142857,0.9999999999999998,5.444444444444445,6,7,1.0
大连,2024,all_pub,37844,4452,0.030813166923696032,0.1429288658704154,0.3147923052531445,0.36465489905929604,32.453658608877916,4452,37844,1.0
天水,2024,all_pub,1506,371,0.015419508332319238,0.049800796812749,0.21779548472775562,0.3300132802124834,64.8529109001487,371,1506,1.0
天津,2024,all_pub,98508,12519,0.007360900693077386,0.07317172209363706,0.1378771267308239,0.17396556624842655,135.85293997247612,12519,98508,1.0
天门,2024,all_pub,1154,271,0.006591495484022118,0.016464471403812825,0.07365684575389948,0.13691507798960137,151.71064023695604,271,1154,1.0
太原,2024,all_pub,26698,3384,0.01655229238538567,0.09157989362499064,0.23076634953929134,0.3114465503033935,60.41459253601143,3384,26698,1.0
威海,2024,all_pub,14999,2765,0.005713770699587632,0.05920394692979532,0.12020801386759118,0.15881058737249149,175.01577374677828,2765,14999,1.0
娄底,2024,all_pub,3180,654,0.032021083026779,0.16163522012578616,0.26163522012578616,0.3160377358490566,31.229424662610793,654,3180,1.0
孝感,2024,all_pub,7118,1247,0.0052901433318377844,0.04116324810339983,0.11899409946614217,0.17322281539758358,189.03079506025446,1247,7118,1.0
宁德,2024,all_pub,13940,1009,0.3264537915106554,0.5631276901004304,0.6817073170731707,0.6946197991391678,3.0632206640104536,1009,13940,1.0
宁波,2024,all_pub,104746,16174,0.0038432853411974966,0.049882573081549655,0.10851011017127146,0.13784774597598,260.19405566395403,16174,104746,1.0
安庆,2024,all_pub,9212,1818,0.0022139984678935455,0.026921406860616587,0.05916196265740339,0.08608336951801997,451.6714959389405,1818,9212,1.0
安康,2024,all_pub,2046,590,0.004173319611783333,0.02346041055718475,0.08651026392961877,0.12463343108504399,239.61740125930166,590,2046,1.0
安阳,2024,all_pub,5533,1131,0.016531440801651816,0.10789806614856316,0.2172420025302729,0.27308874028555935,60.49079520643357,1131,5533,1.0
安顺,2024,all_pub,1420,344,0.018665939297758376,0.07323943661971831,0.25704225352112675,0.34014084507042247,53.57351612731815,344,1420,1.0
定安,2024,all_pub,244,77,0.03362671324912659,0.10655737704918032,0.29508196721311475,0.4959016393442622,29.738261738261727,77,244,1.0
定安县,2024,all_pub,1,1,1.0,1.0,1.0,1.0,1.0,1,1,1.0
定西,2024,all_pub,1223,442,0.006131458305615522,0.03025347506132461,0.11038430089942763,0.17170891251022077,163.0933376949079,442,1223,1.0
宜兰县,2024,all_pub,41,21,0.09934562760261748,0.24390243902439024,0.5365853658536586,0.7317073170731707,10.065868263473055,21,41,1.0
宜宾,2024,all_pub,5489,933,0.0068986745414843,0.03844051739843323,0.13773000546547642,0.20641282565130262,144.95538149924707,933,5489,1.0
宜昌,2024,all_pub,13720,1803,0.037277324924138766,0.18658892128279883,0.24263848396501458,0.29110787172011665,26.825959267062494,1803,13720,1.0
宜春,2024,all_pub,6646,1511,0.0020059626913851237,0.017303641287992777,0.05657538368943726,0.08441167619620824,498.51375815444345,1511,6646,1.0
宝鸡,2024,all_pub,5788,1166,0.00815768057162807,0.07325501036627505,0.1330338631651693,0.18054595715272975,122.5838632954005,1166,5788,1.0
宣城,2024,all_pub,11258,1818,0.0013182154023647491,0.008704920945105703,0.03632972108722686,0.06279978681826258,758.6013622706108,1818,11258,1.0
宿州,2024,all_pub,6243,1470,0.0031733378962525488,0.029633189171872496,0.08841902931283036,0.12702226493672913,315.12559730273847,1470,6243,1.0
宿迁,2024,all_pub,13969,2762,0.0011468641630462421,0.011167585367599686,0.03937289712935786,0.059989977808003435,871.9428439928325,2762,13969,1.0
屏东县,2024,all_pub,25,19,0.06239999999999999,0.12,0.44000000000000006,0.6400000000000001,16.02564102564103,19,25,1.0
屯昌,2024,all_pub,98,35,0.056643065389421064,0.1326530612244898,0.4285714285714286,0.6428571428571429,17.654411764705884,35,98,1.0
山南,2024,all_pub,220,51,0.17264462809917358,0.4,0.5545454545454546,0.6818181818181818,5.792245093346097,51,220,1.0
岳阳,2024,all_pub,4744,1235,0.0037910672289697958,0.03456998313659359,0.0927487352445194,0.13111298482293424,263.7779653070793,1235,4744,1.0
崇左,2024,all_pub,1022,241,0.022242561877443792,0.10176125244618395,0.2455968688845401,0.3131115459882583,44.95884986225895,241,1022,1.0
巴中,2024,all_pub,1333,404,0.005444909614500399,0.023255813953488372,0.07051762940735183,0.1245311327831958,183.6577777777778,404,1333,1.0
巴彦淖尔,2024,all_pub,1366,425,0.00764326704381025,0.04978038067349927,0.11932650073206442,0.17862371888726208,130.8341046136587,425,1366,1.0
巴音,2024,all_pub,1328,418,0.006472047829873714,0.03162650602409638,0.1091867469879518,0.16566265060240964,154.51060101629574,418,1328,1.0
巴音郭楞蒙古自治州,2024,all_pub,1,1,1.0,1.0,1.0,1.0,1.0,1,1,1.0
常州,2024,all_pub,69976,9292,0.0028099999962096466,0.03338287412827255,0.098290842574597,0.12923002172173317,355.871886601025,9292,69976,1.0
常德,2024,all_pub,4569,1055,0.004077216634162462,0.029328080542788355,0.08776537535565769,0.14138761216896475,245.2653586324385,1055,4569,1.0
平凉,2024,all_pub,1150,303,0.0801194706994329,0.26608695652173914,0.40869565217391307,0.4808695652173914,12.481360539081521,303,1150,1.0
平顶山,2024,all_pub,4797,955,0.009565642552722893,0.0498228059203669,0.1861580154263081,0.23389618511569732,104.54080784310162,955,4797,1.0
广元,2024,all_pub,1344,369,0.011400979662698414,0.06696428571428571,0.15773809523809523,0.23139880952380953,87.71176070700203,369,1344,1.0
广安,2024,all_pub,1660,419,0.007473508491798521,0.03433734939759036,0.11686746987951807,0.1927710843373494,133.80596290181603,419,1660,1.0
广州,2024,all_pub,215987,25672,0.004390247339830004,0.03693277836166065,0.1258131276419414,0.1717186682531819,227.77759943673726,25672,215987,1.0
庆阳,2024,all_pub,1093,277,0.02743818477226365,0.11070448307410796,0.31290027447392493,0.41628545288197616,36.44555965709753,277,1093,1.0
廊坊,2024,all_pub,13753,3542,0.002359538865759868,0.025521704355413365,0.07496546208100051,0.11175743474151095,423.81162459807973,3542,13753,1.0
延安,2024,all_pub,2338,622,0.0224596633447025,0.12446535500427716,0.24679213002566294,0.3212147134302823,44.524264885558374,622,2338,1.0
延边,2024,all_pub,1118,285,0.054048086123636305,0.19320214669051877,0.3738819320214669,0.4338103756708408,18.502042749718758,285,1118,1.0
延边朝鲜族自治州,2024,all_pub,18,12,0.12962962962962965,0.2777777777777778,0.6111111111111112,0.888888888888889,7.714285714285713,12,18,1.0
开封,2024,all_pub,4406,929,0.024356564903757507,0.14616432137993646,0.21606899682251474,0.2414888788016341,41.05669268024446,929,4406,1.0
张家口,2024,all_pub,4225,1089,0.014897573614369247,0.09443786982248521,0.2037869822485207,0.28118343195266265,67.12502491247729,1089,4225,1.0
张家界,2024,all_pub,563,212,0.009215412232742,0.02664298401420959,0.12255772646536411,0.20603907637655416,108.51386511468678,212,563,1.0
张掖,2024,all_pub,1782,530,0.006940586813388909,0.04264870931537598,0.12457912457912457,0.17732884399551066,144.08003629764065,530,1782,1.0
彰化县,2024,all_pub,321,112,0.025087101250958352,0.07165109034267912,0.27414330218068533,0.4267912772585669,39.861121856866546,112,321,1.0
徐州,2024,all_pub,36385,5111,0.015113832798577819,0.11622921533599011,0.17042737391782325,0.20860244606293799,66.1645535799561,5111,36385,1.0
德宏,2024,all_pub,550,132,0.0316099173553719,0.12545454545454546,0.3018181818181818,0.42000000000000004,31.63564107927212,132,550,1.0
德宏傣族景颇族自治州,2024,all_pub,2,1,1.0,1.0,1.0,1.0,1.0,1,2,1.0
德州,2024,all_pub,15504,3301,0.001441511881217644,0.01741486068111455,0.0537280701754386,0.07604489164086688,693.7160997627718,3301,15504,1.0
德阳,2024,all_pub,8229,1199,0.0116564454413663,0.08773848584275125,0.17790740065621582,0.22602989427633974,85.78944627932697,1199,8229,1.0
忻州,2024,all_pub,1523,448,0.008098626919516851,0.050558108995403805,0.14576493762311227,0.20026263952724885,123.4777215863721,448,1523,1.0
怀化,2024,all_pub,2457,649,0.008240557284106328,0.05087505087505088,0.1566951566951567,0.2193732193732194,121.35101614167688,649,2457,1.0
怒江,2024,all_pub,210,61,0.07941043083900226,0.20952380952380953,0.4952380952380952,0.638095238095238,12.592804111936038,61,210,1.0
怒江傈僳族自治州,2024,all_pub,2,2,0.5,0.5,1.0,1.0,2.0,2,2,1.0
恩施,2024,all_pub,2183,660,0.00494031147695441,0.03893724232707284,0.09528172240036648,0.14063215758131012,202.41638703648647,660,2183,1.0
恩施土家族苗族自治州,2024,all_pub,5,5,0.20000000000000004,0.2,1.0,1.0,4.999999999999999,5,5,1.0
惠州,2024,all_pub,31504,5365,0.0029839939388092884,0.03361477907567293,0.09516251904520061,0.131443626206196,335.1213241401666,5365,31504,1.0
成都,2024,all_pub,135889,15920,0.005540836812088029,0.03936300951511896,0.14346267909838178,0.18641685493307036,180.47815409729714,15920,135889,1.0
扬州,2024,all_pub,31335,4796,0.005600894750895403,0.06921972235519387,0.10078187330461146,0.12525929471836605,178.54290153196186,4796,31335,1.0
承德,2024,all_pub,3765,1018,0.012669781255676717,0.07622841965471447,0.2,0.2640106241699868,78.9279609347595,1018,3765,1.0
抚州,2024,all_pub,4322,1079,0.0037988865336265865,0.04141601110596946,0.08144377602961593,0.11175381767700139,263.23502719765503,1079,4322,1.0
抚顺,2024,all_pub,2089,480,0.012878097472433622,0.08472953566299665,0.18046912398276688,0.24365725227381524,77.6512215519849,480,2089,1.0
拉萨,2024,all_pub,2747,583,0.009986868555285317,0.059337459046232256,0.170367673825992,0.223152530032763,100.13148710871671,583,2747,1.0
揭阳,2024,all_pub,9677,2993,0.0010022069782784178,0.007646998036581585,0.028727911542833523,0.049085460369949374,997.7978817487293,2993,9677,1.0
攀枝花,2024,all_pub,2608,242,0.09338067861041063,0.24616564417177914,0.5571319018404908,0.6518404907975459,10.708853425364955,242,2608,1.0
文山,2024,all_pub,1021,238,0.01769980267468375,0.07639569049951028,0.2193927522037218,0.31831537708129276,56.497804997019124,238,1021,1.0
文山壮族苗族自治州,2024,all_pub,6,6,0.16666666666666669,0.16666666666666666,0.8333333333333333,0.9999999999999999,5.999999999999999,6,6,1.0
文昌,2024,all_pub,421,110,0.021693626192585233,0.07125890736342043,0.20665083135391923,0.3562945368171021,46.09648894668401,110,421,1.0
新乡,2024,all_pub,16694,2514,0.0037043286389020938,0.03953516233377261,0.10117407451779084,0.14142805798490476,269.9544499098181,2514,16694,1.0
新余,2024,all_pub,2334,403,0.017913354172036045,0.07326478149100257,0.24678663239074553,0.34361610968294776,55.8242744712248,403,2334,1.0
新北,2024,all_pub,3341,603,0.03884107558302823,0.16222687818018558,0.3295420532774619,0.42711762945225984,25.745939961481245,603,3341,1.0
新星,2024,all_pub,62,14,0.13111342351716967,0.1935483870967742,0.7580645161290323,0.9354838709677419,7.626984126984124,14,62,1.0
新竹,2024,all_pub,5585,218,0.08780216864939899,0.2216651745747538,0.560787824529991,0.7140555058191584,11.389240327230175,218,5585,1.0
新竹县,2024,all_pub,1793,182,0.07633546707792496,0.2242052426101506,0.47462353597322926,0.6029001673173453,13.10007049513665,182,1793,1.0
无锡,2024,all_pub,92999,12791,0.0024184292780006105,0.04315100162367337,0.06849536016516306,0.08958160840439144,413.49152075545936,12791,92999,1.0
日喀则,2024,all_pub,116,42,0.04042806183115339,0.10344827586206896,0.3275862068965517,0.5344827586206896,24.735294117647058,42,116,1.0
日照,2024,all_pub,7775,1737,0.003362066149026581,0.030739549839228296,0.09221864951768488,0.12938906752411578,297.4361466057204,1737,7775,1.0
昆明,2024,all_pub,37164,4424,0.03213728527500205,0.16507910881498225,0.2645301905069422,0.34355828220858897,31.11650506391244,4424,37164,1.0
昆玉,2024,all_pub,4,4,0.25,0.25,1.0,1.0,4.0,4,4,1.0
昌吉,2024,all_pub,2639,642,0.004699812085054666,0.023872679045092837,0.09473285335354302,0.15157256536566882,212.7744645748679,642,2639,1.0
昌吉回族自治州,2024,all_pub,4,3,0.375,0.5,1.0,1.0,2.6666666666666665,3,4,1.0
昌江,2024,all_pub,154,28,0.12042502951593861,0.2922077922077922,0.5974025974025975,0.7922077922077922,8.30392156862745,28,154,1.0
昌都,2024,all_pub,155,43,0.04274713839750261,0.09032258064516129,0.34838709677419355,0.5483870967741935,23.393378773125605,43,155,1.0
昭通,2024,all_pub,1069,355,0.010188482106057174,0.047708138447146865,0.146866230121609,0.23386342376052383,98.15004723868417,355,1069,1.0
晋中,2024,all_pub,3779,901,0.008335993657516388,0.06086266207991532,0.14977507277057422,0.21804710240804445,119.96170355747827,901,3779,1.0
晋城,2024,all_pub,2446,589,0.008108420709901325,0.039247751430907606,0.14799672935404742,0.21954210956663942,123.32857849604223,589,2446,1.0
普洱,2024,all_pub,767,249,0.011553845133939275,0.05215123859191656,0.1590612777053455,0.23859191655801826,86.55127262027362,249,767,1.0
景德镇,2024,all_pub,3149,573,0.028629008226033342,0.10638297872340426,0.33058113686884727,0.41536995871705307,34.92960678570296,573,3149,1.0
曲靖,2024,all_pub,2870,665,0.00844565309764596,0.03902439024390244,0.15853658536585366,0.23658536585365855,118.40410545381363,665,2870,1.0
朔州,2024,all_pub,908,257,0.014647091928816783,0.07378854625550661,0.20374449339207049,0.289647577092511,68.27293805895992,257,908,1.0
朝阳,2024,all_pub,2009,617,0.005297465536494436,0.030363364858138377,0.10104529616724738,0.1518168242906919,188.76951498994435,617,2009,1.0
本溪,2024,all_pub,2341,293,0.06454796752210333,0.19094404100811618,0.47629218282785135,0.5446390431439557,15.492354575805464,293,2341,1.0
来宾,2024,all_pub,929,296,0.02070005944097673,0.11194833153928956,0.22927879440258342,0.3003229278794403,48.30904002239015,296,929,1.0
杭州,2024,all_pub,207829,21722,0.007109523672947881,0.05739814944016475,0.14768872486515358,0.2170245730865279,140.65639921912822,21722,207829,1.0
松原,2024,all_pub,814,330,0.0074193022595971,0.02702702702702703,0.10933660933660933,0.18673218673218672,134.78356387306752,330,814,1.0
林芝,2024,all_pub,260,57,0.0769526627218935,0.23846153846153847,0.4423076923076924,0.5961538461538463,12.995001922337561,57,260,1.0
果洛,2024,all_pub,69,27,0.1711825246796892,0.391304347826087,0.5797101449275361,0.7246376811594203,5.841717791411041,27,69,1.0
枣庄,2024,all_pub,9147,2446,0.0013712475039175556,0.015305564666010714,0.041980977369629385,0.0647206734448453,729.262950082368,2446,9147,1.0
柳州,2024,all_pub,7033,1011,0.045861935553600394,0.1747476183705389,0.36214986492250817,0.429830797668136,21.8045747073031,1011,7033,1.0
株洲,2024,all_pub,10564,1605,0.012882836280647654,0.06739871260886028,0.2047519878833775,0.30272624006058313,77.62265841274258,1605,10564,1.0
桂林,2024,all_pub,8819,961,0.10995174899991016,0.3051366368068942,0.5057262728200476,0.5753486789885474,9.094898526814859,961,8819,1.0
桃园,2024,all_pub,1887,299,0.06925498396554228,0.20508744038155802,0.5007949125596185,0.5590885002649709,14.439394000835357,299,1887,1.0
梅州,2024,all_pub,3151,824,0.005247864268807483,0.03840050777530943,0.1050460171374167,0.15709298635353858,190.55370885711542,824,3151,1.0
梧州,2024,all_pub,1495,428,0.014112146396572744,0.07157190635451505,0.21337792642140468,0.29431438127090304,70.86094289971783,428,1495,1.0
楚雄,2024,all_pub,1727,386,0.00932463691048771,0.04921829762594094,0.15402431962941518,0.2119281991893457,107.24278163316673,386,1727,1.0
楚雄彝族自治州,2024,all_pub,5,5,0.20000000000000004,0.2,1.0,1.0,4.999999999999999,5,5,1.0
榆林,2024,all_pub,5516,1516,0.00659036064115151,0.051667875271936184,0.11892675852066714,0.18056562726613487,151.73676441252744,1516,5516,1.0
武威,2024,all_pub,1276,428,0.006515266162871828,0.03761755485893417,0.11833855799373041,0.1677115987460815,153.48567119155354,428,1276,1.0
武汉,2024,all_pub,145297,13864,0.007506374167097692,0.052230947645168176,0.15520623275084827,0.21054116740194223,133.22011103353321,13864,145297,1.0
毕节,2024,all_pub,1404,443,0.007232084155161078,0.03561253561253561,0.12464387464387466,0.18945868945868946,138.27272727272728,443,1404,1.0
永州,2024,all_pub,3144,829,0.006496885703371338,0.05629770992366412,0.1205470737913486,0.1704834605597964,153.91990034257245,829,3144,1.0
汉中,2024,all_pub,2462,529,0.05455168768366085,0.21567831031681559,0.34646628757108044,0.39601949634443545,18.331238545705283,529,2462,1.0
汕头,2024,all_pub,27093,6293,0.0013099085185474318,0.01767984350201159,0.06090133982947624,0.07503783265050012,763.4120901121462,6293,27093,1.0
汕尾,2024,all_pub,2917,527,0.11002411713209567,0.3129928008227631,0.4734316078162496,0.5227973945834761,9.088916376392218,527,2917,1.0
江门,2024,all_pub,19871,4069,0.0033550834972533735,0.04539278345327361,0.0961702984248402,0.12067837552211765,298.055175323847,4069,19871,1.0
池州,2024,all_pub,4053,765,0.004012404356804782,0.026646928201332347,0.09055020972119418,0.13619541080680975,249.22712445570542,765,4053,1.0
沈阳,2024,all_pub,46027,6377,0.00929976351979642,0.0714146044712886,0.16007995307102352,0.2296912681686836,107.5296159812342,6377,46027,1.0
沧州,2024,all_pub,12954,3841,0.0010386987325301065,0.012119808553342597,0.04353867531264474,0.0624517523544851,962.7430636833045,3841,12954,1.0
河池,2024,all_pub,1087,413,0.007534896396232466,0.029438822447102116,0.12787488500459981,0.1941122355105796,132.71582612602495,413,1087,1.0
河源,2024,all_pub,3089,779,0.0041275755689027405,0.029783101327290385,0.08675946908384591,0.12398834574295889,242.2729719436333,779,3089,1.0
泉州,2024,all_pub,48458,7887,0.0033394643796652527,0.045606504601923316,0.09647529819637625,0.12123901110239796,299.4492188894795,7887,48458,1.0
泰安,2024,all_pub,13723,2902,0.005955536631339186,0.06660351235152663,0.1128033228885812,0.1373606354295708,167.91098131070282,2902,13723,1.0
泰州,2024,all_pub,29636,4605,0.0006038580568722064,0.00759211769469564,0.020785531110811176,0.034721284923741394,1656.0183119517915,4605,29636,1.0
泸州,2024,all_pub,3779,701,0.011094234576240996,0.052394813442709715,0.18444032812913472,0.26567875099232596,90.13690788020321,701,3779,1.0
洛阳,2024,all_pub,20423,2994,0.007526466221158769,0.06952945208833178,0.1471380306517162,0.18577094452333154,132.86447724813422,2994,20423,1.0
济南,2024,all_pub,97463,11608,0.006848452671715422,0.06431158490914501,0.12954659717020817,0.18685039450868535,146.01838516458886,11608,97463,1.0
济宁,2024,all_pub,20854,4436,0.0017083289302972898,0.020283878392634506,0.0631053994437518,0.09086985710175505,585.3673623767387,4436,20854,1.0
济源,2024,all_pub,1707,339,0.009781220646642979,0.05565319273579379,0.153485647334505,0.22729935559461045,102.23672853584085,339,1707,1.0
海东,2024,all_pub,586,223,0.020355507926708528,0.1075085324232082,0.21331058020477814,0.31058020477815695,49.126752503576526,223,586,1.0
海北,2024,all_pub,150,32,0.2815111111111111,0.5133333333333333,0.74,0.8466666666666666,3.5522576570887274,32,150,1.0
海北藏族自治州,2024,all_pub,3,1,1.0,1.0,1.0,1.0,1.0,1,3,1.0
海南,2024,all_pub,157,48,0.07744736094770578,0.2356687898089172,0.43949044585987257,0.6050955414012739,12.911995809324255,48,157,1.0
海南藏族自治州,2024,all_pub,2,1,1.0,1.0,1.0,1.0,1.0,1,2,1.0
海口,2024,all_pub,12054,2188,0.026564685451610667,0.15389082462253195,0.22191803550688569,0.2765057242409159,37.64396163551668,2188,12054,1.0
海西,2024,all_pub,829,187,0.05801312785471181,0.2195416164053076,0.3498190591073583,0.4414957780458384,17.237477739597182,187,829,1.0
海西蒙古族藏族自治州,2024,all_pub,2,2,0.5,0.5,1.0,1.0,2.0,2,2,1.0
淄博,2024,all_pub,21584,4045,0.0038272170624700174,0.04887879911045219,0.09618235730170498,0.12018161601186064,261.2864605475546,4045,21584,1.0
淮北,2024,all_pub,5011,733,0.033420746956974036,0.16942726002793854,0.2656156455797246,0.32089403312712034,29.92153350993031,733,5011,1.0
淮南,2024,all_pub,6650,992,0.0780246254734581,0.2741353383458647,0.3556390977443609,0.3900751879699249,12.816466518511817,992,6650,1.0
淮安,2024,all_pub,14565,2232,0.01909039217051915,0.1314109165808445,0.18894610367318918,0.21970477171301064,52.3823707270025,2232,14565,1.0
深圳,2024,all_pub,427667,48109,0.0044346454934667745,0.04347307601474979,0.12990714738336137,0.16281592921595542,225.4971680314072,48109,427667,1.0
清远,2024,all_pub,6728,1225,0.005035392580883694,0.04548156956004756,0.11429845422116529,0.15636147443519618,198.59424740712143,1225,6728,1.0
温州,2024,all_pub,68038,13973,0.0006016405391273467,0.010347158940592021,0.035274405479290984,0.05329374761162879,1662.1220395993532,13973,68038,1.0
渭南,2024,all_pub,2764,715,0.007247932378461132,0.04884225759768451,0.1385672937771346,0.19283646888567293,137.97038214259916,715,2764,1.0
湖州,2024,all_pub,26776,4657,0.0023928335414284555,0.038056468479235134,0.06965192709889453,0.09515984463698836,417.91456977112904,4657,26776,1.0
湘潭,2024,all_pub,9496,1062,0.05878329739689093,0.17017691659646167,0.450189553496209,0.504212299915754,17.01163500999674,1062,9496,1.0
湘西,2024,all_pub,1006,258,0.02257034334746985,0.11332007952286283,0.24950298210735586,0.3240556660039762,44.305927677086075,258,1006,1.0
湘西土家族苗族自治州,2024,all_pub,18,14,0.08024691358024691,0.1111111111111111,0.5,0.7777777777777778,12.461538461538462,14,18,1.0
湛江,2024,all_pub,7991,1233,0.08963802523365003,0.2909523213615317,0.3975722688024027,0.47440870979852334,11.155979813180902,1233,7991,1.0
滁州,2024,all_pub,15281,2656,0.002256011922386139,0.026830704796806493,0.07381715856292129,0.09711406321575813,443.2600688308065,2656,15281,1.0
滨州,2024,all_pub,11961,2748,0.0015720838845580407,0.014212858456650782,0.04857453390184767,0.07399046902432907,636.0983722450216,2748,11961,1.0
漯河,2024,all_pub,2810,616,0.017358949354744746,0.11245551601423487,0.2,0.2590747330960854,57.60717308197392,616,2810,1.0
漳州,2024,all_pub,9307,1795,0.0026696644568638917,0.030837004405286344,0.0768238959922639,0.104222628129365,374.57890913179403,1795,9307,1.0
潍坊,2024,all_pub,38578,5963,0.009955261347637743,0.08165275545647778,0.1645497433770543,0.18964176473637825,100.44939706553131,5963,38578,1.0
潜江,2024,all_pub,814,200,0.009118678651848185,0.029484029484029485,0.1031941031941032,0.1805896805896806,109.6650115855677,200,814,1.0
潮州,2024,all_pub,8631,2903,0.0012852685192333397,0.012744757270304715,0.04866180048661801,0.07125477928397636,778.0475325082249,2903,8631,1.0
澄迈,2024,all_pub,1120,190,0.028258928571428574,0.10089285714285715,0.30892857142857144,0.40267857142857144,35.3870458135861,190,1120,1.0
澄迈县,2024,all_pub,7,4,0.30612244897959184,0.42857142857142855,0.9999999999999998,0.9999999999999998,3.2666666666666666,4,7,1.0
澎湖县,2024,all_pub,1,1,1.0,1.0,1.0,1.0,1.0,1,1,1.0
澳门,2024,all_pub,503,35,0.3161587137216462,0.48906560636182905,0.874751491053678,0.9264413518886678,3.1629683339375685,35,503,1.0
澳门特别行政区,2024,all_pub,3,3,0.3333333333333333,0.3333333333333333,1.0,1.0,3.0,3,3,1.0
濮阳,2024,all_pub,3049,795,0.011082030562149807,0.09052148245326337,0.14299770416530008,0.18596261069203018,90.23617056385464,795,3049,1.0
烟台,2024,all_pub,34704,5379,0.006113998667994738,0.05696749654218534,0.13629552789303825,0.160644306131858,163.55908044840623,5379,34704,1.0
焦作,2024,all_pub,6610,1172,0.026510330242766993,0.15688350983358548,0.2043872919818457,0.23751891074130108,37.721144581849835,1172,6610,1.0
牡丹江,2024,all_pub,1436,488,0.008783296218992716,0.05362116991643454,0.1469359331476323,0.21100278551532034,113.8524734982332,488,1436,1.0
玉林,2024,all_pub,3473,770,0.11036883683922923,0.32738266628275264,0.40627699395335437,0.45090699683270946,9.060528575259593,770,3473,1.0
玉树,2024,all_pub,63,30,0.11312673217435125,0.25396825396825395,0.5396825396825397,0.6825396825396826,8.839643652561245,30,63,1.0
玉溪,2024,all_pub,2721,486,0.059685371417349455,0.23557515619257627,0.3160602719588387,0.36604189636163176,16.75452420338492,486,2721,1.0
珠海,2024,all_pub,54978,4327,0.08185692103476179,0.2830950562042999,0.3400814871403107,0.37498635817963555,12.216437991545453,4327,54978,1.0
琼中,2024,all_pub,104,26,0.09023668639053255,0.22115384615384615,0.5576923076923077,0.7403846153846154,11.081967213114753,26,104,1.0
琼海,2024,all_pub,336,107,0.02637825963718821,0.06845238095238096,0.27083333333333337,0.42559523809523814,37.91000671591672,107,336,1.0
甘南,2024,all_pub,253,110,0.0228249152462935,0.1067193675889328,0.22134387351778656,0.31620553359683795,43.81177275838465,110,253,1.0
甘南藏族自治州,2024,all_pub,3,3,0.3333333333333333,0.3333333333333333,1.0,1.0,3.0,3,3,1.0
甘孜,2024,all_pub,481,101,0.02619715509528399,0.08108108108108109,0.24324324324324326,0.39293139293139295,38.17208381455206,101,481,1.0
甘孜藏族自治州,2024,all_pub,9,6,0.18518518518518517,0.2222222222222222,0.8888888888888888,1.0,5.4,6,9,1.0
白城,2024,all_pub,746,217,0.01678298557453874,0.054959785522788206,0.20107238605898123,0.31903485254691694,59.58415417558886,217,746,1.0
白山,2024,all_pub,460,136,0.02052930056710775,0.08478260869565217,0.20869565217391303,0.3326086956521739,48.71086556169429,136,460,1.0
白沙,2024,all_pub,38,12,0.13157894736842102,0.18421052631578946,0.7368421052631577,0.9473684210526314,7.600000000000002,12,38,1.0
白银,2024,all_pub,1447,354,0.022546946736784493,0.08914996544574982,0.29163787145818937,0.38009675190048375,44.35190323878921,354,1447,1.0
百色,2024,all_pub,1409,416,0.014082137490864018,0.07097232079488999,0.21717530163236337,0.29240596167494676,71.01194691848194,416,1409,1.0
益阳,2024,all_pub,4038,900,0.008153718475866097,0.047795938583457154,0.1532937097573056,0.2263496780584448,122.64342986084995,900,4038,1.0
盐城,2024,all_pub,32605,5735,0.0020194367619497207,0.03754025456218371,0.06388590706946787,0.0793436589480141,495.18757845852156,5735,32605,1.0
盘锦,2024,all_pub,2253,499,0.011627835963253808,0.060363959165557035,0.19351975144252107,0.2663115845539281,86.00052521898243,499,2253,1.0
眉山,2024,all_pub,3597,638,0.008120859373049655,0.05421184320266889,0.1387267167083681,0.20711704197942732,123.13967698032758,638,3597,1.0
石嘴山,2024,all_pub,2276,423,0.014728457102615819,0.09402460456942004,0.18409490333919157,0.2587873462214411,67.89577435252176,423,2276,1.0
石家庄,2024,all_pub,35455,7046,0.00504446407274165,0.05299675645184036,0.12201382033563674,0.15402623043294317,198.2371141076446,7046,35455,1.0
石河子,2024,all_pub,2300,188,0.28405519848771266,0.5213043478260869,0.6947826086956522,0.7521739130434784,3.520442524283733,188,2300,1.0
神农架,2024,all_pub,97,21,0.09448400467637366,0.20618556701030927,0.5876288659793815,0.8041237113402062,10.583802024746909,21,97,1.0
福州,2024,all_pub,39755,4902,0.009716410891189735,0.0858759904414539,0.14989309520814995,0.19808829078103385,102.91866113924235,4902,39755,1.0
秦皇岛,2024,all_pub,7610,1089,0.07995831613773288,0.2676741130091984,0.40972404730617606,0.4592641261498029,12.506516498889765,1089,7610,1.0
红河,2024,all_pub,1942,497,0.01056540816532162,0.06848609680741503,0.1611740473738414,0.22811534500514935,94.6484967123425,497,1942,1.0
红河哈尼族彝族自治州,2024,all_pub,10,8,0.14,0.2,0.7,1.0,7.142857142857142,8,10,1.0
绍兴,2024,all_pub,36071,5799,0.00506617375092853,0.05417094064483934,0.11832219788749965,0.15128496576196945,197.3876241052174,5799,36071,1.0
绥化,2024,all_pub,1422,619,0.005486418961823545,0.03234880450070324,0.11462728551336146,0.16947960618846697,182.26825310978904,619,1422,1.0
绵阳,2024,all_pub,14658,1636,0.015275893035517341,0.0883476599808978,0.2096466093600764,0.2945149406467458,65.46262124740869,1636,14658,1.0
聊城,2024,all_pub,12466,2952,0.0028073021541744525,0.03994866035616878,0.08029841167976896,0.10644954275629712,356.21388261074856,2952,12466,1.0
肇庆,2024,all_pub,8485,1820,0.002244662753675678,0.01614614024749558,0.06434885091337654,0.0993517972893341,445.5012221156523,1820,8485,1.0
胡杨河,2024,all_pub,56,13,0.19068877551020413,0.3392857142857143,0.7857142857142856,0.9464285714285714,5.244147157190634,13,56,1.0
自贡,2024,all_pub,3130,494,0.05061254070165051,0.20191693290734825,0.346964856230032,0.3964856230031949,19.757949040629555,494,3130,1.0
舟山,2024,all_pub,3804,695,0.02522249533116393,0.13564668769716087,0.2513144058885384,0.33885383806519453,39.64714778891996,695,3804,1.0
芜湖,2024,all_pub,27197,2911,0.014009903884927667,0.09280435342133324,0.2132955840717726,0.2759863220208111,71.3780771241289,2911,27197,1.0
花莲县,2024,all_pub,8,4,0.28125,0.375,1.0,1.0,3.5555555555555554,4,8,1.0
苏州,2024,all_pub,224355,29409,0.0011237149187489943,0.023734706157651934,0.05649974370974571,0.07281317554768113,889.9054229103559,29409,224355,1.0
苗栗县,2024,all_pub,700,55,0.41932244897959187,0.6385714285714286,0.8157142857142856,0.8642857142857142,2.3847995794965637,55,700,1.0
茂名,2024,all_pub,3444,928,0.015540332730355677,0.1132404181184669,0.17363530778164926,0.20963995354239257,64.3486865661925,928,3444,1.0
荆州,2024,all_pub,7658,1498,0.011319301005965317,0.09767563332462784,0.1495168451292766,0.17824497257769653,88.34467777409542,1498,7658,1.0
荆门,2024,all_pub,5880,884,0.01341668980517377,0.09251700680272108,0.20034013605442177,0.24013605442176872,74.53403294860242,884,5880,1.0
莆田,2024,all_pub,4524,852,0.008566943488739884,0.07007073386383732,0.14544650751547303,0.1907603890362511,116.72774558561848,852,4524,1.0
菏泽,2024,all_pub,9800,3100,0.0015169096209912537,0.019591836734693877,0.05377551020408163,0.07499999999999998,659.2350566980588,3100,9800,1.0
萍乡,2024,all_pub,2446,605,0.0043754583885182415,0.024529844644317254,0.0919869174161897,0.13327882256745707,228.54748261899303,605,2446,1.0
营口,2024,all_pub,3039,625,0.005500393534918061,0.028956893715037842,0.10661401776900296,0.17439947351102333,181.8051733301837,625,3039,1.0
葫芦岛,2024,all_pub,1513,369,0.01582801444541666,0.07732980832782552,0.22868473231989428,0.2967614011896894,63.1791184831507,369,1513,1.0
蚌埠,2024,all_pub,8877,1475,0.005358514596916497,0.04066689196800721,0.12064886786076376,0.17573504562352146,186.618881392138,1475,8877,1.0
衡水,2024,all_pub,6673,2119,0.0014236812208081628,0.014086617713172486,0.046306009291173386,0.07058294620110894,702.4044325262245,2119,6673,1.0
衡阳,2024,all_pub,6378,1422,0.008542368074797725,0.07416117905299467,0.13938538726873628,0.19504546879899654,117.06355793193552,1422,6378,1.0
衢州,2024,all_pub,9790,2031,0.004585404839734527,0.04504596527068437,0.11327885597548519,0.14994892747701735,218.08325217755367,2031,9790,1.0
襄阳,2024,all_pub,11966,2072,0.003650154908515797,0.031422363362861444,0.1068026073875982,0.13880996155774694,273.96097564708936,2072,11966,1.0
西双版纳,2024,all_pub,556,161,0.03685109466383728,0.1564748201438849,0.3093525179856115,0.4154676258992806,27.13623595505618,161,556,1.0
西双版纳傣族自治州,2024,all_pub,5,3,0.44000000000000006,0.6,1.0,1.0,2.2727272727272725,3,5,1.0
西宁,2024,all_pub,6080,1110,0.012621137032548477,0.06151315789473684,0.19473684210526315,0.3014802631578948,79.23216406105993,1110,6080,1.0
西安,2024,all_pub,115784,11103,0.013369356825843089,0.062417950666758794,0.22028086782284254,0.29878912457679824,74.797913843319,11103,115784,1.0
许昌,2024,all_pub,6611,1227,0.006605305564510096,0.03993344425956739,0.15625472697020118,0.19422175162607774,151.39345034587635,1227,6611,1.0
贵港,2024,all_pub,1683,585,0.004721995389920314,0.027926322043969103,0.0897207367795603,0.14260249554367202,211.7748785046729,585,1683,1.0
贵阳,2024,all_pub,24310,2401,0.025673880889599425,0.10851501439736734,0.3036199095022624,0.3550802139037433,38.950091117899646,2401,24310,1.0
贺州,2024,all_pub,1013,299,0.015255771710117924,0.08588351431391905,0.20138203356367226,0.2783810463968411,65.54896199297349,299,1013,1.0
资阳,2024,all_pub,1350,319,0.012835116598079562,0.08148148148148149,0.15333333333333335,0.22444444444444445,77.91125170998632,319,1350,1.0
赣州,2024,all_pub,17506,3726,0.0028309400838156915,0.03781560607791614,0.08631326402376328,0.11670284473894667,353.2395495464344,3726,17506,1.0
赤峰,2024,all_pub,2587,803,0.006821147454736738,0.04329339002705837,0.12910707383069192,0.19636644762272906,146.60290026505444,803,2587,1.0
辽源,2024,all_pub,624,155,0.024213099934253777,0.08173076923076923,0.2804487179487179,0.39262820512820507,41.29995757318626,155,624,1.0
辽阳,2024,all_pub,1480,371,0.010861943024105187,0.057432432432432436,0.1614864864864865,0.2277027027027027,92.06455951580362,371,1480,1.0
达州,2024,all_pub,3122,693,0.004718636232871962,0.033952594490711085,0.09096732863549008,0.1316463805253043,211.92563924160723,693,3122,1.0
运城,2024,all_pub,2890,790,0.009229295626249684,0.07128027681660899,0.156401384083045,0.20968858131487889,108.35063048103369,790,2890,1.0
连云港,2024,all_pub,13599,1950,0.007388051187306679,0.06485771012574454,0.14662842856092362,0.19273475990881683,135.35369133853428,1950,13599,1.0
迪庆,2024,all_pub,266,73,0.04352987732489117,0.15413533834586465,0.3533834586466166,0.49624060150375937,22.972727272727276,73,266,1.0
通化,2024,all_pub,985,235,0.024811770465613652,0.12284263959390863,0.2527918781725888,0.3340101522842639,40.30345200016615,235,985,1.0
通辽,2024,all_pub,1642,461,0.014826249441799538,0.08099878197320341,0.20523751522533495,0.2722289890377589,67.44794116175512,461,1642,1.0
遂宁,2024,all_pub,3118,585,0.007544597139413968,0.048749198203976905,0.13951250801796025,0.1872995509942271,132.54518187271637,585,3118,1.0
遵义,2024,all_pub,5275,1218,0.007982462208845263,0.03772511848341232,0.16113744075829384,0.23071090047393367,125.27463003732268,1218,5275,1.0
邢台,2024,all_pub,9892,3201,0.001155769819100879,0.012636473918317832,0.0419530934088152,0.06176708451273756,865.2241851910801,3201,9892,1.0
那曲,2024,all_pub,85,24,0.10311418685121107,0.2235294117647059,0.623529411764706,0.788235294117647,9.697986577181208,24,85,1.0
邯郸,2024,all_pub,10759,2562,0.0050177320705942,0.04387024816432754,0.12250209127242308,0.163491030764941,199.29322369768937,2562,10759,1.0
邵阳,2024,all_pub,4052,1134,0.004575757014682765,0.037265547877591315,0.10858835143139191,0.15844027640671277,218.54307315514862,1134,4052,1.0
郑州,2024,all_pub,64245,9621,0.005440459866935882,0.05384076581835162,0.11744104599579734,0.17861312164370768,183.80799132026488,9621,64245,1.0
郴州,2024,all_pub,3828,907,0.005516875598488397,0.034221525600835946,0.11624869383490075,0.17659352142110762,181.26201726825167,907,3828,1.0
鄂尔多斯,2024,all_pub,7033,1474,0.007297704354857416,0.06711218541163089,0.1234181714773212,0.16962889236456705,137.02939326863677,1474,7033,1.0
鄂州,2024,all_pub,2770,456,0.011643837401764652,0.06714801444043321,0.18194945848375454,0.2505415162454874,85.8823397730071,456,2770,1.0
酒泉,2024,all_pub,1821,470,0.010341548852984628,0.05656232839099396,0.16749038989566173,0.25315760571114776,96.69731432070685,470,1821,1.0
重庆,2024,all_pub,102841,13109,0.007477364838595805,0.0559698952752307,0.1547534543615873,0.20808821384467285,133.7369543396244,13109,102841,1.0
金华,2024,all_pub,48064,10818,0.0007668530009255303,0.011796770972037284,0.03880243009320906,0.06522553262316912,1304.0308883098585,10818,48064,1.0
金昌,2024,all_pub,1818,206,0.11510854055702599,0.25357535753575355,0.5533553355335533,0.6089108910891089,8.687452687358062,206,1818,1.0
钦州,2024,all_pub,1585,387,0.02999532287116003,0.14511041009463724,0.2832807570977918,0.36151419558359627,33.338530953486824,387,1585,1.0
铁岭,2024,all_pub,1460,417,0.0060996434603115025,0.038356164383561646,0.09657534246575344,0.14863013698630134,163.94400861405938,417,1460,1.0
铁门关,2024,all_pub,115,27,0.07931947069943289,0.17391304347826086,0.5130434782608696,0.7652173913043478,12.607244995233556,27,115,1.0
铜仁,2024,all_pub,1214,312,0.015255842735358217,0.07660626029654036,0.20098846787479405,0.28912685337726524,65.54865682262943,312,1214,1.0
铜川,2024,all_pub,919,205,0.019774770561273847,0.07616974972796518,0.23830250272034817,0.3416757344940153,50.56948685707442,205,919,1.0
铜陵,2024,all_pub,4343,811,0.003954850395105963,0.025788625374165323,0.09141146672806816,0.13562053879806588,252.8540652858771,811,4343,1.0
银川,2024,all_pub,10905,1734,0.014086938570174111,0.08904172397982577,0.2102705181109583,0.2757450710683173,70.98774478347428,1734,10905,1.0
锡林郭勒,2024,all_pub,1350,344,0.01296460905349794,0.05185185185185185,0.20222222222222222,0.2725925925925926,77.133062468258,344,1350,1.0
锡林郭勒盟,2024,all_pub,15,9,0.17333333333333334,0.3333333333333333,0.7333333333333333,1.0,5.769230769230769,9,15,1.0
锦州,2024,all_pub,2761,592,0.029398326485962897,0.13002535313292285,0.2817819630568634,0.34661354581673304,34.015541683213826,592,2761,1.0
镇江,2024,all_pub,27424,3465,0.026447779113151493,0.13057905484247376,0.24161318553092187,0.26476808634772464,37.81035812956927,3465,27424,1.0
长春,2024,all_pub,47143,3401,0.06548239366900548,0.1812146023799928,0.4552319538425641,0.5252741658358612,15.27128047662262,3401,47143,1.0
长沙,2024,all_pub,77000,8257,0.018574149434980605,0.0862077922077922,0.25001298701298696,0.30724675324675327,53.8382661074485,8257,77000,1.0
长治,2024,all_pub,3472,636,0.011120564250674253,0.05933179723502304,0.17194700460829493,0.2623847926267281,89.92349465894851,636,3472,1.0
阜新,2024,all_pub,2120,339,0.19205010679957277,0.43349056603773584,0.5306603773584906,0.5811320754716982,5.206974454034642,339,2120,1.0
阜阳,2024,all_pub,7937,1814,0.0022511757855490726,0.01864684389567847,0.065011969257906,0.10104573516441981,444.21231181468806,1814,7937,1.0
防城港,2024,all_pub,854,168,0.03724860005813667,0.13466042154566746,0.3442622950819672,0.4765807962529275,26.846646543473458,168,854,1.0
阳江,2024,all_pub,6233,1564,0.010240206964740983,0.07957644793839243,0.16155944168137334,0.19156104604524304,97.65427627031306,1564,6233,1.0
阳泉,2024,all_pub,1169,336,0.023033732120263932,0.1283147989734816,0.22754491017964074,0.28143712574850294,43.41458842964705,336,1169,1.0
阿克苏,2024,all_pub,1459,392,0.012867592654794216,0.067854694996573,0.17614804660726527,0.23029472241261142,77.7146142893651,392,1459,1.0
阿克苏地区,2024,all_pub,1,1,1.0,1.0,1.0,1.0,1.0,1,1,1.0
阿勒泰,2024,all_pub,534,194,0.017239686347122272,0.06928838951310862,0.20973782771535582,0.31086142322097376,58.00569568755087,194,534,1.0
阿勒泰地区,2024,all_pub,1,1,1.0,1.0,1.0,1.0,1.0,1,1,1.0
阿坝,2024,all_pub,524,123,0.02629508769885204,0.07251908396946564,0.2824427480916031,0.4293893129770993,38.029916897506936,123,524,1.0
阿坝藏族羌族自治州,2024,all_pub,4,3,0.375,0.5,1.0,1.0,2.6666666666666665,3,4,1.0
阿拉善,2024,all_pub,596,185,0.012854150713931804,0.04194630872483222,0.15604026845637584,0.25,77.79588261060009,185,596,1.0
阿拉善盟,2024,all_pub,3,3,0.3333333333333333,0.3333333333333333,1.0,1.0,3.0,3,3,1.0
阿拉尔,2024,all_pub,720,74,0.4571952160493828,0.6736111111111112,0.7597222222222224,0.8180555555555555,2.187249483144171,74,720,1.0
阿里,2024,all_pub,37,13,0.14682249817384954,0.21621621621621623,0.7837837837837839,0.9189189189189189,6.81094527363184,13,37,1.0
陇南,2024,all_pub,714,257,0.009709766259444955,0.05322128851540616,0.13025210084033612,0.20588235294117646,102.9890909090909,257,714,1.0
陵水,2024,all_pub,212,52,0.0626557493770025,0.1792452830188679,0.45283018867924524,0.6367924528301887,15.960227272727272,52,212,1.0
随州,2024,all_pub,2084,487,0.008312579897657317,0.0446257197696737,0.14923224568138196,0.21209213051823417,120.29959559027202,487,2084,1.0
雅安,2024,all_pub,2062,299,0.07864352502114377,0.27158098933074687,0.3545101842870999,0.4161008729388943,12.71560500029906,299,2062,1.0
青岛,2024,all_pub,109418,12547,0.0052092938405368175,0.02665923339852675,0.1223656071213146,0.1941819444698313,191.96459839112282,12547,109418,1.0
鞍山,2024,all_pub,5624,819,0.06125166680493474,0.22155049786628733,0.4025604551920342,0.45074679943101,16.326086328142747,819,5624,1.0
韶关,2024,all_pub,4665,905,0.011346312245186325,0.0722400857449089,0.1907824222936763,0.237513397642015,88.1343628123975,905,4665,1.0
香港,2024,all_pub,4936,1144,0.010459078801856633,0.04679902755267423,0.17240680713128037,0.2712722852512155,95.61071476222992,1144,4936,1.0
香港特别行政区,2024,all_pub,37,24,0.06501095690284879,0.13513513513513514,0.4594594594594595,0.6216216216216215,15.382022471910114,24,37,1.0
马鞍山,2024,all_pub,15163,1723,0.019510733913222236,0.10307986546197982,0.2548967882345182,0.288926993339049,51.253838243486555,1723,15163,1.0
驻马店,2024,all_pub,3558,899,0.006851687019979833,0.06127037661607645,0.12619449128724003,0.16441821247892074,145.94945698540434,899,3558,1.0
高雄,2024,all_pub,880,176,0.07985278925619833,0.23863636363636365,0.48522727272727273,0.6011363636363637,12.523044082926358,176,880,1.0
鸡西,2024,all_pub,743,321,0.012113055181695828,0.06998654104979811,0.17765814266487212,0.2557200538358008,82.55555555555556,321,743,1.0
鹤壁,2024,all_pub,1871,435,0.007461776286114459,0.04863709246392304,0.11865312667022983,0.17584179583110637,134.01634700049766,435,1871,1.0
鹤岗,2024,all_pub,397,160,0.01767031070560691,0.055415617128463476,0.2216624685138539,0.34760705289672544,56.592100538599645,160,397,1.0
鹰潭,2024,all_pub,2548,480,0.008662872225330177,0.04631083202511774,0.15502354788069073,0.21467817896389324,115.43515522207602,480,2548,1.0
黄冈,2024,all_pub,6549,1473,0.002157106367608165,0.02214078485264926,0.06214689265536723,0.08444037257596579,463.58400077823535,1473,6549,1.0
黄南,2024,all_pub,94,25,0.44114984155726567,0.6595744680851063,0.776595744680851,0.8404255319148934,2.2668034889687023,25,94,1.0
黄南藏族自治州,2024,all_pub,1,1,1.0,1.0,1.0,1.0,1.0,1,1,1.0
黄大仙区,2024,all_pub,1,1,1.0,1.0,1.0,1.0,1.0,1,1,1.0
黄山,2024,all_pub,3557,730,0.00545650026331287,0.053696935619904414,0.09867866179364633,0.13944335113859996,183.26765357706736,730,3557,1.0
黄石,2024,all_pub,6358,1157,0.005125350273168297,0.03224284366152878,0.13180245360176157,0.1782006920415225,195.108616329131,1157,6358,1.0
黑河,2024,all_pub,533,247,0.009655424884455224,0.04127579737335835,0.1425891181988743,0.22514071294559101,103.56872037914692,247,533,1.0
黔东南,2024,all_pub,1649,482,0.008616869440692322,0.04608853850818678,0.15827774408732567,0.2183141297756216,116.05142759591992,482,1649,1.0
黔东南苗族侗族自治州,2024,all_pub,4,3,0.375,0.5,1.0,1.0,2.6666666666666665,3,4,1.0
黔南,2024,all_pub,1948,477,0.007935269786523532,0.052361396303901436,0.12987679671457905,0.19301848049281317,126.01965993623807,477,1948,1.0
黔南布依族苗族自治州,2024,all_pub,3,3,0.3333333333333333,0.3333333333333333,1.0,1.0,3.0,3,3,1.0
黔西南,2024,all_pub,1052,322,0.0077726293570819305,0.027566539923954372,0.11216730038022814,0.18916349809885935,128.65659149035108,322,1052,1.0
黔西南布依族苗族自治州,2024,all_pub,1,1,1.0,1.0,1.0,1.0,1.0,1,1,1.0
齐齐哈尔,2024,all_pub,2831,729,0.02830710253499848,0.12575061815612856,0.30731190392087604,0.39632638643588836,35.32682296832093,729,2831,1.0
龙岩,2024,all_pub,5892,1046,0.005202262586710139,0.030889341479972843,0.11608961303462322,0.17413441955193484,192.22405315614614,1046,5892,1.0
七台河,2024,inv_app_pub,46,21,0.1020793950850662,0.2608695652173913,0.5217391304347826,0.7391304347826086,9.796296296296294,21,46,1.0
万宁,2024,inv_app_pub,79,17,0.2747957058163756,0.46835443037974683,0.8101265822784811,0.911392405063291,3.639067055393586,17,79,1.0
三亚,2024,inv_app_pub,2590,340,0.027623321059614493,0.06525096525096526,0.2976833976833977,0.46100386100386104,36.201295196977874,340,2590,1.0
三明,2024,inv_app_pub,1129,386,0.0129801253843239,0.08680248007085917,0.1771479185119575,0.2258635961027458,77.04085826533696,386,1129,1.0
三沙,2024,inv_app_pub,17,5,0.39792387543252594,0.5882352941176471,1.0,1.0,2.5130434782608697,5,17,1.0
三门峡,2024,inv_app_pub,512,191,0.01970672607421875,0.076171875,0.2421875,0.3359375,50.744096012388695,191,512,1.0
上海,2024,inv_app_pub,150438,19295,0.002642446029082779,0.026801738922346746,0.0837953176723966,0.12020234249325304,378.43724677590126,19295,150438,1.0
上饶,2024,inv_app_pub,2688,843,0.007831322633219956,0.059895833333333336,0.14769345238095238,0.20386904761904762,127.692351194684,843,2688,1.0
东方,2024,inv_app_pub,66,18,0.17584940312213043,0.36363636363636365,0.7272727272727273,0.8787878787878788,5.686684073107048,18,66,1.0
东莞,2024,inv_app_pub,37183,7462,0.047960620976985946,0.1746497055105828,0.3396713551891994,0.36134792781647534,20.850438956573417,7462,37183,1.0
东营,2024,inv_app_pub,4623,1072,0.022708126083274164,0.1209171533636167,0.25654337010599176,0.3008868699978369,44.03709915705274,1072,4623,1.0
中卫,2024,inv_app_pub,285,99,0.05090797168359495,0.16140350877192983,0.39649122807017545,0.5228070175438596,19.643288996372434,99,285,1.0
中山,2024,inv_app_pub,9756,2668,0.005019839558789193,0.0493029930299303,0.10977859778597787,0.16594915949159494,199.20955406813925,2668,9756,1.0
临夏,2024,inv_app_pub,74,49,0.03360116873630388,0.10810810810810811,0.2972972972972973,0.43243243243243246,29.760869565217384,49,74,1.0
临夏回族自治州,2024,inv_app_pub,1,1,1.0,1.0,1.0,1.0,1.0,1,1,1.0
临汾,2024,inv_app_pub,583,211,0.01936808781690493,0.07032590051457976,0.2555746140651801,0.34819897084048035,51.631323104967336,211,583,1.0
临沂,2024,inv_app_pub,5884,1994,0.007157873429702089,0.0640720598232495,0.14666893269884435,0.1905166553365058,139.70629822126094,1994,5884,1.0
临沧,2024,inv_app_pub,121,49,0.13749060856498874,0.35537190082644626,0.4793388429752067,0.578512396694215,7.273224043715847,49,121,1.0
临高,2024,inv_app_pub,37,19,0.11322132943754568,0.24324324324324326,0.6216216216216217,0.7567567567567566,8.832258064516127,19,37,1.0
丹东,2024,inv_app_pub,554,198,0.01810267304409024,0.061371841155234655,0.23285198555956682,0.3574007220216606,55.24046076313894,198,554,1.0
丽水,2024,inv_app_pub,2818,936,0.007127706354919025,0.04435770049680625,0.14371894960965223,0.20085166784953867,140.2975866577153,936,2818,1.0
丽江,2024,inv_app_pub,133,60,0.06947820679518346,0.22556390977443608,0.42105263157894735,0.5488721804511276,14.393002441008948,60,133,1.0
乌兰察布,2024,inv_app_pub,320,132,0.013574218750000002,0.0375,0.159375,0.25625,73.66906474820142,132,320,1.0
乌海,2024,inv_app_pub,294,96,0.03646628719515017,0.11904761904761904,0.35034013605442177,0.48299319727891166,27.42258883248731,96,294,1.0
乌鲁木齐,2024,inv_app_pub,4738,703,0.03295388353969176,0.1418319966230477,0.32207682566483753,0.42781764457577043,30.3454370953134,703,4738,1.0
乐东,2024,inv_app_pub,21,14,0.0929705215419501,0.19047619047619047,0.5714285714285714,0.8095238095238095,10.756097560975611,14,21,1.0
乐山,2024,inv_app_pub,731,202,0.020665804577804137,0.06976744186046512,0.2571819425444596,0.36388508891928867,48.38911527664585,202,731,1.0
九江,2024,inv_app_pub,2321,636,0.0074001664364537045,0.02972856527358897,0.12968548039638086,0.2132701421800948,135.132095823404,636,2321,1.0
云林县,2024,inv_app_pub,16,12,0.1015625,0.1875,0.5625,0.875,9.846153846153847,12,16,1.0
云浮,2024,inv_app_pub,577,198,0.02370175022302053,0.09705372616984402,0.27036395147313685,0.3847487001733102,42.19097706247623,198,577,1.0
五家渠,2024,inv_app_pub,42,23,0.06009070294784582,0.11904761904761904,0.42857142857142855,0.6666666666666667,16.64150943396226,23,42,1.0
五指山,2024,inv_app_pub,16,7,0.171875,0.25,0.875,1.0,5.818181818181818,7,16,1.0
亳州,2024,inv_app_pub,1277,441,0.0058225493015700335,0.025058731401722788,0.08848864526233359,0.1566170712607674,171.74607688256978,441,1277,1.0
仙桃,2024,inv_app_pub,296,98,0.023260591672753836,0.060810810810810814,0.22972972972972974,0.391891891891892,42.99116781157998,98,296,1.0
伊春,2024,inv_app_pub,133,38,0.0932217762451241,0.17293233082706766,0.6466165413533834,0.7593984962406015,10.727107337780472,38,133,1.0
伊犁,2024,inv_app_pub,383,129,0.03462427312204733,0.1174934725848564,0.3368146214099217,0.4569190600522193,28.88147273085253,129,383,1.0
伊犁哈萨克自治州,2024,inv_app_pub,1,1,1.0,1.0,1.0,1.0,1.0,1,1,1.0
佛山,2024,inv_app_pub,29854,6296,0.007537015103660125,0.06327460306826556,0.1451731761238025,0.20332283781067864,132.6785187831692,6296,29854,1.0
佳木斯,2024,inv_app_pub,537,114,0.22817639898879566,0.46741154562383613,0.6294227188081936,0.7057728119180634,4.382574203255367,114,537,1.0
保亭,2024,inv_app_pub,5,4,0.28,0.4,1.0,1.0,3.571428571428571,4,5,1.0
保定,2024,inv_app_pub,9405,1723,0.12340613103812972,0.34152046783625734,0.48378522062732593,0.5258904837852206,8.103325107008034,1723,9405,1.0
保山,2024,inv_app_pub,222,75,0.0680951221491762,0.21171171171171171,0.45045045045045046,0.572072072072072,14.685339690107273,75,222,1.0
信阳,2024,inv_app_pub,643,233,0.035145810003168486,0.13996889580093314,0.3421461897356143,0.43856920684292383,28.45289381322688,233,643,1.0
儋州,2024,inv_app_pub,177,80,0.02358836860416866,0.05649717514124294,0.23728813559322035,0.4067796610169492,42.393775372124495,80,177,1.0
克孜勒苏,2024,inv_app_pub,60,17,0.18611111111111112,0.38333333333333336,0.6833333333333335,0.85,5.3731343283582085,17,60,1.0
克拉玛依,2024,inv_app_pub,789,206,0.0182789014346504,0.06717363751584284,0.23954372623574144,0.3282636248415716,54.70788294226205,206,789,1.0
六安,2024,inv_app_pub,3085,891,0.010505268079718615,0.07260940032414911,0.17309562398703404,0.2158833063209076,95.19033616387114,891,3085,1.0
六盘水,2024,inv_app_pub,433,138,0.05743803636480007,0.16397228637413394,0.418013856812933,0.5242494226327944,17.410065929984214,138,433,1.0
兰州,2024,inv_app_pub,8869,815,0.04013809656576428,0.1226744841583042,0.38989739542225726,0.5272296764009472,24.913986600275116,815,8869,1.0
兴安,2024,inv_app_pub,99,52,0.03356800326497297,0.08080808080808081,0.31313131313131315,0.48484848484848486,29.790273556230993,52,99,1.0
内江,2024,inv_app_pub,441,141,0.03410615947059095,0.10430839002267574,0.3378684807256236,0.4693877551020408,29.320217096336503,141,441,1.0
凉山,2024,inv_app_pub,681,150,0.057238534503763816,0.16593245227606462,0.4273127753303965,0.5242290748898679,17.470747786777164,150,681,1.0
凉山彝族自治州,2024,inv_app_pub,16,7,0.2265625,0.3125,0.875,1.0,4.413793103448276,7,16,1.0
包头,2024,inv_app_pub,3330,419,0.10780997213429647,0.2990990990990991,0.5201201201201201,0.6084084084084085,9.275579802157099,419,3330,1.0
北京,2024,inv_app_pub,319560,21046,0.005016363640950103,0.032269370384278385,0.10703154337213669,0.1766585304794092,199.34758952415166,21046,319560,1.0
北屯,2024,inv_app_pub,1,1,1.0,1.0,1.0,1.0,1.0,1,1,1.0
北海,2024,inv_app_pub,377,140,0.02408375489871877,0.09018567639257294,0.2679045092838196,0.40318302387267907,41.521764534034475,140,377,1.0
十堰,2024,inv_app_pub,2184,385,0.14071158542312395,0.3566849816849817,0.5581501831501832,0.6355311355311355,7.106735362216054,385,2184,1.0
南京,2024,inv_app_pub,82194,10218,0.01283899810052072,0.061379176095578754,0.21012482662968102,0.30805168260456967,77.88769748002707,10218,82194,1.0
南充,2024,inv_app_pub,721,220,0.03432395674831342,0.11927877947295423,0.348127600554785,0.47988904299583907,29.13417026284818,220,721,1.0
南宁,2024,inv_app_pub,8995,1353,0.03919154641220293,0.13796553640911619,0.36798221234018896,0.44435797665369653,25.51570661393023,1353,8995,1.0
南平,2024,inv_app_pub,889,334,0.019676814863833814,0.11136107986501688,0.2305961754780652,0.2947131608548931,50.82123336119862,334,889,1.0
南投县,2024,inv_app_pub,36,18,0.125,0.2777777777777778,0.638888888888889,0.7777777777777779,8.0,18,36,1.0
南昌,2024,inv_app_pub,13773,1524,0.023892239442290703,0.09482320482102664,0.29623175778697447,0.3996950555434545,41.854594769795405,1524,13773,1.0
南通,2024,inv_app_pub,32571,6720,0.0039860669418225175,0.057259525344631725,0.09112400601762305,0.10711983052408586,250.87386002172306,6720,32571,1.0
南阳,2024,inv_app_pub,1841,619,0.012045327607831868,0.054318305268875614,0.19445953286257467,0.28136882129277563,83.01974280465402,619,1841,1.0
博尔塔拉,2024,inv_app_pub,76,38,0.09487534626038782,0.27631578947368424,0.44736842105263164,0.6052631578947368,10.540145985401459,38,76,1.0
厦门,2024,inv_app_pub,19235,3493,0.014577568604259804,0.10454899922017157,0.1955289836236028,0.23982323888744475,68.59854528194664,3493,19235,1.0
双河,2024,inv_app_pub,14,7,0.18367346938775508,0.2857142857142857,0.857142857142857,0.9999999999999998,5.444444444444445,7,14,1.0
双鸭山,2024,inv_app_pub,106,45,0.0845496618013528,0.24528301886792453,0.4811320754716981,0.6132075471698113,11.82736842105263,45,106,1.0
可克达拉,2024,inv_app_pub,15,6,0.18222222222222226,0.2,0.9333333333333333,1.0,5.487804878048779,6,15,1.0
台中,2024,inv_app_pub,584,204,0.06877462938637645,0.2345890410958904,0.4126712328767123,0.4931506849315068,14.540245566166435,204,584,1.0
台北,2024,inv_app_pub,1341,429,0.02002634738397392,0.061148396718866516,0.2714392244593587,0.39373601789709173,49.9342181989837,429,1341,1.0
台南,2024,inv_app_pub,322,134,0.043053894525674166,0.16459627329192547,0.3726708074534161,0.4565217391304348,23.22670250896057,134,322,1.0
台州,2024,inv_app_pub,8164,2540,0.0023902454364604494,0.019843214110730034,0.06761391474767271,0.10644292013718766,418.36707843728027,2540,8164,1.0
台湾省,2024,inv_app_pub,26,20,0.059171597633136105,0.11538461538461539,0.42307692307692313,0.6153846153846153,16.9,20,26,1.0
合肥,2024,inv_app_pub,52480,5673,0.014442421154632658,0.07174161585365854,0.22540015243902442,0.31446265243902444,69.2404680138574,5673,52480,1.0
吉安,2024,inv_app_pub,2318,717,0.006873096544952249,0.04831751509922347,0.1264020707506471,0.19240724762726488,145.49482805307335,717,2318,1.0
吉林,2024,inv_app_pub,1787,266,0.15031429189673975,0.34918858421936205,0.6642417459429211,0.7134862898712928,6.652727344695621,266,1787,1.0
吐鲁番,2024,inv_app_pub,126,47,0.09901738473167043,0.2857142857142857,0.46825396825396826,0.6031746031746033,10.099236641221376,47,126,1.0
吕梁,2024,inv_app_pub,515,210,0.044411348854745944,0.19029126213592232,0.30873786407766995,0.39029126213592236,22.516767127939566,210,515,1.0
吴忠,2024,inv_app_pub,502,186,0.016634656592752498,0.0796812749003984,0.19920318725099603,0.3027888446215139,60.11545801526717,186,502,1.0
周口,2024,inv_app_pub,593,286,0.03513446647082743,0.16188870151770657,0.28161888701517707,0.3338954468802698,28.462080129502237,286,593,1.0
呼伦贝尔,2024,inv_app_pub,977,104,0.13164712648856133,0.2968270214943705,0.5916069600818833,0.7082906857727738,7.596064013496632,104,977,1.0
呼和浩特,2024,inv_app_pub,6050,732,0.0471107711221911,0.15504132231404957,0.41107438016528924,0.5385123966942149,21.226568281090163,732,6050,1.0
和田,2024,inv_app_pub,102,36,0.09342560553633221,0.2647058823529412,0.47058823529411764,0.6568627450980392,10.7037037037037,36,102,1.0
和田地区,2024,inv_app_pub,1,1,1.0,1.0,1.0,1.0,1.0,1,1,1.0
咸宁,2024,inv_app_pub,1040,295,0.06769600591715975,0.24519230769230768,0.3711538461538461,0.44134615384615383,14.771920240371486,295,1040,1.0
咸阳,2024,inv_app_pub,3471,650,0.09514426692716148,0.3004897723998848,0.3949870354364736,0.4678766925957938,10.510354772774262,650,3471,1.0
哈密,2024,inv_app_pub,315,108,0.03568657092466617,0.12063492063492064,0.3460317460317461,0.45396825396825397,28.02174526969782,108,315,1.0
哈尔滨,2024,inv_app_pub,19042,1438,0.12332696017397392,0.31047158911879,0.6018275391240415,0.6573889297342717,8.108527110287383,1438,19042,1.0
唐山,2024,inv_app_pub,5322,1273,0.022871036126515185,0.10729049229612928,0.28804960541149943,0.3511837655016911,43.72342356805888,1273,5322,1.0
商丘,2024,inv_app_pub,810,325,0.015137936290199666,0.07530864197530865,0.19506172839506175,0.2506172839506173,66.05920257752717,325,810,1.0
商洛,2024,inv_app_pub,175,74,0.06651428571428572,0.22857142857142856,0.38857142857142857,0.5142857142857142,15.034364261168383,74,175,1.0
喀什,2024,inv_app_pub,223,86,0.06292103199340426,0.16591928251121077,0.4618834080717489,0.5560538116591929,15.892937040588045,86,223,1.0
喀什地区,2024,inv_app_pub,1,1,1.0,1.0,1.0,1.0,1.0,1,1,1.0
嘉义,2024,inv_app_pub,1,1,1.0,1.0,1.0,1.0,1.0,1,1,1.0
嘉义县,2024,inv_app_pub,12,8,0.1527777777777778,0.25,0.75,1.0,6.545454545454545,8,12,1.0
嘉兴,2024,inv_app_pub,15448,3991,0.003024949172124467,0.030813050233039877,0.08771361988606939,0.12551786639047124,330.58406706969066,3991,15448,1.0
嘉峪关,2024,inv_app_pub,380,52,0.19346260387811628,0.3631578947368421,0.7526315789473684,0.8315789473684212,5.168957617411227,52,380,1.0
四平,2024,inv_app_pub,290,93,0.0698692033293698,0.23103448275862068,0.4206896551724138,0.5310344827586208,14.312457454050374,93,290,1.0
固原,2024,inv_app_pub,168,83,0.03946995464852606,0.125,0.38095238095238093,0.4880952380952381,25.335727109515272,83,168,1.0
图木舒克,2024,inv_app_pub,36,18,0.08179012345679014,0.1388888888888889,0.5555555555555556,0.7777777777777778,12.22641509433962,18,36,1.0
基隆,2024,inv_app_pub,6,3,0.3333333333333333,0.3333333333333333,1.0,1.0,3.0,3,6,1.0
塔城,2024,inv_app_pub,134,47,0.10681666295388728,0.2537313432835821,0.5373134328358209,0.6567164179104478,9.361835245046924,47,134,1.0
塔城地区,2024,inv_app_pub,3,3,0.3333333333333333,0.3333333333333333,1.0,1.0,3.0,3,3,1.0
大兴安岭,2024,inv_app_pub,52,17,0.17085798816568046,0.34615384615384615,0.7115384615384613,0.8653846153846154,5.852813852813854,17,52,1.0
大同,2024,inv_app_pub,892,206,0.06749080013674115,0.19394618834080718,0.4943946188340807,0.57847533632287,14.816834264432027,206,892,1.0
大庆,2024,inv_app_pub,1974,343,0.09812619781577937,0.20567375886524822,0.5810536980749748,0.6306990881458967,10.190958401113072,343,1974,1.0
大理,2024,inv_app_pub,368,101,0.09677752835538761,0.2554347826086957,0.5489130434782609,0.6440217391304348,10.332977262322592,101,368,1.0
大理白族自治州,2024,inv_app_pub,4,3,0.375,0.5,1.0,1.0,2.6666666666666665,3,4,1.0
大连,2024,inv_app_pub,16560,1742,0.08053369098462042,0.22946859903381642,0.5067632850241546,0.5763285024154589,12.417163397999115,1742,16560,1.0
天水,2024,inv_app_pub,381,101,0.05205943745220824,0.14173228346456693,0.4383202099737533,0.5721784776902887,19.208813021040093,101,381,1.0
天津,2024,inv_app_pub,39634,5384,0.021852810612268025,0.12845032043195237,0.23969319271332695,0.29762325276277946,45.760704091701896,5384,39634,1.0
天门,2024,inv_app_pub,210,104,0.01482993197278912,0.0380952380952381,0.15238095238095237,0.2714285714285714,67.43119266055044,104,210,1.0
太原,2024,inv_app_pub,12903,1644,0.033108479692899775,0.13438735177865613,0.33085328993257385,0.4408277144850035,30.203742644651044,1644,12903,1.0
威海,2024,inv_app_pub,4749,1087,0.023169732489259406,0.1284480943356496,0.25373762897452096,0.31101284480943353,43.15975596453526,1087,4749,1.0
娄底,2024,inv_app_pub,1381,327,0.06841740157228467,0.2433019551049964,0.3721940622737147,0.44532947139753803,14.61616455783512,327,1381,1.0
孝感,2024,inv_app_pub,1840,409,0.02045014177693762,0.07173913043478261,0.2559782608695652,0.38913043478260867,48.899416488531976,409,1840,1.0
宁德,2024,inv_app_pub,5846,382,0.44892542997489787,0.6483065343824838,0.8402326377009922,0.8547724940130004,2.2275414428091453,382,5846,1.0
宁波,2024,inv_app_pub,32723,6590,0.00868579266232081,0.06344161598875409,0.17681752895516917,0.23216086544632214,115.13054005284117,6590,32723,1.0
安庆,2024,inv_app_pub,3429,961,0.005123387475855883,0.051618547681539804,0.09361329833770779,0.13123359580052493,195.18336348998196,961,3429,1.0
安康,2024,inv_app_pub,419,181,0.02046582099669061,0.081145584725537,0.2649164677804296,0.3556085918854416,48.86195379905371,181,419,1.0
安阳,2024,inv_app_pub,1468,400,0.04616839534037671,0.15871934604904633,0.4059945504087193,0.4979564032697547,21.6598387842483,400,1468,1.0
安顺,2024,inv_app_pub,531,172,0.037810193608335915,0.12052730696798493,0.3691148775894538,0.480225988700565,26.447894193790443,172,531,1.0
定安,2024,inv_app_pub,53,21,0.11071555713777145,0.24528301886792453,0.6226415094339622,0.7924528301886793,9.032154340836012,21,53,1.0
定西,2024,inv_app_pub,263,120,0.02013907964550593,0.08745247148288973,0.2243346007604563,0.32319391634980993,49.65470208183777,120,263,1.0
宜兰县,2024,inv_app_pub,19,15,0.09141274238227146,0.21052631578947367,0.47368421052631576,0.7368421052631577,10.939393939393941,15,19,1.0
宜宾,2024,inv_app_pub,1547,325,0.018676596987559378,0.07110536522301228,0.24499030381383322,0.35746606334841624,53.54294471664766,325,1547,1.0
宜昌,2024,inv_app_pub,5163,707,0.13887304851573354,0.3662599263993802,0.44993220995545224,0.5306992058880496,7.200821258609482,707,5163,1.0
宜春,2024,inv_app_pub,2421,807,0.0036325071772343094,0.02395704254440314,0.08426270136307311,0.1251548946716233,275.2919543469071,807,2421,1.0
宝鸡,2024,inv_app_pub,1932,523,0.01813951793697945,0.10662525879917184,0.21739130434782605,0.2903726708074534,55.12825663141728,523,1932,1.0
宣城,2024,inv_app_pub,4016,1122,0.002473671052840431,0.015189243027888447,0.05876494023904382,0.09536852589641433,404.2574694204933,1122,4016,1.0
宿州,2024,inv_app_pub,1526,568,0.011213238767436948,0.07732634338138926,0.17955439056356487,0.23787680209698556,89.18030024509804,568,1526,1.0
宿迁,2024,inv_app_pub,4740,1517,0.002802257472983318,0.024472573839662448,0.0751054852320675,0.11160337552742615,356.8551461245235,1517,4740,1.0
屏东县,2024,inv_app_pub,15,13,0.08444444444444445,0.13333333333333333,0.4666666666666666,0.8,11.842105263157894,13,15,1.0
屯昌,2024,inv_app_pub,10,9,0.12000000000000002,0.2,0.6,1.0,8.333333333333332,9,10,1.0
山南,2024,inv_app_pub,127,23,0.41695083390166787,0.6377952755905512,0.7874015748031495,0.8661417322834645,2.3983643122676574,23,127,1.0
岳阳,2024,inv_app_pub,1650,573,0.009849770431588615,0.06848484848484848,0.1612121212121212,0.2224242424242424,101.52520883054892,573,1650,1.0
崇左,2024,inv_app_pub,316,89,0.08025556801794585,0.1930379746835443,0.46518987341772156,0.5696202531645569,12.460194659346143,89,316,1.0
巴中,2024,inv_app_pub,158,97,0.014180419804518507,0.0379746835443038,0.14556962025316456,0.24050632911392406,70.51977401129943,97,158,1.0
巴彦淖尔,2024,inv_app_pub,265,114,0.018127447490210037,0.07169811320754717,0.18490566037735848,0.3056603773584906,55.164964650432054,114,265,1.0
巴音,2024,inv_app_pub,288,119,0.03262442129629631,0.125,0.3125,0.41666666666666663,30.65188470066518,119,288,1.0
巴音郭楞蒙古自治州,2024,inv_app_pub,1,1,1.0,1.0,1.0,1.0,1.0,1,1,1.0
常州,2024,inv_app_pub,26442,5617,0.008611406900733415,0.07204447469934196,0.16704485288556087,0.20962862113304592,116.12504339039329,5617,26442,1.0
常德,2024,inv_app_pub,1707,537,0.007411845981037453,0.03983596953719976,0.1323960164030463,0.20445225541886347,134.9191554382553,537,1707,1.0
平凉,2024,inv_app_pub,361,57,0.31097827671672246,0.5346260387811634,0.7728531855955679,0.8199445983379501,3.215658696671356,57,361,1.0
平顶山,2024,inv_app_pub,1488,340,0.040554724534628286,0.11559139784946236,0.40188172043010756,0.5114247311827956,24.658039512662313,340,1488,1.0
广元,2024,inv_app_pub,328,116,0.05846594289113621,0.21036585365853658,0.38414634146341464,0.4817073170731708,17.103974562798097,116,328,1.0
广安,2024,inv_app_pub,365,137,0.021550009382623383,0.08493150684931507,0.2520547945205479,0.3698630136986301,46.40369209334726,137,365,1.0
广州,2024,inv_app_pub,102266,13418,0.009730109274004582,0.05332172960710305,0.18907554808049598,0.2587565759881094,102.77376870490521,13418,102266,1.0
庆阳,2024,inv_app_pub,313,63,0.09610182812930623,0.21725239616613418,0.6198083067092651,0.7763578274760383,10.405629314922992,63,313,1.0
廊坊,2024,inv_app_pub,3667,970,0.011940680108239163,0.06626670302699754,0.19198254704117806,0.27979274611398963,83.74732351384175,970,3667,1.0
延安,2024,inv_app_pub,555,152,0.12218813408002598,0.33513513513513515,0.48468468468468473,0.5873873873873874,8.184100751919653,152,555,1.0
延边,2024,inv_app_pub,422,104,0.1355877001864289,0.32701421800947866,0.5947867298578199,0.6824644549763033,7.375300256771307,104,422,1.0
延边朝鲜族自治州,2024,inv_app_pub,15,9,0.17333333333333334,0.3333333333333333,0.7333333333333333,1.0,5.769230769230769,9,15,1.0
开封,2024,inv_app_pub,1242,305,0.11803335226285587,0.321256038647343,0.5048309178743962,0.5523349436392915,8.472181640431913,305,1242,1.0
张家口,2024,inv_app_pub,1565,339,0.07002010840163723,0.2402555910543131,0.40766773162939296,0.5277955271565495,14.281611708796179,339,1565,1.0
张家界,2024,inv_app_pub,150,109,0.013333333333333338,0.04,0.16,0.25333333333333335,74.99999999999997,109,150,1.0
张掖,2024,inv_app_pub,364,146,0.03583504407680231,0.13186813186813187,0.3434065934065934,0.42032967032967034,27.905644481887116,146,364,1.0
彰化县,2024,inv_app_pub,117,54,0.041858426473811106,0.13675213675213677,0.3418803418803419,0.4957264957264958,23.890052356020934,54,117,1.0
徐州,2024,inv_app_pub,18058,3260,0.029005809549743248,0.16297485878834866,0.23690331155166688,0.27760549341012297,34.47585209732068,3260,18058,1.0
德宏,2024,inv_app_pub,113,42,0.1747200250606939,0.39823008849557523,0.5929203539823009,0.6814159292035399,5.723442402510084,42,113,1.0
德宏傣族景颇族自治州,2024,inv_app_pub,1,1,1.0,1.0,1.0,1.0,1.0,1,1,1.0
德州,2024,inv_app_pub,4786,1337,0.004073554134508141,0.03760969494358546,0.10259089009611368,0.13643961554534056,245.48587473742865,1337,4786,1.0
德阳,2024,inv_app_pub,2696,523,0.0349889164296595,0.14836795252225518,0.33531157270029677,0.4209940652818991,28.580479250060954,523,2696,1.0
忻州,2024,inv_app_pub,495,197,0.023593510866238142,0.09898989898989899,0.28888888888888886,0.36969696969696975,42.38453554748313,197,495,1.0
怀化,2024,inv_app_pub,882,355,0.016340927905553755,0.07596371882086168,0.22222222222222224,0.29705215419501135,61.196035242290755,355,882,1.0
怒江,2024,inv_app_pub,72,17,0.25192901234567905,0.4305555555555556,0.8333333333333335,0.9027777777777777,3.969372128637059,17,72,1.0
怒江傈僳族自治州,2024,inv_app_pub,2,2,0.5,0.5,1.0,1.0,2.0,2,2,1.0
恩施,2024,inv_app_pub,322,147,0.0293584352455538,0.13664596273291926,0.2732919254658385,0.37577639751552794,34.06176084099868,147,322,1.0
恩施土家族苗族自治州,2024,inv_app_pub,5,5,0.20000000000000004,0.2,1.0,1.0,4.999999999999999,5,5,1.0
惠州,2024,inv_app_pub,8536,2284,0.007796023940503595,0.04615745079662605,0.1610824742268041,0.22668697282099343,128.27051425593797,2284,8536,1.0
成都,2024,inv_app_pub,64292,8030,0.012487768168909591,0.06487587880296149,0.21613886642194985,0.2764418590182293,80.07836039827109,8030,64292,1.0
扬州,2024,inv_app_pub,12226,3048,0.017027079484475394,0.12440700147227221,0.17413708490103058,0.21290691967937184,58.72997779283052,3048,12226,1.0
承德,2024,inv_app_pub,1251,321,0.04253096323900113,0.14388489208633093,0.3908872901678657,0.48681055155875297,23.512281966917563,321,1251,1.0
抚州,2024,inv_app_pub,1410,477,0.013836326140536188,0.09858156028368795,0.1659574468085106,0.21063829787234045,72.27352043042025,477,1410,1.0
抚顺,2024,inv_app_pub,592,156,0.07269790905770636,0.24493243243243243,0.4155405405405405,0.5287162162162161,13.755553811131172,156,592,1.0
拉萨,2024,inv_app_pub,1022,296,0.025116708345939237,0.11448140900195694,0.2749510763209393,0.3620352250489237,39.81413432949608,296,1022,1.0
揭阳,2024,inv_app_pub,717,340,0.0071991425609184406,0.03347280334728033,0.12552301255230125,0.19246861924686193,138.90543096460416,340,717,1.0
攀枝花,2024,inv_app_pub,1336,124,0.1727887787299651,0.36826347305389223,0.6976047904191618,0.784431137724551,5.787412859505208,124,1336,1.0
文山,2024,inv_app_pub,227,75,0.05637602126957638,0.15859030837004406,0.43171806167400884,0.5770925110132159,17.7380378657487,75,227,1.0
文山壮族苗族自治州,2024,inv_app_pub,5,5,0.20000000000000004,0.2,1.0,1.0,4.999999999999999,5,5,1.0
文昌,2024,inv_app_pub,135,43,0.05876543209876545,0.16296296296296298,0.43703703703703706,0.6222222222222222,17.016806722689072,43,135,1.0
新乡,2024,inv_app_pub,4964,1196,0.013778901888926618,0.08924254633360193,0.2072925060435133,0.2697421434327155,72.57472388301477,1196,4964,1.0
新余,2024,inv_app_pub,837,186,0.048105183072616686,0.14814814814814814,0.4241338112305854,0.5352449223416965,20.78778077801846,186,837,1.0
新北,2024,inv_app_pub,1914,382,0.06276416745555216,0.21055381400208986,0.4336468129571578,0.5339602925809822,15.932657765406866,382,1914,1.0
新星,2024,inv_app_pub,18,4,0.40123456790123463,0.5555555555555556,1.0,1.0,2.492307692307692,4,18,1.0
新竹,2024,inv_app_pub,3655,197,0.07521245001038623,0.1622435020519836,0.5474692202462381,0.7129958960328316,13.295671127079467,197,3655,1.0
新竹县,2024,inv_app_pub,1200,161,0.08181944444444443,0.2275,0.5008333333333334,0.6341666666666668,12.222033610592431,161,1200,1.0
无锡,2024,inv_app_pub,36901,7910,0.007262416570379692,0.07818216308501125,0.11799138234736185,0.1501856318256958,137.6952134746132,7910,36901,1.0
日喀则,2024,inv_app_pub,17,11,0.12110726643598617,0.17647058823529413,0.6470588235294118,0.9411764705882353,8.257142857142856,11,17,1.0
日照,2024,inv_app_pub,2214,646,0.013285334599807906,0.07091237579042457,0.20370370370370372,0.2877145438121048,75.27096833635332,646,2214,1.0
昆明,2024,inv_app_pub,16414,1713,0.07278689764414734,0.2544778847325454,0.3809552820762764,0.48860728646277574,13.738736398533785,1713,16414,1.0
昆玉,2024,inv_app_pub,2,2,0.5,0.5,1.0,1.0,2.0,2,2,1.0
昌吉,2024,inv_app_pub,520,186,0.01879437869822485,0.06538461538461539,0.2365384615384615,0.3423076923076923,53.207398661944126,186,520,1.0
昌江,2024,inv_app_pub,42,14,0.29818594104308377,0.5238095238095238,0.7857142857142858,0.9047619047619049,3.3536121673003816,14,42,1.0
昌都,2024,inv_app_pub,45,16,0.11209876543209876,0.24444444444444444,0.6222222222222221,0.8666666666666666,8.920704845814978,16,45,1.0
昭通,2024,inv_app_pub,232,82,0.04195154577883473,0.11637931034482758,0.3793103448275862,0.5387931034482759,23.83702391496899,82,232,1.0
晋中,2024,inv_app_pub,1192,426,0.023192930498626183,0.12248322147651007,0.24496644295302014,0.35151006711409394,43.11658675729806,426,1192,1.0
晋城,2024,inv_app_pub,700,227,0.021755102040816328,0.07857142857142857,0.26571428571428574,0.36,45.96622889305816,227,700,1.0
普洱,2024,inv_app_pub,165,77,0.04205693296602388,0.16363636363636364,0.3212121212121212,0.44242424242424244,23.777292576419214,77,165,1.0
景德镇,2024,inv_app_pub,802,160,0.11050615356869672,0.26433915211970077,0.5648379052369077,0.6384039900249378,9.049269816258194,160,802,1.0
曲靖,2024,inv_app_pub,644,170,0.03552139192160796,0.09627329192546584,0.34937888198757766,0.5217391304347826,28.152049959272333,170,644,1.0
朔州,2024,inv_app_pub,319,126,0.04291427953734734,0.15987460815047022,0.3636363636363636,0.4764890282131661,23.302267002518878,126,319,1.0
朝阳,2024,inv_app_pub,373,116,0.028441230800192625,0.10455764075067024,0.29490616621983917,0.41018766756032177,35.16022239070003,116,373,1.0
本溪,2024,inv_app_pub,967,102,0.1633095887129461,0.3360910031023785,0.719751809720786,0.8004136504653568,6.123339161411572,102,967,1.0
来宾,2024,inv_app_pub,278,107,0.04482169659955489,0.1474820143884892,0.3848920863309353,0.4712230215827339,22.310623556581984,107,278,1.0
杭州,2024,inv_app_pub,101522,11703,0.013538319232571603,0.08420834892929611,0.2047930497823132,0.294556844821812,73.86441276950522,11703,101522,1.0
松原,2024,inv_app_pub,144,90,0.01784336419753087,0.0625,0.19444444444444448,0.30555555555555547,56.043243243243225,90,144,1.0
林芝,2024,inv_app_pub,62,19,0.2393340270551509,0.46774193548387094,0.6774193548387095,0.8387096774193548,4.178260869565217,19,62,1.0
果洛,2024,inv_app_pub,15,5,0.5555555555555556,0.7333333333333333,0.9999999999999999,0.9999999999999999,1.7999999999999998,5,15,1.0
枣庄,2024,inv_app_pub,2488,899,0.0047882569452342314,0.04220257234726688,0.10289389067524116,0.14991961414791,208.84426450742237,899,2488,1.0
柳州,2024,inv_app_pub,2927,448,0.08139934861845508,0.21762897164332082,0.48992142125042704,0.5626921762897165,12.285110593296288,448,2927,1.0
株洲,2024,inv_app_pub,5031,782,0.03091020526640613,0.12164579606440072,0.32399125422381236,0.45994832041343675,32.35177480645272,782,5031,1.0
桂林,2024,inv_app_pub,4718,391,0.18985769866417623,0.4012293344637558,0.6606612971598135,0.7435353963543875,5.2671027144852225,391,4718,1.0
桃园,2024,inv_app_pub,1061,223,0.07321618766994666,0.20263901979264845,0.5155513666352498,0.58435438265787,13.658181774062433,223,1061,1.0
梅州,2024,inv_app_pub,743,280,0.020739101058058252,0.09959623149394348,0.2489905787348587,0.3620457604306864,48.21809765044982,280,743,1.0
梧州,2024,inv_app_pub,431,125,0.044826416739789286,0.1531322505800464,0.3967517401392111,0.5150812064965197,22.308274288459234,125,431,1.0
楚雄,2024,inv_app_pub,378,116,0.04939671341787742,0.13756613756613756,0.4021164021164021,0.5211640211640212,20.244261830546904,116,378,1.0
楚雄彝族自治州,2024,inv_app_pub,5,5,0.20000000000000004,0.2,1.0,1.0,4.999999999999999,5,5,1.0
榆林,2024,inv_app_pub,1488,397,0.020739391837206616,0.1028225806451613,0.2352150537634409,0.3272849462365592,48.217421602787454,397,1488,1.0
武威,2024,inv_app_pub,269,130,0.024142839374801342,0.10780669144981413,0.25278810408921926,0.36059479553903345,41.42014882655982,130,269,1.0
武汉,2024,inv_app_pub,73643,6243,0.01430074369584189,0.07145281968415192,0.21863585133685481,0.29820892684980244,69.92643328687596,6243,73643,1.0
毕节,2024,inv_app_pub,423,171,0.021209530037053805,0.07565011820330969,0.26004728132387706,0.375886524822695,47.14861660079051,171,423,1.0
永州,2024,inv_app_pub,897,372,0.02142282773371911,0.13154960981047936,0.19843924191750276,0.24526198439241914,46.67917851134188,372,897,1.0
汉中,2024,inv_app_pub,858,175,0.14622556930249242,0.3484848484848485,0.5734265734265735,0.6515151515151517,6.838749233599017,175,858,1.0
汕头,2024,inv_app_pub,2413,686,0.0205292543549076,0.1226688769167012,0.2059676750932449,0.29092416079569,48.710975211866185,686,2413,1.0
汕尾,2024,inv_app_pub,444,104,0.0972222222222222,0.26576576576576577,0.5540540540540541,0.6509009009009008,10.285714285714288,104,444,1.0
江门,2024,inv_app_pub,4679,1437,0.02242287857589085,0.13549903825603762,0.23081855097243004,0.26864714682624496,44.59730701459549,1437,4679,1.0
池州,2024,inv_app_pub,1296,414,0.008936566453284561,0.05015432098765432,0.14737654320987656,0.2222222222222222,111.8998001332445,414,1296,1.0
沈阳,2024,inv_app_pub,18905,2207,0.026486588764476904,0.12568103676276118,0.27225601692673895,0.3903200211584237,37.75495624945002,2207,18905,1.0
沧州,2024,inv_app_pub,3657,1491,0.0031805081769380977,0.03171998906207274,0.08148755810773858,0.11594202898550725,314.41516398260245,1491,3657,1.0
河池,2024,inv_app_pub,264,102,0.03308654729109274,0.10227272727272728,0.3219696969696969,0.43939393939393934,30.223764093668695,102,264,1.0
河源,2024,inv_app_pub,618,230,0.012599365318754519,0.042071197411003236,0.16181229773462782,0.2799352750809061,79.36907730673315,230,618,1.0
泉州,2024,inv_app_pub,10312,2577,0.019213175006515114,0.12693948797517454,0.20500387897595032,0.2569821567106284,52.04761834839395,2577,10312,1.0
泰安,2024,inv_app_pub,4651,1096,0.02162385831859307,0.12964953773382068,0.2304880670823479,0.27026445925607395,46.24521606026985,1096,4651,1.0
泰州,2024,inv_app_pub,12698,3260,0.0009127556844053881,0.011340368561978264,0.028980941880611122,0.047015277996534884,1095.5834261952002,3260,12698,1.0
泸州,2024,inv_app_pub,1151,255,0.03663418128458539,0.1155516941789748,0.3475238922675934,0.47350130321459594,27.296911379885845,255,1151,1.0
洛阳,2024,inv_app_pub,7682,1455,0.022756904040531725,0.12770111950013016,0.2578755532413434,0.3169747461598542,43.94270847295073,1455,7682,1.0
济南,2024,inv_app_pub,45878,5601,0.014290731791291813,0.09481668773704172,0.19105017655521164,0.2761890230611622,69.97542285478754,5601,45878,1.0
济宁,2024,inv_app_pub,5783,1661,0.005932137429051483,0.05101158568217188,0.12225488500778145,0.17862701020231714,168.57330295530502,1661,5783,1.0
济源,2024,inv_app_pub,435,133,0.041976483022856385,0.15402298850574714,0.36781609195402293,0.48045977011494256,23.822862898149314,133,435,1.0
海东,2024,inv_app_pub,141,74,0.08978421608570997,0.2765957446808511,0.44680851063829785,0.524822695035461,11.137815126050421,74,141,1.0
海北,2024,inv_app_pub,68,8,0.5800173010380623,0.75,0.9558823529411764,1.0,1.7240865026099925,8,68,1.0
海北藏族自治州,2024,inv_app_pub,3,1,1.0,1.0,1.0,1.0,1.0,1,3,1.0
海南,2024,inv_app_pub,73,19,0.19046725464439854,0.3972602739726027,0.6986301369863014,0.863013698630137,5.25024630541872,19,73,1.0
海南藏族自治州,2024,inv_app_pub,2,1,1.0,1.0,1.0,1.0,1.0,1,2,1.0
海口,2024,inv_app_pub,4851,936,0.07735370779809334,0.26798598227169657,0.3741496598639456,0.4547515976087405,12.927628532172942,936,4851,1.0
海西,2024,inv_app_pub,260,83,0.06698224852071005,0.21923076923076923,0.42692307692307696,0.5461538461538463,14.929328621908128,83,260,1.0
海西蒙古族藏族自治州,2024,inv_app_pub,2,2,0.5,0.5,1.0,1.0,2.0,2,2,1.0
淄博,2024,inv_app_pub,6886,1708,0.014089462774065234,0.09991286668602962,0.1860296253267499,0.2333720592506535,70.97502694288107,1708,6886,1.0
淮北,2024,inv_app_pub,2173,366,0.11177105797228208,0.32213529682466635,0.4496088357109986,0.519558214450069,8.946859930841741,366,2173,1.0
淮南,2024,inv_app_pub,2578,452,0.19766767919273964,0.439100077579519,0.5543056633048875,0.595422808378588,5.0589960082696726,452,2578,1.0
淮安,2024,inv_app_pub,6024,1318,0.05496600362604472,0.22692563081009295,0.3122509960159362,0.36371181938911024,18.193063603521043,1318,6024,1.0
深圳,2024,inv_app_pub,184015,24652,0.011297631070844812,0.07663505692470722,0.20070102980735266,0.2552128902535119,88.51413130144125,24652,184015,1.0
清远,2024,inv_app_pub,2174,593,0.012683558894994708,0.08325666973321068,0.1858325666973321,0.2516099356025759,78.84222466886864,593,2174,1.0
温州,2024,inv_app_pub,13555,4257,0.003027478933661119,0.034452231648838066,0.08587237181851715,0.12770195499815568,330.3078310079944,4257,13555,1.0
渭南,2024,inv_app_pub,800,291,0.010940624999999999,0.0475,0.16374999999999998,0.25875,91.40245644101687,291,800,1.0
湖州,2024,inv_app_pub,9703,2624,0.010386506662065125,0.09234257446150675,0.14356384623312377,0.18416984437802741,96.27876171805895,2624,9703,1.0
湘潭,2024,inv_app_pub,4663,590,0.09576739678752831,0.23182500536135536,0.5723782972335407,0.6285653013081709,10.441967032043507,590,4663,1.0
湘西,2024,inv_app_pub,321,110,0.039372676895604655,0.14953271028037382,0.3333333333333333,0.4236760124610592,25.39832388464383,110,321,1.0
湘西土家族苗族自治州,2024,inv_app_pub,14,10,0.11224489795918367,0.14285714285714285,0.6428571428571428,0.9999999999999999,8.909090909090908,10,14,1.0
湛江,2024,inv_app_pub,3096,304,0.2359085074347829,0.4738372093023256,0.6427648578811369,0.765826873385013,4.238931486082378,304,3096,1.0
滁州,2024,inv_app_pub,5070,1317,0.005680706791312164,0.03806706114398422,0.12741617357001972,0.1708086785009862,176.03443316760482,1317,5070,1.0
滨州,2024,inv_app_pub,3664,1015,0.00487139714154955,0.03111353711790393,0.09825327510917031,0.15229257641921398,205.27991681702807,1015,3664,1.0
漯河,2024,inv_app_pub,504,233,0.015227387251196772,0.06349206349206349,0.22222222222222218,0.3035714285714286,65.67114788004137,233,504,1.0
漳州,2024,inv_app_pub,2104,705,0.007827747979586231,0.04657794676806084,0.14543726235741444,0.21197718631178702,127.75066374235253,705,2104,1.0
潍坊,2024,inv_app_pub,13553,2560,0.02914735397282621,0.1420349738065373,0.2763225854054453,0.31705157529698225,34.30843159664819,2560,13553,1.0
潜江,2024,inv_app_pub,206,83,0.018569139409934956,0.043689320388349516,0.17961165048543687,0.30097087378640774,53.8527918781726,83,206,1.0
潮州,2024,inv_app_pub,764,303,0.016052876839998904,0.07591623036649214,0.2198952879581152,0.2905759162303665,62.29413020277481,303,764,1.0
澄迈,2024,inv_app_pub,341,88,0.043747473791935054,0.12316715542521994,0.40762463343108507,0.5425219941348973,22.85846274818164,88,341,1.0
澄迈县,2024,inv_app_pub,6,3,0.3888888888888889,0.5,0.9999999999999999,0.9999999999999999,2.571428571428571,3,6,1.0
澳门,2024,inv_app_pub,354,23,0.3659708257524977,0.5225988700564972,0.940677966101695,0.9632768361581922,2.732458244298112,23,354,1.0
澳门特别行政区,2024,inv_app_pub,2,2,0.5,0.5,1.0,1.0,2.0,2,2,1.0
濮阳,2024,inv_app_pub,920,319,0.0418525519848771,0.18478260869565216,0.3163043478260869,0.3706521739130435,23.89340560072269,319,920,1.0
烟台,2024,inv_app_pub,13718,2397,0.018283885469165727,0.1079603440734801,0.2323224959906692,0.2701559994168246,54.69297003016224,2397,13718,1.0
焦作,2024,inv_app_pub,2023,463,0.10193183725759791,0.31240731586752346,0.402867029164607,0.4651507661888285,9.810477539739047,463,2023,1.0
牡丹江,2024,inv_app_pub,366,136,0.04331272955298755,0.1448087431693989,0.39344262295081966,0.49180327868852464,23.08790072388831,136,366,1.0
玉林,2024,inv_app_pub,1081,177,0.3050204482264938,0.5448658649398704,0.700277520814061,0.7465309898242369,3.278468725012977,177,1081,1.0
玉树,2024,inv_app_pub,20,12,0.165,0.35,0.65,0.9000000000000001,6.0606060606060606,12,20,1.0
玉溪,2024,inv_app_pub,709,158,0.1180251491502563,0.3215796897038082,0.48942172073342743,0.5895627644569816,8.472770483237541,158,709,1.0
珠海,2024,inv_app_pub,26593,2524,0.13172782518434512,0.3595683074493288,0.42849622080998756,0.47580190275636447,7.591410536084996,2524,26593,1.0
琼中,2024,inv_app_pub,33,12,0.3829201101928375,0.6060606060606061,0.7878787878787878,0.9393939393939394,2.6115107913669062,12,33,1.0
琼海,2024,inv_app_pub,110,45,0.044958677685950424,0.11818181818181818,0.37272727272727274,0.5454545454545454,22.242647058823525,45,110,1.0
甘南,2024,inv_app_pub,61,28,0.14969094329481328,0.36065573770491804,0.5573770491803279,0.7049180327868854,6.680430879712745,28,61,1.0
甘南藏族自治州,2024,inv_app_pub,3,3,0.3333333333333333,0.3333333333333333,1.0,1.0,3.0,3,3,1.0
甘孜,2024,inv_app_pub,155,44,0.05207075962539022,0.14838709677419354,0.3935483870967742,0.5806451612903225,19.204636290967226,44,155,1.0
甘孜藏族自治州,2024,inv_app_pub,7,5,0.22448979591836732,0.2857142857142857,0.9999999999999998,0.9999999999999998,4.454545454545455,5,7,1.0
白城,2024,inv_app_pub,228,64,0.03401046475838719,0.08333333333333333,0.3114035087719298,0.48684210526315785,29.402714932126703,64,228,1.0
白山,2024,inv_app_pub,120,53,0.06708333333333331,0.2,0.44166666666666665,0.5583333333333333,14.906832298136651,53,120,1.0
白沙,2024,inv_app_pub,11,3,0.40495867768595034,0.5454545454545454,1.0,1.0,2.469387755102041,3,11,1.0
白银,2024,inv_app_pub,478,116,0.054332032002240876,0.1401673640167364,0.45188284518828453,0.5794979079497908,18.40534879974222,116,478,1.0
百色,2024,inv_app_pub,433,124,0.044701289142296353,0.12009237875288684,0.4203233256351039,0.5450346420323325,22.37071948454838,124,433,1.0
益阳,2024,inv_app_pub,1514,450,0.01685632467729636,0.07199471598414796,0.23778071334214002,0.3375165125495377,59.32491329778973,450,1514,1.0
盐城,2024,inv_app_pub,12575,3511,0.006810451802109805,0.07427435387673956,0.1227037773359841,0.14457256461232604,146.83313663422604,3511,12575,1.0
盘锦,2024,inv_app_pub,652,172,0.03864936580225074,0.10889570552147239,0.3987730061349693,0.4907975460122699,25.87364576993305,172,652,1.0
眉山,2024,inv_app_pub,1223,316,0.018094855418327786,0.09321340964840556,0.22322158626328698,0.3205233033524121,55.26432662109736,316,1223,1.0
石嘴山,2024,inv_app_pub,786,200,0.02961495380352091,0.12849872773536897,0.2900763358778626,0.410941475826972,33.76672496720594,200,786,1.0
石家庄,2024,inv_app_pub,13474,2661,0.014184074798760856,0.08935728068873386,0.21233486715155117,0.26666171886596407,70.5016022678731,2661,13474,1.0
石河子,2024,inv_app_pub,1164,71,0.5184545529693796,0.7139175257731959,0.8505154639175257,0.8926116838487972,1.9288093706046805,71,1164,1.0
神农架,2024,inv_app_pub,25,7,0.3952,0.6,0.92,1.0,2.5303643724696356,7,25,1.0
福州,2024,inv_app_pub,16469,2388,0.025021774948933085,0.14008136498876678,0.24039103770720746,0.316291213795616,39.965190400796864,2388,16469,1.0
秦皇岛,2024,inv_app_pub,3491,494,0.16554160918434854,0.39415640217702663,0.5605843597822973,0.6276138642222858,6.040777330407557,494,3491,1.0
红河,2024,inv_app_pub,493,142,0.04745133697320293,0.1663286004056795,0.4056795131845842,0.5091277890466531,21.074221798317872,142,493,1.0
红河哈尼族彝族自治州,2024,inv_app_pub,5,4,0.28,0.4,1.0,1.0,3.571428571428571,4,5,1.0
绍兴,2024,inv_app_pub,11797,3006,0.0075376946347377755,0.06933966262609138,0.14291769093837417,0.1906416885648894,132.6665576755337,3006,11797,1.0
绥化,2024,inv_app_pub,260,99,0.03609467455621302,0.08846153846153847,0.36538461538461536,0.5230769230769231,27.704918032786882,99,260,1.0
绵阳,2024,inv_app_pub,6514,735,0.030487321466935162,0.12926005526558182,0.29444273871661036,0.4094258520110531,32.800520081258824,735,6514,1.0
聊城,2024,inv_app_pub,2863,871,0.01468346857157985,0.09884736290604261,0.20258470136220746,0.2553265805099546,68.10379952973238,871,2863,1.0
肇庆,2024,inv_app_pub,2354,691,0.0071058932571252025,0.038232795242141036,0.13423959218351741,0.2017841971112999,140.72826086956522,691,2354,1.0
胡杨河,2024,inv_app_pub,9,7,0.18518518518518517,0.3333333333333333,0.7777777777777779,1.0000000000000002,5.4,7,9,1.0
自贡,2024,inv_app_pub,1158,200,0.13337419945651038,0.34110535405872194,0.5526770293609672,0.6217616580310882,7.497701984903551,200,1158,1.0
舟山,2024,inv_app_pub,1724,332,0.04956570539564279,0.18619489559164734,0.38341067285382835,0.49651972157772617,20.175239957099606,332,1724,1.0
芜湖,2024,inv_app_pub,11744,1672,0.021183203760143737,0.10669277929155313,0.2729904632152589,0.3497104904632153,47.20721243693568,1672,11744,1.0
花莲县,2024,inv_app_pub,7,4,0.30612244897959184,0.42857142857142855,0.9999999999999998,0.9999999999999998,3.2666666666666666,4,7,1.0
苏州,2024,inv_app_pub,90084,18306,0.0030128329268637884,0.04294880333910572,0.0932685049509347,0.11732383109098175,331.913525998586,18306,90084,1.0
苗栗县,2024,inv_app_pub,501,42,0.49454384643885885,0.6966067864271457,0.8522954091816367,0.9021956087824352,2.0220653986514248,42,501,1.0
茂名,2024,inv_app_pub,879,241,0.11018183088911926,0.32081911262798635,0.43572241183162685,0.4960182025028441,9.07590654403214,241,879,1.0
荆州,2024,inv_app_pub,1873,489,0.06398082852711516,0.23438334223171384,0.3833422317138281,0.4420715429791777,15.629681937866726,489,1873,1.0
荆门,2024,inv_app_pub,1701,342,0.045331082694725,0.1422692533803645,0.4150499706055262,0.5155790711346266,22.05991872584076,342,1701,1.0
莆田,2024,inv_app_pub,1008,274,0.0376452664399093,0.14484126984126985,0.3551587301587302,0.4315476190476191,26.563764705882353,274,1008,1.0
菏泽,2024,inv_app_pub,2050,806,0.00657180249851279,0.04926829268292683,0.1278048780487805,0.17463414634146343,152.1652545441379,806,2050,1.0
萍乡,2024,inv_app_pub,1021,378,0.0063955657922127014,0.034280117531831536,0.11459353574926542,0.1596474045053869,156.35833208339582,378,1021,1.0
营口,2024,inv_app_pub,823,254,0.01946026229498515,0.07654921020656136,0.24787363304981774,0.3742405832320777,51.38676883392764,254,823,1.0
葫芦岛,2024,inv_app_pub,456,117,0.05034241305016928,0.12280701754385964,0.4605263157894737,0.5657894736842104,19.863966373710355,117,456,1.0
蚌埠,2024,inv_app_pub,3458,715,0.01383770410588468,0.07432041642567959,0.2056101792943898,0.2865818392134181,72.26632339787753,715,3458,1.0
衡水,2024,inv_app_pub,1498,653,0.007016921538464282,0.048731642189586116,0.14419225634178906,0.19626168224299065,142.5126381303188,653,1498,1.0
衡阳,2024,inv_app_pub,2387,663,0.021254108406290256,0.12316715542521994,0.2350230414746544,0.3054042731462086,47.04972708730728,663,2387,1.0
衢州,2024,inv_app_pub,3454,867,0.011727966433855293,0.06832657788071801,0.1977417486971627,0.26027793862188764,85.26627405014439,867,3454,1.0
襄阳,2024,inv_app_pub,3541,858,0.015630591447377922,0.07229596159277041,0.24230443377576955,0.3007624964699238,63.97710562435262,858,3541,1.0
西双版纳,2024,inv_app_pub,175,46,0.16349387755102043,0.3657142857142857,0.657142857142857,0.7714285714285714,6.116436988216496,46,175,1.0
西双版纳傣族自治州,2024,inv_app_pub,5,3,0.44000000000000006,0.6,1.0,1.0,2.2727272727272725,3,5,1.0
西宁,2024,inv_app_pub,2263,435,0.02604971638311487,0.06937693327441449,0.27794962439239945,0.45868316394167036,38.388133878040556,435,2263,1.0
西安,2024,inv_app_pub,61912,5164,0.023958346499366758,0.08780204160744282,0.3003294999353921,0.3915234526424603,41.73910749752413,5164,61912,1.0
许昌,2024,inv_app_pub,1996,462,0.02769416588688399,0.09569138276553106,0.3376753507014028,0.4263527054108216,36.108688165026194,462,1996,1.0
贵港,2024,inv_app_pub,197,90,0.05207554948594398,0.19289340101522842,0.36548223350253806,0.4923857868020305,19.20286986640277,90,197,1.0
贵阳,2024,inv_app_pub,13711,1398,0.04510590134541228,0.1548391802202611,0.3923856757348115,0.44993071256655237,22.170048046312015,1398,13711,1.0
贺州,2024,inv_app_pub,232,85,0.06599286563614742,0.21982758620689655,0.418103448275862,0.5172413793103449,15.153153153153157,85,232,1.0
资阳,2024,inv_app_pub,256,95,0.064056396484375,0.22265625,0.3828125,0.5078125,15.611243449261552,95,256,1.0
赣州,2024,inv_app_pub,5536,1487,0.01102368052307127,0.08110549132947976,0.18027456647398843,0.22778179190751446,90.71380451448292,1487,5536,1.0
赤峰,2024,inv_app_pub,606,225,0.012722064285636487,0.037953795379537955,0.1765676567656766,0.28877887788778883,78.60359589041094,225,606,1.0
辽源,2024,inv_app_pub,149,51,0.058781135984865535,0.15436241610738255,0.43624161073825507,0.5637583892617449,17.012260536398472,51,149,1.0
辽阳,2024,inv_app_pub,374,121,0.03460207612456747,0.11497326203208556,0.339572192513369,0.4652406417112299,28.900000000000002,121,374,1.0
达州,2024,inv_app_pub,485,199,0.014118397279200768,0.05979381443298969,0.18762886597938144,0.2845360824742268,70.82956940680516,199,485,1.0
运城,2024,inv_app_pub,938,342,0.03130327648992321,0.15565031982942432,0.2814498933901919,0.3411513859275054,31.94553772420304,342,938,1.0
连云港,2024,inv_app_pub,6411,1311,0.014714195820575406,0.09530494462642333,0.2132272656371861,0.27296833567306195,67.96158024495385,1311,6411,1.0
迪庆,2024,inv_app_pub,55,15,0.20991735537190093,0.4,0.781818181818182,0.9090909090909092,4.763779527559053,15,55,1.0
通化,2024,inv_app_pub,266,86,0.03632200802758777,0.10150375939849623,0.3421052631578947,0.49248120300751874,27.531517509727625,86,266,1.0
通辽,2024,inv_app_pub,494,145,0.05128751495680965,0.18421052631578946,0.3987854251012146,0.4919028340080972,19.497922658996483,145,494,1.0
遂宁,2024,inv_app_pub,852,252,0.015853335978311178,0.05985915492957746,0.21713615023474178,0.3004694835680751,63.078206465067794,252,852,1.0
遵义,2024,inv_app_pub,2041,491,0.02358197855284646,0.0720235178833905,0.3013228809407153,0.4071533561979422,42.40526289000866,491,2041,1.0
邢台,2024,inv_app_pub,2151,877,0.004340147760839509,0.030683403068340307,0.09437470943747095,0.14458391445839147,230.4069020467108,877,2151,1.0
那曲,2024,inv_app_pub,23,12,0.13799621928166347,0.2608695652173913,0.6956521739130435,0.9130434782608695,7.246575342465755,12,23,1.0
邯郸,2024,inv_app_pub,3425,916,0.019093867547551817,0.09781021897810219,0.24875912408759127,0.33313868613138686,52.372836331328706,916,3425,1.0
邵阳,2024,inv_app_pub,1197,436,0.011907379141253296,0.07101086048454469,0.1846282372598162,0.25898078529657476,83.9815368384034,436,1197,1.0
郑州,2024,inv_app_pub,25094,4211,0.01370107183949377,0.0883876623894158,0.1881326213437475,0.280664700725273,72.98699048620915,4211,25094,1.0
郴州,2024,inv_app_pub,1065,387,0.013255747316449558,0.08450704225352113,0.17840375586854462,0.2507042253521127,75.43897572331227,387,1065,1.0
鄂尔多斯,2024,inv_app_pub,2371,546,0.022967848711790743,0.1303247574862927,0.2256431885280472,0.2960776043863349,43.539123430686885,546,2371,1.0
鄂州,2024,inv_app_pub,865,186,0.04463229643489592,0.15722543352601157,0.3861271676300578,0.4982658959537572,22.405300194639917,186,865,1.0
酒泉,2024,inv_app_pub,434,125,0.03300133789207672,0.0944700460829493,0.3433179723502304,0.4861751152073732,30.30180180180179,125,434,1.0
重庆,2024,inv_app_pub,47954,6416,0.01637770890072638,0.08503982983692705,0.23495433123409934,0.31694957667764945,61.058601423526845,6416,47954,1.0
金华,2024,inv_app_pub,8810,2754,0.0055092951075872134,0.04585698070374574,0.13348467650397275,0.18444948921679907,181.51142396108608,2754,8810,1.0
金昌,2024,inv_app_pub,532,70,0.17053677426649333,0.30451127819548873,0.6804511278195489,0.7650375939849625,5.863837898313512,70,532,1.0
钦州,2024,inv_app_pub,522,126,0.07150511589671321,0.2222222222222222,0.4674329501915709,0.60727969348659,13.985013344282486,126,522,1.0
铁岭,2024,inv_app_pub,238,110,0.031141868512110732,0.13445378151260504,0.27731092436974797,0.38655462184873945,32.11111111111111,110,238,1.0
铁门关,2024,inv_app_pub,35,14,0.15918367346938783,0.2857142857142857,0.7428571428571429,0.8857142857142857,6.282051282051279,14,35,1.0
铜仁,2024,inv_app_pub,388,136,0.0459267722393453,0.13659793814432988,0.3943298969072165,0.48969072164948446,21.773792305467172,136,388,1.0
铜川,2024,inv_app_pub,272,85,0.06460856401384081,0.17279411764705882,0.45955882352941174,0.5808823529411765,15.477824267782431,85,272,1.0
铜陵,2024,inv_app_pub,1417,422,0.010565823110739687,0.04446012702893437,0.16866619618913198,0.2611150317572336,94.64477963704927,422,1417,1.0
银川,2024,inv_app_pub,4474,796,0.03325996783881599,0.14215467143495752,0.33057666517657575,0.42154671434957536,30.066174593017845,796,4474,1.0
锡林郭勒,2024,inv_app_pub,320,116,0.03134765624999998,0.109375,0.30625,0.4125,31.900311526479772,116,320,1.0
锡林郭勒盟,2024,inv_app_pub,6,5,0.22222222222222227,0.3333333333333333,0.9999999999999999,0.9999999999999999,4.499999999999999,5,6,1.0
锦州,2024,inv_app_pub,918,191,0.09551407103630605,0.22440087145969498,0.5065359477124183,0.5838779956427016,10.46966158127516,191,918,1.0
镇江,2024,inv_app_pub,11545,2146,0.06733727457717656,0.2054569077522737,0.3882200086617583,0.4139454309224772,14.850615892597206,2146,11545,1.0
长春,2024,inv_app_pub,26419,1415,0.10636362003431293,0.2271849805064537,0.5837086945001704,0.6638025663348347,9.401710845093461,1415,26419,1.0
长沙,2024,inv_app_pub,39360,4660,0.032795570076508684,0.11636178861788618,0.3387957317073171,0.40012703252032517,30.49192307580271,4660,39360,1.0
长治,2024,inv_app_pub,989,286,0.01745489566219312,0.07381193124368049,0.2224469160768453,0.33670374115267954,57.2905171908862,286,989,1.0
阜新,2024,inv_app_pub,902,96,0.4419422716702477,0.6607538802660754,0.7838137472283815,0.8259423503325942,2.2627389686455324,96,902,1.0
阜阳,2024,inv_app_pub,2673,803,0.006904617246721416,0.0411522633744856,0.15001870557426114,0.200149644594089,144.83062047716538,803,2673,1.0
防城港,2024,inv_app_pub,274,71,0.05274655016250202,0.14963503649635038,0.4233576642335767,0.5875912408759124,18.95858585858585,71,274,1.0
阳江,2024,inv_app_pub,1075,240,0.08485711195240672,0.2213953488372093,0.5097674418604651,0.5869767441860465,11.784516076399862,240,1075,1.0
阳泉,2024,inv_app_pub,385,151,0.03959520998482037,0.14805194805194805,0.33766233766233766,0.4025974025974026,25.255580166979044,151,385,1.0
阿克苏,2024,inv_app_pub,310,113,0.07111342351716964,0.21935483870967742,0.42580645161290326,0.5032258064516129,14.062042727538772,113,310,1.0
阿克苏地区,2024,inv_app_pub,1,1,1.0,1.0,1.0,1.0,1.0,1,1,1.0
阿勒泰,2024,inv_app_pub,110,41,0.10743801652892561,0.2909090909090909,0.5181818181818182,0.6818181818181817,9.307692307692308,41,110,1.0
阿坝,2024,inv_app_pub,191,56,0.055946931279296064,0.14659685863874344,0.46073298429319376,0.5968586387434556,17.87408133268006,56,191,1.0
阿坝藏族羌族自治州,2024,inv_app_pub,2,1,1.0,1.0,1.0,1.0,1.0,1,2,1.0
阿拉善,2024,inv_app_pub,136,60,0.047361591695501734,0.125,0.3970588235294118,0.5220588235294118,21.11415525114155,60,136,1.0
阿拉善盟,2024,inv_app_pub,2,2,0.5,0.5,1.0,1.0,2.0,2,2,1.0
阿拉尔,2024,inv_app_pub,333,25,0.769823877931986,0.8768768768768769,0.9249249249249248,0.954954954954955,1.298998418555614,25,333,1.0
阿里,2024,inv_app_pub,9,3,0.4320987654320988,0.5555555555555556,1.0,1.0,2.314285714285714,3,9,1.0
陇南,2024,inv_app_pub,153,82,0.03917296766201033,0.16339869281045752,0.28758169934640526,0.411764705882353,25.52780806979281,82,153,1.0
陵水,2024,inv_app_pub,64,23,0.17333984375,0.359375,0.671875,0.796875,5.769014084507043,23,64,1.0
随州,2024,inv_app_pub,457,145,0.036452173579954894,0.14442013129102846,0.326039387308534,0.4332603938730854,27.433206357546304,145,457,1.0
雅安,2024,inv_app_pub,796,144,0.2076588975025883,0.4484924623115578,0.5665829145728644,0.6331658291457287,4.81558946920411,144,796,1.0
青岛,2024,inv_app_pub,44761,4764,0.012097429976042974,0.04215723509304975,0.18878041151895625,0.2974687786242488,82.6621854377616,4764,44761,1.0
鞍山,2024,inv_app_pub,2231,323,0.1412272487368306,0.34558493948901836,0.6006275212909009,0.6692066337965038,7.080786526284643,323,2231,1.0
韶关,2024,inv_app_pub,1753,413,0.035939692984953836,0.15858528237307473,0.3245864232743868,0.40045636052481465,27.824389051365863,413,1753,1.0
香港,2024,inv_app_pub,2406,680,0.01730434235829103,0.0685785536159601,0.24480465502909393,0.35785536159601006,57.788962983668085,680,2406,1.0
香港特别行政区,2024,inv_app_pub,20,15,0.08500000000000002,0.15,0.5,0.7500000000000001,11.764705882352938,15,20,1.0
马鞍山,2024,inv_app_pub,6679,1057,0.04819639588306776,0.1536158107501123,0.4000598892049708,0.4493187602934571,20.748439414975376,1057,6679,1.0
驻马店,2024,inv_app_pub,816,292,0.04168168492887351,0.17892156862745098,0.3112745098039215,0.3713235294117647,23.991352597823738,292,816,1.0
高雄,2024,inv_app_pub,430,123,0.05824770146024878,0.14418604651162792,0.472093023255814,0.6162790697674418,17.168059424326835,123,430,1.0
鸡西,2024,inv_app_pub,178,78,0.03591718217396791,0.08426966292134831,0.3651685393258427,0.4943820224719101,27.841827768014078,78,178,1.0
鹤壁,2024,inv_app_pub,528,195,0.022009871441689626,0.10606060606060606,0.24242424242424243,0.34469696969696967,45.4341590612777,195,528,1.0
鹤岗,2024,inv_app_pub,108,34,0.0696159122085048,0.1574074074074074,0.462962962962963,0.6666666666666665,14.364532019704434,34,108,1.0
鹰潭,2024,inv_app_pub,1069,280,0.008146060287321672,0.03648269410664172,0.1253507951356408,0.19550982226379796,122.7587281125792,280,1069,1.0
黄冈,2024,inv_app_pub,1290,509,0.010873144642749834,0.07906976744186046,0.1558139534883721,0.21395348837209305,91.96971371725435,509,1290,1.0
黄南,2024,inv_app_pub,50,6,0.7447999999999998,0.86,0.98,1.0,1.3426423200859294,6,50,1.0
黄南藏族自治州,2024,inv_app_pub,1,1,1.0,1.0,1.0,1.0,1.0,1,1,1.0
黄大仙区,2024,inv_app_pub,1,1,1.0,1.0,1.0,1.0,1.0,1,1,1.0
黄山,2024,inv_app_pub,1282,413,0.014039344725115059,0.0967238689547582,0.17316692667706707,0.23244929797191888,71.22839559677558,413,1282,1.0
黄石,2024,inv_app_pub,1679,406,0.032429822765968994,0.12150089338892198,0.34663490172721856,0.46873138773079215,30.83581452839063,406,1679,1.0
黑河,2024,inv_app_pub,97,49,0.05048357955149325,0.15463917525773196,0.4020618556701031,0.5360824742268042,19.80842105263158,49,97,1.0
黔东南,2024,inv_app_pub,451,215,0.01373149591201617,0.05543237250554324,0.19955654101995568,0.29046563192904656,72.82527747941279,215,451,1.0
黔东南苗族侗族自治州,2024,inv_app_pub,1,1,1.0,1.0,1.0,1.0,1.0,1,1,1.0
黔南,2024,inv_app_pub,583,228,0.010253347416362404,0.036020583190394515,0.14408233276157806,0.23327615780445968,97.52912482065994,228,583,1.0
黔南布依族苗族自治州,2024,inv_app_pub,1,1,1.0,1.0,1.0,1.0,1.0,1,1,1.0
黔西南,2024,inv_app_pub,347,139,0.018744446013171774,0.06628242074927954,0.2276657060518732,0.33717579250720464,53.349136021267164,139,347,1.0
齐齐哈尔,2024,inv_app_pub,896,173,0.09891930404974489,0.27901785714285715,0.5212053571428571,0.6439732142857143,10.109250258140882,173,896,1.0
龙岩,2024,inv_app_pub,1851,447,0.012971509844285262,0.04808211777417612,0.20799567801188548,0.2917341977309562,77.09202799090968,447,1851,1.0
七台河,2024,inv_grant_pub,9,8,0.13580246913580246,0.2222222222222222,0.6666666666666667,1.0,7.363636363636364,8,9,1.0
万宁,2024,inv_grant_pub,21,4,0.4058956916099773,0.5714285714285714,1.0,1.0,2.463687150837989,4,21,1.0
三亚,2024,inv_grant_pub,1023,178,0.03387101551892016,0.07624633431085044,0.33822091886608013,0.5092864125122188,29.52376787880498,178,1023,1.0
三明,2024,inv_grant_pub,446,206,0.022441633654406885,0.12331838565022421,0.22421524663677128,0.2959641255605381,44.56003584229391,206,446,1.0
三沙,2024,inv_grant_pub,7,3,0.42857142857142855,0.5714285714285714,1.0,1.0,2.3333333333333335,3,7,1.0
三门峡,2024,inv_grant_pub,123,73,0.02201070791195717,0.07317073170731707,0.21951219512195125,0.3495934959349594,45.43243243243243,73,123,1.0
上海,2024,inv_grant_pub,52863,10843,0.0019190120595197582,0.019522161057828728,0.06378752624709154,0.09761080528914363,521.1014673093064,10843,52863,1.0
上饶,2024,inv_grant_pub,752,272,0.01035182775011317,0.03723404255319149,0.13164893617021275,0.22739361702127658,96.60129825760167,272,752,1.0
东方,2024,inv_grant_pub,9,6,0.18518518518518517,0.2222222222222222,0.8888888888888888,1.0,5.4,6,9,1.0
东莞,2024,inv_grant_pub,15543,4200,0.0446874754136589,0.16399665444251432,0.33326899568937784,0.3568165733770829,22.377634689435734,4200,15543,1.0
东营,2024,inv_grant_pub,2065,663,0.02567195680340507,0.11961259079903147,0.26634382566585957,0.3167070217917675,38.953010386312364,663,2065,1.0
中卫,2024,inv_grant_pub,103,37,0.10604203977754735,0.27184466019417475,0.5339805825242718,0.6699029126213591,9.430222222222223,37,103,1.0
中山,2024,inv_grant_pub,4370,1564,0.007831113950431746,0.06796338672768878,0.14210526315789476,0.19382151029748285,127.695753928452,1564,4370,1.0
临夏,2024,inv_grant_pub,21,13,0.11111111111111109,0.23809523809523808,0.619047619047619,0.8571428571428572,9.000000000000002,13,21,1.0
临夏回族自治州,2024,inv_grant_pub,1,1,1.0,1.0,1.0,1.0,1.0,1,1,1.0
临汾,2024,inv_grant_pub,284,125,0.022763340607022405,0.08098591549295775,0.2605633802816901,0.3838028169014084,43.930283224400895,125,284,1.0
临沂,2024,inv_grant_pub,2265,1046,0.010763465540010429,0.07196467991169977,0.17439293598233996,0.21368653421633554,92.90687987830276,1046,2265,1.0
临沧,2024,inv_grant_pub,36,17,0.20061728395061731,0.4166666666666667,0.6666666666666667,0.8055555555555556,4.984615384615384,17,36,1.0
临高,2024,inv_grant_pub,3,2,0.5555555555555556,0.6666666666666666,1.0,1.0,1.7999999999999998,2,3,1.0
临高县,2024,inv_grant_pub,1,1,1.0,1.0,1.0,1.0,1.0,1,1,1.0
丹东,2024,inv_grant_pub,256,121,0.021575927734375,0.06640625,0.25390625,0.3828125,46.34794908062235,121,256,1.0
丽水,2024,inv_grant_pub,933,467,0.006197665909620914,0.04180064308681672,0.12433011789924972,0.17363344051446947,161.35106580166823,467,933,1.0
丽江,2024,inv_grant_pub,26,17,0.07692307692307694,0.15384615384615385,0.5,0.7307692307692308,12.999999999999996,17,26,1.0
乌兰察布,2024,inv_grant_pub,107,66,0.02035112236876583,0.04672897196261682,0.19626168224299065,0.3177570093457944,49.137339055793994,66,107,1.0
乌海,2024,inv_grant_pub,97,53,0.0421936443830375,0.12371134020618557,0.3505154639175258,0.5051546391752577,23.700251889168776,53,97,1.0
乌鲁木齐,2024,inv_grant_pub,1064,319,0.020291565379614445,0.07424812030075188,0.2706766917293233,0.368421052631579,49.28156016019503,319,1064,1.0
乐东,2024,inv_grant_pub,4,3,0.375,0.5,1.0,1.0,2.6666666666666665,3,4,1.0
乐山,2024,inv_grant_pub,265,99,0.022769668921324322,0.05660377358490566,0.24528301886792453,0.3849056603773585,43.91807379612256,99,265,1.0
九江,2024,inv_grant_pub,521,245,0.011438949900715072,0.03838771593090211,0.15738963531669864,0.2706333973128599,87.4206119162641,245,521,1.0
云林县,2024,inv_grant_pub,5,5,0.20000000000000004,0.2,1.0,1.0,4.999999999999999,5,5,1.0
云浮,2024,inv_grant_pub,189,98,0.019568321155622737,0.06349206349206349,0.2275132275132275,0.3439153439153439,51.10300429184551,98,189,1.0
五家渠,2024,inv_grant_pub,12,8,0.1527777777777778,0.25,0.75,1.0,6.545454545454545,8,12,1.0
五指山,2024,inv_grant_pub,5,3,0.3600000000000001,0.4,1.0,1.0,2.7777777777777772,3,5,1.0
亳州,2024,inv_grant_pub,492,227,0.008518408354815257,0.036585365853658534,0.12195121951219512,0.19512195121951217,117.3928225024248,227,492,1.0
仙桃,2024,inv_grant_pub,91,52,0.03006883226663447,0.06593406593406594,0.2857142857142857,0.43956043956043955,33.25702811244979,52,91,1.0
伊春,2024,inv_grant_pub,47,19,0.11090991398822997,0.19148936170212766,0.6808510638297872,0.8085106382978723,9.016326530612245,19,47,1.0
伊犁,2024,inv_grant_pub,115,48,0.06223062381852552,0.1826086956521739,0.4347826086956522,0.5652173913043478,16.06925880923451,48,115,1.0
佛山,2024,inv_grant_pub,13832,3824,0.00861589800568066,0.06933198380566802,0.15760555234239446,0.21544245228455758,116.06451229351566,3824,13832,1.0
佳木斯,2024,inv_grant_pub,190,45,0.26969529085872584,0.5052631578947369,0.7157894736842105,0.7894736842105263,3.7078882497945758,45,190,1.0
保亭,2024,inv_grant_pub,1,1,1.0,1.0,1.0,1.0,1.0,1,1,1.0
保定,2024,inv_grant_pub,2620,785,0.06344793426956472,0.23587786259541985,0.38702290076335877,0.4389312977099236,15.760954418963474,785,2620,1.0
保山,2024,inv_grant_pub,36,20,0.10185185185185186,0.25,0.5555555555555556,0.7222222222222222,9.818181818181817,20,36,1.0
信阳,2024,inv_grant_pub,165,82,0.046978879706152436,0.1696969696969697,0.37575757575757573,0.47878787878787876,21.286161063330727,82,165,1.0
儋州,2024,inv_grant_pub,39,26,0.05588428665351741,0.1282051282051282,0.41025641025641024,0.5897435897435898,17.894117647058827,26,39,1.0
克孜勒苏,2024,inv_grant_pub,13,8,0.1597633136094675,0.23076923076923078,0.7692307692307692,1.0,6.259259259259258,8,13,1.0
克拉玛依,2024,inv_grant_pub,365,135,0.02794520547945206,0.12602739726027398,0.27123287671232876,0.3698630136986301,35.78431372549019,135,365,1.0
六安,2024,inv_grant_pub,848,358,0.009609180313278749,0.05660377358490566,0.15330188679245282,0.21816037735849056,104.06714905933428,358,848,1.0
六盘水,2024,inv_grant_pub,103,45,0.0755019323216137,0.20388349514563106,0.5048543689320387,0.6310679611650485,13.244694132334585,45,103,1.0
兰州,2024,inv_grant_pub,2838,454,0.0456976471038126,0.12050739957716702,0.41789992952783644,0.5641296687808316,21.88296473401076,454,2838,1.0
兴安,2024,inv_grant_pub,38,28,0.05540166204986149,0.15789473684210525,0.39473684210526316,0.5263157894736841,18.050000000000004,28,38,1.0
兴安盟,2024,inv_grant_pub,9,4,0.3333333333333333,0.4444444444444444,1.0,1.0,3.0,4,9,1.0
内江,2024,inv_grant_pub,131,57,0.040964978730843184,0.12213740458015267,0.35114503816793896,0.5267175572519084,24.411095305832152,57,131,1.0
凉山,2024,inv_grant_pub,159,62,0.0705272734464618,0.22641509433962265,0.43396226415094336,0.5471698113207547,14.178911946158154,62,159,1.0
凉山彝族自治州,2024,inv_grant_pub,3,3,0.3333333333333333,0.3333333333333333,1.0,1.0,3.0,3,3,1.0
包头,2024,inv_grant_pub,916,230,0.044092408611582555,0.13646288209606988,0.406113537117904,0.5163755458515283,22.679641042274834,230,916,1.0
北京,2024,inv_grant_pub,123330,13291,0.0047033251288211885,0.0290683531987351,0.10466228816995055,0.17202627098029677,212.61553743588075,13291,123330,1.0
北海,2024,inv_grant_pub,119,56,0.042440505614010325,0.11764705882352941,0.3697478991596639,0.5126050420168068,23.562396006655565,56,119,1.0
十堰,2024,inv_grant_pub,589,178,0.05479921941883022,0.19015280135823429,0.4125636672325976,0.5093378607809848,18.248435116511494,178,589,1.0
南京,2024,inv_grant_pub,31857,5960,0.013398917872950843,0.06635904196879806,0.2135166525410428,0.302162789967668,74.63289270686231,5960,31857,1.0
南充,2024,inv_grant_pub,183,85,0.03323479351428826,0.1092896174863388,0.32786885245901637,0.459016393442623,30.088948787062005,85,183,1.0
南宁,2024,inv_grant_pub,2197,643,0.026923170152371886,0.1301775147928994,0.2885753299954483,0.3664087391898043,37.142728524928245,643,2197,1.0
南平,2024,inv_grant_pub,285,162,0.012249923053247153,0.04912280701754386,0.16491228070175437,0.2631578947368421,81.63316582914572,162,285,1.0
南投县,2024,inv_grant_pub,6,5,0.22222222222222227,0.3333333333333333,0.9999999999999999,0.9999999999999999,4.499999999999999,5,6,1.0
南昌,2024,inv_grant_pub,5070,871,0.02289610152149979,0.09171597633136094,0.2733727810650888,0.38777120315581853,43.67555756428599,871,5070,1.0
南通,2024,inv_grant_pub,12148,3986,0.003546385816289037,0.053095159697069474,0.08149489627922289,0.09771155745801777,281.9772161863672,3986,12148,1.0
南阳,2024,inv_grant_pub,521,227,0.01798917628508589,0.07677543186180422,0.236084452975048,0.345489443378119,55.58898218308418,227,521,1.0
博尔塔拉,2024,inv_grant_pub,20,11,0.17500000000000002,0.35,0.7000000000000001,0.9500000000000002,5.7142857142857135,11,20,1.0
博尔塔拉蒙古自治州,2024,inv_grant_pub,2,2,0.5,0.5,1.0,1.0,2.0,2,2,1.0
厦门,2024,inv_grant_pub,7436,2026,0.015860210464422823,0.10758472296933835,0.2087143625605164,0.2579343733189887,63.05086570214007,2026,7436,1.0
双河,2024,inv_grant_pub,2,2,0.5,0.5,1.0,1.0,2.0,2,2,1.0
双鸭山,2024,inv_grant_pub,25,18,0.08480000000000001,0.2,0.48,0.68,11.792452830188678,18,25,1.0
可克达拉,2024,inv_grant_pub,5,3,0.44000000000000006,0.6,1.0,1.0,2.2727272727272725,3,5,1.0
台中,2024,inv_grant_pub,205,75,0.13879833432480668,0.35121951219512193,0.5609756097560976,0.6439024390243903,7.204697411280644,75,205,1.0
台北,2024,inv_grant_pub,506,191,0.03354996953553407,0.1225296442687747,0.3399209486166008,0.4782608695652174,29.806286379511057,191,506,1.0
台南,2024,inv_grant_pub,102,53,0.08227604767397158,0.2549019607843137,0.43137254901960786,0.5490196078431373,12.154205607476632,53,102,1.0
台州,2024,inv_grant_pub,3466,1480,0.0028823399945859356,0.019619157530294286,0.07847663012117714,0.12146566647432198,346.9403338531739,1480,3466,1.0
台湾省,2024,inv_grant_pub,122,66,0.03453372749260952,0.13114754098360656,0.29508196721311475,0.43442622950819676,28.95719844357976,66,122,1.0
合肥,2024,inv_grant_pub,18069,2987,0.017898995916738467,0.08423266367812275,0.2536941723393658,0.33444020144999725,55.86905570858517,2987,18069,1.0
吉安,2024,inv_grant_pub,532,257,0.00980835547515405,0.045112781954887216,0.15789473684210525,0.231203007518797,101.95389048991356,257,532,1.0
吉林,2024,inv_grant_pub,553,131,0.1478210255420867,0.35443037974683544,0.6329113924050632,0.6907775768535263,6.764937506912953,131,553,1.0
吐鲁番,2024,inv_grant_pub,21,14,0.09750566893424034,0.19047619047619047,0.5714285714285714,0.8095238095238095,10.255813953488374,14,21,1.0
吕梁,2024,inv_grant_pub,196,120,0.03446480633069555,0.16326530612244897,0.25510204081632654,0.33163265306122447,29.015105740181266,120,196,1.0
吴忠,2024,inv_grant_pub,151,74,0.026358493048550508,0.09271523178807947,0.2582781456953642,0.3973509933774835,37.93843594009983,74,151,1.0
周口,2024,inv_grant_pub,142,85,0.049295774647887355,0.19718309859154928,0.3098591549295774,0.4014084507042253,20.285714285714274,85,142,1.0
呼伦贝尔,2024,inv_grant_pub,152,46,0.09963642659279776,0.2565789473684211,0.5657894736842105,0.6973684210526315,10.0364900086881,46,152,1.0
呼和浩特,2024,inv_grant_pub,1975,380,0.05614305399775677,0.17316455696202532,0.4551898734177215,0.5853164556962025,17.811642381263326,380,1975,1.0
和田,2024,inv_grant_pub,13,11,0.10059171597633138,0.15384615384615385,0.5384615384615385,0.9230769230769231,9.941176470588234,11,13,1.0
咸宁,2024,inv_grant_pub,442,137,0.12068753711021478,0.33710407239819007,0.4457013574660634,0.5180995475113122,8.285859699720078,137,442,1.0
咸阳,2024,inv_grant_pub,1090,294,0.10562073899503409,0.3146788990825688,0.4275229357798166,0.5211009174311927,9.467837562157337,294,1090,1.0
哈密,2024,inv_grant_pub,62,37,0.03902185223725285,0.0967741935483871,0.3064516129032258,0.5161290322580645,25.626666666666672,37,62,1.0
哈尔滨,2024,inv_grant_pub,6439,678,0.1377865811836702,0.33250504736760367,0.6212144742972511,0.6824041000155304,7.25760078673405,678,6439,1.0
唐山,2024,inv_grant_pub,1722,681,0.01483635294292216,0.07723577235772358,0.2229965156794425,0.2903600464576075,67.40200936491341,681,1722,1.0
商丘,2024,inv_grant_pub,205,114,0.02220107079119571,0.08780487804878048,0.2390243902439024,0.33658536585365856,45.04287245444803,114,205,1.0
商洛,2024,inv_grant_pub,62,36,0.05150884495317376,0.12903225806451613,0.3870967741935484,0.5483870967741935,19.414141414141422,36,62,1.0
喀什,2024,inv_grant_pub,37,25,0.059167275383491605,0.13513513513513514,0.43243243243243246,0.5945945945945945,16.901234567901234,25,37,1.0
喀什地区,2024,inv_grant_pub,4,3,0.375,0.5,1.0,1.0,2.6666666666666665,3,4,1.0
嘉义县,2024,inv_grant_pub,3,3,0.3333333333333333,0.3333333333333333,1.0,1.0,3.0,3,3,1.0
嘉兴,2024,inv_grant_pub,6063,2304,0.003636646157128152,0.0343064489526637,0.10225960745505525,0.1326076199901039,274.97863602701915,2304,6063,1.0
嘉峪关,2024,inv_grant_pub,97,28,0.17568285683919652,0.38144329896907214,0.6701030927835051,0.7938144329896908,5.692075015124017,28,97,1.0
四平,2024,inv_grant_pub,87,46,0.06090632844497289,0.20689655172413793,0.37931034482758624,0.49425287356321834,16.41865509761389,46,87,1.0
固原,2024,inv_grant_pub,36,19,0.09413580246913582,0.2222222222222222,0.5555555555555555,0.75,10.622950819672129,19,36,1.0
图木舒克,2024,inv_grant_pub,7,6,0.18367346938775508,0.2857142857142857,0.857142857142857,0.9999999999999998,5.444444444444445,6,7,1.0
塔城,2024,inv_grant_pub,25,15,0.09120000000000003,0.16,0.56,0.8,10.96491228070175,15,25,1.0
大兴安岭,2024,inv_grant_pub,15,7,0.25333333333333335,0.4,0.8666666666666667,1.0,3.9473684210526314,7,15,1.0
大兴安岭地区,2024,inv_grant_pub,2,2,0.5,0.5,1.0,1.0,2.0,2,2,1.0
大同,2024,inv_grant_pub,252,114,0.023841017888636934,0.07142857142857142,0.2579365079365079,0.42460317460317454,41.944517833553505,114,252,1.0
大庆,2024,inv_grant_pub,649,188,0.06077620898335949,0.18489984591679506,0.44838212634822805,0.514637904468413,16.453806789327707,188,649,1.0
大理,2024,inv_grant_pub,86,31,0.11168199026500814,0.23255813953488372,0.5581395348837208,0.7093023255813955,8.953995157384986,31,86,1.0
大理白族自治州,2024,inv_grant_pub,3,3,0.3333333333333333,0.3333333333333333,1.0,1.0,3.0,3,3,1.0
大连,2024,inv_grant_pub,6240,1024,0.0790927535338593,0.2391025641025641,0.4923076923076923,0.5594551282051281,12.64338331035477,1024,6240,1.0
天水,2024,inv_grant_pub,125,46,0.06739199999999997,0.168,0.472,0.632,14.83855650522318,46,125,1.0
天津,2024,inv_grant_pub,15822,3176,0.020579694902785023,0.12722791050436102,0.2241815194033624,0.2765769182151435,48.591585284613295,3176,15822,1.0
天门,2024,inv_grant_pub,74,49,0.028487947406866332,0.06756756756756757,0.2567567567567568,0.41891891891891897,35.102564102564095,49,74,1.0
太原,2024,inv_grant_pub,4523,1020,0.03200381629667982,0.13928808313066549,0.32235242095954014,0.3948706610656644,31.2462735921823,1020,4523,1.0
威海,2024,inv_grant_pub,2027,680,0.021393720539855512,0.12382831771090282,0.23384311790823878,0.2866304884065121,46.74268779649833,680,2027,1.0
娄底,2024,inv_grant_pub,460,206,0.01809073724007561,0.0891304347826087,0.21956521739130433,0.30434782608695654,55.27690700104494,206,460,1.0
孝感,2024,inv_grant_pub,508,204,0.018189286378572755,0.08661417322834646,0.22440944881889763,0.32874015748031493,54.97741798040052,204,508,1.0
宁德,2024,inv_grant_pub,2067,213,0.42773404448788505,0.6342525399129173,0.818577648766328,0.8379293662312529,2.3379013498850068,213,2067,1.0
宁波,2024,inv_grant_pub,13199,3823,0.01287410963969455,0.09364345783771498,0.20372755511781196,0.24888249109781044,77.67527448397013,3823,13199,1.0
安庆,2024,inv_grant_pub,1075,450,0.005573607355327204,0.03162790697674418,0.09209302325581395,0.15720930232558142,179.4170159913057,450,1075,1.0
安康,2024,inv_grant_pub,153,97,0.016104916912298685,0.0457516339869281,0.18954248366013068,0.2941176470588235,62.092838196286486,97,153,1.0
安阳,2024,inv_grant_pub,453,173,0.0409874810558991,0.15011037527593818,0.3686534216335541,0.4746136865342163,24.397693496611588,173,453,1.0
安顺,2024,inv_grant_pub,118,48,0.052714737144498716,0.11864406779661017,0.45762711864406785,0.6101694915254238,18.9700272479564,48,118,1.0
定安,2024,inv_grant_pub,8,3,0.59375,0.75,1.0,1.0,1.6842105263157894,3,8,1.0
定安县,2024,inv_grant_pub,1,1,1.0,1.0,1.0,1.0,1.0,1,1,1.0
定西,2024,inv_grant_pub,76,53,0.02804709141274237,0.09210526315789473,0.25,0.381578947368421,35.65432098765434,53,76,1.0
宜兰县,2024,inv_grant_pub,3,3,0.3333333333333333,0.3333333333333333,1.0,1.0,3.0,3,3,1.0
宜宾,2024,inv_grant_pub,473,164,0.018115666721792878,0.06342494714587738,0.2198731501057082,0.35306553911205074,55.20083888477672,164,473,1.0
宜昌,2024,inv_grant_pub,1531,389,0.10307893348054852,0.31286740692357934,0.411495754408883,0.47093403004572176,9.701303323910553,389,1531,1.0
宜春,2024,inv_grant_pub,587,326,0.006445733655668385,0.039182282793867124,0.11243611584327086,0.16524701873935266,155.14137775776678,326,587,1.0
宝鸡,2024,inv_grant_pub,845,322,0.03268092853891671,0.16449704142011834,0.2639053254437869,0.32781065088757394,30.59888579387186,322,845,1.0
宣城,2024,inv_grant_pub,1191,482,0.006291941873031783,0.041981528127623846,0.11670864819479429,0.16624685138539042,158.93344537815133,482,1191,1.0
宿州,2024,inv_grant_pub,456,228,0.015418205601723604,0.07675438596491228,0.22149122807017543,0.293859649122807,64.85839051777917,228,456,1.0
宿迁,2024,inv_grant_pub,1685,813,0.003383669839480844,0.02373887240356083,0.07774480712166172,0.11928783382789317,295.53710835848864,813,1685,1.0
屏东县,2024,inv_grant_pub,2,2,0.5,0.5,1.0,1.0,2.0,2,2,1.0
山南,2024,inv_grant_pub,20,9,0.185,0.35,0.7999999999999999,1.0,5.405405405405405,9,20,1.0
岳阳,2024,inv_grant_pub,640,334,0.008808593750000001,0.0578125,0.1375,0.20625000000000002,113.52549889135253,334,640,1.0
崇左,2024,inv_grant_pub,75,39,0.07128888888888889,0.18666666666666668,0.45333333333333337,0.5866666666666666,14.027431421446384,39,75,1.0
巴中,2024,inv_grant_pub,38,27,0.04293628808864266,0.07894736842105263,0.2894736842105263,0.5526315789473684,23.29032258064516,27,38,1.0
巴彦淖尔,2024,inv_grant_pub,72,50,0.029706790123456794,0.06944444444444445,0.2777777777777778,0.4166666666666667,33.662337662337656,50,72,1.0
巴音,2024,inv_grant_pub,66,53,0.02295684113865933,0.06060606060606061,0.19696969696969696,0.3484848484848485,43.55999999999998,53,66,1.0
常州,2024,inv_grant_pub,10721,3631,0.0033546853436137954,0.03777632683518328,0.10008394739296708,0.1345023785094674,298.0905502519535,3631,10721,1.0
常德,2024,inv_grant_pub,514,245,0.01076473527229784,0.05642023346303502,0.1556420233463035,0.23929961089494167,92.89592123769339,245,514,1.0
平凉,2024,inv_grant_pub,63,23,0.16654069035021407,0.3492063492063492,0.6984126984126984,0.7936507936507935,6.004538577912258,23,63,1.0
平顶山,2024,inv_grant_pub,467,142,0.039126228282948705,0.10706638115631692,0.3832976445396146,0.49464668094218417,25.558303058713232,142,467,1.0
广元,2024,inv_grant_pub,112,49,0.05755739795918368,0.1875,0.40178571428571425,0.5625,17.373961218836563,49,112,1.0
广安,2024,inv_grant_pub,142,67,0.03094624082523308,0.09154929577464789,0.3098591549295775,0.45070422535211274,32.314102564102576,67,142,1.0
广州,2024,inv_grant_pub,38568,7902,0.008453704377769577,0.059738643434972,0.17042626011200995,0.23094275046670815,118.29133777491279,7902,38568,1.0
庆阳,2024,inv_grant_pub,95,33,0.13307479224376728,0.30526315789473685,0.6526315789473685,0.7578947368421053,7.51457119067444,33,95,1.0
廊坊,2024,inv_grant_pub,1341,512,0.01094656508076324,0.06263982102908278,0.17971662938105892,0.255779269202088,91.35285750571501,512,1341,1.0
延安,2024,inv_grant_pub,161,63,0.11183982099456038,0.3105590062111801,0.5093167701863354,0.6149068322981367,8.941359089341153,63,161,1.0
延边,2024,inv_grant_pub,164,62,0.08581201665675191,0.25,0.47560975609756095,0.5975609756097561,11.653379549393417,62,164,1.0
延边朝鲜族自治州,2024,inv_grant_pub,3,3,0.3333333333333333,0.3333333333333333,1.0,1.0,3.0,3,3,1.0
开封,2024,inv_grant_pub,392,133,0.19900562265722618,0.4413265306122449,0.5229591836734694,0.576530612244898,5.0249836494440805,133,392,1.0
张家口,2024,inv_grant_pub,368,151,0.03218041115311909,0.11956521739130435,0.3315217391304348,0.43206521739130443,31.07480495640202,151,368,1.0
张家界,2024,inv_grant_pub,72,62,0.01813271604938272,0.041666666666666664,0.1527777777777778,0.2777777777777778,55.14893617021276,62,72,1.0
张掖,2024,inv_grant_pub,105,60,0.05160997732426305,0.1619047619047619,0.39047619047619053,0.48571428571428577,19.376098418277678,60,105,1.0
彰化县,2024,inv_grant_pub,33,20,0.0853994490358127,0.21212121212121213,0.5151515151515151,0.696969696969697,11.709677419354835,20,33,1.0
徐州,2024,inv_grant_pub,6330,1771,0.03738515407211081,0.18672985781990523,0.25402843601895736,0.3014218009478673,26.748585764047885,1771,6330,1.0
德宏,2024,inv_grant_pub,18,12,0.1111111111111111,0.2222222222222222,0.6111111111111112,0.888888888888889,9.0,12,18,1.0
德宏傣族景颇族自治州,2024,inv_grant_pub,1,1,1.0,1.0,1.0,1.0,1.0,1,1,1.0
德州,2024,inv_grant_pub,2193,878,0.004005407081230354,0.03739170086639307,0.08527131782945736,0.12722298221614226,249.6625136271609,878,2193,1.0
德阳,2024,inv_grant_pub,982,298,0.03284580701092164,0.15173116089613034,0.29327902240325865,0.3788187372708757,30.4452863547389,298,982,1.0
忻州,2024,inv_grant_pub,228,122,0.028277931671283462,0.12280701754385964,0.29385964912280704,0.3771929824561403,35.363265306122464,122,228,1.0
怀化,2024,inv_grant_pub,392,228,0.008733340274885464,0.03571428571428571,0.13265306122448978,0.20663265306122447,114.5037257824143,228,392,1.0
怒江,2024,inv_grant_pub,2,2,0.5,0.5,1.0,1.0,2.0,2,2,1.0
恩施,2024,inv_grant_pub,82,46,0.06127305175490782,0.2073170731707317,0.3780487804878048,0.5121951219512195,16.320388349514555,46,82,1.0
惠州,2024,inv_grant_pub,3159,1238,0.005574249287097938,0.0389363722697056,0.1259892371003482,0.18170307059195948,179.39635428838514,1238,3159,1.0
成都,2024,inv_grant_pub,24953,4876,0.009181920368004349,0.05101590991063199,0.18731214683605177,0.2433374744519697,108.90967901275164,4876,24953,1.0
扬州,2024,inv_grant_pub,4390,1691,0.014632759273768817,0.1143507972665148,0.1583143507972665,0.19362186788154898,68.33981078282577,1691,4390,1.0
承德,2024,inv_grant_pub,304,133,0.046095914127423816,0.17105263157894737,0.3947368421052631,0.47368421052631576,21.693896713615025,133,304,1.0
抚州,2024,inv_grant_pub,309,172,0.017584650349284157,0.08090614886731391,0.21682847896440127,0.30097087378640774,56.86777843954733,172,309,1.0
抚顺,2024,inv_grant_pub,216,85,0.03973765432098765,0.11574074074074074,0.36574074074074076,0.4999999999999999,25.165048543689323,85,216,1.0
拉萨,2024,inv_grant_pub,318,134,0.01704837625093944,0.059748427672955975,0.21069182389937105,0.30503144654088055,58.656612529002324,134,318,1.0
揭阳,2024,inv_grant_pub,337,191,0.015012899646910684,0.06231454005934718,0.2136498516320475,0.27893175074183985,66.60938416422289,191,337,1.0
攀枝花,2024,inv_grant_pub,324,60,0.15081542447797594,0.3333333333333333,0.6604938271604938,0.75,6.630621526023243,60,324,1.0
文山,2024,inv_grant_pub,53,32,0.04378782484870061,0.11320754716981132,0.33962264150943394,0.5283018867924529,22.837398373983735,32,53,1.0
文山壮族苗族自治州,2024,inv_grant_pub,1,1,1.0,1.0,1.0,1.0,1.0,1,1,1.0
文昌,2024,inv_grant_pub,27,12,0.14128943758573392,0.2222222222222222,0.7407407407407407,0.9259259259259258,7.0776699029126195,12,27,1.0
新乡,2024,inv_grant_pub,2396,841,0.008660441303117885,0.0651085141903172,0.1556761268781302,0.21076794657762937,115.46755702160183,841,2396,1.0
新余,2024,inv_grant_pub,197,67,0.04640676131825094,0.14720812182741116,0.38071065989847713,0.5583756345177665,21.548584119933363,67,197,1.0
新北,2024,inv_grant_pub,569,152,0.08061811027270116,0.24428822495606328,0.4727592267135325,0.5957820738137083,12.404160760124133,152,569,1.0
新星,2024,inv_grant_pub,1,1,1.0,1.0,1.0,1.0,1.0,1,1,1.0
新竹,2024,inv_grant_pub,1449,109,0.09123590625075907,0.22498274672187715,0.5576259489302968,0.7135955831608004,10.960596996225705,109,1449,1.0
新竹县,2024,inv_grant_pub,452,80,0.1109327276998982,0.2831858407079646,0.5707964601769911,0.6836283185840708,9.014472290857746,80,452,1.0
无锡,2024,inv_grant_pub,14064,4421,0.00578160046192216,0.06868600682593856,0.10366894197952217,0.12976393629124006,172.96248791075033,4421,14064,1.0
日喀则,2024,inv_grant_pub,3,3,0.3333333333333333,0.3333333333333333,1.0,1.0,3.0,3,3,1.0
日照,2024,inv_grant_pub,803,327,0.01129481753511505,0.043586550435865505,0.18430884184308843,0.26650062266500624,88.53618014554442,327,803,1.0
昆明,2024,inv_grant_pub,5623,903,0.07781734966037998,0.26462742308376314,0.39622977058509695,0.4972434643428775,12.850604709159624,903,5623,1.0
昌吉,2024,inv_grant_pub,114,63,0.030624807633117875,0.08771929824561403,0.3070175438596491,0.4385964912280701,32.6532663316583,63,114,1.0
昌吉回族自治州,2024,inv_grant_pub,4,3,0.375,0.5,1.0,1.0,2.6666666666666665,3,4,1.0
昌江,2024,inv_grant_pub,15,9,0.18222222222222223,0.3333333333333333,0.7333333333333333,1.0,5.48780487804878,9,15,1.0
昌都,2024,inv_grant_pub,5,4,0.28,0.4,1.0,1.0,3.571428571428571,4,5,1.0
昭通,2024,inv_grant_pub,61,30,0.06476753560870732,0.16393442622950818,0.45901639344262296,0.639344262295082,15.43983402489627,30,61,1.0
晋中,2024,inv_grant_pub,516,268,0.011965927528393731,0.06201550387596899,0.1744186046511628,0.26356589147286824,83.57062146892652,268,516,1.0
晋城,2024,inv_grant_pub,269,134,0.021986981937784162,0.08550185873605948,0.26022304832713755,0.36059479553903345,45.481458202388445,134,269,1.0
普洱,2024,inv_grant_pub,29,18,0.07253269916765755,0.13793103448275862,0.48275862068965514,0.7241379310344827,13.78688524590164,18,29,1.0
景德镇,2024,inv_grant_pub,180,56,0.1152469135802469,0.2833333333333333,0.5444444444444444,0.6444444444444445,8.677021960364222,56,180,1.0
曲靖,2024,inv_grant_pub,174,71,0.04135288677500332,0.09770114942528736,0.39080459770114945,0.5459770114942529,24.182108626198076,71,174,1.0
朔州,2024,inv_grant_pub,97,72,0.02093740036135615,0.061855670103092786,0.2268041237113402,0.3298969072164948,47.761421319796945,72,97,1.0
朝阳,2024,inv_grant_pub,137,75,0.02445521871170548,0.06569343065693431,0.26277372262773724,0.3722627737226277,40.89106753812635,75,137,1.0
本溪,2024,inv_grant_pub,284,52,0.20759769886927196,0.4154929577464789,0.7429577464788732,0.8098591549295775,4.817009077878644,52,284,1.0
来宾,2024,inv_grant_pub,70,38,0.046530612244897976,0.11428571428571428,0.38571428571428573,0.5428571428571428,21.49122807017543,38,70,1.0
杭州,2024,inv_grant_pub,38237,6867,0.013421736014827363,0.07171064675576012,0.21484426079451838,0.31249836545754106,74.50601016852606,6867,38237,1.0
松原,2024,inv_grant_pub,54,33,0.044581618655692726,0.1111111111111111,0.3518518518518518,0.537037037037037,22.430769230769233,33,54,1.0
林芝,2024,inv_grant_pub,11,6,0.33884297520661144,0.5454545454545454,0.9090909090909092,1.0,2.9512195121951232,6,11,1.0
果洛,2024,inv_grant_pub,2,2,0.5,0.5,1.0,1.0,2.0,2,2,1.0
枣庄,2024,inv_grant_pub,828,414,0.0063011972274732205,0.03985507246376811,0.12077294685990338,0.1714975845410628,158.7,414,828,1.0
柳州,2024,inv_grant_pub,1185,242,0.11179333796222116,0.2810126582278481,0.5426160337552742,0.6177215189873417,8.945076855455685,242,1185,1.0
株洲,2024,inv_grant_pub,1708,472,0.017533551985696182,0.057962529274004686,0.24355971896955503,0.3647540983606558,57.033509286412524,472,1708,1.0
桂林,2024,inv_grant_pub,1399,199,0.15685614303283102,0.3688348820586133,0.6040028591851323,0.6969263759828449,6.375268323349589,199,1399,1.0
桃园,2024,inv_grant_pub,346,100,0.06754318553910922,0.16473988439306358,0.5086705202312138,0.6098265895953757,14.805342567400446,100,346,1.0
梅州,2024,inv_grant_pub,267,136,0.019989058620544543,0.08239700374531835,0.24344569288389512,0.35580524344569286,50.027368421052635,136,267,1.0
梧州,2024,inv_grant_pub,115,43,0.08113421550094517,0.2,0.5478260869565218,0.6782608695652174,12.325256290773533,43,115,1.0
楚雄,2024,inv_grant_pub,76,34,0.06648199445983377,0.13157894736842105,0.49999999999999994,0.6710526315789472,15.041666666666671,34,76,1.0
榆林,2024,inv_grant_pub,355,172,0.023003372346756597,0.11267605633802817,0.24507042253521125,0.32676056338028164,43.47188685753708,172,355,1.0
武威,2024,inv_grant_pub,98,60,0.028113286130778844,0.10204081632653061,0.24489795918367346,0.3877551020408163,35.57037037037037,60,98,1.0
武汉,2024,inv_grant_pub,25620,3524,0.016716006657074726,0.08567525370804059,0.23278688524590163,0.3106557377049181,59.822900320320784,3524,25620,1.0
毕节,2024,inv_grant_pub,74,51,0.030314097881665454,0.08108108108108109,0.2837837837837838,0.41891891891891897,32.98795180722891,51,74,1.0
永州,2024,inv_grant_pub,355,196,0.01476691132711764,0.08450704225352113,0.17464788732394368,0.2450704225352113,67.7189682966147,196,355,1.0
汉中,2024,inv_grant_pub,272,81,0.11959342560553628,0.31985294117647056,0.5183823529411765,0.6176470588235295,8.361663652802898,81,272,1.0
汕头,2024,inv_grant_pub,1144,489,0.014742469069392151,0.09965034965034965,0.18618881118881117,0.24650349650349648,67.83124287343213,489,1144,1.0
汕尾,2024,inv_grant_pub,176,57,0.09917355371900827,0.23863636363636365,0.5909090909090908,0.6988636363636364,10.083333333333334,57,176,1.0
江门,2024,inv_grant_pub,2047,878,0.015815678883797923,0.10893991206643869,0.1968734733756717,0.24132877381533951,63.22839552745543,878,2047,1.0
池州,2024,inv_grant_pub,570,228,0.016608187134502923,0.07719298245614035,0.22456140350877196,0.3017543859649123,60.21126760563381,228,570,1.0
沈阳,2024,inv_grant_pub,7369,1355,0.022675359089300334,0.11046274935540779,0.2642149545392862,0.3689781517166508,44.10073490178434,1355,7369,1.0
沧州,2024,inv_grant_pub,1300,704,0.0034568047337278102,0.03,0.07307692307692307,0.10846153846153844,289.2844916124615,704,1300,1.0
河池,2024,inv_grant_pub,58,36,0.04340071343638527,0.10344827586206896,0.3620689655172413,0.5517241379310344,23.04109589041095,36,58,1.0
河源,2024,inv_grant_pub,195,109,0.015489809335963178,0.041025641025641026,0.1794871794871795,0.2974358974358974,64.55857385398983,109,195,1.0
泉州,2024,inv_grant_pub,4782,1633,0.02423069502408743,0.14575491426181514,0.22271016311166875,0.27498954412379756,41.269967659033824,1633,4782,1.0
泰安,2024,inv_grant_pub,1758,601,0.014167640598932751,0.09840728100113766,0.1825938566552901,0.2354948805460751,70.58338281642534,601,1758,1.0
泰州,2024,inv_grant_pub,6210,2283,0.0010086583117458984,0.012721417069243157,0.028341384863123993,0.04508856682769727,991.4160111059695,2283,6210,1.0
泸州,2024,inv_grant_pub,362,129,0.026555965935105768,0.09668508287292818,0.29005524861878457,0.4116022099447514,37.656321839080455,129,362,1.0
洛阳,2024,inv_grant_pub,3253,943,0.01820779022206464,0.11251152782047341,0.22071933599754076,0.2855825391945896,54.92154664590632,943,3253,1.0
济南,2024,inv_grant_pub,16676,3564,0.015255441121837207,0.10817941952506596,0.18349724154473496,0.24802110817941952,65.55038245131848,3564,16676,1.0
济宁,2024,inv_grant_pub,2306,923,0.005060895480623345,0.03816131830008673,0.10971379011274936,0.1613183000867303,197.59348989298454,923,2306,1.0
济源,2024,inv_grant_pub,99,60,0.031527395163758805,0.09090909090909091,0.3232323232323232,0.43434343434343436,31.718446601941743,60,99,1.0
海东,2024,inv_grant_pub,40,19,0.15624999999999994,0.35,0.6250000000000001,0.775,6.400000000000002,19,40,1.0
海北,2024,inv_grant_pub,17,3,0.7854671280276817,0.8823529411764706,1.0,1.0,1.2731277533039647,3,17,1.0
海南,2024,inv_grant_pub,12,8,0.18055555555555558,0.3333333333333333,0.7500000000000001,1.0,5.538461538461537,8,12,1.0
海口,2024,inv_grant_pub,1354,379,0.08231314186970491,0.27474150664697194,0.39586410635155095,0.48005908419497784,12.148728347448086,379,1354,1.0
海西,2024,inv_grant_pub,44,24,0.1074380165289256,0.2727272727272727,0.5454545454545454,0.6818181818181818,9.30769230769231,24,44,1.0
淄博,2024,inv_grant_pub,3136,1152,0.013505725153581841,0.10267857142857142,0.16868622448979592,0.21811224489795916,74.04267365346102,1152,3136,1.0
淮北,2024,inv_grant_pub,541,214,0.017168863028348268,0.08133086876155268,0.21256931608133087,0.2939001848428836,58.244975124378115,214,541,1.0
淮南,2024,inv_grant_pub,989,203,0.26573297168755183,0.5106167846309403,0.6177957532861476,0.666329625884732,3.7631762202840133,203,989,1.0
淮安,2024,inv_grant_pub,2149,653,0.059892802413753755,0.23499302000930666,0.33271288971614704,0.3755234993020009,16.69649706974407,653,2149,1.0
深圳,2024,inv_grant_pub,76266,15169,0.009311671337923802,0.05597513964282905,0.19000603152125456,0.2421131303595311,107.39210649835577,15169,76266,1.0
清远,2024,inv_grant_pub,858,332,0.011674029156546641,0.06177156177156177,0.17365967365967366,0.23426573426573427,85.66022806609261,332,858,1.0
温州,2024,inv_grant_pub,5630,2493,0.00257375326924715,0.024689165186500887,0.0822380106571936,0.11740674955595026,388.53763177249334,2493,5630,1.0
渭南,2024,inv_grant_pub,275,144,0.014056198347107437,0.06545454545454546,0.1781818181818182,0.26181818181818184,71.14299153339606,144,275,1.0
湖州,2024,inv_grant_pub,3381,1409,0.0032317802189996267,0.0354924578527063,0.07808340727595385,0.11357586512866014,309.4269821075712,1409,3381,1.0
湘潭,2024,inv_grant_pub,1959,388,0.0924180514222,0.222052067381317,0.5416028586013272,0.6008167432363452,10.820396931240504,388,1959,1.0
湘西,2024,inv_grant_pub,115,62,0.049376181474480134,0.17391304347826086,0.3652173913043478,0.4782608695652174,20.252679938744265,62,115,1.0
湘西土家族苗族自治州,2024,inv_grant_pub,3,3,0.3333333333333333,0.3333333333333333,1.0,1.0,3.0,3,3,1.0
湛江,2024,inv_grant_pub,1197,133,0.30788402362073386,0.5446950710108605,0.715956558061821,0.8170426065162906,3.247976261450472,133,1197,1.0
滁州,2024,inv_grant_pub,1621,655,0.0038859950807587492,0.02282541640962369,0.0851326341764343,0.12769895126465144,257.3343453138772,655,1621,1.0
滨州,2024,inv_grant_pub,1363,567,0.00506575360015158,0.028613352898019074,0.10198092443140132,0.14820249449743217,197.40399532462013,567,1363,1.0
漯河,2024,inv_grant_pub,128,84,0.0181884765625,0.0546875,0.203125,0.3046875,54.97986577181208,84,128,1.0
漳州,2024,inv_grant_pub,825,368,0.011097153351698811,0.06787878787878789,0.16,0.2278787878787879,90.11320005295904,368,825,1.0
潍坊,2024,inv_grant_pub,5916,1686,0.02309422288418293,0.11764705882352941,0.24104124408384042,0.2841446923597025,43.30087247425385,1686,5916,1.0
潜江,2024,inv_grant_pub,46,30,0.042533081285444224,0.08695652173913043,0.32608695652173914,0.5434782608695652,23.511111111111116,30,46,1.0
潮州,2024,inv_grant_pub,318,172,0.016474822989596932,0.06918238993710692,0.21069182389937105,0.29874213836477986,60.69867947178871,172,318,1.0
澄迈,2024,inv_grant_pub,79,40,0.048549911873097255,0.12658227848101267,0.40506329113924056,0.5696202531645571,20.597359735973598,40,79,1.0
澄迈县,2024,inv_grant_pub,1,1,1.0,1.0,1.0,1.0,1.0,1,1,1.0
澳门,2024,inv_grant_pub,113,16,0.36251859973373,0.5398230088495575,0.902654867256637,0.9469026548672566,2.7584791531648314,16,113,1.0
濮阳,2024,inv_grant_pub,244,132,0.05519349637194304,0.21721311475409835,0.3360655737704918,0.40573770491803285,18.11807668898356,132,244,1.0
烟台,2024,inv_grant_pub,5808,1546,0.014099366125568228,0.08333333333333333,0.20557851239669422,0.2427685950413223,70.92517430174176,1546,5808,1.0
焦作,2024,inv_grant_pub,675,205,0.16507215363511654,0.4014814814814815,0.4785185185185185,0.5333333333333333,6.057956947786895,205,675,1.0
牡丹江,2024,inv_grant_pub,118,62,0.04883654122378628,0.1440677966101695,0.3728813559322034,0.47457627118644075,20.47647058823529,62,118,1.0
玉林,2024,inv_grant_pub,564,77,0.5542980735375489,0.7429078014184397,0.822695035460993,0.8599290780141845,1.8040834845735012,77,564,1.0
玉树,2024,inv_grant_pub,2,2,0.5,0.5,1.0,1.0,2.0,2,2,1.0
玉溪,2024,inv_grant_pub,238,75,0.14808276251677144,0.3697478991596639,0.5252100840336135,0.6302521008403362,6.752980448259417,75,238,1.0
珠海,2024,inv_grant_pub,11890,1648,0.12939256048399936,0.35542472666105973,0.43675357443229607,0.48418839360807403,7.728419595836498,1648,11890,1.0
琼中,2024,inv_grant_pub,3,3,0.3333333333333333,0.3333333333333333,1.0,1.0,3.0,3,3,1.0
琼海,2024,inv_grant_pub,16,10,0.140625,0.25,0.6875,1.0,7.111111111111111,10,16,1.0
甘南,2024,inv_grant_pub,14,10,0.17346938775510207,0.35714285714285715,0.6428571428571428,0.9999999999999999,5.76470588235294,10,14,1.0
甘孜,2024,inv_grant_pub,38,19,0.08171745152354568,0.18421052631578946,0.5,0.763157894736842,12.237288135593225,19,38,1.0
甘孜藏族自治州,2024,inv_grant_pub,2,2,0.5,0.5,1.0,1.0,2.0,2,2,1.0
白城,2024,inv_grant_pub,73,42,0.03321448677050104,0.0684931506849315,0.2876712328767123,0.4657534246575342,30.107344632768356,42,73,1.0
白山,2024,inv_grant_pub,39,16,0.16370808678500987,0.358974358974359,0.6410256410256412,0.8461538461538463,6.108433734939759,16,39,1.0
白沙,2024,inv_grant_pub,3,1,1.0,1.0,1.0,1.0,1.0,1,3,1.0
白银,2024,inv_grant_pub,118,48,0.056305659293306526,0.15254237288135594,0.4322033898305085,0.5847457627118645,17.76020408163265,48,118,1.0
百色,2024,inv_grant_pub,122,50,0.06087073367374362,0.1721311475409836,0.4262295081967213,0.5901639344262296,16.428256070640177,50,122,1.0
益阳,2024,inv_grant_pub,605,267,0.02443822143296223,0.10909090909090909,0.28595041322314046,0.3818181818181818,40.919508105086635,267,605,1.0
盐城,2024,inv_grant_pub,4305,1654,0.006032636334327504,0.06387921022067364,0.11660859465737515,0.1558652729384437,165.7650063057342,1654,4305,1.0
盘锦,2024,inv_grant_pub,268,100,0.05574738249053238,0.1791044776119403,0.4253731343283582,0.5149253731343284,17.93806193806195,100,268,1.0
眉山,2024,inv_grant_pub,512,165,0.03155517578125,0.1328125,0.30859375,0.41015625,31.690522243713733,165,512,1.0
石嘴山,2024,inv_grant_pub,305,103,0.058683149690943244,0.2098360655737705,0.3836065573770492,0.49836065573770494,17.04066678878917,103,305,1.0
石家庄,2024,inv_grant_pub,4742,1308,0.02252251611228821,0.12442007591733446,0.25622100379586676,0.309363137916491,44.40001263688311,1308,4742,1.0
石河子,2024,inv_grant_pub,322,32,0.476312642259172,0.6832298136645962,0.8416149068322981,0.903726708074534,2.0994613858178433,32,322,1.0
神农架,2024,inv_grant_pub,5,3,0.44000000000000006,0.6,1.0,1.0,2.2727272727272725,3,5,1.0
福州,2024,inv_grant_pub,5758,1413,0.031678775808965554,0.16585620006946858,0.25425494963529005,0.32077110107676277,31.56687638532375,1413,5758,1.0
秦皇岛,2024,inv_grant_pub,1416,270,0.1748479842957004,0.4011299435028249,0.5790960451977402,0.644774011299435,5.719253807975358,270,1416,1.0
红河,2024,inv_grant_pub,103,43,0.0509944386841361,0.10679611650485436,0.43689320388349506,0.6116504854368932,19.60998151571165,43,103,1.0
红河哈尼族彝族自治州,2024,inv_grant_pub,4,4,0.25,0.25,1.0,1.0,4.0,4,4,1.0
绍兴,2024,inv_grant_pub,4660,1567,0.030053325719759067,0.16437768240343348,0.24163090128755363,0.27274678111587985,33.274187666442955,1567,4660,1.0
绥化,2024,inv_grant_pub,78,38,0.06443129520052594,0.14102564102564102,0.4871794871794871,0.6410256410256411,15.520408163265312,38,78,1.0
绵阳,2024,inv_grant_pub,2873,413,0.02960833299309958,0.08771319178558998,0.32335537765402017,0.4587539157674904,33.77427564844859,413,2873,1.0
聊城,2024,inv_grant_pub,1070,464,0.013120796576120189,0.09252336448598131,0.18037383177570093,0.2299065420560748,76.21488483557447,464,1070,1.0
肇庆,2024,inv_grant_pub,970,371,0.008502497608672548,0.03608247422680412,0.13814432989690723,0.21237113402061858,117.6125,371,970,1.0
胡杨河,2024,inv_grant_pub,1,1,1.0,1.0,1.0,1.0,1.0,1,1,1.0
自贡,2024,inv_grant_pub,438,95,0.11724109172035606,0.3105022831050228,0.5410958904109588,0.6255707762557077,8.529432687177668,95,438,1.0
舟山,2024,inv_grant_pub,581,175,0.05531148444281181,0.2117039586919105,0.34595524956970736,0.45438898450946646,18.079427989930913,175,581,1.0
芜湖,2024,inv_grant_pub,3435,858,0.013394184787560198,0.07831149927219797,0.21018922852983987,0.2713245997088791,74.65926563360142,858,3435,1.0
花莲县,2024,inv_grant_pub,1,1,1.0,1.0,1.0,1.0,1.0,1,1,1.0
苏州,2024,inv_grant_pub,37614,10218,0.0031460709030693692,0.03506673047269634,0.10134524379220504,0.12984527037805071,317.8567905206396,10218,37614,1.0
苗栗县,2024,inv_grant_pub,163,23,0.3785238435771012,0.5950920245398773,0.8466257668711656,0.9202453987730062,2.6418415034304457,23,163,1.0
茂名,2024,inv_grant_pub,253,96,0.10118889531159678,0.30039525691699603,0.45454545454545453,0.5454545454545455,9.88250733364212,96,253,1.0
荆州,2024,inv_grant_pub,611,201,0.11186887423959536,0.32569558101472995,0.4271685761047464,0.47790507364975454,8.939036946579511,201,611,1.0
荆门,2024,inv_grant_pub,494,168,0.04728810503368356,0.1882591093117409,0.35222672064777333,0.4453441295546559,21.14696707105719,168,494,1.0
莆田,2024,inv_grant_pub,442,160,0.06293892426444997,0.22850678733031674,0.38009049773755654,0.4434389140271493,15.888418998048142,160,442,1.0
菏泽,2024,inv_grant_pub,709,373,0.008440740748108641,0.05218617771509168,0.14104372355430184,0.20451339915373767,118.47301437662031,373,709,1.0
萍乡,2024,inv_grant_pub,228,132,0.013773468759618343,0.05263157894736842,0.17543859649122806,0.26754385964912275,72.60335195530728,132,228,1.0
营口,2024,inv_grant_pub,322,165,0.013251803556961539,0.055900621118012424,0.17701863354037267,0.27018633540372666,75.46142649199416,165,322,1.0
葫芦岛,2024,inv_grant_pub,152,65,0.04059903047091412,0.10526315789473684,0.3684210526315789,0.513157894736842,24.631130063965887,65,152,1.0
蚌埠,2024,inv_grant_pub,1228,363,0.01321632059756602,0.06758957654723127,0.1946254071661238,0.2776872964169381,75.66402408429505,363,1228,1.0
衡水,2024,inv_grant_pub,564,308,0.006790402897238569,0.03723404255319149,0.11170212765957445,0.16489361702127656,147.26666666666668,308,564,1.0
衡阳,2024,inv_grant_pub,887,366,0.023838000734650196,0.1273957158962796,0.25366403607666294,0.3359639233370913,41.949826712876565,366,887,1.0
衢州,2024,inv_grant_pub,1041,433,0.007456991494729537,0.0345821325648415,0.1344860710854947,0.20557156580211336,134.10233881945305,433,1041,1.0
襄阳,2024,inv_grant_pub,1260,381,0.015616024187452759,0.07777777777777778,0.21825396825396828,0.29920634920634925,64.03678606001937,381,1260,1.0
西双版纳,2024,inv_grant_pub,54,18,0.149519890260631,0.3148148148148148,0.7037037037037037,0.8518518518518517,6.6880733944954125,18,54,1.0
西宁,2024,inv_grant_pub,593,149,0.03651083893314072,0.08600337268128162,0.3507588532883643,0.5497470489038786,27.389126879040422,149,593,1.0
西安,2024,inv_grant_pub,21711,2915,0.022099076699007437,0.07719589148357975,0.2904979042881488,0.3865782322325088,45.25075927922881,2915,21711,1.0
许昌,2024,inv_grant_pub,764,222,0.042809955867437834,0.1400523560209424,0.4083769633507853,0.5039267015706806,23.359052345125665,222,764,1.0
贵港,2024,inv_grant_pub,72,44,0.042052469135802475,0.125,0.3611111111111111,0.5138888888888888,23.779816513761464,44,72,1.0
贵阳,2024,inv_grant_pub,3844,678,0.042633573031907235,0.13215400624349635,0.376690946930281,0.43886576482830386,23.45569298758032,678,3844,1.0
贺州,2024,inv_grant_pub,62,32,0.07700312174817898,0.16129032258064516,0.5,0.6451612903225805,12.986486486486486,32,62,1.0
资阳,2024,inv_grant_pub,100,31,0.18059999999999993,0.4,0.6300000000000001,0.7700000000000001,5.5370985603543765,31,100,1.0
赣州,2024,inv_grant_pub,1666,655,0.015374937490002002,0.10084033613445378,0.20048019207683074,0.27250900360144054,65.04091484276141,655,1666,1.0
赤峰,2024,inv_grant_pub,172,105,0.013047593293672258,0.03488372093023256,0.13372093023255816,0.23255813953488375,76.64248704663211,105,172,1.0
辽源,2024,inv_grant_pub,64,28,0.06689453125,0.140625,0.484375,0.65625,14.94890510948905,28,64,1.0
辽阳,2024,inv_grant_pub,180,66,0.06240740740740742,0.2,0.4277777777777778,0.5666666666666668,16.02373887240356,66,180,1.0
达州,2024,inv_grant_pub,219,111,0.016909572360876538,0.0593607305936073,0.1963470319634703,0.3059360730593607,59.138101109741086,111,219,1.0
运城,2024,inv_grant_pub,376,204,0.024756677229515623,0.13031914893617022,0.2420212765957447,0.3031914893617022,40.39314285714285,204,376,1.0
连云港,2024,inv_grant_pub,2611,895,0.010145774271154314,0.06817311374952126,0.18498659517426272,0.2324779777862888,98.5632021050501,895,2611,1.0
迪庆,2024,inv_grant_pub,7,5,0.26530612244897955,0.42857142857142855,0.9999999999999998,0.9999999999999998,3.7692307692307696,5,7,1.0
通化,2024,inv_grant_pub,106,42,0.04645781416874332,0.11320754716981132,0.3962264150943396,0.5566037735849056,21.524904214559392,42,106,1.0
通辽,2024,inv_grant_pub,145,72,0.03847800237812129,0.14482758620689656,0.3103448275862069,0.4275862068965517,25.98887515451174,72,145,1.0
遂宁,2024,inv_grant_pub,335,135,0.022160837603029632,0.0955223880597015,0.2447761194029851,0.3522388059701493,45.12464817048652,135,335,1.0
遵义,2024,inv_grant_pub,413,170,0.02080682890794928,0.07506053268765134,0.2542372881355932,0.36319612590799033,48.0611439842209,170,413,1.0
邢台,2024,inv_grant_pub,710,402,0.005308470541559214,0.03380281690140845,0.09154929577464788,0.14929577464788735,188.37817638266068,402,710,1.0
那曲,2024,inv_grant_pub,8,7,0.15625,0.25,0.75,1.0,6.4,7,8,1.0
邯郸,2024,inv_grant_pub,1064,422,0.01693495957939963,0.08082706766917293,0.23308270676691728,0.3139097744360902,59.049447110369286,422,1064,1.0
邵阳,2024,inv_grant_pub,441,222,0.015996421244234657,0.08390022675736962,0.21315192743764175,0.28798185941043086,62.51398264223722,222,441,1.0
郑州,2024,inv_grant_pub,7616,1984,0.010714947743803407,0.0664390756302521,0.17686449579831934,0.26339285714285715,93.32756667696424,1984,7616,1.0
郴州,2024,inv_grant_pub,424,235,0.010390708437166251,0.049528301886792456,0.1650943396226415,0.2358490566037736,96.23982869379014,235,424,1.0
鄂尔多斯,2024,inv_grant_pub,651,283,0.009624800319017652,0.03533026113671275,0.13978494623655915,0.24116743471582183,103.89825937729836,283,651,1.0
鄂州,2024,inv_grant_pub,251,94,0.030904271360772062,0.07569721115537849,0.3306772908366534,0.4621513944223107,32.35798664612223,94,251,1.0
酒泉,2024,inv_grant_pub,128,61,0.03125,0.0859375,0.2890625,0.4609375,32.0,61,128,1.0
重庆,2024,inv_grant_pub,14412,3051,0.020882089808744047,0.10747987787954483,0.26179572578406884,0.3213988343047461,47.88792736545294,3051,14412,1.0
金华,2024,inv_grant_pub,3075,1368,0.004860493092735804,0.02861788617886179,0.1265040650406504,0.17203252032520325,205.74044256837624,1368,3075,1.0
金昌,2024,inv_grant_pub,167,42,0.19064864283409236,0.39520958083832336,0.6766467065868264,0.7664670658682635,5.245251081436899,42,167,1.0
钦州,2024,inv_grant_pub,179,51,0.10433507069067759,0.21787709497206703,0.5698324022346368,0.6983240223463687,9.584504935686507,51,179,1.0
铁岭,2024,inv_grant_pub,112,72,0.03858418367346939,0.16071428571428573,0.28571428571428575,0.375,25.917355371900822,72,112,1.0
铁门关,2024,inv_grant_pub,5,4,0.28,0.4,1.0,1.0,3.571428571428571,4,5,1.0
铜仁,2024,inv_grant_pub,78,43,0.058514135437212365,0.16666666666666666,0.39743589743589736,0.5256410256410257,17.089887640449437,43,78,1.0
铜川,2024,inv_grant_pub,81,37,0.04831580551745161,0.12345679012345678,0.38271604938271603,0.5925925925925926,20.697160883280755,37,81,1.0
铜陵,2024,inv_grant_pub,443,213,0.010440817532828193,0.04288939051918736,0.15349887133182843,0.23927765237020313,95.77794045876037,213,443,1.0
银川,2024,inv_grant_pub,1286,343,0.034406903874480275,0.14385692068429237,0.33048211508553654,0.4222395023328149,29.063934483849433,343,1286,1.0
锡林郭勒,2024,inv_grant_pub,82,52,0.03628792385484832,0.13414634146341464,0.2926829268292683,0.41463414634146345,27.557377049180317,52,82,1.0
锡林郭勒盟,2024,inv_grant_pub,4,3,0.375,0.5,1.0,1.0,2.6666666666666665,3,4,1.0
锦州,2024,inv_grant_pub,338,121,0.07681803858408319,0.23668639053254437,0.44970414201183434,0.5443786982248521,13.017775752051048,121,338,1.0
镇江,2024,inv_grant_pub,4618,1145,0.08458325182064795,0.24447812906019922,0.4265915980944131,0.45062797747942823,11.822671491992532,1145,4618,1.0
长春,2024,inv_grant_pub,8995,873,0.10539879328921234,0.2739299610894942,0.5581989994441356,0.6453585325180655,9.48777465844432,873,8995,1.0
长沙,2024,inv_grant_pub,15432,2895,0.03583180755062897,0.12221358216692586,0.34830222913426645,0.40454898911353027,27.908165073365005,2895,15432,1.0
长治,2024,inv_grant_pub,376,167,0.020937075599818927,0.08776595744680851,0.26329787234042556,0.351063829787234,47.762162162162156,167,376,1.0
阜新,2024,inv_grant_pub,368,49,0.4838433364839321,0.6929347826086957,0.7826086956521741,0.8423913043478262,2.06678468957939,49,368,1.0
阜阳,2024,inv_grant_pub,815,401,0.005767623922616584,0.02822085889570552,0.1079754601226994,0.15828220858895706,173.38162359697205,401,815,1.0
防城港,2024,inv_grant_pub,59,26,0.11462223498994542,0.2542372881355932,0.6271186440677966,0.7288135593220338,8.724310776942355,26,59,1.0
阳江,2024,inv_grant_pub,249,108,0.050563700585474415,0.1606425702811245,0.3975903614457832,0.4698795180722891,19.777033492822973,108,249,1.0
阳泉,2024,inv_grant_pub,164,84,0.03985722784057108,0.1524390243902439,0.33536585365853655,0.4573170731707317,25.089552238805975,84,164,1.0
阿克苏,2024,inv_grant_pub,68,42,0.057093425605536346,0.19117647058823528,0.3823529411764706,0.5294117647058824,17.515151515151512,42,68,1.0
阿勒泰,2024,inv_grant_pub,17,10,0.14878892733564014,0.29411764705882354,0.7058823529411765,1.0,6.720930232558139,10,17,1.0
阿勒泰地区,2024,inv_grant_pub,1,1,1.0,1.0,1.0,1.0,1.0,1,1,1.0
阿坝,2024,inv_grant_pub,38,22,0.07340720221606643,0.18421052631578946,0.47368421052631576,0.6842105263157894,13.622641509433972,22,38,1.0
阿坝藏族羌族自治州,2024,inv_grant_pub,2,2,0.5,0.5,1.0,1.0,2.0,2,2,1.0
阿拉善,2024,inv_grant_pub,37,21,0.0840029218407597,0.21621621621621623,0.4864864864864865,0.7027027027027026,11.904347826086953,21,37,1.0
阿拉善盟,2024,inv_grant_pub,1,1,1.0,1.0,1.0,1.0,1.0,1,1,1.0
阿拉尔,2024,inv_grant_pub,80,8,0.8115625000000001,0.9,0.9624999999999999,1.0,1.2321909896033885,8,80,1.0
阿里,2024,inv_grant_pub,6,2,0.5,0.5,1.0,1.0,2.0,2,6,1.0
陇南,2024,inv_grant_pub,50,32,0.06640000000000001,0.2,0.42,0.56,15.060240963855419,32,50,1.0
陵水,2024,inv_grant_pub,25,10,0.2672,0.48,0.7999999999999999,1.0,3.7425149700598803,10,25,1.0
随州,2024,inv_grant_pub,157,70,0.04547851839831231,0.15286624203821655,0.375796178343949,0.5222929936305732,21.988403211418373,70,157,1.0
雅安,2024,inv_grant_pub,269,77,0.17872887328809722,0.41263940520446096,0.5315985130111524,0.617100371747212,5.595066883167091,77,269,1.0
青岛,2024,inv_grant_pub,16373,2612,0.014191167282810483,0.050998595248274596,0.20906370243693884,0.32724607585659315,70.46636686548561,2612,16373,1.0
鞍山,2024,inv_grant_pub,895,188,0.13325301956867758,0.33854748603351953,0.5541899441340782,0.6391061452513968,7.504520372122657,188,895,1.0
韶关,2024,inv_grant_pub,620,235,0.032611862643080115,0.1435483870967742,0.3177419354838709,0.40161290322580645,30.66368857689854,235,620,1.0
香港,2024,inv_grant_pub,784,273,0.026567706164098294,0.08290816326530612,0.2997448979591837,0.46428571428571425,37.63968156766687,273,784,1.0
香港特别行政区,2024,inv_grant_pub,16,10,0.15625,0.3125,0.6875,1.0,6.4,10,16,1.0
马鞍山,2024,inv_grant_pub,2103,539,0.04514597605169256,0.1730860675225868,0.3903946742748455,0.4407988587731812,22.15036837070464,539,2103,1.0
驻马店,2024,inv_grant_pub,181,97,0.03867403314917128,0.143646408839779,0.3204419889502762,0.40331491712707185,25.85714285714285,97,181,1.0
高雄,2024,inv_grant_pub,125,47,0.06956799999999995,0.184,0.48799999999999993,0.656,14.374425022999091,47,125,1.0
鸡西,2024,inv_grant_pub,58,28,0.058263971462544605,0.10344827586206896,0.4482758620689655,0.689655172413793,17.163265306122444,28,58,1.0
鹤壁,2024,inv_grant_pub,139,77,0.028207649707572068,0.09352517985611511,0.28776978417266186,0.4100719424460431,35.451376146788995,77,139,1.0
鹤岗,2024,inv_grant_pub,34,12,0.1418685121107267,0.29411764705882354,0.6764705882352942,0.9411764705882353,7.0487804878048745,12,34,1.0
鹰潭,2024,inv_grant_pub,192,100,0.021050347222222224,0.08333333333333333,0.21874999999999997,0.328125,47.50515463917525,100,192,1.0
黄冈,2024,inv_grant_pub,364,219,0.015743871513102282,0.09615384615384616,0.18406593406593408,0.25000000000000006,63.51677852348993,219,364,1.0
黄南,2024,inv_grant_pub,11,2,0.8347107438016528,0.9090909090909091,1.0,1.0,1.1980198019801982,2,11,1.0
黄山,2024,inv_grant_pub,434,214,0.014175285098430634,0.07603686635944701,0.1912442396313364,0.25806451612903225,70.54531835205991,214,434,1.0
黄石,2024,inv_grant_pub,426,183,0.025678326610681305,0.10093896713615023,0.30281690140845074,0.38967136150234744,38.943347639484976,183,426,1.0
黑河,2024,inv_grant_pub,20,15,0.08000000000000002,0.15,0.49999999999999994,0.7500000000000001,12.499999999999998,15,20,1.0
黔东南,2024,inv_grant_pub,76,60,0.023199445983379495,0.06578947368421052,0.22368421052631576,0.34210526315789475,43.10447761194031,60,76,1.0
黔东南苗族侗族自治州,2024,inv_grant_pub,2,1,1.0,1.0,1.0,1.0,1.0,1,2,1.0
黔南,2024,inv_grant_pub,143,79,0.02068560809819552,0.055944055944055944,0.2097902097902098,0.34965034965034963,48.34278959810873,79,143,1.0
黔南布依族苗族自治州,2024,inv_grant_pub,2,2,0.5,0.5,1.0,1.0,2.0,2,2,1.0
黔西南,2024,inv_grant_pub,58,40,0.03923900118906064,0.1206896551724138,0.3103448275862069,0.4827586206896552,25.484848484848488,40,58,1.0
黔西南布依族苗族自治州,2024,inv_grant_pub,1,1,1.0,1.0,1.0,1.0,1.0,1,1,1.0
齐齐哈尔,2024,inv_grant_pub,285,66,0.10465989535241613,0.26666666666666666,0.5719298245614035,0.7052631578947368,9.554758263733678,66,285,1.0
龙岩,2024,inv_grant_pub,726,268,0.014669611213563133,0.06473829201101929,0.2024793388429752,0.3044077134986226,68.16813243662699,268,726,1.0
