symbol,year,patent_count_dedup,invention_count_dedup,strict_ai_title_all_count,ai_compute_title_all_count,strict_ai_title_invention_count,ai_compute_title_invention_count
000004,2006.0,2,2,0,0,0,0
000008,2016.0,1,1,0,0,0,0
000026,2006.0,1,0,0,0,0,0
000026,2008.0,1,1,0,0,0,0
000032,2008.0,2,0,0,0,0,0
000035,2015.0,1,0,0,0,0,0
000035,2016.0,1,1,0,0,0,0
000035,2018.0,1,1,0,0,0,0
000035,2019.0,1,1,0,0,0,0
000039,2019.0,1,1,0,0,0,0
000042,2021.0,5,0,0,0,0,0
000042,2022.0,13,0,0,0,0,0
000042,2024.0,1,1,0,0,0,0
000042,2025.0,1,1,0,0,0,0
000045,2023.0,1,0,0,0,0,0
000055,2015.0,1,0,0,0,0,0
000055,2018.0,1,1,0,0,0,0
000055,2021.0,2,0,0,0,0,0
000055,2022.0,2,0,0,0,0,0
000056,2022.0,1,1,0,0,0,0
000065,2015.0,5,0,0,0,0,0
000065,2016.0,1,1,0,0,0,0
000078,2007.0,1,1,0,0,0,0
000078,2008.0,1,1,0,0,0,0
000078,2021.0,8,8,0,0,0,0
000078,2022.0,11,8,0,0,0,0
000078,2023.0,8,8,0,0,0,0
000078,2024.0,1,1,0,0,0,0
000089,2024.0,1,0,0,0,0,0
000090,2009.0,3,0,0,0,0,0
000090,2010.0,5,0,0,0,0,0
000090,2011.0,4,4,0,0,0,0
000090,2012.0,7,1,0,0,0,0
000090,2017.0,11,7,0,0,0,0
000090,2018.0,10,10,0,0,0,0
000090,2019.0,38,0,0,0,0,0
000090,2020.0,8,8,0,0,0,0
000090,2021.0,15,15,0,0,0,0
000090,2022.0,33,33,0,0,0,0
000090,2023.0,13,13,0,0,0,0
000090,2024.0,7,7,0,0,0,0
000151,2015.0,5,0,0,0,0,0
000151,2016.0,1,0,0,0,0,0
000151,2017.0,12,0,0,0,0,0
000151,2018.0,1,1,0,0,0,0
000151,2019.0,10,1,0,0,0,0
000151,2020.0,15,1,0,0,0,0
000151,2021.0,8,0,0,0,0,0
000151,2022.0,29,6,0,0,0,0
000151,2023.0,10,2,0,0,0,0
000151,2024.0,23,4,0,0,0,0
000153,2009.0,1,1,0,0,0,0
000156,2009.0,3,3,0,0,0,0
000156,2012.0,3,0,0,0,0,0
000156,2013.0,3,0,0,0,0,0
000156,2014.0,6,6,0,0,0,0
000156,2015.0,3,3,0,0,0,0
000156,2016.0,24,24,0,3,0,3
000156,2017.0,6,2,0,0,0,0
000156,2018.0,4,4,0,0,0,0
000156,2019.0,6,5,0,1,0,1
000156,2020.0,5,5,0,0,0,0
000157,2012.0,1,1,0,0,0,0
000157,2013.0,1,1,0,0,0,0
000157,2014.0,1,1,0,0,0,0
000157,2015.0,4,4,0,0,0,0
000157,2016.0,1,1,0,0,0,0
000157,2017.0,2,2,0,0,0,0
000157,2018.0,1,1,0,0,0,0
000157,2020.0,2,1,0,0,0,0
000157,2022.0,1,0,0,0,0,0
000158,2023.0,1,1,1,1,1,1
000158,2024.0,1,1,0,0,0,0
000301,2011.0,2,2,0,0,0,0
000301,2012.0,5,5,0,0,0,0
000333,2017.0,11,11,0,0,0,0
000333,2018.0,2,1,0,0,0,0
000333,2019.0,3,2,0,1,0,1
000333,2020.0,2,1,0,0,0,0
000333,2021.0,5,4,0,0,0,0
000333,2022.0,3,1,0,0,0,0
000403,2006.0,2,2,0,0,0,0
000403,2007.0,3,3,0,0,0,0
000403,2010.0,1,1,0,0,0,0
000403,2011.0,1,1,0,0,0,0
000403,2013.0,1,1,0,0,0,0
000403,2016.0,3,0,0,0,0,0
000408,2013.0,1,0,0,0,0,0
000408,2015.0,2,2,0,0,0,0
000408,2021.0,6,1,0,0,0,0
000408,2022.0,1,1,0,0,0,0
000408,2024.0,5,1,0,0,0,0
000408,2025.0,4,1,0,0,0,0
000409,2019.0,1,0,0,0,0,0
000409,2023.0,2,2,0,1,0,1
000413,2015.0,1,1,0,0,0,0
000413,2018.0,1,1,0,0,0,0
000425,2005.0,1,0,0,0,0,0
000425,2007.0,2,2,0,0,0,0
000425,2018.0,1,1,0,0,0,0
000425,2023.0,1,0,0,0,0,0
000503,2023.0,3,3,0,0,0,0
000503,2024.0,4,4,0,0,0,0
000504,2016.0,1,1,0,0,0,0
000504,2019.0,1,0,0,0,0,0
000504,2020.0,3,0,0,0,0,0
000504,2021.0,4,2,0,0,0,0
000504,2022.0,5,0,0,0,0,0
000505,2012.0,1,1,0,0,0,0
000514,2006.0,1,1,0,0,0,0
000518,2007.0,1,1,0,0,0,0
000519,2013.0,1,1,0,0,0,0
000521,2007.0,3,0,0,0,0,0
000521,2008.0,1,0,0,0,0,0
000521,2018.0,1,0,0,0,0,0
000521,2022.0,2,2,0,0,0,0
000523,2017.0,1,1,0,0,0,0
000525,1981.0,1,1,0,0,0,0
000525,2009.0,1,1,0,0,0,0
000525,2010.0,4,4,0,0,0,0
000525,2011.0,6,6,0,0,0,0
000525,2012.0,15,6,0,0,0,0
000525,2013.0,6,6,0,0,0,0
000525,2014.0,10,8,0,0,0,0
000525,2015.0,10,8,0,0,0,0
000525,2016.0,23,7,0,0,0,0
000525,2017.0,12,3,0,0,0,0
000525,2018.0,19,15,0,0,0,0
000525,2019.0,45,16,0,0,0,0
000525,2020.0,34,13,0,0,0,0
000525,2021.0,43,9,0,0,0,0
000525,2022.0,21,10,0,1,0,1
000525,2023.0,22,9,0,0,0,0
000525,2024.0,18,4,0,0,0,0
000525,2025.0,15,1,0,0,0,0
000528,2016.0,1,0,0,0,0,0
000528,2017.0,2,1,0,0,0,0
000532,2015.0,1,1,0,0,0,0
000532,2016.0,1,1,0,0,0,0
000534,2020.0,1,0,0,0,0,0
000534,2021.0,3,0,0,0,0,0
000534,2022.0,1,0,0,0,0,0
000534,2023.0,3,3,0,0,0,0
000538,2004.0,1,1,0,0,0,0
000538,2016.0,1,1,0,0,0,0
000544,2023.0,1,1,0,0,0,0
000545,2007.0,1,1,0,0,0,0
000545,2008.0,1,1,0,0,0,0
000545,2014.0,1,1,0,0,0,0
000545,2018.0,3,3,0,0,0,0
000545,2020.0,1,1,0,0,0,0
000545,2021.0,1,1,0,0,0,0
000545,2022.0,1,1,0,0,0,0
000545,2023.0,2,0,0,0,0,0
000545,2024.0,3,2,0,0,0,0
000551,2018.0,1,1,0,0,0,0
000551,2020.0,1,0,0,0,0,0
000552,2004.0,14,0,0,0,0,0
000555,2011.0,1,1,0,0,0,0
000555,2014.0,3,0,0,0,0,0
000555,2015.0,1,1,0,0,0,0
000559,2016.0,1,1,0,0,0,0
000559,2019.0,1,1,0,0,0,0
000568,2012.0,1,1,0,0,0,0
000570,2017.0,1,1,0,0,0,0
000586,2016.0,15,1,0,0,0,0
000586,2019.0,2,0,0,0,0,0
000586,2022.0,4,0,0,0,0,0
000586,2023.0,3,1,0,0,0,0
000586,2024.0,2,1,0,0,0,0
000595,2018.0,1,0,0,0,0,0
000595,2019.0,1,0,0,0,0,0
000597,2021.0,1,1,0,0,0,0
000599,2007.0,1,0,0,0,0,0
000607,2002.0,1,1,0,0,0,0
000607,2004.0,2,2,0,0,0,0
000607,2022.0,1,0,0,0,0,0
000607,2023.0,1,0,0,0,0,0
000615,2016.0,1,0,0,0,0,0
000615,2018.0,8,0,0,0,0,0
000615,2019.0,5,1,0,0,0,0
000615,2020.0,4,0,0,0,0,0
000615,2021.0,2,0,0,0,0,0
000615,2022.0,13,2,0,0,0,0
000615,2023.0,1,0,0,0,0,0
000623,2006.0,1,1,0,0,0,0
000623,2008.0,1,1,0,0,0,0
000623,2009.0,1,1,0,0,0,0
000623,2022.0,1,1,0,0,0,0
000623,2024.0,2,2,0,0,0,0
000626,2005.0,1,1,0,0,0,0
000626,2023.0,3,3,0,0,0,0
000628,2021.0,1,0,0,1,0,0
000630,2015.0,1,1,0,0,0,0
000635,2008.0,1,1,0,0,0,0
000635,2019.0,1,0,0,0,0,0
000635,2024.0,4,0,0,1,0,0
000636,2016.0,1,0,0,0,0,0
000636,2020.0,1,1,0,0,0,0
000637,2012.0,8,2,0,0,0,0
000637,2015.0,2,0,0,0,0,0
000637,2018.0,7,0,0,0,0,0
000637,2019.0,5,0,0,0,0,0
000637,2020.0,1,0,0,0,0,0
000637,2021.0,2,0,0,0,0,0
000637,2022.0,3,1,0,0,0,0
000637,2023.0,1,0,0,0,0,0
000637,2024.0,2,0,0,0,0,0
000637,2025.0,1,1,0,0,0,0
000638,2016.0,1,1,0,0,0,0
000638,2021.0,1,1,0,0,0,0
000639,2013.0,1,0,0,0,0,0
000650,2004.0,1,1,0,0,0,0
000650,2005.0,2,2,0,0,0,0
000650,2007.0,1,1,0,0,0,0
000651,2008.0,1,1,0,0,0,0
000651,2016.0,1,1,0,0,0,0
000651,2018.0,2,2,0,0,0,0
000651,2019.0,1,1,0,0,0,0
000652,2012.0,1,1,0,0,0,0
000655,2009.0,1,1,0,0,0,0
000656,2007.0,2,0,0,0,0,0
000656,2009.0,1,0,0,0,0,0
000657,2012.0,1,1,0,0,0,0
000657,2014.0,1,1,0,0,0,0
000661,2008.0,3,3,0,0,0,0
000661,2010.0,2,2,0,0,0,0
000661,2011.0,7,7,0,0,0,0
000661,2012.0,6,6,0,0,0,0
000661,2013.0,3,3,0,0,0,0
000661,2014.0,7,7,0,0,0,0
000661,2015.0,4,4,0,0,0,0
000661,2016.0,4,4,0,0,0,0
000661,2017.0,5,5,0,0,0,0
000661,2018.0,8,8,0,0,0,0
000661,2019.0,9,9,0,0,0,0
000661,2020.0,7,7,0,0,0,0
000661,2021.0,13,13,0,0,0,0
000661,2022.0,20,20,0,0,0,0
000661,2023.0,28,28,0,0,0,0
000661,2024.0,14,14,0,0,0,0
000663,2013.0,1,1,0,0,0,0
000671,2021.0,1,0,0,0,0,0
000676,2001.0,1,0,0,0,0,0
000676,2002.0,3,0,0,0,0,0
000676,2003.0,1,0,0,0,0,0
000677,2017.0,3,0,0,0,0,0
000677,2018.0,1,1,0,0,0,0
000677,2019.0,1,1,0,0,0,0
000682,2017.0,2,0,0,0,0,0
000682,2019.0,26,12,0,2,0,2
000682,2020.0,28,5,0,0,0,0
000682,2021.0,50,17,1,3,1,3
000682,2022.0,51,33,0,2,0,2
000682,2023.0,111,58,1,3,1,3
000682,2024.0,104,85,3,10,3,10
000683,2010.0,2,2,0,0,0,0
000683,2018.0,1,0,0,0,0,0
000683,2019.0,1,1,0,0,0,0
000683,2020.0,1,1,0,0,0,0
000683,2021.0,1,1,0,0,0,0
000687,2007.0,2,2,0,0,0,0
000687,2008.0,2,0,0,0,0,0
000688,2018.0,1,1,0,0,0,0
000688,2021.0,1,0,0,0,0,0
000688,2024.0,1,0,0,0,0,0
000691,2016.0,6,0,0,0,0,0
000691,2018.0,6,1,0,0,0,0
000691,2020.0,2,0,0,0,0,0
000691,2021.0,2,0,0,0,0,0
000697,2015.0,2,2,0,0,0,0
000697,2019.0,2,0,0,0,0,0
000698,2016.0,3,3,0,0,0,0
000698,2020.0,1,1,0,0,0,0
000698,2022.0,2,2,0,0,0,0
000698,2023.0,2,2,0,0,0,0
000698,2024.0,1,1,0,0,0,0
000698,2025.0,2,2,0,0,0,0
000701,2016.0,1,1,0,0,0,0
000701,2017.0,2,2,0,0,0,0
000701,2018.0,1,1,0,0,0,0
000703,2010.0,2,2,0,0,0,0
000703,2012.0,2,1,0,0,0,0
000703,2016.0,1,1,0,0,0,0
000705,2021.0,2,2,0,0,0,0
000705,2023.0,1,1,0,0,0,0
000705,2024.0,1,1,0,0,0,0
000708,2007.0,1,0,0,0,0,0
000708,2010.0,1,1,0,0,0,0
000713,2007.0,1,1,0,0,0,0
000713,2009.0,2,2,0,0,0,0
000713,2012.0,1,1,0,0,0,0
000713,2013.0,2,2,0,0,0,0
000713,2015.0,1,1,0,0,0,0
000713,2016.0,2,2,0,0,0,0
000713,2020.0,1,1,0,0,0,0
000716,2002.0,1,1,0,0,0,0
000727,2008.0,1,1,0,0,0,0
000727,2009.0,1,1,0,0,0,0
000731,2013.0,1,1,0,0,0,0
000737,2013.0,1,1,0,0,0,0
000737,2014.0,1,1,0,0,0,0
000737,2017.0,1,1,0,0,0,0
000737,2018.0,1,0,0,0,0,0
000737,2019.0,3,1,0,0,0,0
000737,2020.0,1,1,0,0,0,0
000757,2023.0,17,0,0,0,0,0
000757,2024.0,18,4,0,0,0,0
000758,2014.0,1,1,0,0,0,0
000760,2009.0,1,1,0,0,0,0
000766,2010.0,1,1,0,0,0,0
000766,2011.0,3,3,0,0,0,0
000767,2017.0,2,2,0,0,0,0
000768,2008.0,1,1,0,0,0,0
000768,2009.0,1,0,0,0,0,0
000779,2020.0,4,0,0,0,0,0
000782,2008.0,2,0,0,0,0,0
000788,2015.0,2,2,0,0,0,0
000788,2016.0,1,1,0,0,0,0
000788,2017.0,2,2,0,0,0,0
000790,2008.0,2,2,0,0,0,0
000790,2009.0,3,3,0,0,0,0
000790,2011.0,2,2,0,0,0,0
000790,2012.0,2,2,0,0,0,0
000790,2015.0,1,1,0,0,0,0
000792,2015.0,1,1,0,0,0,0
000792,2022.0,4,4,0,0,0,0
000792,2023.0,5,5,0,0,0,0
000795,2012.0,3,0,0,0,0,0
000801,2012.0,3,3,0,0,0,0
000801,2013.0,1,1,0,0,0,0
000801,2015.0,1,0,0,0,0,0
000801,2016.0,1,1,0,0,0,0
000801,2017.0,3,3,0,0,0,0
000801,2018.0,2,2,0,0,0,0
000801,2019.0,1,1,0,0,0,0
000801,2021.0,1,1,0,0,0,0
000807,2019.0,1,1,0,0,0,0
000810,2008.0,3,3,0,0,0,0
000810,2009.0,5,0,0,0,0,0
000810,2010.0,33,3,0,0,0,0
000810,2011.0,45,15,0,0,0,0
000810,2012.0,67,11,0,1,0,1
000810,2013.0,119,45,0,2,0,2
000810,2014.0,103,24,0,4,0,4
000810,2015.0,130,38,0,3,0,3
000810,2016.0,175,83,0,3,0,3
000810,2017.0,173,47,0,6,0,6
000810,2018.0,206,62,0,5,0,5
000810,2019.0,310,71,0,4,0,4
000810,2020.0,150,59,0,5,0,5
000810,2021.0,23,12,0,1,0,1
000811,2016.0,1,1,0,0,0,0
000812,2017.0,2,0,0,0,0,0
000812,2018.0,14,3,0,0,0,0
000812,2019.0,5,0,0,0,0,0
000812,2020.0,31,6,0,0,0,0
000813,2018.0,2,2,0,0,0,0
000813,2019.0,1,1,0,0,0,0
000818,2014.0,2,2,0,0,0,0
000819,2014.0,2,2,0,0,0,0
000819,2015.0,2,2,0,0,0,0
000819,2016.0,6,2,0,0,0,0
000819,2017.0,3,3,0,0,0,0
000819,2019.0,2,2,0,0,0,0
000819,2020.0,5,1,0,0,0,0
000819,2022.0,1,0,0,0,0,0
000819,2023.0,3,3,0,0,0,0
000819,2025.0,3,2,0,0,0,0
000820,2025.0,1,0,0,0,0,0
000822,2015.0,1,1,0,0,0,0
000823,2009.0,1,1,0,0,0,0
000825,2022.0,1,1,0,0,0,0
000826,2023.0,1,0,0,0,0,0
000828,2023.0,7,0,0,0,0,0
000828,2024.0,1,1,0,0,0,0
000830,2007.0,1,1,0,0,0,0
000831,2016.0,1,0,0,0,0,0
000831,2018.0,1,1,0,0,0,0
000831,2024.0,2,1,0,0,0,0
000837,2012.0,4,4,0,0,0,0
000838,2017.0,1,0,0,0,0,0
000848,1992.0,1,1,0,0,0,0
000848,2004.0,2,2,0,0,0,0
000848,2005.0,1,1,0,0,0,0
000848,2009.0,1,0,0,0,0,0
000848,2012.0,1,0,0,0,0,0
000848,2017.0,1,0,0,0,0,0
000850,2013.0,1,1,0,0,0,0
000850,2014.0,1,1,0,0,0,0
000850,2018.0,1,1,0,0,0,0
000852,2001.0,1,0,0,0,0,0
000852,2008.0,1,0,0,0,0,0
000852,2009.0,1,0,0,0,0,0
000852,2012.0,1,1,0,0,0,0
000859,2020.0,1,1,0,0,0,0
000860,2008.0,1,0,0,0,0,0
000863,2011.0,1,0,0,0,0,0
000863,2012.0,1,0,0,0,0,0
000863,2013.0,1,0,0,0,0,0
000868,2008.0,1,1,0,0,0,0
000869,2024.0,1,1,0,0,0,0
000878,2009.0,1,0,0,0,0,0
000878,2014.0,1,1,0,0,0,0
000878,2016.0,1,0,0,0,0,0
000878,2022.0,2,1,0,0,0,0
000881,2012.0,1,1,0,0,0,0
000889,2017.0,1,0,0,0,0,0
000889,2020.0,2,0,0,0,0,0
000889,2021.0,2,0,0,0,0,0
000889,2022.0,1,0,0,0,0,0
000889,2023.0,4,1,0,0,0,0
000893,2014.0,1,1,0,0,0,0
000893,2020.0,3,3,0,0,0,0
000898,2014.0,2,2,0,0,0,0
000898,2015.0,2,2,0,0,0,0
000898,2017.0,1,1,0,0,0,0
000898,2020.0,1,1,0,0,0,0
000900,2012.0,1,0,0,0,0,0
000902,2009.0,1,1,0,0,0,0
000902,2011.0,1,1,0,0,0,0
000902,2013.0,1,1,0,0,0,0
000902,2017.0,1,1,0,0,0,0
000908,2007.0,1,0,0,0,0,0
000908,2016.0,1,1,0,0,0,0
000910,2004.0,1,0,0,0,0,0
000910,2008.0,1,0,0,0,0,0
000910,2010.0,1,1,0,0,0,0
000911,2003.0,1,0,0,0,0,0
000917,2016.0,1,1,0,0,0,0
000919,2007.0,1,1,0,0,0,0
000919,2013.0,1,1,0,0,0,0
000919,2014.0,1,1,0,0,0,0
000919,2021.0,1,1,0,0,0,0
000920,2021.0,1,1,0,0,0,0
000921,2006.0,1,1,0,0,0,0
000922,2017.0,2,1,0,0,0,0
000925,2016.0,2,2,0,0,0,0
000925,2017.0,1,1,0,0,0,0
000926,2008.0,2,0,0,0,0,0
000926,2011.0,4,0,0,0,0,0
000926,2012.0,4,0,0,0,0,0
000930,1993.0,1,1,0,0,0,0
000931,1995.0,1,1,0,0,0,0
000931,1999.0,1,1,0,0,0,0
000931,2003.0,1,1,0,0,0,0
000931,2005.0,2,2,0,0,0,0
000931,2006.0,1,1,0,0,0,0
000931,2007.0,1,1,0,0,0,0
000931,2008.0,1,1,0,0,0,0
000931,2010.0,2,1,0,0,0,0
000931,2011.0,1,1,0,0,0,0
000931,2012.0,2,2,0,0,0,0
000931,2013.0,3,3,0,0,0,0
000931,2014.0,1,1,0,0,0,0
000931,2019.0,3,1,0,0,0,0
000931,2020.0,14,0,0,0,0,0
000931,2022.0,17,12,0,0,0,0
000931,2023.0,13,8,0,0,0,0
000936,2012.0,2,1,0,0,0,0
000948,2017.0,1,1,0,0,0,0
000949,2011.0,1,1,0,0,0,0
000949,2012.0,2,2,0,0,0,0
000952,2012.0,1,1,0,0,0,0
000952,2016.0,1,0,0,0,0,0
000952,2017.0,2,2,0,0,0,0
000955,2007.0,2,2,0,0,0,0
000955,2009.0,1,1,0,0,0,0
000959,2016.0,1,1,0,0,0,0
000959,2019.0,1,1,0,0,0,0
000959,2020.0,1,1,0,0,0,0
000959,2021.0,2,2,0,0,0,0
000960,2011.0,1,1,0,0,0,0
000960,2012.0,2,2,0,0,0,0
000960,2014.0,1,1,0,0,0,0
000960,2016.0,1,1,0,0,0,0
000960,2019.0,3,3,0,0,0,0
000962,2007.0,1,1,0,0,0,0
000962,2012.0,1,1,0,0,0,0
000963,2012.0,1,1,0,0,0,0
000963,2023.0,1,1,0,0,0,0
000966,2011.0,1,0,0,0,0,0
000969,2008.0,1,1,0,0,0,0
000969,2012.0,1,1,0,0,0,0
000969,2013.0,1,1,0,0,0,0
000969,2017.0,1,1,0,0,0,0
000969,2021.0,1,1,0,0,0,0
000971,2015.0,1,1,0,0,0,0
000971,2016.0,3,3,0,1,0,1
000971,2017.0,2,1,0,1,0,1
000971,2018.0,1,0,0,0,0,0
000973,2013.0,1,1,0,0,0,0
000982,2022.0,1,1,0,0,0,0
000985,2004.0,2,1,0,0,0,0
000985,2005.0,1,1,0,0,0,0
000985,2010.0,2,2,0,0,0,0
000985,2013.0,1,1,0,0,0,0
000985,2014.0,1,1,0,0,0,0
000985,2018.0,1,1,0,0,0,0
000985,2022.0,1,1,0,0,0,0
000985,2023.0,2,2,0,0,0,0
000989,2008.0,2,2,0,0,0,0
000989,2011.0,1,1,0,0,0,0
000989,2012.0,2,1,0,0,0,0
000989,2014.0,1,1,0,0,0,0
000989,2017.0,1,1,0,0,0,0
000990,2013.0,1,1,0,0,0,0
000997,2014.0,1,1,0,0,0,0
000998,2022.0,2,0,0,0,0,0
001201,2014.0,1,1,0,0,0,0
001201,2022.0,1,1,0,0,0,0
001210,2021.0,2,2,0,0,0,0
001210,2022.0,2,0,0,1,0,0
001217,2016.0,2,0,0,0,0,0
001217,2018.0,4,1,0,0,0,0
001217,2019.0,15,0,0,0,0,0
001217,2020.0,5,2,0,0,0,0
001217,2021.0,5,2,0,0,0,0
001217,2022.0,4,1,0,0,0,0
001217,2023.0,9,2,0,0,0,0
001217,2024.0,2,0,0,0,0,0
001225,2023.0,14,3,0,0,0,0
001225,2024.0,23,4,0,0,0,0
001231,2013.0,1,1,0,0,0,0
001231,2014.0,5,5,0,0,0,0
001259,2012.0,1,0,0,0,0,0
001259,2014.0,1,1,0,0,0,0
001259,2017.0,1,0,0,0,0,0
001259,2019.0,3,0,0,0,0,0
001259,2021.0,1,0,0,0,0,0
001260,2019.0,4,0,0,0,0,0
001260,2021.0,2,2,0,0,0,0
001278,2023.0,1,1,0,0,0,0
001278,2024.0,1,1,0,0,0,0
001283,2018.0,2,2,0,0,0,0
001283,2019.0,3,3,0,0,0,0
001296,2004.0,1,1,0,0,0,0
001296,2013.0,1,1,0,0,0,0
001299,2021.0,2,0,0,0,0,0
001299,2022.0,1,0,0,0,0,0
001299,2023.0,2,0,0,0,0,0
001299,2024.0,10,0,0,0,0,0
001309,2020.0,5,5,0,1,0,1
001309,2022.0,1,1,0,0,0,0
001309,2024.0,3,3,0,0,0,0
001314,2015.0,2,0,0,0,0,0
001314,2016.0,1,0,0,0,0,0
001328,2016.0,1,1,0,0,0,0
001328,2018.0,1,1,0,0,0,0
001358,2013.0,1,1,0,0,0,0
001358,2016.0,1,1,0,0,0,0
001358,2018.0,1,1,0,0,0,0
001358,2019.0,4,1,0,0,0,0
001358,2022.0,1,1,0,0,0,0
001358,2024.0,2,2,0,0,0,0
001360,2013.0,1,0,0,0,0,0
001360,2014.0,3,0,0,0,0,0
001360,2016.0,1,0,0,0,0,0
001360,2019.0,3,0,0,0,0,0
001360,2020.0,1,0,0,0,0,0
001360,2021.0,1,0,0,0,0,0
001366,2021.0,3,3,0,0,0,0
001366,2022.0,1,1,0,0,0,0
001366,2023.0,4,4,0,0,0,0
001366,2024.0,1,1,0,0,0,0
001367,2020.0,1,1,0,0,0,0
001367,2021.0,1,1,0,0,0,0
001367,2023.0,1,1,0,0,0,0
001378,2009.0,3,3,0,0,0,0
001378,2019.0,1,1,0,0,0,0
001378,2022.0,1,1,0,0,0,0
001387,2020.0,4,0,0,0,0,0
001387,2021.0,1,0,0,0,0,0
001389,2022.0,7,7,0,0,0,0
001389,2023.0,1,1,0,0,0,0
001389,2024.0,1,1,0,0,0,0
001696,2001.0,1,0,0,0,0,0
002001,2002.0,1,1,0,0,0,0
002001,2006.0,10,8,0,0,0,0
002001,2007.0,2,2,0,0,0,0
002001,2008.0,4,3,0,0,0,0
002001,2019.0,1,1,0,0,0,0
002001,2020.0,2,2,0,0,0,0
002002,2010.0,1,1,0,0,0,0
002002,2015.0,1,1,0,0,0,0
002002,2017.0,1,1,0,0,0,0
002003,2006.0,1,0,0,0,0,0
002003,2007.0,7,0,0,0,0,0
002003,2008.0,20,6,0,0,0,0
002003,2009.0,12,2,0,0,0,0
002003,2010.0,45,12,0,0,0,0
002003,2011.0,15,3,0,0,0,0
002004,2009.0,1,1,0,0,0,0
002004,2011.0,2,2,0,0,0,0
002004,2012.0,2,2,0,0,0,0
002004,2013.0,1,1,0,0,0,0
002004,2014.0,1,1,0,0,0,0
002004,2015.0,2,2,0,0,0,0
002004,2016.0,1,1,0,0,0,0
002004,2020.0,1,1,0,0,0,0
002004,2023.0,1,1,0,0,0,0
002005,2016.0,2,2,0,0,0,0
002006,2005.0,1,0,0,0,0,0
002006,2007.0,2,0,0,0,0,0
002007,2005.0,1,1,0,0,0,0
002010,2003.0,1,1,0,0,0,0
002010,2007.0,1,1,0,0,0,0
002010,2008.0,2,1,0,0,0,0
002010,2009.0,2,0,0,0,0,0
002013,2007.0,3,0,0,0,0,0
002013,2008.0,15,1,0,0,0,0
002013,2009.0,14,14,0,0,0,0
002013,2010.0,7,5,0,0,0,0
002013,2011.0,8,2,0,0,0,0
002014,2006.0,2,2,0,0,0,0
002014,2007.0,2,0,0,0,0,0
002014,2008.0,6,0,0,0,0,0
002014,2009.0,8,2,0,0,0,0
002014,2010.0,29,3,0,0,0,0
002014,2011.0,14,5,0,0,0,0
002015,2004.0,1,1,0,0,0,0
002015,2009.0,2,0,0,0,0,0
002015,2010.0,2,0,0,0,0,0
002019,2003.0,2,2,0,0,0,0
002019,2004.0,4,4,0,0,0,0
002019,2005.0,2,2,0,0,0,0
002019,2006.0,2,2,0,0,0,0
002019,2007.0,12,12,0,0,0,0
002019,2008.0,9,9,0,0,0,0
002019,2009.0,4,4,0,0,0,0
002019,2010.0,6,6,0,0,0,0
002020,2004.0,6,6,0,0,0,0
002020,2005.0,3,2,0,0,0,0
002020,2006.0,9,4,0,0,0,0
002020,2007.0,6,6,0,0,0,0
002020,2008.0,2,2,0,0,0,0
002020,2009.0,6,2,0,0,0,0
002020,2010.0,7,7,0,0,0,0
002020,2011.0,5,4,0,0,0,0
002020,2012.0,1,1,0,0,0,0
002020,2017.0,2,2,0,0,0,0
002020,2018.0,2,2,0,0,0,0
002020,2019.0,3,3,0,0,0,0
002020,2020.0,4,4,0,0,0,0
002020,2021.0,2,2,0,0,0,0
002020,2022.0,3,3,0,0,0,0
002020,2023.0,2,2,0,0,0,0
002020,2024.0,1,1,0,0,0,0
002021,2006.0,12,0,0,0,0,0
002021,2007.0,17,1,0,0,0,0
002021,2008.0,26,0,0,0,0,0
002021,2009.0,17,0,0,0,0,0
002021,2011.0,24,4,0,0,0,0
002022,2006.0,4,0,0,0,0,0
002022,2007.0,5,2,0,0,0,0
002022,2008.0,9,3,0,0,0,0
002022,2009.0,5,2,0,0,0,0
002022,2010.0,26,4,0,0,0,0
002022,2011.0,5,3,0,0,0,0
002025,2004.0,2,0,0,0,0,0
002025,2005.0,1,0,0,0,0,0
002025,2006.0,6,0,0,0,0,0
002025,2007.0,36,0,0,0,0,0
002025,2008.0,73,0,0,0,0,0
002025,2009.0,11,1,0,0,0,0
002025,2013.0,2,2,0,0,0,0
002026,2010.0,12,4,0,0,0,0
002026,2011.0,7,5,0,0,0,0
002026,2016.0,1,0,0,0,0,0
002030,2007.0,1,0,0,0,0,0
002030,2008.0,4,4,0,0,0,0
002030,2009.0,1,1,0,0,0,0
002030,2010.0,15,14,0,0,0,0
002030,2011.0,10,10,0,0,0,0
002030,2012.0,18,16,0,0,0,0
002030,2014.0,2,2,0,0,0,0
002030,2015.0,3,2,0,0,0,0
002030,2016.0,4,4,0,0,0,0
002030,2017.0,16,2,0,0,0,0
002030,2018.0,5,0,0,0,0,0
002030,2019.0,10,7,0,0,0,0
002030,2020.0,12,7,0,0,0,0
002031,2003.0,1,1,0,0,0,0
002031,2006.0,3,2,0,0,0,0
002031,2007.0,4,0,0,0,0,0
002031,2008.0,3,2,0,0,0,0
002031,2009.0,2,0,0,0,0,0
002031,2010.0,5,2,0,0,0,0
002031,2011.0,4,0,0,0,0,0
002031,2016.0,1,1,0,0,0,0
002032,2004.0,1,1,0,0,0,0
002032,2009.0,2,2,0,0,0,0
002032,2018.0,1,1,0,0,0,0
002034,2016.0,1,0,0,0,0,0
002034,2017.0,4,0,0,0,0,0
002034,2018.0,6,0,0,0,0,0
002034,2021.0,1,0,0,0,0,0
002034,2023.0,1,0,0,0,0,0
002034,2024.0,1,0,0,0,0,0
002035,2007.0,1,1,0,0,0,0
002035,2015.0,1,1,0,0,0,0
002036,2007.0,2,1,0,0,0,0
002036,2008.0,2,2,0,0,0,0
002036,2010.0,4,0,0,0,0,0
002036,2011.0,5,5,0,0,0,0
002036,2012.0,2,2,0,0,0,0
002036,2020.0,2,2,0,0,0,0
002036,2021.0,2,2,0,0,0,0
002038,2008.0,1,1,0,0,0,0
002038,2017.0,1,1,0,0,0,0
002041,2003.0,1,1,0,0,0,0
002041,2009.0,1,1,0,0,0,0
002041,2013.0,1,1,0,0,0,0
002043,2004.0,1,0,0,0,0,0
002043,2006.0,1,1,0,0,0,0
002043,2007.0,3,3,0,0,0,0
002043,2008.0,3,0,0,0,0,0
002043,2009.0,33,0,0,0,0,0
002043,2010.0,4,3,0,0,0,0
002043,2013.0,1,0,0,0,0,0
002043,2015.0,20,15,0,0,0,0
002043,2016.0,1,1,0,0,0,0
002044,2007.0,4,0,0,0,0,0
002044,2008.0,2,2,0,0,0,0
002044,2009.0,2,2,0,0,0,0
002044,2010.0,3,0,0,0,0,0
002044,2011.0,5,2,0,0,0,0
002044,2012.0,1,1,0,0,0,0
002045,2003.0,1,0,0,0,0,0
002045,2005.0,2,0,0,0,0,0
002045,2006.0,6,0,0,0,0,0
002045,2007.0,4,0,0,0,0,0
002045,2008.0,6,0,0,0,0,0
002045,2009.0,12,1,0,0,0,0
002045,2010.0,11,3,0,0,0,0
002045,2011.0,51,2,0,0,0,0
002045,2012.0,44,1,0,0,0,0
002045,2013.0,68,5,0,0,0,0
002045,2014.0,27,2,0,0,0,0
002045,2018.0,18,7,0,0,0,0
002046,2009.0,69,29,0,0,0,0
002046,2010.0,99,36,0,0,0,0
002046,2011.0,73,32,0,0,0,0
002046,2012.0,4,0,0,0,0,0
002048,2007.0,10,0,0,0,0,0
002049,2010.0,5,0,0,0,0,0
002049,2011.0,1,1,0,0,0,0
002051,2017.0,1,1,0,0,0,0
002051,2020.0,1,1,0,0,0,0
002052,2009.0,7,7,0,0,0,0
002052,2010.0,10,10,0,1,0,1
002053,2006.0,1,1,0,0,0,0
002053,2008.0,2,2,0,0,0,0
002053,2009.0,2,2,0,0,0,0
002053,2013.0,1,1,0,0,0,0
002053,2017.0,1,1,0,0,0,0
002053,2019.0,5,0,0,0,0,0
002053,2020.0,1,0,0,0,0,0
002054,2011.0,1,1,0,0,0,0
002055,2008.0,2,0,0,0,0,0
002055,2009.0,2,0,0,0,0,0
002055,2010.0,36,0,0,0,0,0
002055,2011.0,28,0,0,0,0,0
002056,2006.0,6,6,0,0,0,0
002056,2007.0,5,4,0,0,0,0
002056,2009.0,1,1,0,0,0,0
002056,2011.0,1,1,0,0,0,0
002057,2010.0,1,0,0,0,0,0
002057,2011.0,6,3,0,0,0,0
002057,2012.0,8,2,0,0,0,0
002057,2013.0,5,1,0,0,0,0
002058,2006.0,3,1,0,0,0,0
002058,2007.0,4,0,0,0,0,0
002058,2008.0,4,0,0,0,0,0
002058,2009.0,1,1,0,0,0,0
002060,2008.0,1,0,0,0,0,0
002060,2010.0,7,1,0,0,0,0
002060,2011.0,4,3,0,0,0,0
002061,2008.0,2,1,0,0,0,0
002062,2009.0,2,2,0,0,0,0
002066,2008.0,3,3,0,0,0,0
002066,2009.0,1,0,0,0,0,0
002066,2010.0,8,4,0,0,0,0
002066,2011.0,13,6,0,0,0,0
002066,2012.0,16,8,0,0,0,0
002066,2013.0,8,4,0,0,0,0
002066,2014.0,1,1,0,0,0,0
002066,2016.0,2,2,0,0,0,0
002067,2004.0,1,0,0,0,0,0
002067,2005.0,1,1,0,0,0,0
002069,2007.0,2,2,0,0,0,0
002070,2009.0,1,1,0,0,0,0
002070,2011.0,4,0,0,0,0,0
002071,2006.0,8,0,0,0,0,0
002071,2007.0,16,0,0,0,0,0
002071,2008.0,17,0,0,0,0,0
002072,2006.0,2,2,0,0,0,0
002073,2006.0,6,0,0,0,0,0
002073,2007.0,28,0,0,0,0,0
002073,2008.0,34,6,0,0,0,0
002073,2022.0,1,1,0,0,0,0
002074,2008.0,1,1,0,0,0,0
002075,2016.0,1,0,0,0,0,0
002075,2018.0,2,2,0,0,0,0
002075,2019.0,1,1,0,0,0,0
002075,2020.0,1,1,0,0,0,0
002076,2005.0,2,0,0,0,0,0
002076,2007.0,14,0,0,0,0,0
002076,2008.0,15,1,0,0,0,0
002076,2009.0,6,0,0,0,0,0
002076,2011.0,2,0,0,0,0,0
002076,2012.0,1,0,0,0,0,0
002076,2013.0,11,0,0,0,0,0
002076,2014.0,13,0,0,0,0,0
002077,2022.0,5,0,0,0,0,0
002077,2023.0,2,1,0,0,0,0
002078,2007.0,10,2,0,0,0,0
002078,2008.0,14,0,0,0,0,0
002078,2009.0,10,0,0,0,0,0
002078,2010.0,20,4,0,0,0,0
002078,2011.0,6,3,0,0,0,0
002078,2021.0,1,1,0,0,0,0
002078,2022.0,1,1,0,0,0,0
002079,2003.0,1,0,0,0,0,0
002079,2006.0,1,1,0,0,0,0
002079,2017.0,1,1,0,0,0,0
002080,2006.0,9,5,0,0,0,0
002080,2007.0,23,7,0,0,0,0
002080,2008.0,13,6,0,0,0,0
002080,2009.0,20,6,0,0,0,0
002080,2010.0,34,21,0,0,0,0
002080,2011.0,40,25,0,0,0,0
002080,2012.0,28,19,0,0,0,0
002080,2013.0,1,0,0,0,0,0
002080,2015.0,4,0,0,0,0,0
002080,2016.0,89,31,0,0,0,0
002080,2017.0,2,0,0,0,0,0
002080,2018.0,136,39,0,0,0,0
002080,2019.0,130,37,0,0,0,0
002080,2020.0,224,59,0,0,0,0
002080,2021.0,271,72,0,0,0,0
002080,2022.0,286,145,1,3,1,3
002080,2023.0,280,141,0,0,0,0
002080,2024.0,2,1,0,0,0,0
002081,2006.0,1,0,0,0,0,0
002081,2009.0,4,1,0,0,0,0
002081,2010.0,4,2,0,0,0,0
002081,2011.0,9,0,0,0,0,0
002081,2012.0,14,0,0,0,0,0
002082,2005.0,1,1,0,0,0,0
002082,2009.0,2,2,0,0,0,0
002082,2011.0,4,2,0,0,0,0
002082,2012.0,16,1,0,0,0,0
002082,2013.0,14,12,0,0,0,0
002082,2014.0,8,7,0,0,0,0
002082,2015.0,12,6,0,0,0,0
002082,2016.0,7,7,0,0,0,0
002082,2017.0,9,5,0,0,0,0
002082,2018.0,11,5,0,0,0,0
002082,2019.0,8,2,0,0,0,0
002082,2020.0,7,2,0,0,0,0
002082,2021.0,5,3,0,0,0,0
002082,2022.0,5,3,0,0,0,0
002082,2023.0,8,6,0,0,0,0
002082,2024.0,16,4,0,0,0,0
002083,2010.0,1,1,0,0,0,0
002083,2011.0,2,2,0,0,0,0
002083,2016.0,1,1,0,0,0,0
002084,2010.0,17,0,0,0,0,0
002084,2011.0,14,2,0,0,0,0
002084,2012.0,5,0,0,0,0,0
002084,2014.0,1,1,0,0,0,0
002088,2007.0,10,4,0,0,0,0
002088,2008.0,10,4,0,0,0,0
002088,2009.0,18,2,0,0,0,0
002088,2010.0,3,0,0,0,0,0
002088,2011.0,7,2,0,0,0,0
002090,2007.0,2,0,0,0,0,0
002090,2008.0,5,1,0,0,0,0
002090,2009.0,20,12,0,0,0,0
002090,2010.0,2,2,0,0,0,0
002090,2011.0,5,5,0,0,0,0
002091,2004.0,1,0,0,0,0,0
002091,2006.0,8,6,0,0,0,0
002091,2007.0,13,11,0,0,0,0
002091,2009.0,6,6,0,0,0,0
002091,2010.0,3,3,0,0,0,0
002091,2011.0,13,6,0,0,0,0
002091,2012.0,41,23,0,0,0,0
002091,2013.0,4,4,0,0,0,0
002091,2014.0,5,5,0,0,0,0
002091,2015.0,21,21,0,0,0,0
002091,2016.0,38,38,0,0,0,0
002091,2017.0,29,26,0,0,0,0
002091,2018.0,10,8,0,0,0,0
002091,2019.0,6,6,0,0,0,0
002091,2021.0,3,3,0,0,0,0
002091,2022.0,5,5,0,0,0,0
002091,2023.0,2,2,0,0,0,0
002092,2011.0,7,0,0,0,0,0
002092,2012.0,18,0,0,0,0,0
002092,2013.0,10,0,0,0,0,0
002092,2014.0,24,1,0,0,0,0
002092,2015.0,2,0,0,0,0,0
002092,2016.0,1,1,0,0,0,0
002096,2009.0,4,0,0,0,0,0
002096,2010.0,8,0,0,0,0,0
002096,2012.0,4,0,0,0,0,0
002096,2013.0,1,0,0,0,0,0
002096,2016.0,7,4,0,0,0,0
002096,2017.0,7,2,0,0,0,0
002096,2018.0,8,2,0,0,0,0
002096,2019.0,26,0,0,0,0,0
002096,2020.0,19,0,0,0,0,0
002096,2021.0,18,2,0,0,0,0
002096,2022.0,3,0,0,0,0,0
002097,2013.0,2,0,0,0,0,0
002097,2015.0,2,2,0,0,0,0
002098,2008.0,12,3,0,0,0,0
002098,2009.0,2,1,0,0,0,0
002098,2010.0,2,1,0,0,0,0
002098,2011.0,12,10,0,0,0,0
002099,2023.0,1,1,0,0,0,0
002100,2003.0,4,0,0,0,0,0
002100,2005.0,2,2,0,0,0,0
002100,2006.0,2,0,0,0,0,0
002101,2011.0,2,2,0,0,0,0
002101,2012.0,3,0,0,0,0,0
002101,2013.0,1,0,0,0,0,0
002101,2019.0,1,1,0,0,0,0
002101,2022.0,1,1,0,0,0,0
002102,2004.0,2,0,0,0,0,0
002102,2006.0,2,0,0,0,0,0
002102,2008.0,16,0,0,0,0,0
002102,2010.0,4,0,0,0,0,0
002102,2011.0,21,0,0,0,0,0
002102,2012.0,7,0,0,0,0,0
002102,2023.0,1,1,0,0,0,0
002103,2007.0,9,0,0,0,0,0
002103,2008.0,44,0,0,0,0,0
002103,2009.0,33,1,0,0,0,0
002103,2010.0,18,0,0,0,0,0
002103,2011.0,9,0,0,0,0,0
002103,2012.0,20,0,0,0,0,0
002103,2013.0,31,0,0,0,0,0
002103,2014.0,10,0,0,0,0,0
002103,2015.0,4,0,0,0,0,0
002105,2011.0,19,0,0,0,0,0
002107,2005.0,1,1,0,0,0,0
002107,2006.0,2,2,0,0,0,0
002107,2007.0,1,1,0,0,0,0
002107,2008.0,1,1,0,0,0,0
002107,2009.0,2,2,0,0,0,0
002107,2011.0,1,1,0,0,0,0
002107,2012.0,5,5,0,0,0,0
002107,2013.0,2,2,0,0,0,0
002107,2014.0,4,4,0,0,0,0
002107,2015.0,4,4,0,0,0,0
002107,2016.0,2,2,0,0,0,0
002107,2017.0,5,5,0,0,0,0
002107,2019.0,2,2,0,0,0,0
002107,2020.0,5,5,0,0,0,0
002107,2021.0,4,4,0,0,0,0
002107,2022.0,4,4,0,0,0,0
002107,2023.0,6,6,0,0,0,0
002107,2024.0,2,2,0,0,0,0
002107,2025.0,1,0,0,0,0,0
002108,2004.0,2,0,0,0,0,0
002108,2005.0,2,0,0,0,0,0
002110,2008.0,2,0,0,0,0,0
002110,2009.0,36,0,0,0,0,0
002110,2010.0,41,2,0,0,0,0
002110,2011.0,23,0,0,0,0,0
002110,2012.0,22,2,0,0,0,0
002110,2013.0,16,0,0,0,0,0
002110,2014.0,21,0,0,0,0,0
002110,2015.0,20,0,0,0,0,0
002110,2017.0,1,1,0,0,0,0
002110,2018.0,15,1,0,0,0,0
002110,2019.0,30,0,0,0,0,0
002110,2020.0,41,6,0,0,0,0
002110,2021.0,39,5,0,0,0,0
002110,2022.0,61,5,0,1,0,0
002111,2009.0,21,1,0,0,0,0
002111,2010.0,34,3,0,0,0,0
002111,2011.0,38,7,0,0,0,0
002115,2007.0,2,1,0,0,0,0
002117,2008.0,6,0,0,0,0,0
002117,2009.0,5,0,0,0,0,0
002117,2010.0,8,2,0,0,0,0
002118,2012.0,11,11,0,0,0,0
002118,2015.0,1,1,0,0,0,0
002118,2017.0,3,3,0,0,0,0
002118,2018.0,5,5,0,0,0,0
002118,2019.0,2,1,0,0,0,0
002118,2020.0,1,0,0,0,0,0
002119,2007.0,7,0,0,0,0,0
002119,2008.0,11,4,0,0,0,0
002119,2009.0,1,1,0,0,0,0
002119,2010.0,10,4,0,0,0,0
002119,2011.0,22,5,0,0,0,0
002120,2006.0,8,1,0,0,0,0
002120,2007.0,21,0,0,0,0,0
002120,2008.0,42,1,0,0,0,0
002120,2009.0,12,5,0,0,0,0
002120,2010.0,11,2,0,0,0,0
002120,2011.0,31,6,0,0,0,0
002120,2012.0,12,7,0,0,0,0
002120,2013.0,12,5,0,0,0,0
002120,2014.0,15,3,0,0,0,0
002120,2015.0,10,7,0,0,0,0
002121,2009.0,3,0,0,0,0,0
002121,2010.0,1,0,0,0,0,0
002121,2011.0,37,0,0,0,0,0
002121,2012.0,48,0,0,0,0,0
002121,2013.0,11,0,0,0,0,0
002121,2014.0,1,0,0,0,0,0
002121,2018.0,122,36,0,0,0,0
002121,2019.0,140,33,0,0,0,0
002121,2020.0,103,18,0,0,0,0
002121,2021.0,35,0,0,0,0,0
002122,2007.0,9,0,0,0,0,0
002122,2008.0,16,1,0,0,0,0
002122,2009.0,1,1,0,0,0,0
002124,2007.0,2,0,0,0,0,0
002124,2010.0,14,2,0,0,0,0
002124,2011.0,8,2,0,0,0,0
002124,2012.0,17,3,0,0,0,0
002124,2013.0,3,3,0,0,0,0
002124,2014.0,2,0,0,0,0,0
002124,2017.0,1,1,0,0,0,0
002124,2018.0,2,2,0,0,0,0
002125,2009.0,1,1,0,0,0,0
002125,2014.0,1,1,0,0,0,0
002125,2016.0,1,1,0,0,0,0
002125,2018.0,5,0,0,0,0,0
002125,2019.0,1,1,0,0,0,0
002125,2020.0,15,0,0,0,0,0
002125,2021.0,1,1,0,0,0,0
002126,2005.0,5,0,0,0,0,0
002126,2006.0,4,0,0,0,0,0
002126,2007.0,4,0,0,0,0,0
002126,2008.0,9,1,0,0,0,0
002126,2009.0,11,1,0,0,0,0
002126,2010.0,19,1,0,0,0,0
002126,2011.0,20,2,0,0,0,0
002129,2019.0,2,2,0,0,0,0
002130,2015.0,1,1,0,0,0,0
002131,2013.0,1,1,0,0,0,0
002131,2015.0,2,2,0,0,0,0
002131,2019.0,1,1,0,0,0,0
002131,2020.0,1,1,0,0,0,0
002135,2007.0,6,2,0,0,0,0
002135,2008.0,6,0,0,0,0,0
002135,2009.0,6,2,0,0,0,0
002135,2010.0,16,5,0,0,0,0
002135,2011.0,11,1,0,0,0,0
002135,2012.0,30,6,0,0,0,0
002135,2013.0,8,3,0,0,0,0
002135,2014.0,37,7,0,0,0,0
002136,2006.0,1,1,0,0,0,0
002136,2009.0,2,1,0,0,0,0
002136,2010.0,1,0,0,0,0,0
002137,2017.0,1,1,0,0,0,0
002138,2001.0,4,0,0,0,0,0
002138,2002.0,2,0,0,0,0,0
002138,2004.0,2,2,0,0,0,0
002138,2005.0,2,2,0,0,0,0
002138,2007.0,9,2,0,0,0,0
002138,2008.0,5,3,0,0,0,0
002138,2009.0,2,2,0,0,0,0
002139,2002.0,1,0,0,0,0,0
002139,2003.0,1,0,0,0,0,0
002139,2005.0,2,0,0,0,0,0
002139,2006.0,1,0,0,0,0,0
002139,2007.0,5,0,0,0,0,0
002139,2008.0,20,2,0,0,0,0
002139,2009.0,36,8,0,0,0,0
002139,2010.0,38,4,0,0,0,0
002139,2011.0,19,1,0,0,0,0
002139,2012.0,1,1,0,0,0,0
002140,2006.0,2,1,0,0,0,0
002140,2008.0,3,2,0,0,0,0
002140,2009.0,2,2,0,0,0,0
002140,2011.0,2,2,0,0,0,0
002140,2012.0,3,0,0,0,0,0
002140,2013.0,8,1,0,0,0,0
002140,2014.0,10,2,0,0,0,0
002140,2016.0,16,11,0,0,0,0
002140,2017.0,4,3,0,0,0,0
002140,2018.0,11,4,0,0,0,0
002140,2019.0,14,6,0,0,0,0
002140,2021.0,1,1,0,0,0,0
002140,2023.0,1,1,0,0,0,0
002141,2004.0,2,0,0,0,0,0
002144,2007.0,1,1,0,0,0,0
002145,2015.0,1,1,0,0,0,0
002145,2017.0,3,2,0,0,0,0
002145,2020.0,2,1,0,0,0,0
002145,2023.0,1,1,0,0,0,0
002147,2005.0,2,0,0,0,0,0
002147,2007.0,2,2,0,0,0,0
002147,2009.0,10,0,0,0,0,0
002147,2010.0,22,2,0,0,0,0
002147,2011.0,7,2,0,0,0,0
002147,2012.0,22,1,0,0,0,0
002147,2013.0,14,6,0,0,0,0
002149,2003.0,1,0,0,0,0,0
002149,2010.0,15,5,0,0,0,0
002149,2011.0,20,8,0,0,0,0
002149,2012.0,3,2,0,0,0,0
002150,2006.0,9,0,0,0,0,0
002150,2007.0,16,0,0,0,0,0
002150,2008.0,36,2,0,0,0,0
002150,2009.0,24,2,0,0,0,0
002150,2010.0,81,2,0,0,0,0
002150,2011.0,22,0,0,0,0,0
002150,2012.0,2,0,0,0,0,0
002151,2009.0,1,0,0,0,0,0
002151,2010.0,5,2,0,0,0,0
002151,2011.0,6,5,0,0,0,0
002151,2012.0,1,0,0,0,0,0
002152,2007.0,2,0,0,0,0,0
002152,2008.0,4,1,0,0,0,0
002152,2009.0,19,7,0,0,0,0
002152,2010.0,49,18,0,0,0,0
002152,2011.0,26,19,0,0,0,0
002152,2012.0,46,35,0,0,0,0
002158,2000.0,1,1,0,0,0,0
002158,2006.0,5,0,0,0,0,0
002158,2007.0,16,0,0,0,0,0
002158,2008.0,14,0,0,0,0,0
002158,2009.0,1,0,0,0,0,0
002158,2012.0,1,1,0,0,0,0
002158,2014.0,1,1,0,0,0,0
002158,2016.0,1,1,0,0,0,0
002158,2017.0,1,1,0,0,0,0
002158,2019.0,1,0,0,0,0,0
002160,2008.0,2,1,0,0,0,0
002160,2009.0,3,3,0,0,0,0
002160,2010.0,2,2,0,0,0,0
002160,2011.0,2,2,0,0,0,0
002160,2015.0,2,1,0,0,0,0
002160,2016.0,6,2,0,0,0,0
002160,2017.0,10,3,0,0,0,0
002160,2018.0,15,3,0,0,0,0
002160,2019.0,8,0,0,0,0,0
002161,2008.0,22,1,0,0,0,0
002161,2009.0,21,0,0,0,0,0
002161,2010.0,35,2,0,0,0,0
002161,2011.0,33,5,0,0,0,0
002162,2008.0,1,1,0,0,0,0
002162,2009.0,4,1,0,0,0,0
002162,2010.0,4,0,0,0,0,0
002162,2012.0,4,0,0,0,0,0
002162,2016.0,1,1,0,0,0,0
002164,2007.0,10,0,0,0,0,0
002164,2008.0,14,0,0,0,0,0
002164,2009.0,22,4,0,0,0,0
002164,2010.0,21,0,0,0,0,0
002164,2011.0,4,1,0,0,0,0
002164,2012.0,5,2,0,0,0,0
002164,2013.0,2,0,0,0,0,0
002164,2016.0,10,2,0,0,0,0
002164,2017.0,6,1,0,0,0,0
002164,2018.0,7,1,0,0,0,0
002164,2019.0,1,0,0,0,0,0
002165,2006.0,4,0,0,0,0,0
002165,2007.0,3,3,0,0,0,0
002165,2008.0,6,6,0,0,0,0
002165,2009.0,6,6,0,0,0,0
002165,2010.0,6,6,0,0,0,0
002165,2011.0,8,8,0,0,0,0
002165,2012.0,2,1,0,0,0,0
002165,2013.0,3,3,0,0,0,0
002165,2014.0,2,1,0,0,0,0
002165,2016.0,6,6,0,0,0,0
002166,2004.0,6,6,0,0,0,0
002166,2006.0,3,3,0,0,0,0
002166,2007.0,15,15,0,0,0,0
002166,2008.0,6,6,0,0,0,0
002166,2009.0,15,15,0,0,0,0
002166,2010.0,10,10,0,0,0,0
002166,2011.0,10,10,0,0,0,0
002166,2012.0,18,18,0,0,0,0
002166,2013.0,4,4,0,0,0,0
002166,2015.0,3,3,0,0,0,0
002166,2016.0,7,7,0,0,0,0
002166,2021.0,1,1,0,0,0,0
002166,2023.0,1,1,0,0,0,0
002167,1998.0,2,2,0,0,0,0
002167,2004.0,1,1,0,0,0,0
002167,2006.0,1,1,0,0,0,0
002167,2007.0,2,2,0,0,0,0
002167,2008.0,2,2,0,0,0,0
002167,2010.0,1,1,0,0,0,0
002167,2017.0,2,0,0,0,0,0
002167,2019.0,1,1,0,0,0,0
002167,2020.0,5,0,0,0,0,0
002168,2001.0,3,0,0,0,0,0
002168,2002.0,3,0,0,0,0,0
002168,2005.0,4,0,0,0,0,0
002168,2006.0,1,0,0,0,0,0
002169,1998.0,2,2,0,0,0,0
002170,2005.0,1,1,0,0,0,0
002170,2009.0,1,1,0,0,0,0
002170,2012.0,1,1,0,0,0,0
002170,2014.0,5,5,0,0,0,0
002170,2015.0,2,2,0,0,0,0
002170,2016.0,4,3,0,0,0,0
002170,2017.0,2,2,0,0,0,0
002170,2018.0,2,1,0,0,0,0
002170,2019.0,6,6,0,0,0,0
002170,2020.0,5,3,0,0,0,0
002170,2021.0,12,12,0,0,0,0
002170,2022.0,18,14,0,0,0,0
002170,2023.0,15,14,0,0,0,0
002170,2024.0,19,19,0,0,0,0
002171,2008.0,1,1,0,0,0,0
002171,2009.0,1,1,0,0,0,0
002171,2010.0,11,1,0,0,0,0
002171,2011.0,13,1,0,0,0,0
002171,2012.0,10,0,0,0,0,0
002173,2004.0,2,2,0,0,0,0
002173,2006.0,11,4,0,0,0,0
002173,2007.0,3,3,0,0,0,0
002173,2008.0,3,1,0,0,0,0
002173,2010.0,16,15,0,0,0,0
002173,2011.0,5,5,0,0,0,0
002173,2012.0,5,5,0,0,0,0
002174,2006.0,2,0,0,0,0,0
002174,2010.0,4,0,0,0,0,0
002174,2011.0,14,0,0,0,0,0
002174,2012.0,2,0,0,0,0,0
002175,2004.0,1,1,0,0,0,0
002175,2008.0,7,0,0,0,0,0
002175,2009.0,1,0,0,0,0,0
002175,2010.0,5,0,0,0,0,0
002175,2011.0,6,2,0,0,0,0
002175,2012.0,3,2,0,0,0,0
002175,2014.0,7,0,0,0,0,0
002175,2015.0,5,0,0,0,0,0
002175,2017.0,3,0,0,0,0,0
002175,2018.0,4,2,0,0,0,0
002175,2019.0,7,0,0,0,0,0
002175,2020.0,5,1,0,0,0,0
002175,2021.0,1,0,0,0,0,0
002176,2007.0,1,0,0,0,0,0
002176,2012.0,6,2,0,0,0,0
002176,2014.0,1,1,0,0,0,0
002176,2015.0,1,1,0,0,0,0
002177,2009.0,1,0,0,0,0,0
002177,2010.0,19,0,0,0,0,0
002177,2011.0,14,4,0,0,0,0
002179,2007.0,1,0,0,0,0,0
002179,2008.0,2,2,0,0,0,0
002182,2006.0,1,1,0,0,0,0
002182,2007.0,10,2,0,0,0,0
002182,2008.0,4,1,0,0,0,0
002182,2009.0,8,7,0,0,0,0
002182,2010.0,2,1,0,0,0,0
002182,2015.0,18,0,0,0,0,0
002182,2017.0,28,2,0,0,0,0
002182,2018.0,16,8,0,0,0,0
002182,2019.0,60,9,0,0,0,0
002182,2020.0,66,2,0,0,0,0
002182,2021.0,95,14,0,0,0,0
002182,2022.0,98,16,0,0,0,0
002182,2023.0,90,24,0,0,0,0
002182,2024.0,4,0,0,0,0,0
002184,2008.0,3,0,0,0,0,0
002185,2014.0,2,2,0,0,0,0
002188,2004.0,5,1,0,0,0,0
002188,2005.0,1,0,0,0,0,0
002188,2006.0,3,0,0,0,0,0
002188,2007.0,1,1,0,0,0,0
002188,2008.0,6,0,0,0,0,0
002188,2009.0,15,0,0,0,0,0
002188,2010.0,32,0,0,0,0,0
002188,2011.0,6,0,0,0,0,0
002188,2012.0,4,0,0,0,0,0
002188,2013.0,12,3,0,0,0,0
002188,2014.0,17,2,0,0,0,0
002188,2015.0,6,0,0,0,0,0
002188,2016.0,8,0,0,0,0,0
002188,2017.0,2,0,0,0,0,0
002188,2018.0,1,1,0,0,0,0
002189,2008.0,5,0,0,0,0,0
002189,2009.0,1,0,0,0,0,0
002190,2009.0,23,0,0,0,0,0
002190,2010.0,14,2,0,0,0,0
002190,2011.0,24,4,0,0,0,0
002190,2012.0,13,1,0,0,0,0
002191,2002.0,1,0,0,0,0,0
002191,2004.0,2,1,0,0,0,0
002191,2007.0,3,1,0,0,0,0
002191,2008.0,1,1,0,0,0,0
002191,2009.0,3,1,0,0,0,0
002191,2010.0,6,1,0,0,0,0
002191,2011.0,6,2,0,0,0,0
002191,2012.0,23,2,0,0,0,0
002191,2013.0,18,1,0,0,0,0
002191,2014.0,4,0,0,0,0,0
002191,2015.0,2,0,0,0,0,0
002191,2016.0,77,13,0,0,0,0
002191,2017.0,93,19,0,0,0,0
002191,2018.0,89,12,0,0,0,0
002191,2019.0,115,12,0,0,0,0
002191,2020.0,94,2,0,0,0,0
002191,2021.0,19,0,0,0,0,0
002192,2007.0,4,0,0,0,0,0
002192,2009.0,1,1,0,0,0,0
002192,2010.0,1,0,0,0,0,0
002192,2011.0,1,1,0,0,0,0
002192,2013.0,2,2,0,0,0,0
002192,2018.0,1,1,0,0,0,0
002194,2006.0,7,0,0,0,0,0
002194,2007.0,4,0,0,0,0,0
002194,2008.0,14,0,0,0,0,0
002194,2009.0,20,2,0,0,0,0
002194,2010.0,10,0,0,0,0,0
002194,2011.0,8,3,0,0,0,0
002194,2014.0,2,0,0,0,0,0
002194,2019.0,1,0,0,0,0,0
002194,2021.0,2,0,0,0,0,0
002194,2022.0,2,0,0,0,0,0
002195,2017.0,3,3,0,0,0,0
002195,2018.0,6,4,0,0,0,0
002195,2019.0,3,2,0,0,0,0
002195,2020.0,7,4,0,0,0,0
002196,2007.0,2,0,0,0,0,0
002196,2008.0,4,2,0,0,0,0
002196,2010.0,4,0,0,0,0,0
002196,2011.0,5,0,0,0,0,0
002196,2012.0,1,0,0,0,0,0
002197,2009.0,16,3,0,0,0,0
002198,2007.0,8,2,0,0,0,0
002198,2009.0,5,0,0,0,0,0
002198,2010.0,1,0,0,0,0,0
002198,2011.0,2,2,0,0,0,0
002198,2023.0,2,2,0,0,0,0
002199,2006.0,6,0,0,0,0,0
002199,2009.0,2,0,0,0,0,0
002199,2010.0,2,0,0,0,0,0
002199,2011.0,2,0,0,0,0,0
002199,2012.0,1,1,0,0,0,0
002199,2013.0,2,0,0,0,0,0
002199,2014.0,16,0,0,0,0,0
002199,2015.0,27,1,0,0,0,0
002199,2016.0,12,2,0,0,0,0
002199,2017.0,8,8,0,0,0,0
002199,2018.0,3,1,0,0,0,0
002199,2019.0,10,0,0,0,0,0
002199,2020.0,8,1,0,0,0,0
002201,2004.0,2,0,0,0,0,0
002201,2006.0,6,0,0,0,0,0
002201,2007.0,3,0,0,0,0,0
002201,2008.0,24,2,0,0,0,0
002201,2009.0,34,2,0,0,0,0
002201,2010.0,15,2,0,0,0,0
002201,2011.0,11,6,0,0,0,0
002201,2012.0,8,2,0,0,0,0
002201,2013.0,5,2,0,0,0,0
002201,2014.0,48,16,0,0,0,0
002201,2015.0,12,9,0,0,0,0
002201,2016.0,27,16,0,0,0,0
002201,2017.0,34,14,0,0,0,0
002201,2018.0,19,4,0,0,0,0
002201,2019.0,17,3,0,0,0,0
002201,2020.0,19,1,0,0,0,0
002201,2021.0,22,2,0,0,0,0
002201,2022.0,30,1,0,0,0,0
002201,2023.0,34,4,0,0,0,0
002201,2024.0,13,3,0,0,0,0
002202,2003.0,2,0,0,0,0,0
002202,2004.0,2,0,0,0,0,0
002202,2005.0,4,0,0,0,0,0
002202,2006.0,6,0,0,0,0,0
002202,2007.0,8,2,0,0,0,0
002202,2008.0,10,0,0,0,0,0
002202,2009.0,12,0,0,0,0,0
002202,2010.0,26,2,0,0,0,0
002202,2011.0,27,2,0,0,0,0
002202,2012.0,2,0,0,0,0,0
002203,2021.0,2,1,0,0,0,0
002203,2022.0,2,0,0,0,0,0
002203,2023.0,3,3,0,0,0,0
002203,2024.0,1,1,0,0,0,0
002205,2007.0,4,0,0,0,0,0
002206,2011.0,2,2,0,0,0,0
002207,2007.0,1,0,0,0,0,0
002207,2008.0,2,0,0,0,0,0
002207,2009.0,4,0,0,0,0,0
002207,2012.0,1,0,0,0,0,0
002209,2002.0,2,0,0,0,0,0
002209,2003.0,4,0,0,0,0,0
002209,2004.0,1,0,0,0,0,0
002209,2005.0,2,0,0,0,0,0
002209,2008.0,5,1,0,0,0,0
002209,2009.0,6,1,0,0,0,0
002209,2010.0,15,4,0,0,0,0
002209,2011.0,18,1,0,0,0,0
002209,2012.0,17,1,0,0,0,0
002209,2013.0,6,5,0,0,0,0
002209,2014.0,5,4,0,0,0,0
002209,2015.0,2,2,0,0,0,0
002209,2017.0,5,5,0,0,0,0
002210,2020.0,2,0,0,0,0,0
002211,2006.0,1,1,0,0,0,0
002211,2008.0,1,1,0,0,0,0
002211,2009.0,1,1,0,0,0,0
002211,2010.0,1,0,0,0,0,0
002211,2011.0,4,4,0,0,0,0
002212,2010.0,2,0,0,0,0,0
002213,2000.0,1,0,0,0,0,0
002213,2002.0,2,0,0,0,0,0
002213,2004.0,2,1,0,0,0,0
002213,2006.0,2,0,0,0,0,0
002213,2007.0,3,0,0,0,0,0
002213,2008.0,4,0,0,0,0,0
002213,2017.0,1,1,0,0,0,0
002213,2019.0,1,1,0,0,0,0
002213,2020.0,30,0,0,2,0,0
002213,2025.0,1,0,0,0,0,0
002214,2019.0,2,2,0,0,0,0
002214,2020.0,1,1,0,0,0,0
002215,1999.0,4,4,0,0,0,0
002215,2000.0,2,2,0,0,0,0
002215,2001.0,6,6,0,0,0,0
002215,2003.0,2,2,0,0,0,0
002215,2004.0,2,2,0,0,0,0
002215,2005.0,12,4,0,0,0,0
002215,2006.0,6,2,0,0,0,0
002215,2007.0,44,0,0,0,0,0
002215,2008.0,10,2,0,0,0,0
002215,2009.0,22,8,0,0,0,0
002215,2010.0,6,4,0,0,0,0
002215,2011.0,22,22,0,0,0,0
002215,2012.0,9,9,0,0,0,0
002215,2013.0,3,3,0,0,0,0
002215,2014.0,2,2,0,0,0,0
002215,2016.0,2,2,0,0,0,0
002215,2018.0,3,3,0,0,0,0
002215,2021.0,1,1,0,0,0,0
002215,2022.0,2,2,0,0,0,0
002215,2024.0,4,4,0,0,0,0
002215,2025.0,1,1,0,0,0,0
002217,2007.0,8,0,0,0,0,0
002217,2008.0,10,1,0,0,0,0
002217,2011.0,11,4,0,0,0,0
002218,2001.0,1,0,0,0,0,0
002218,2002.0,1,0,0,0,0,0
002218,2003.0,2,0,0,0,0,0
002218,2007.0,2,0,0,0,0,0
002218,2008.0,2,0,0,0,0,0
002218,2009.0,3,0,0,0,0,0
002220,2006.0,1,1,0,0,0,0
002222,1989.0,1,1,0,0,0,0
002222,1991.0,2,2,0,0,0,0
002222,1996.0,2,2,0,0,0,0
002222,2007.0,2,2,0,0,0,0
002222,2009.0,3,3,0,0,0,0
002222,2010.0,2,0,0,0,0,0
002222,2011.0,2,0,0,0,0,0
002224,2011.0,1,1,0,0,0,0
002225,2004.0,1,1,0,0,0,0
002225,2008.0,8,2,0,0,0,0
002225,2015.0,2,2,0,0,0,0
002225,2017.0,1,1,0,0,0,0
002226,2009.0,2,0,0,0,0,0
002227,2000.0,1,0,0,0,0,0
002227,2010.0,13,0,0,0,0,0
002227,2011.0,1,0,0,0,0,0
002227,2017.0,1,1,0,0,0,0
002227,2018.0,1,0,0,0,0,0
002227,2019.0,1,0,0,0,0,0
002227,2020.0,2,2,0,0,0,0
002227,2022.0,2,2,0,0,0,0
002227,2023.0,1,0,0,0,0,0
002228,2007.0,4,0,0,0,0,0
002228,2008.0,1,0,0,0,0,0
002228,2009.0,2,0,0,0,0,0
002230,2008.0,3,0,0,0,0,0
002230,2009.0,7,0,0,0,0,0
002230,2010.0,15,7,1,1,1,1
002230,2011.0,13,4,0,0,0,0
002231,2009.0,4,0,0,0,0,0
002231,2010.0,6,1,0,0,0,0
002231,2011.0,11,0,0,0,0,0
002231,2012.0,20,2,0,1,0,0
002231,2013.0,35,2,0,1,0,0
002231,2014.0,1,1,0,0,0,0
002231,2015.0,2,2,0,0,0,0
002232,2004.0,6,0,0,0,0,0
002232,2006.0,6,0,0,0,0,0
002232,2007.0,3,0,0,0,0,0
002232,2008.0,3,0,0,0,0,0
002232,2009.0,3,0,0,0,0,0
002232,2010.0,5,0,0,0,0,0
002232,2011.0,49,6,0,0,0,0
002232,2012.0,38,12,0,0,0,0
002232,2013.0,25,20,0,0,0,0
002232,2014.0,5,3,0,0,0,0
002232,2015.0,9,0,0,0,0,0
002232,2016.0,6,6,0,0,0,0
002232,2017.0,24,6,0,0,0,0
002232,2019.0,4,0,0,0,0,0
002232,2020.0,15,0,0,0,0,0
002232,2021.0,13,0,0,0,0,0
002232,2022.0,7,0,0,1,0,0
002232,2023.0,2,0,0,0,0,0
002232,2024.0,19,13,0,2,0,2
002232,2025.0,1,1,0,0,0,0
002234,2016.0,1,1,0,0,0,0
002236,2005.0,7,0,0,0,0,0
002236,2007.0,8,0,0,0,0,0
002236,2008.0,23,1,0,1,0,0
002237,2009.0,6,2,0,0,0,0
002237,2010.0,4,2,0,0,0,0
002237,2011.0,3,2,0,0,0,0
002237,2012.0,1,1,0,0,0,0
002237,2013.0,5,2,0,0,0,0
002237,2014.0,2,2,0,0,0,0
002237,2016.0,1,0,0,0,0,0
002237,2020.0,1,1,0,0,0,0
002237,2021.0,1,0,0,0,0,0
002237,2022.0,1,0,0,0,0,0
002237,2023.0,2,1,0,0,0,0
002237,2024.0,1,0,0,0,0,0
002237,2025.0,1,0,0,0,0,0
002238,2006.0,4,0,0,0,0,0
002238,2009.0,2,0,0,0,0,0
002238,2010.0,7,5,0,3,0,3
002238,2011.0,1,1,0,1,0,1
002238,2014.0,1,0,0,0,0,0
002240,2008.0,6,0,0,0,0,0
002240,2009.0,2,2,0,0,0,0
002240,2010.0,1,1,0,0,0,0
002241,2011.0,1,1,0,0,0,0
002241,2012.0,1,0,0,0,0,0
002241,2013.0,4,1,0,0,0,0
002241,2014.0,14,1,0,0,0,0
002241,2015.0,1,1,0,0,0,0
002242,2000.0,1,0,0,0,0,0
002242,2001.0,6,2,0,0,0,0
002242,2002.0,8,0,0,0,0,0
002242,2003.0,6,1,0,0,0,0
002242,2004.0,9,1,0,0,0,0
002242,2005.0,6,0,0,0,0,0
002242,2006.0,3,1,0,0,0,0
002242,2007.0,16,0,0,0,0,0
002242,2008.0,27,2,0,0,0,0
002242,2009.0,13,0,0,0,0,0
002242,2010.0,17,2,0,0,0,0
002242,2011.0,17,2,0,0,0,0
002243,2022.0,1,1,0,0,0,0
002243,2023.0,1,1,0,0,0,0
002246,2004.0,6,0,0,0,0,0
002246,2005.0,1,1,0,0,0,0
002246,2007.0,2,0,0,0,0,0
002246,2008.0,2,0,0,0,0,0
002246,2009.0,1,1,0,0,0,0
002246,2010.0,1,0,0,0,0,0
002246,2011.0,2,0,0,0,0,0
002246,2012.0,1,0,0,0,0,0
002247,2015.0,11,4,0,0,0,0
002247,2016.0,6,3,0,0,0,0
002247,2017.0,12,4,0,0,0,0
002247,2018.0,3,2,0,0,0,0
002247,2019.0,1,0,0,0,0,0
002247,2020.0,2,1,0,0,0,0
002248,2006.0,1,0,0,0,0,0
002248,2007.0,3,0,0,0,0,0
002248,2008.0,9,2,0,0,0,0
002248,2009.0,5,3,0,0,0,0
002248,2010.0,2,2,0,0,0,0
002248,2011.0,4,4,0,0,0,0
002249,2007.0,1,1,0,0,0,0
002249,2009.0,1,1,0,0,0,0
002249,2011.0,2,2,0,0,0,0
002250,2007.0,1,1,0,0,0,0
002250,2008.0,1,1,0,0,0,0
002250,2012.0,2,2,0,0,0,0
002250,2015.0,7,7,0,0,0,0
002250,2016.0,13,9,0,0,0,0
002250,2017.0,6,6,0,0,0,0
002250,2018.0,2,2,0,0,0,0
002250,2019.0,4,4,0,0,0,0
002250,2020.0,5,5,0,0,0,0
002250,2021.0,5,5,0,0,0,0
002250,2022.0,6,6,0,0,0,0
002250,2023.0,7,7,0,0,0,0
002250,2024.0,8,8,0,0,0,0
002252,2010.0,2,2,0,0,0,0
002253,2006.0,2,0,0,0,0,0
002253,2007.0,7,0,0,0,0,0
002253,2008.0,6,0,0,0,0,0
002253,2009.0,13,13,0,1,0,1
002253,2010.0,16,15,1,3,1,3
002253,2011.0,10,10,2,2,2,2
002253,2012.0,12,12,0,4,0,4
002254,2008.0,1,1,0,0,0,0
002255,2009.0,1,1,0,0,0,0
002255,2010.0,3,0,0,0,0,0
002255,2011.0,1,1,0,0,0,0
002255,2014.0,1,1,0,0,0,0
002255,2019.0,1,1,0,0,0,0
002255,2022.0,1,0,0,0,0,0
002256,2012.0,2,2,0,0,0,0
002258,2008.0,1,1,0,0,0,0
002258,2009.0,5,3,0,0,0,0
002258,2010.0,9,8,0,0,0,0
002258,2015.0,1,1,0,0,0,0
002258,2017.0,1,1,0,0,0,0
002258,2018.0,4,4,0,0,0,0
002258,2020.0,1,1,0,0,0,0
002258,2021.0,4,4,0,0,0,0
002258,2022.0,2,2,0,0,0,0
002258,2024.0,1,1,0,0,0,0
002259,2001.0,10,0,0,0,0,0
002259,2003.0,6,3,0,0,0,0
002259,2004.0,3,0,0,0,0,0
002259,2005.0,18,0,0,0,0,0
002259,2006.0,6,6,0,0,0,0
002259,2007.0,12,5,0,0,0,0
002259,2008.0,5,0,0,0,0,0
002259,2009.0,8,4,0,0,0,0
002259,2011.0,2,1,0,0,0,0
002260,2016.0,28,6,0,0,0,0
002260,2017.0,52,5,0,0,0,0
002260,2018.0,13,0,0,0,0,0
002260,2019.0,82,4,0,0,0,0
002260,2020.0,42,2,0,0,0,0
002262,2008.0,3,3,0,0,0,0
002262,2010.0,3,3,0,0,0,0
002262,2011.0,5,5,0,0,0,0
002262,2017.0,1,1,0,0,0,0
002262,2020.0,3,3,0,0,0,0
002263,2009.0,1,0,0,0,0,0
002263,2010.0,3,0,0,0,0,0
002263,2011.0,4,4,0,0,0,0
002263,2012.0,4,4,0,0,0,0
002263,2016.0,1,1,0,0,0,0
002263,2019.0,1,1,0,0,0,0
002263,2021.0,1,0,0,0,0,0
002263,2023.0,1,1,0,0,0,0
002263,2024.0,1,1,0,0,0,0
002265,2009.0,5,0,0,0,0,0
002265,2010.0,1,0,0,0,0,0
002268,2006.0,8,2,0,0,0,0
002268,2007.0,1,0,0,0,0,0
002268,2008.0,12,12,0,0,0,0
002268,2009.0,6,0,0,0,0,0
002268,2010.0,12,10,0,2,0,2
002268,2011.0,8,6,0,0,0,0
002268,2012.0,1,1,0,0,0,0
002270,2005.0,2,0,0,0,0,0
002271,2008.0,5,0,0,0,0,0
002271,2016.0,1,1,0,0,0,0
002271,2020.0,1,1,0,0,0,0
002272,2008.0,7,0,0,0,0,0
002272,2010.0,2,0,0,0,0,0
002272,2011.0,1,0,0,0,0,0
002273,2007.0,6,0,0,0,0,0
002273,2008.0,3,1,0,0,0,0
002273,2009.0,10,0,0,0,0,0
002273,2010.0,10,0,0,0,0,0
002273,2011.0,12,2,0,0,0,0
002274,2009.0,1,1,0,0,0,0
002274,2010.0,2,2,0,0,0,0
002274,2014.0,1,0,0,0,0,0
002274,2016.0,3,1,0,0,0,0
002274,2017.0,16,0,0,0,0,0
002274,2018.0,4,1,0,0,0,0
002274,2019.0,1,1,0,0,0,0
002274,2020.0,9,4,0,0,0,0
002274,2021.0,22,2,0,0,0,0
002274,2022.0,12,3,0,0,0,0
002274,2023.0,21,10,0,0,0,0
002274,2024.0,15,8,0,0,0,0
002275,2005.0,2,2,0,0,0,0
002275,2006.0,1,1,0,0,0,0
002275,2008.0,1,1,0,0,0,0
002275,2013.0,1,1,0,0,0,0
002276,2009.0,15,0,0,0,0,0
002276,2010.0,19,2,0,0,0,0
002276,2011.0,31,3,0,0,0,0
002276,2013.0,1,1,0,0,0,0
002276,2014.0,1,1,0,0,0,0
002276,2015.0,1,1,0,0,0,0
002276,2019.0,3,3,0,0,0,0
002276,2024.0,2,0,0,0,0,0
002278,2009.0,6,6,0,0,0,0
002278,2011.0,6,6,0,0,0,0
002282,2008.0,1,1,0,0,0,0
002282,2009.0,19,0,0,0,0,0
002282,2010.0,26,0,0,0,0,0
002282,2011.0,28,5,0,0,0,0
002282,2012.0,16,2,0,0,0,0
002282,2013.0,4,4,0,0,0,0
002282,2014.0,5,5,0,0,0,0
002282,2015.0,9,3,0,0,0,0
002282,2016.0,21,6,0,0,0,0
002282,2017.0,2,1,0,0,0,0
002282,2018.0,6,0,0,0,0,0
002282,2019.0,4,2,0,0,0,0
002282,2021.0,4,0,0,0,0,0
002282,2022.0,2,0,0,0,0,0
002283,2009.0,14,2,0,0,0,0
002283,2010.0,21,4,0,0,0,0
002284,2009.0,9,0,0,0,0,0
002284,2010.0,23,1,0,0,0,0
002284,2011.0,16,2,0,0,0,0
002284,2012.0,3,0,0,0,0,0
002286,2006.0,1,1,0,0,0,0
002286,2008.0,4,3,0,0,0,0
002286,2010.0,14,6,0,0,0,0
002286,2011.0,8,8,0,0,0,0
002286,2012.0,7,5,0,0,0,0
002286,2013.0,15,11,0,0,0,0
002286,2014.0,4,3,0,0,0,0
002286,2016.0,1,1,0,0,0,0
002286,2019.0,3,1,0,0,0,0
002286,2020.0,3,2,0,0,0,0
002286,2024.0,1,1,0,0,0,0
002288,2006.0,2,0,0,0,0,0
002288,2008.0,2,2,0,0,0,0
002288,2019.0,1,1,0,0,0,0
002289,2009.0,2,1,0,0,0,0
002289,2010.0,4,1,0,0,0,0
002289,2011.0,2,0,0,0,0,0
002294,2009.0,5,5,0,0,0,0
002294,2010.0,9,6,0,0,0,0
002294,2012.0,9,8,0,0,0,0
002294,2013.0,18,17,0,0,0,0
002294,2015.0,13,8,0,0,0,0
002294,2016.0,24,22,0,0,0,0
002294,2017.0,15,12,0,0,0,0
002294,2018.0,22,20,0,0,0,0
002294,2019.0,26,18,0,0,0,0
002294,2021.0,37,16,0,0,0,0
002294,2022.0,28,25,0,0,0,0
002294,2023.0,46,41,0,0,0,0
002294,2024.0,69,47,0,0,0,0
002295,2010.0,3,1,0,0,0,0
002296,2007.0,2,0,0,0,0,0
002296,2008.0,10,0,0,0,0,0
002296,2009.0,4,0,0,0,0,0
002296,2010.0,1,0,0,0,0,0
002296,2012.0,31,6,0,1,0,1
002296,2014.0,2,0,0,0,0,0
002296,2015.0,19,9,0,0,0,0
002296,2016.0,23,7,0,0,0,0
002296,2017.0,18,4,0,0,0,0
002296,2018.0,82,12,0,1,0,0
002296,2019.0,32,4,0,0,0,0
002296,2020.0,34,17,0,1,0,1
002296,2021.0,58,9,1,1,0,0
002296,2022.0,3,0,0,0,0,0
002297,2009.0,1,1,0,0,0,0
002297,2010.0,1,1,0,0,0,0
002297,2018.0,3,3,0,0,0,0
002297,2019.0,2,0,0,0,0,0
002297,2020.0,3,1,0,0,0,0
002300,2010.0,2,0,0,0,0,0
002303,2001.0,3,0,0,0,0,0
002303,2002.0,2,0,0,0,0,0
002303,2004.0,4,0,0,0,0,0
002303,2006.0,3,0,0,0,0,0
002303,2008.0,4,0,0,0,0,0
002303,2009.0,22,2,0,0,0,0
002303,2010.0,22,4,0,1,0,0
002303,2011.0,1,0,0,0,0,0
002307,2010.0,2,0,0,0,0,0
002307,2011.0,6,0,0,0,0,0
002308,2007.0,1,1,0,1,0,1
002308,2010.0,1,1,0,0,0,0
002310,2017.0,31,15,0,0,0,0
002310,2018.0,1,0,0,0,0,0
002310,2021.0,1,0,0,0,0,0
002310,2022.0,1,0,0,0,0,0
002310,2023.0,1,1,0,0,0,0
002311,2009.0,5,0,0,0,0,0
002311,2010.0,1,1,0,0,0,0
002312,2010.0,19,0,0,0,0,0
002312,2024.0,3,3,0,0,0,0
002313,2010.0,43,0,0,0,0,0
002313,2011.0,19,0,0,0,0,0
002316,2009.0,1,0,0,0,0,0
002316,2010.0,1,1,0,0,0,0
002317,2006.0,2,2,0,0,0,0
002317,2009.0,1,1,0,0,0,0
002317,2010.0,8,7,0,0,0,0
002317,2012.0,1,1,0,0,0,0
002317,2013.0,1,1,0,0,0,0
002317,2014.0,6,6,0,0,0,0
002317,2015.0,2,2,0,0,0,0
002317,2016.0,11,11,0,0,0,0
002317,2017.0,5,5,0,0,0,0
002317,2018.0,9,2,0,0,0,0
002317,2019.0,32,22,0,0,0,0
002317,2020.0,7,6,0,0,0,0
002323,2006.0,1,0,0,0,0,0
002323,2008.0,3,0,0,0,0,0
002323,2009.0,4,0,0,0,0,0
002323,2010.0,1,0,0,0,0,0
002323,2012.0,9,0,0,0,0,0
002323,2014.0,12,0,0,0,0,0
002323,2015.0,15,0,0,0,0,0
002323,2016.0,36,3,0,0,0,0
002323,2017.0,40,4,0,0,0,0
002323,2018.0,5,3,0,0,0,0
002324,2023.0,1,1,0,0,0,0
002325,2009.0,1,1,0,0,0,0
002325,2010.0,1,1,0,0,0,0
002325,2011.0,24,3,0,0,0,0
002325,2012.0,36,2,0,0,0,0
002325,2013.0,56,2,0,0,0,0
002325,2014.0,41,2,0,0,0,0
002325,2015.0,37,3,0,0,0,0
002325,2016.0,12,1,0,0,0,0
002325,2017.0,4,2,0,0,0,0
002325,2018.0,6,0,0,0,0,0
002325,2019.0,28,13,0,0,0,0
002326,2009.0,2,2,0,0,0,0
002326,2016.0,1,1,0,0,0,0
002326,2019.0,6,6,0,0,0,0
002326,2020.0,11,11,0,0,0,0
002326,2021.0,2,2,0,0,0,0
002326,2022.0,3,3,0,0,0,0
002328,2008.0,2,0,0,0,0,0
002328,2009.0,22,2,0,0,0,0
002328,2010.0,15,2,0,0,0,0
002328,2011.0,4,0,0,0,0,0
002330,2023.0,3,3,0,0,0,0
002332,2009.0,2,2,0,0,0,0
002332,2010.0,1,1,0,0,0,0
002332,2011.0,1,1,0,0,0,0
002332,2012.0,3,3,0,0,0,0
002332,2015.0,5,5,0,0,0,0
002332,2016.0,2,2,0,0,0,0
002332,2017.0,4,4,0,0,0,0
002332,2018.0,1,1,0,0,0,0
002332,2019.0,6,5,0,0,0,0
002332,2020.0,6,6,0,0,0,0
002332,2021.0,1,1,0,0,0,0
002334,2017.0,1,1,0,0,0,0
002334,2020.0,1,1,0,0,0,0
002335,2020.0,2,2,0,0,0,0
002337,2010.0,17,8,0,0,0,0
002337,2011.0,3,0,0,0,0,0
002337,2012.0,20,11,0,0,0,0
002337,2013.0,5,0,0,0,0,0
002338,2005.0,1,0,0,0,0,0
002338,2006.0,1,0,0,0,0,0
002338,2007.0,3,0,0,0,0,0
002338,2008.0,2,0,0,0,0,0
002338,2010.0,6,6,0,0,0,0
002338,2011.0,10,8,2,2,2,2
002338,2012.0,2,0,0,0,0,0
002338,2013.0,10,8,0,0,0,0
002338,2014.0,6,6,0,0,0,0
002338,2015.0,4,4,0,0,0,0
002338,2016.0,2,0,0,0,0,0
002338,2017.0,6,0,0,0,0,0
002338,2018.0,8,2,0,0,0,0
002338,2019.0,15,1,0,0,0,0
002338,2020.0,12,0,0,0,0,0
002338,2021.0,14,4,0,0,0,0
002338,2022.0,22,1,0,0,0,0
002338,2023.0,8,1,0,0,0,0
002338,2024.0,23,19,0,0,0,0
002339,2021.0,1,1,0,0,0,0
002340,2001.0,2,0,0,0,0,0
002341,2007.0,4,0,0,0,0,0
002341,2008.0,4,0,0,0,0,0
002341,2009.0,29,0,0,0,0,0
002341,2010.0,10,1,0,0,0,0
002341,2011.0,3,1,0,0,0,0
002341,2014.0,3,1,0,0,0,0
002342,2016.0,1,0,0,0,0,0
002342,2017.0,4,1,0,0,0,0
002342,2018.0,1,0,0,0,0,0
002343,2009.0,4,1,0,0,0,0
002347,2015.0,1,0,0,0,0,0
002347,2017.0,1,1,0,0,0,0
002347,2022.0,1,1,0,0,0,0
002348,2010.0,23,0,0,0,0,0
002350,2000.0,2,2,0,0,0,0
002350,2003.0,1,1,0,0,0,0
002350,2004.0,1,0,0,0,0,0
002350,2006.0,2,0,0,0,0,0
002350,2007.0,2,0,0,0,0,0
002350,2008.0,4,0,0,0,0,0
002350,2009.0,13,0,0,0,0,0
002350,2010.0,5,0,0,0,0,0
002350,2011.0,13,0,0,0,0,0
002350,2012.0,33,1,0,0,0,0
002350,2017.0,1,1,0,0,0,0
002351,2012.0,19,1,0,0,0,0
002351,2013.0,2,0,0,0,0,0
002351,2014.0,2,1,0,0,0,0
002351,2016.0,34,1,0,0,0,0
002351,2017.0,32,0,0,0,0,0
002351,2018.0,28,3,0,0,0,0
002351,2019.0,27,4,0,0,0,0
002351,2020.0,75,0,0,0,0,0
002351,2021.0,91,0,0,0,0,0
002351,2022.0,111,2,0,0,0,0
002351,2023.0,92,0,0,0,0,0
002351,2024.0,133,5,0,0,0,0
002351,2025.0,17,0,0,0,0,0
002352,2011.0,1,1,0,0,0,0
002352,2013.0,3,3,0,0,0,0
002356,2009.0,2,0,0,0,0,0
002356,2010.0,2,0,0,0,0,0
002360,2010.0,1,0,0,0,0,0
002360,2012.0,1,1,0,0,0,0
002362,2010.0,69,10,0,0,0,0
002362,2012.0,119,60,0,0,0,0
002363,2005.0,1,0,0,0,0,0
002363,2009.0,4,0,0,0,0,0
002363,2010.0,2,0,0,0,0,0
002363,2014.0,1,0,0,0,0,0
002363,2016.0,1,0,0,0,0,0
002363,2017.0,1,1,0,0,0,0
002364,2004.0,1,0,0,0,0,0
002364,2005.0,4,0,0,0,0,0
002364,2007.0,1,0,0,0,0,0
002364,2008.0,4,0,0,0,0,0
002364,2009.0,3,2,0,0,0,0
002364,2010.0,6,0,0,0,0,0
002365,2017.0,1,1,0,0,0,0
002365,2018.0,2,2,0,0,0,0
002365,2019.0,2,2,0,0,0,0
002365,2020.0,17,2,0,0,0,0
002365,2021.0,10,1,0,0,0,0
002365,2022.0,12,3,0,0,0,0
002365,2023.0,4,2,0,0,0,0
002365,2024.0,7,2,0,0,0,0
002366,2008.0,1,0,0,0,0,0
002366,2009.0,3,3,0,0,0,0
002370,2012.0,5,1,0,0,0,0
002370,2015.0,1,1,0,0,0,0
002370,2016.0,3,3,0,0,0,0
002372,2008.0,1,0,0,0,0,0
002372,2009.0,19,0,0,0,0,0
002372,2010.0,9,1,0,0,0,0
002374,2010.0,14,1,0,0,0,0
002374,2011.0,6,0,0,0,0,0
002375,2008.0,1,0,0,0,0,0
002375,2009.0,4,2,0,0,0,0
002375,2010.0,4,2,0,0,0,0
002375,2011.0,9,0,0,0,0,0
002375,2012.0,37,1,0,0,0,0
002375,2013.0,2,0,0,0,0,0
002375,2018.0,1,1,0,0,0,0
002376,2010.0,39,1,0,0,0,0
002376,2011.0,10,0,0,0,0,0
002376,2012.0,72,32,0,0,0,0
002376,2013.0,102,36,0,0,0,0
002376,2014.0,85,42,1,2,1,2
002376,2015.0,120,55,1,1,1,1
002377,2004.0,1,1,0,0,0,0
002377,2007.0,1,1,0,0,0,0
002377,2013.0,1,1,0,0,0,0
002377,2014.0,1,0,0,0,0,0
002377,2015.0,2,2,0,0,0,0
002377,2016.0,2,1,0,0,0,0
002377,2017.0,1,1,0,0,0,0
002377,2018.0,1,0,0,0,0,0
002377,2019.0,1,1,0,0,0,0
002377,2020.0,1,1,0,0,0,0
002377,2023.0,1,0,0,0,0,0
002377,2024.0,1,1,0,0,0,0
002380,2007.0,3,0,0,0,0,0
002380,2008.0,5,5,1,1,1,1
002380,2009.0,4,2,0,0,0,0
002380,2010.0,2,1,0,0,0,0
002383,2018.0,1,1,0,0,0,0
002384,2010.0,14,0,0,0,0,0
002386,2011.0,3,0,0,0,0,0
002386,2012.0,17,0,0,0,0,0
002386,2014.0,1,0,0,0,0,0
002386,2022.0,1,1,0,0,0,0
002386,2023.0,1,1,0,0,0,0
002387,2003.0,1,0,0,0,0,0
002387,2006.0,19,0,0,0,0,0
002387,2007.0,5,0,0,0,0,0
002387,2008.0,14,0,0,0,0,0
002387,2009.0,1,0,0,0,0,0
002387,2010.0,55,0,0,0,0,0
002390,2006.0,3,3,0,0,0,0
002390,2011.0,2,2,0,0,0,0
002390,2012.0,2,2,0,0,0,0
002391,2008.0,3,3,0,0,0,0
002391,2009.0,2,2,0,0,0,0
002391,2011.0,3,3,0,0,0,0
002391,2013.0,1,1,0,0,0,0
002391,2015.0,3,3,0,0,0,0
002391,2016.0,3,3,0,0,0,0
002391,2017.0,3,3,0,0,0,0
002391,2019.0,1,1,0,0,0,0
002391,2020.0,1,1,0,0,0,0
002391,2021.0,2,2,0,0,0,0
002391,2022.0,2,2,0,0,0,0
002391,2023.0,1,1,0,0,0,0
002391,2024.0,1,1,0,0,0,0
002393,2008.0,1,1,0,0,0,0
002393,2012.0,3,3,0,0,0,0
002394,2009.0,1,1,0,0,0,0
002394,2015.0,1,1,0,0,0,0
002394,2018.0,1,1,0,0,0,0
002395,2010.0,3,3,0,0,0,0
002395,2013.0,2,2,0,0,0,0
002395,2015.0,2,2,0,0,0,0
002395,2017.0,1,1,0,0,0,0
002395,2023.0,1,0,0,0,0,0
002399,2007.0,1,1,0,0,0,0
002399,2012.0,4,3,0,0,0,0
002399,2013.0,4,2,0,0,0,0
002399,2014.0,5,4,0,0,0,0
002399,2015.0,9,1,0,0,0,0
002399,2016.0,2,2,0,0,0,0
002399,2017.0,2,2,0,0,0,0
002399,2018.0,4,4,0,0,0,0
002399,2019.0,8,8,0,0,0,0
002399,2020.0,7,4,0,0,0,0
002401,2010.0,2,0,0,0,0,0
002402,2010.0,56,21,0,0,0,0
002402,2011.0,13,6,0,0,0,0
002404,2013.0,2,0,0,0,0,0
002406,2006.0,2,0,0,0,0,0
002406,2007.0,5,0,0,0,0,0
002406,2008.0,2,0,0,0,0,0
002406,2009.0,3,0,0,0,0,0
002406,2010.0,2,0,0,0,0,0
002407,2011.0,2,2,0,0,0,0
002407,2012.0,1,1,0,0,0,0
002407,2013.0,3,3,0,0,0,0
002407,2014.0,3,3,0,0,0,0
002407,2015.0,2,2,0,0,0,0
002407,2016.0,2,2,0,0,0,0
002407,2017.0,5,4,0,0,0,0
002407,2018.0,6,4,0,0,0,0
002407,2019.0,8,6,0,0,0,0
002407,2020.0,7,7,0,0,0,0
002407,2021.0,1,1,0,0,0,0
002409,2007.0,1,1,0,0,0,0
002409,2009.0,4,4,0,0,0,0
002409,2010.0,1,1,0,0,0,0
002409,2012.0,9,8,0,0,0,0
002409,2013.0,7,6,0,0,0,0
002409,2014.0,2,2,0,0,0,0
002409,2015.0,11,11,0,0,0,0
002409,2016.0,4,4,0,0,0,0
002409,2017.0,2,2,0,0,0,0
002409,2018.0,11,11,0,0,0,0
002409,2019.0,6,6,0,0,0,0
002409,2020.0,28,2,0,0,0,0
002409,2021.0,20,2,0,0,0,0
002409,2022.0,30,6,0,0,0,0
002409,2023.0,21,1,0,0,0,0
002409,2024.0,11,3,0,0,0,0
002411,2009.0,4,0,0,0,0,0
002411,2010.0,3,0,0,0,0,0
002411,2011.0,5,2,0,0,0,0
002411,2013.0,1,1,0,0,0,0
002411,2018.0,1,1,0,0,0,0
002411,2021.0,7,0,0,0,0,0
002411,2022.0,11,5,0,0,0,0
002411,2023.0,2,1,0,0,0,0
002412,2001.0,1,1,0,0,0,0
002412,2013.0,1,1,0,0,0,0
002412,2017.0,1,1,0,0,0,0
002412,2020.0,1,1,0,0,0,0
002413,2010.0,1,0,0,0,0,0
002414,2010.0,9,0,0,0,0,0
002414,2011.0,1,1,0,0,0,0
002414,2012.0,9,0,0,0,0,0
002414,2013.0,14,1,0,0,0,0
002414,2014.0,8,1,0,0,0,0
002418,2010.0,10,0,0,0,0,0
002421,2007.0,1,1,0,0,0,0
002421,2008.0,1,1,0,0,0,0
002423,2006.0,2,0,0,0,0,0
002423,2008.0,5,1,0,0,0,0
002423,2009.0,9,1,0,0,0,0
002423,2010.0,11,0,0,0,0,0
002424,2007.0,1,1,0,0,0,0
002424,2011.0,1,1,0,0,0,0
002424,2015.0,1,1,0,0,0,0
002426,2010.0,8,2,0,0,0,0
002427,2012.0,1,1,0,0,0,0
002427,2013.0,1,1,0,0,0,0
002428,2009.0,1,1,0,0,0,0
002428,2021.0,1,0,0,0,0,0
002428,2022.0,2,0,0,0,0,0
002430,2010.0,20,4,0,0,0,0
002430,2011.0,4,1,0,0,0,0
002431,2023.0,2,2,0,0,0,0
002433,2006.0,1,1,0,0,0,0
002433,2008.0,1,1,0,0,0,0
002433,2012.0,1,1,0,0,0,0
002433,2015.0,2,2,0,0,0,0
002434,2010.0,12,0,0,0,0,0
002434,2012.0,2,2,0,0,0,0
002437,2005.0,1,1,0,0,0,0
002437,2006.0,1,1,0,0,0,0
002439,2004.0,1,1,0,0,0,0
002439,2005.0,1,1,0,0,0,0
002439,2006.0,1,1,0,0,0,0
002439,2008.0,8,7,0,0,0,0
002439,2009.0,8,8,0,0,0,0
002439,2010.0,8,8,0,1,0,1
002444,2021.0,1,0,0,0,0,0
002445,2010.0,8,3,0,0,0,0
002445,2016.0,2,2,0,0,0,0
002446,2010.0,3,0,0,0,0,0
002446,2021.0,33,5,0,0,0,0
002446,2022.0,43,6,0,0,0,0
002446,2023.0,42,27,0,0,0,0
002446,2024.0,54,34,0,0,0,0
002446,2025.0,3,1,0,0,0,0
002449,2019.0,1,1,0,0,0,0
002449,2021.0,1,1,0,0,0,0
002451,2018.0,3,1,0,0,0,0
002451,2019.0,3,1,0,0,0,0
002451,2020.0,3,0,0,0,0,0
002451,2021.0,7,0,0,0,0,0
002451,2022.0,6,1,0,0,0,0
002451,2023.0,5,0,0,0,0,0
002451,2024.0,9,0,0,0,0,0
002451,2025.0,3,0,0,0,0,0
002452,2010.0,7,0,0,0,0,0
002453,2012.0,1,1,0,0,0,0
002453,2013.0,2,0,0,0,0,0
002454,2009.0,1,0,0,0,0,0
002457,2007.0,1,0,0,0,0,0
002457,2011.0,1,1,0,0,0,0
002458,2020.0,2,2,0,0,0,0
002459,2010.0,27,1,0,0,0,0
002459,2012.0,31,3,0,0,0,0
002459,2013.0,40,0,0,0,0,0
002459,2014.0,6,1,0,0,0,0
002460,2009.0,2,1,0,0,0,0
002460,2010.0,4,2,0,0,0,0
002460,2011.0,1,1,0,0,0,0
002460,2012.0,10,8,0,0,0,0
002460,2013.0,17,0,0,0,0,0
002460,2014.0,13,5,0,0,0,0
002460,2015.0,14,3,0,0,0,0
002460,2016.0,2,1,0,0,0,0
002460,2017.0,5,5,0,0,0,0
002460,2018.0,8,0,0,0,0,0
002463,2009.0,1,1,0,0,0,0
002463,2010.0,1,1,0,0,0,0
002466,2009.0,2,2,0,0,0,0
002466,2012.0,2,2,0,0,0,0
002466,2015.0,1,1,0,0,0,0
002466,2016.0,4,4,0,0,0,0
002468,2007.0,2,0,0,0,0,0
002468,2010.0,15,0,0,0,0,0
002469,2008.0,22,0,0,0,0,0
002469,2009.0,10,0,0,0,0,0
002469,2010.0,20,0,0,0,0,0
002469,2011.0,10,4,0,0,0,0
002469,2012.0,10,8,0,0,0,0
002469,2013.0,3,1,0,0,0,0
002470,2009.0,1,1,0,0,0,0
002470,2011.0,2,2,0,0,0,0
002470,2012.0,5,5,0,0,0,0
002470,2014.0,2,2,0,0,0,0
002470,2017.0,2,2,0,0,0,0
002470,2018.0,1,1,0,0,0,0
002470,2019.0,1,1,0,0,0,0
002470,2021.0,1,1,0,0,0,0
002470,2022.0,2,2,0,0,0,0
002470,2023.0,1,1,0,0,0,0
002471,2017.0,1,1,0,0,0,0
002472,2005.0,1,0,0,0,0,0
002472,2007.0,1,0,0,0,0,0
002472,2009.0,4,0,0,0,0,0
002472,2010.0,2,0,0,0,0,0
002474,2005.0,1,0,0,0,0,0
002474,2006.0,2,1,0,0,0,0
002474,2008.0,3,3,0,0,0,0
002474,2009.0,1,0,0,0,0,0
002475,2005.0,1,0,0,0,0,0
002475,2008.0,6,0,0,0,0,0
002475,2009.0,1,0,0,0,0,0
002475,2010.0,18,1,0,0,0,0
002475,2011.0,7,0,0,0,0,0
002475,2023.0,3,0,0,0,0,0
002475,2024.0,1,0,0,0,0,0
002476,2011.0,3,3,0,0,0,0
002476,2012.0,1,1,0,0,0,0
002476,2013.0,1,1,0,0,0,0
002476,2014.0,1,1,0,0,0,0
002476,2016.0,4,4,0,0,0,0
002476,2017.0,1,1,0,0,0,0
002476,2018.0,2,2,0,0,0,0
002476,2019.0,4,4,0,0,0,0
002476,2020.0,1,1,0,0,0,0
002476,2021.0,3,3,0,0,0,0
002476,2022.0,4,4,0,0,0,0
002476,2023.0,3,3,0,0,0,0
002478,2017.0,1,1,0,0,0,0
002479,2003.0,1,0,0,0,0,0
002479,2007.0,1,1,0,0,0,0
002479,2008.0,12,1,0,0,0,0
002479,2009.0,5,0,0,0,0,0
002479,2010.0,10,0,0,0,0,0
002479,2011.0,12,1,0,0,0,0
002479,2012.0,5,4,0,0,0,0
002479,2013.0,3,1,0,0,0,0
002479,2014.0,5,4,0,0,0,0
002481,2013.0,2,2,0,0,0,0
002481,2020.0,1,1,0,0,0,0
002481,2021.0,1,1,0,0,0,0
002483,2010.0,45,0,0,0,0,0
002483,2011.0,52,7,0,0,0,0
002486,2011.0,4,0,0,0,0,0
002486,2012.0,3,0,0,0,0,0
002487,2012.0,2,1,0,0,0,0
002487,2013.0,1,0,0,0,0,0
002490,2010.0,7,1,0,0,0,0
002490,2011.0,4,0,0,0,0,0
002490,2012.0,8,2,0,0,0,0
002491,2021.0,7,0,0,0,0,0
002491,2022.0,2,0,0,0,0,0
002491,2023.0,3,0,0,0,0,0
002491,2024.0,4,0,0,0,0,0
002491,2025.0,2,0,0,0,0,0
002492,2019.0,1,0,0,0,0,0
002492,2021.0,8,0,0,0,0,0
002492,2022.0,7,0,0,0,0,0
002492,2023.0,10,0,0,0,0,0
002492,2024.0,1,0,0,0,0,0
002493,2007.0,1,1,0,0,0,0
002493,2009.0,1,1,0,0,0,0
002493,2010.0,3,0,0,0,0,0
002493,2011.0,2,1,0,0,0,0
002493,2013.0,2,0,0,0,0,0
002494,2009.0,3,0,0,0,0,0
002494,2010.0,17,0,0,0,0,0
002495,2011.0,4,1,0,0,0,0
002495,2012.0,12,0,0,0,0,0
002495,2013.0,1,1,0,0,0,0
002495,2014.0,1,0,0,0,0,0
002495,2017.0,12,1,0,0,0,0
002495,2018.0,3,0,0,0,0,0
002495,2019.0,8,0,0,0,0,0
002495,2020.0,2,0,0,0,0,0
002496,2009.0,4,4,0,0,0,0
002496,2011.0,1,1,0,0,0,0
002496,2013.0,1,1,0,0,0,0
002496,2014.0,1,1,0,0,0,0
002496,2018.0,2,2,0,0,0,0
002496,2019.0,1,1,0,0,0,0
002497,2009.0,4,1,0,0,0,0
002497,2010.0,25,0,0,0,0,0
002497,2011.0,15,2,0,0,0,0
002497,2012.0,4,1,0,0,0,0
002497,2013.0,1,1,0,0,0,0
002497,2015.0,3,2,0,0,0,0
002497,2016.0,1,1,0,0,0,0
002497,2017.0,1,0,0,0,0,0
002497,2018.0,2,1,0,0,0,0
002497,2019.0,1,0,0,0,0,0
002497,2021.0,2,0,0,0,0,0
002497,2022.0,2,2,0,0,0,0
002497,2023.0,2,2,0,0,0,0
002499,2010.0,10,0,0,0,0,0
002501,2023.0,3,1,0,0,0,0
002504,2008.0,2,0,0,0,0,0
002504,2010.0,1,0,0,0,0,0
002504,2011.0,1,0,0,0,0,0
002506,2004.0,1,0,0,0,0,0
002506,2005.0,6,0,0,0,0,0
002506,2006.0,1,0,0,0,0,0
002506,2007.0,3,0,0,0,0,0
002506,2008.0,1,0,0,0,0,0
002506,2009.0,1,1,0,0,0,0
002506,2010.0,4,0,0,0,0,0
002506,2011.0,13,1,0,0,0,0
002506,2012.0,3,0,0,0,0,0
002507,2012.0,4,0,0,0,0,0
002509,2011.0,1,1,0,0,0,0
002509,2013.0,23,1,0,0,0,0
002509,2014.0,26,2,0,0,0,0
002509,2015.0,19,3,0,0,0,0
002509,2016.0,32,7,0,0,0,0
002509,2017.0,67,5,0,0,0,0
002509,2018.0,39,1,0,0,0,0
002509,2019.0,30,0,0,0,0,0
002512,2003.0,2,0,0,0,0,0
002512,2004.0,1,0,0,0,0,0
002512,2005.0,1,0,0,0,0,0
002512,2007.0,13,0,0,0,0,0
002512,2008.0,41,0,0,0,0,0
002512,2009.0,10,1,0,0,0,0
002512,2010.0,9,0,0,0,0,0
002512,2011.0,7,1,0,0,0,0
002513,2013.0,1,1,0,0,0,0
002513,2016.0,1,1,0,0,0,0
002513,2018.0,1,1,0,0,0,0
002513,2020.0,1,1,0,0,0,0
002513,2022.0,6,6,0,0,0,0
002513,2023.0,2,0,0,0,0,0
002515,2004.0,1,1,0,0,0,0
002515,2005.0,2,2,0,0,0,0
002515,2007.0,2,1,0,0,0,0
002515,2011.0,2,2,0,0,0,0
002515,2024.0,2,2,0,0,0,0
002520,2006.0,1,1,0,0,0,0
002520,2007.0,2,0,0,0,0,0
002520,2008.0,7,0,0,0,0,0
002520,2009.0,2,0,0,0,0,0
002520,2010.0,4,0,0,0,0,0
002520,2011.0,1,0,0,0,0,0
002520,2012.0,4,1,0,0,0,0
002521,2011.0,9,1,0,0,0,0
002522,2006.0,2,0,0,0,0,0
002522,2009.0,2,0,0,0,0,0
002524,2008.0,5,0,0,0,0,0
002524,2009.0,2,0,0,0,0,0
002524,2010.0,6,0,0,0,0,0
002524,2011.0,2,0,0,0,0,0
002524,2012.0,4,0,0,0,0,0
002529,2006.0,1,0,0,0,0,0
002529,2022.0,1,1,0,0,0,0
002530,2019.0,1,1,0,0,0,0
002532,2003.0,1,1,0,0,0,0
002532,2010.0,1,0,0,0,0,0
002532,2011.0,7,0,0,0,0,0
002532,2012.0,3,0,0,0,0,0
002533,2009.0,1,0,0,0,0,0
002533,2011.0,2,0,0,0,0,0
002533,2013.0,1,0,0,0,0,0
002533,2014.0,1,1,0,0,0,0
002534,2004.0,1,1,0,0,0,0
002534,2006.0,1,0,0,0,0,0
002534,2007.0,2,0,0,0,0,0
002534,2008.0,5,1,0,0,0,0
002534,2009.0,14,8,0,0,0,0
002534,2010.0,17,1,0,0,0,0
002534,2011.0,25,5,0,0,0,0
002534,2012.0,2,0,0,0,0,0
002535,2011.0,1,0,0,0,0,0
002535,2012.0,1,0,0,0,0,0
002536,2010.0,15,1,0,0,0,0
002536,2011.0,1,0,0,0,0,0
002537,2010.0,20,0,0,0,0,0
002537,2011.0,14,0,0,0,0,0
002538,2004.0,3,3,0,0,0,0
002538,2007.0,4,0,0,0,0,0
002538,2009.0,3,0,0,0,0,0
002538,2010.0,14,0,0,0,0,0
002538,2011.0,4,0,0,0,0,0
002538,2012.0,7,2,0,0,0,0
002538,2013.0,15,4,0,0,0,0
002538,2014.0,9,5,0,0,0,0
002538,2015.0,24,19,0,0,0,0
002538,2016.0,2,1,0,0,0,0
002538,2017.0,2,0,0,0,0,0
002538,2020.0,4,0,0,0,0,0
002538,2022.0,2,2,0,0,0,0
002538,2023.0,1,1,0,0,0,0
002538,2024.0,2,1,0,0,0,0
002539,2011.0,12,3,0,0,0,0
002539,2012.0,1,1,0,0,0,0
002539,2013.0,2,2,0,0,0,0
002539,2015.0,1,0,0,0,0,0
002539,2016.0,3,2,0,0,0,0
002539,2017.0,4,1,0,0,0,0
002539,2018.0,1,1,0,0,0,0
002539,2020.0,1,1,0,0,0,0
002539,2021.0,6,0,0,0,0,0
002539,2022.0,4,0,0,0,0,0
002539,2023.0,3,1,0,0,0,0
002539,2024.0,3,1,0,0,0,0
002540,2017.0,4,4,0,0,0,0
002541,2002.0,1,0,0,0,0,0
002541,2006.0,1,0,0,0,0,0
002541,2007.0,1,0,0,0,0,0
002541,2008.0,2,0,0,0,0,0
002541,2009.0,3,1,0,0,0,0
002541,2010.0,1,0,0,0,0,0
002541,2011.0,17,1,0,0,0,0
002541,2012.0,1,0,0,0,0,0
002541,2014.0,4,0,0,0,0,0
002542,2004.0,1,0,0,0,0,0
002542,2005.0,2,0,0,0,0,0
002542,2007.0,8,2,0,0,0,0
002542,2008.0,2,2,0,0,0,0
002542,2009.0,2,2,0,0,0,0
002542,2010.0,21,1,0,0,0,0
002542,2011.0,24,15,0,0,0,0
002542,2012.0,25,9,0,0,0,0
002542,2013.0,30,2,0,0,0,0
002542,2014.0,32,14,0,0,0,0
002542,2015.0,24,13,0,0,0,0
002543,2019.0,1,1,0,0,0,0
002545,2022.0,1,1,0,0,0,0
002546,2017.0,1,1,0,0,0,0
002547,2011.0,18,0,0,0,0,0
002548,2006.0,1,1,0,0,0,0
002548,2009.0,6,3,0,0,0,0
002548,2010.0,2,0,0,0,0,0
002549,2003.0,2,2,0,0,0,0
002549,2010.0,1,1,0,0,0,0
002550,2009.0,1,1,0,0,0,0
002550,2010.0,2,2,0,0,0,0
002552,2006.0,1,1,0,0,0,0
002552,2011.0,4,1,0,0,0,0
002553,2003.0,1,0,0,0,0,0
002553,2005.0,1,0,0,0,0,0
002553,2008.0,1,1,0,0,0,0
002553,2009.0,2,1,0,0,0,0
002553,2010.0,17,2,0,0,0,0
002553,2024.0,3,0,0,0,0,0
002553,2025.0,2,0,0,0,0,0
002554,2010.0,8,0,0,0,0,0
002554,2011.0,16,2,0,0,0,0
002554,2012.0,4,3,0,0,0,0
002554,2013.0,4,0,0,0,0,0
002556,2012.0,3,0,0,0,0,0
002556,2014.0,1,0,0,0,0,0
002556,2015.0,2,1,0,0,0,0
002556,2016.0,2,2,0,0,0,0
002556,2017.0,3,3,0,0,0,0
002556,2019.0,7,1,0,0,0,0
002556,2020.0,3,3,0,0,0,0
002556,2021.0,6,6,0,0,0,0
002556,2022.0,7,5,0,0,0,0
002556,2023.0,14,6,0,0,0,0
002556,2024.0,9,4,0,0,0,0
002556,2025.0,1,1,0,0,0,0
002559,2011.0,14,1,0,0,0,0
002560,2009.0,4,0,0,0,0,0
002560,2011.0,1,1,0,0,0,0
002560,2012.0,1,1,0,0,0,0
002560,2013.0,1,1,0,0,0,0
002562,2013.0,2,2,0,0,0,0
002562,2014.0,2,2,0,0,0,0
002562,2015.0,4,2,0,0,0,0
002562,2016.0,3,3,0,0,0,0
002562,2017.0,1,1,0,0,0,0
002562,2018.0,2,0,0,0,0,0
002562,2019.0,2,2,0,0,0,0
002562,2020.0,20,5,0,0,0,0
002562,2021.0,9,9,0,0,0,0
002562,2022.0,6,5,0,0,0,0
002562,2023.0,2,2,0,0,0,0
002564,2010.0,7,0,0,0,0,0
002564,2011.0,7,4,0,0,0,0
002565,2006.0,1,0,0,0,0,0
002565,2008.0,1,0,0,0,0,0
002565,2010.0,6,0,0,0,0,0
002565,2012.0,3,0,0,0,0,0
002565,2017.0,3,3,0,0,0,0
002565,2023.0,1,0,0,0,0,0
002566,2020.0,4,4,0,0,0,0
002566,2021.0,1,1,0,0,0,0
002570,2010.0,5,0,0,0,0,0
002570,2011.0,6,0,0,0,0,0
002571,2010.0,2,0,0,0,0,0
002571,2011.0,3,2,0,0,0,0
002571,2012.0,1,1,0,0,0,0
002571,2014.0,2,0,0,0,0,0
002571,2017.0,4,0,0,0,0,0
002571,2020.0,1,0,0,0,0,0
002571,2023.0,1,0,0,0,0,0
002572,2011.0,12,0,0,0,0,0
002572,2012.0,20,2,0,0,0,0
002572,2013.0,2,1,0,0,0,0
002572,2014.0,20,1,0,0,0,0
002572,2015.0,13,4,0,0,0,0
002573,2019.0,1,1,0,0,0,0
002576,2008.0,1,0,0,0,0,0
002576,2009.0,3,0,0,0,0,0
002576,2010.0,8,0,0,0,0,0
002576,2011.0,11,1,0,0,0,0
002577,2010.0,1,0,0,0,0,0
002577,2011.0,28,0,0,0,0,0
002577,2012.0,49,1,0,0,0,0
002577,2013.0,66,0,0,0,0,0
002577,2014.0,71,5,0,0,0,0
002578,2009.0,1,1,0,0,0,0
002578,2010.0,14,0,0,0,0,0
002578,2011.0,4,0,0,0,0,0
002579,2017.0,1,1,0,0,0,0
002580,2011.0,17,0,0,0,0,0
002580,2016.0,1,1,0,0,0,0
002580,2018.0,1,1,0,0,0,0
002580,2019.0,2,2,0,0,0,0
002581,2013.0,1,1,0,0,0,0
002582,2020.0,1,0,0,0,0,0
002584,2010.0,5,3,0,0,0,0
002584,2017.0,2,0,0,0,0,0
002584,2021.0,2,0,0,0,0,0
002584,2022.0,6,3,0,0,0,0
002584,2023.0,14,1,0,0,0,0
002584,2024.0,1,1,0,0,0,0
002585,2017.0,1,1,0,0,0,0
002586,2012.0,8,1,0,0,0,0
002586,2013.0,3,1,0,0,0,0
002586,2014.0,8,2,0,0,0,0
002586,2015.0,7,1,0,0,0,0
002586,2016.0,1,1,0,0,0,0
002586,2018.0,1,0,0,0,0,0
002587,2009.0,1,1,0,0,0,0
002587,2011.0,5,2,0,0,0,0
002587,2012.0,75,2,0,0,0,0
002587,2014.0,80,3,0,0,0,0
002587,2016.0,1,1,0,0,0,0
002587,2017.0,23,22,0,0,0,0
002587,2018.0,7,7,0,0,0,0
002588,2006.0,2,2,0,0,0,0
002588,2009.0,2,2,0,0,0,0
002588,2010.0,1,1,0,0,0,0
002588,2012.0,1,1,0,0,0,0
002588,2013.0,1,1,0,0,0,0
002588,2014.0,2,2,0,0,0,0
002588,2015.0,1,1,0,0,0,0
002588,2016.0,2,2,0,0,0,0
002588,2018.0,1,0,0,0,0,0
002588,2020.0,1,1,0,0,0,0
002588,2021.0,1,1,0,0,0,0
002588,2022.0,3,3,0,0,0,0
002588,2023.0,1,0,0,0,0,0
002592,2009.0,1,0,0,0,0,0
002592,2012.0,1,0,0,0,0,0
002592,2013.0,2,1,0,0,0,0
002592,2018.0,1,0,0,0,0,0
002596,2019.0,4,3,0,0,0,0
002596,2020.0,23,1,0,0,0,0
002596,2024.0,3,3,0,0,0,0
002597,2009.0,1,1,0,0,0,0
002597,2013.0,1,1,0,0,0,0
002597,2015.0,3,3,0,0,0,0
002597,2016.0,4,4,0,0,0,0
002597,2017.0,2,2,0,0,0,0
002597,2018.0,2,2,0,0,0,0
002597,2019.0,1,1,0,0,0,0
002597,2020.0,3,3,0,0,0,0
002597,2021.0,2,2,0,0,0,0
002597,2022.0,1,1,0,0,0,0
002597,2023.0,1,1,0,0,0,0
002597,2024.0,2,2,0,0,0,0
002598,2006.0,2,0,0,0,0,0
002598,2008.0,9,1,0,0,0,0
002598,2009.0,9,0,0,0,0,0
002598,2010.0,4,0,0,0,0,0
002598,2011.0,5,0,0,0,0,0
002598,2012.0,1,0,0,0,0,0
002600,2012.0,18,3,0,0,0,0
002600,2013.0,5,3,0,0,0,0
002600,2014.0,2,0,0,0,0,0
002600,2016.0,2,1,0,0,0,0
002600,2017.0,1,0,0,0,0,0
002600,2018.0,1,0,0,0,0,0
002600,2019.0,3,1,0,0,0,0
002600,2020.0,1,0,0,0,0,0
002601,2006.0,3,0,0,0,0,0
002601,2009.0,1,0,0,0,0,0
002601,2010.0,7,2,0,0,0,0
002601,2011.0,6,2,0,0,0,0
002603,2011.0,27,26,0,0,0,0
002603,2013.0,1,1,0,0,0,0
002603,2014.0,36,36,0,0,0,0
002603,2017.0,21,20,0,0,0,0
002603,2018.0,23,23,0,0,0,0
002603,2019.0,14,14,0,0,0,0
002603,2020.0,25,25,0,0,0,0
002603,2021.0,20,20,0,0,0,0
002603,2022.0,11,11,0,0,0,0
002603,2023.0,23,23,0,0,0,0
002603,2024.0,25,25,0,0,0,0
002604,2010.0,1,1,0,0,0,0
002605,2009.0,1,0,0,0,0,0
002605,2011.0,1,1,0,0,0,0
002606,2022.0,13,1,0,0,0,0
002606,2023.0,12,2,0,0,0,0
002606,2024.0,27,5,0,0,0,0
002608,2022.0,2,1,0,0,0,0
002608,2023.0,3,0,0,0,0,0
002608,2024.0,1,0,0,0,0,0
002610,2011.0,14,2,0,0,0,0
002612,2023.0,11,6,0,0,0,0
002612,2024.0,1,0,0,0,0,0
002613,1992.0,1,1,0,0,0,0
002613,2011.0,34,0,0,0,0,0
002614,2008.0,1,0,0,0,0,0
002614,2011.0,6,6,0,0,0,0
002615,2011.0,16,0,0,0,0,0
002615,2012.0,41,0,0,0,0,0
002615,2013.0,38,0,0,0,0,0
002615,2014.0,21,1,0,0,0,0
002615,2015.0,49,1,0,0,0,0
002616,2002.0,1,0,0,0,0,0
002617,2008.0,1,0,0,0,0,0
002617,2010.0,2,2,0,0,0,0
002617,2011.0,5,0,0,0,0,0
002618,2005.0,1,1,0,0,0,0
002618,2006.0,5,5,0,0,0,0
002618,2008.0,2,2,0,0,0,0
002618,2009.0,1,1,0,0,0,0
002618,2011.0,3,3,0,0,0,0
002618,2012.0,5,5,0,0,0,0
002618,2013.0,4,4,0,0,0,0
002618,2015.0,5,5,0,0,0,0
002618,2017.0,3,3,0,0,0,0
002618,2018.0,2,2,0,0,0,0
002618,2020.0,3,3,0,0,0,0
002619,2007.0,1,1,0,0,0,0
002619,2009.0,2,0,0,0,0,0
002619,2010.0,3,1,0,0,0,0
002620,2021.0,1,0,0,0,0,0
002620,2022.0,2,0,0,0,0,0
002622,2004.0,3,0,0,0,0,0
002622,2005.0,3,0,0,0,0,0
002622,2006.0,3,0,0,0,0,0
002622,2007.0,3,1,0,0,0,0
002622,2008.0,2,0,0,0,0,0
002622,2009.0,1,0,0,0,0,0
002622,2010.0,4,2,0,0,0,0
002622,2011.0,4,0,0,0,0,0
002622,2012.0,3,0,0,0,0,0
002622,2013.0,1,0,0,0,0,0
002622,2023.0,2,0,0,0,0,0
002622,2024.0,3,2,0,0,0,0
002623,2008.0,4,1,0,0,0,0
002623,2009.0,2,1,0,0,0,0
002623,2011.0,7,0,0,0,0,0
002625,2011.0,6,1,0,0,0,0
002625,2012.0,9,0,0,0,0,0
002625,2013.0,16,0,0,0,0,0
002625,2014.0,51,2,0,0,0,0
002628,2020.0,4,0,0,0,0,0
002628,2021.0,3,3,0,0,0,0
002629,2006.0,1,1,0,0,0,0
002629,2007.0,2,1,0,0,0,0
002629,2008.0,3,2,0,0,0,0
002629,2009.0,1,1,0,0,0,0
002629,2010.0,2,2,0,0,0,0
002630,2009.0,1,1,0,0,0,0
002631,2019.0,1,1,0,0,0,0
002632,2004.0,1,0,0,0,0,0
002632,2005.0,3,0,0,0,0,0
002632,2006.0,1,0,0,0,0,0
002632,2008.0,2,0,0,0,0,0
002632,2009.0,3,0,0,0,0,0
002632,2010.0,5,0,0,0,0,0
002632,2011.0,3,2,0,0,0,0
002632,2012.0,1,0,0,0,0,0
002632,2020.0,30,3,0,0,0,0
002632,2021.0,39,12,0,0,0,0
002632,2022.0,40,16,0,0,0,0
002632,2023.0,40,12,0,0,0,0
002634,2005.0,1,0,0,0,0,0
002634,2008.0,3,0,0,0,0,0
002634,2009.0,2,0,0,0,0,0
002634,2010.0,6,0,0,0,0,0
002634,2011.0,3,0,0,0,0,0
002634,2012.0,1,0,0,0,0,0
002634,2013.0,4,0,0,0,0,0
002635,2010.0,24,0,0,0,0,0
002635,2011.0,18,4,0,0,0,0
002635,2012.0,38,8,0,0,0,0
002635,2013.0,15,0,0,0,0,0
002635,2014.0,30,5,0,0,0,0
002636,2007.0,1,1,0,0,0,0
002636,2009.0,1,0,0,0,0,0
002636,2010.0,2,2,0,0,0,0
002636,2011.0,6,3,0,0,0,0
002637,2004.0,1,1,0,0,0,0
002637,2009.0,4,4,0,0,0,0
002637,2010.0,4,4,0,0,0,0
002637,2011.0,7,6,0,0,0,0
002637,2012.0,11,8,0,0,0,0
002638,2010.0,1,1,0,0,0,0
002638,2011.0,120,7,0,0,0,0
002638,2012.0,12,12,0,0,0,0
002639,2012.0,1,1,0,0,0,0
002639,2014.0,1,0,0,0,0,0
002639,2016.0,1,1,0,0,0,0
002641,2010.0,18,0,0,0,0,0
002641,2011.0,21,1,0,0,0,0
002641,2012.0,16,0,0,0,0,0
002642,2016.0,7,6,0,0,0,0
002642,2017.0,11,11,0,2,0,2
002642,2018.0,7,7,0,0,0,0
002642,2019.0,10,6,0,1,0,0
002642,2020.0,6,6,0,0,0,0
002642,2021.0,1,1,0,0,0,0
002645,2011.0,24,2,0,0,0,0
002647,2003.0,1,0,0,0,0,0
002647,2005.0,1,0,0,0,0,0
002647,2007.0,2,0,0,0,0,0
002647,2008.0,6,1,0,0,0,0
002647,2009.0,4,0,0,0,0,0
002647,2010.0,3,0,0,0,0,0
002647,2011.0,12,0,0,0,0,0
002648,2006.0,1,1,0,0,0,0
002648,2007.0,1,1,0,0,0,0
002648,2008.0,1,1,0,0,0,0
002648,2010.0,2,2,0,0,0,0
002648,2011.0,2,2,0,0,0,0
002650,2022.0,2,0,0,0,0,0
002651,2003.0,1,0,0,0,0,0
002651,2004.0,3,0,0,0,0,0
002651,2005.0,3,1,0,0,0,0
002651,2006.0,1,0,0,0,0,0
002651,2007.0,1,1,0,0,0,0
002651,2008.0,2,2,0,0,0,0
002651,2010.0,7,2,0,0,0,0
002651,2011.0,14,0,0,0,0,0
002651,2012.0,25,3,0,0,0,0
002651,2013.0,19,5,0,0,0,0
002651,2014.0,12,8,0,0,0,0
002651,2015.0,31,11,0,0,0,0
002651,2016.0,11,4,0,0,0,0
002651,2017.0,12,11,0,0,0,0
002651,2018.0,9,4,0,0,0,0
002651,2019.0,7,2,0,0,0,0
002651,2020.0,9,0,0,0,0,0
002651,2021.0,18,0,0,0,0,0
002652,2011.0,4,0,0,0,0,0
002652,2012.0,11,1,0,0,0,0
002653,2012.0,1,1,0,0,0,0
002654,2011.0,14,3,0,0,0,0
002655,2013.0,4,0,0,0,0,0
002657,2012.0,5,0,0,0,0,0
002657,2021.0,1,1,0,0,0,0
002660,2008.0,2,2,0,0,0,0
002660,2010.0,1,1,0,0,0,0
002660,2012.0,3,3,0,0,0,0
002660,2017.0,1,1,0,0,0,0
002660,2018.0,3,1,0,0,0,0
002660,2020.0,2,1,0,0,0,0
002663,2017.0,1,1,0,0,0,0
002663,2018.0,3,1,0,0,0,0
002663,2019.0,27,6,0,0,0,0
002663,2020.0,9,2,0,0,0,0
002663,2021.0,16,6,0,0,0,0
002663,2022.0,1,1,0,0,0,0
002664,2019.0,1,1,0,0,0,0
002669,2018.0,18,1,0,0,0,0
002669,2019.0,4,2,0,0,0,0
002669,2020.0,9,3,0,0,0,0
002672,2018.0,1,1,0,0,0,0
002675,2011.0,1,1,0,0,0,0
002675,2016.0,5,5,0,0,0,0
002675,2021.0,1,1,0,0,0,0
002680,2011.0,1,1,0,0,0,0
002680,2013.0,1,1,0,0,0,0
002680,2016.0,1,1,0,0,0,0
002681,2004.0,1,0,0,0,0,0
002681,2008.0,1,0,0,0,0,0
002681,2009.0,20,0,0,0,0,0
002681,2010.0,22,0,0,0,0,0
002681,2011.0,30,1,0,0,0,0
002681,2012.0,42,1,0,0,0,0
002681,2013.0,5,1,0,0,0,0
002684,2012.0,4,0,0,0,0,0
002684,2020.0,2,2,0,0,0,0
002684,2021.0,2,2,0,0,0,0
002687,2012.0,3,1,0,0,0,0
002688,2013.0,1,1,0,0,0,0
002688,2017.0,1,0,0,0,0,0
002691,2009.0,7,0,0,0,0,0
002691,2010.0,2,0,0,0,0,0
002691,2011.0,1,0,0,0,0,0
002691,2016.0,1,0,0,0,0,0
002692,2018.0,2,0,0,0,0,0
002694,2023.0,2,2,0,0,0,0
002694,2024.0,1,0,0,0,0,0
002695,2024.0,1,1,0,0,0,0
002709,2007.0,1,0,0,0,0,0
002709,2009.0,2,2,0,0,0,0
002709,2014.0,1,1,0,0,0,0
002709,2015.0,5,5,0,0,0,0
002709,2016.0,2,2,0,0,0,0
002709,2017.0,7,4,0,0,0,0
002709,2018.0,5,2,0,0,0,0
002709,2019.0,13,13,0,0,0,0
002709,2020.0,7,5,0,0,0,0
002709,2021.0,7,6,0,0,0,0
002709,2022.0,2,2,0,0,0,0
002709,2023.0,18,18,0,0,0,0
002709,2024.0,1,1,0,0,0,0
002709,2025.0,12,12,0,0,0,0
002713,2018.0,2,2,0,0,0,0
002713,2022.0,2,0,0,0,0,0
002713,2023.0,7,2,0,0,0,0
002713,2024.0,2,1,0,0,0,0
002714,2011.0,1,1,0,0,0,0
002724,2016.0,1,0,0,0,0,0
002724,2018.0,2,0,0,0,0,0
002724,2019.0,1,0,0,0,0,0
002724,2024.0,1,1,0,0,0,0
002729,2013.0,1,0,0,0,0,0
002732,2011.0,1,1,0,0,0,0
002732,2016.0,1,0,0,0,0,0
002732,2018.0,4,2,0,0,0,0
002732,2019.0,1,0,0,0,0,0
002732,2021.0,1,0,0,0,0,0
002732,2022.0,1,0,0,0,0,0
002734,2011.0,1,1,0,0,0,0
002734,2012.0,2,1,0,0,0,0
002734,2014.0,1,1,0,0,0,0
002734,2015.0,3,3,0,0,0,0
002734,2016.0,1,1,0,0,0,0
002734,2017.0,3,3,0,0,0,0
002734,2018.0,1,1,0,0,0,0
002734,2020.0,6,4,0,0,0,0
002734,2021.0,3,3,0,0,0,0
002734,2022.0,19,19,0,0,0,0
002734,2023.0,21,18,0,0,0,0
002734,2024.0,6,5,0,0,0,0
002735,2021.0,3,0,0,0,0,0
002735,2022.0,1,0,0,0,0,0
002737,2022.0,1,1,0,0,0,0
002737,2024.0,7,7,0,0,0,0
002737,2025.0,1,1,0,0,0,0
002738,2018.0,1,0,0,0,0,0
002738,2022.0,1,1,0,0,0,0
002738,2023.0,3,1,0,0,0,0
002741,2018.0,8,8,0,0,0,0
002741,2019.0,7,7,0,0,0,0
002741,2020.0,8,6,0,0,0,0
002741,2021.0,9,5,0,0,0,0
002741,2022.0,11,5,0,0,0,0
002741,2023.0,12,3,0,0,0,0
002741,2024.0,15,6,0,0,0,0
002742,2014.0,1,1,0,0,0,0
002745,2018.0,7,0,0,0,0,0
002745,2019.0,2,0,0,0,0,0
002749,2012.0,1,1,0,0,0,0
002749,2014.0,3,3,0,0,0,0
002749,2015.0,5,2,0,0,0,0
002749,2017.0,1,1,0,0,0,0
002749,2018.0,1,1,0,0,0,0
002749,2020.0,5,4,0,0,0,0
002749,2021.0,17,2,0,0,0,0
002749,2022.0,10,2,0,0,0,0
002749,2023.0,14,10,0,0,0,0
002749,2024.0,1,0,0,0,0,0
002753,2016.0,1,0,0,0,0,0
002753,2019.0,4,1,0,0,0,0
002753,2020.0,2,1,0,0,0,0
002753,2021.0,7,2,0,0,0,0
002755,2005.0,1,1,0,0,0,0
002755,2014.0,1,1,0,0,0,0
002755,2019.0,1,1,0,0,0,0
002756,2019.0,1,1,0,0,0,0
002759,2014.0,1,1,0,0,0,0
002759,2015.0,20,4,0,0,0,0
002759,2016.0,99,4,0,0,0,0
002759,2018.0,56,11,0,0,0,0
002759,2019.0,60,1,0,0,0,0
002759,2020.0,4,1,0,0,0,0
002759,2022.0,4,1,0,0,0,0
002759,2023.0,8,2,0,0,0,0
002759,2024.0,19,6,0,0,0,0
002761,2010.0,1,1,0,0,0,0
002762,2022.0,3,2,0,0,0,0
002762,2023.0,1,1,0,0,0,0
002767,2014.0,1,0,0,0,0,0
002767,2019.0,30,3,0,0,0,0
002767,2020.0,33,1,0,0,0,0
002767,2021.0,40,2,0,0,0,0
002767,2022.0,29,6,0,0,0,0
002767,2023.0,24,7,0,0,0,0
002767,2024.0,24,7,0,0,0,0
002771,2022.0,1,1,0,0,0,0
002771,2024.0,1,0,0,1,0,0
002773,2007.0,2,2,0,0,0,0
002774,2012.0,2,0,0,0,0,0
002774,2013.0,1,1,0,0,0,0
002774,2015.0,1,1,0,0,0,0
002774,2016.0,4,3,0,0,0,0
002774,2017.0,5,3,0,0,0,0
002774,2018.0,3,1,0,0,0,0
002774,2019.0,1,1,0,0,0,0
002774,2021.0,3,0,0,0,0,0
002774,2022.0,20,3,0,0,0,0
002774,2023.0,21,21,0,0,0,0
002774,2024.0,15,15,0,0,0,0
002777,2024.0,1,1,0,0,0,0
002778,2006.0,4,2,0,0,0,0
002778,2010.0,2,0,0,0,0,0
002778,2012.0,8,8,0,0,0,0
002778,2013.0,5,5,0,0,0,0
002778,2014.0,1,1,0,0,0,0
002778,2015.0,1,1,0,0,0,0
002778,2016.0,2,2,0,0,0,0
002778,2020.0,1,1,0,0,0,0
002778,2021.0,2,0,0,0,0,0
002778,2022.0,2,1,0,0,0,0
002780,2023.0,2,0,0,0,0,0
002780,2024.0,1,0,0,0,0,0
002781,2011.0,1,1,0,0,0,0
002781,2015.0,2,2,0,0,0,0
002781,2017.0,2,0,0,0,0,0
002781,2018.0,2,0,0,0,0,0
002781,2019.0,11,0,0,0,0,0
002781,2020.0,2,1,0,0,0,0
002781,2021.0,9,2,0,0,0,0
002781,2022.0,10,1,0,0,0,0
002789,2020.0,1,0,0,0,0,0
002789,2022.0,1,0,0,0,0,0
002789,2023.0,2,0,0,0,0,0
002793,2011.0,1,1,0,0,0,0
002793,2014.0,1,1,0,0,0,0
002793,2020.0,1,1,0,0,0,0
002798,2021.0,1,1,0,0,0,0
002802,2009.0,1,1,0,0,0,0
002802,2010.0,1,1,0,0,0,0
002802,2013.0,1,1,0,0,0,0
002802,2018.0,1,0,0,0,0,0
002802,2019.0,1,1,0,0,0,0
002802,2020.0,1,1,0,0,0,0
002803,2022.0,3,0,0,0,0,0
002805,2012.0,8,1,0,0,0,0
002805,2015.0,4,0,0,0,0,0
002805,2016.0,1,1,0,0,0,0
002805,2017.0,9,0,0,0,0,0
002805,2018.0,2,1,0,0,0,0
002805,2020.0,8,1,0,0,0,0
002805,2021.0,2,2,0,0,0,0
002805,2022.0,19,1,0,0,0,0
002805,2023.0,11,1,0,0,0,0
002805,2024.0,2,0,0,0,0,0
002806,2007.0,1,1,0,0,0,0
002806,2008.0,2,2,0,0,0,0
002806,2009.0,2,2,0,0,0,0
002806,2010.0,2,0,0,0,0,0
002806,2011.0,10,0,0,0,0,0
002806,2012.0,6,3,0,0,0,0
002806,2013.0,6,3,0,0,0,0
002806,2014.0,8,3,0,0,0,0
002806,2015.0,8,5,0,0,0,0
002806,2016.0,4,2,0,0,0,0
002806,2017.0,5,0,0,0,0,0
002806,2018.0,11,0,0,0,0,0
002806,2019.0,16,1,0,0,0,0
002806,2020.0,8,2,0,0,0,0
002806,2021.0,1,1,0,0,0,0
002809,2011.0,1,1,0,0,0,0
002810,2012.0,1,1,0,0,0,0
002810,2018.0,1,1,0,0,0,0
002810,2023.0,1,1,0,0,0,0
002811,2014.0,5,0,0,0,0,0
002811,2015.0,2,0,0,0,0,0
002811,2016.0,12,0,0,0,0,0
002811,2017.0,7,0,0,0,0,0
002811,2018.0,12,2,0,0,0,0
002811,2019.0,26,0,0,0,0,0
002811,2020.0,18,0,0,0,0,0
002811,2021.0,41,1,0,0,0,0
002811,2022.0,45,3,0,0,0,0
002811,2023.0,64,2,0,0,0,0
002811,2024.0,50,6,0,1,0,1
002812,2017.0,1,1,0,0,0,0
002812,2020.0,3,1,0,0,0,0
002812,2021.0,3,3,0,0,0,0
002813,2012.0,1,0,0,0,0,0
002817,2011.0,4,2,0,0,0,0
002817,2012.0,2,2,0,0,0,0
002817,2015.0,2,2,0,0,0,0
002817,2018.0,1,1,0,0,0,0
002817,2019.0,1,1,0,0,0,0
002817,2020.0,1,1,0,0,0,0
002820,2017.0,4,4,0,0,0,0
002827,2023.0,1,1,0,0,0,0
002828,2014.0,1,1,0,0,0,0
002828,2016.0,1,1,0,0,0,0
002829,2014.0,1,1,0,0,0,0
002829,2020.0,1,1,0,0,0,0
002829,2023.0,1,1,0,0,0,0
002829,2024.0,7,3,0,0,0,0
002830,2010.0,1,0,0,0,0,0
002837,2009.0,1,0,0,0,0,0
002837,2017.0,1,1,0,0,0,0
002841,2021.0,1,0,0,0,0,0
002846,2014.0,2,2,0,0,0,0
002848,2013.0,1,1,0,0,0,0
002848,2014.0,2,0,0,0,0,0
002848,2015.0,1,1,0,0,0,0
002848,2016.0,2,2,0,0,0,0
002848,2021.0,4,4,0,0,0,0
002848,2022.0,8,8,1,1,1,1
002848,2023.0,7,7,1,1,1,1
002848,2024.0,6,6,0,0,0,0
002849,2017.0,8,0,0,0,0,0
002849,2018.0,11,1,0,0,0,0
002852,2019.0,1,1,0,0,0,0
002855,2011.0,36,0,0,0,0,0
002855,2012.0,8,0,0,0,0,0
002855,2013.0,14,8,0,0,0,0
002855,2014.0,18,6,0,0,0,0
002855,2015.0,16,8,0,0,0,0
002855,2016.0,38,6,0,0,0,0
002855,2017.0,2,0,0,0,0,0
002855,2018.0,40,3,0,0,0,0
002856,2019.0,2,0,0,0,0,0
002859,2015.0,1,1,0,0,0,0
002861,2017.0,1,1,0,0,0,0
002861,2018.0,3,1,0,0,0,0
002861,2019.0,2,0,0,0,0,0
002861,2020.0,8,0,0,0,0,0
002861,2021.0,1,0,0,0,0,0
002861,2022.0,2,0,0,0,0,0
002861,2023.0,3,3,0,0,0,0
002864,2005.0,1,1,0,0,0,0
002864,2006.0,1,1,0,0,0,0
002864,2008.0,2,2,0,0,0,0
002864,2010.0,1,1,0,0,0,0
002864,2011.0,1,1,0,0,0,0
002864,2018.0,1,1,0,0,0,0
002864,2020.0,4,3,0,0,0,0
002864,2021.0,4,4,0,0,0,0
002864,2022.0,10,6,0,0,0,0
002864,2023.0,1,1,0,0,0,0
002864,2024.0,3,3,0,0,0,0
002868,2013.0,2,2,0,0,0,0
002868,2014.0,2,2,0,0,0,0
002868,2019.0,3,3,0,0,0,0
002868,2020.0,3,3,0,0,0,0
002868,2021.0,2,2,0,0,0,0
002868,2022.0,2,2,0,0,0,0
002868,2023.0,1,1,0,0,0,0
002868,2025.0,4,4,0,0,0,0
002869,2012.0,2,2,0,0,0,0
002873,2005.0,2,2,0,0,0,0
002873,2006.0,10,10,0,0,0,0
002873,2007.0,2,2,0,0,0,0
002873,2009.0,4,4,0,0,0,0
002873,2010.0,1,1,0,0,0,0
002873,2011.0,1,1,0,0,0,0
002873,2012.0,3,3,0,0,0,0
002873,2013.0,1,1,0,0,0,0
002873,2014.0,1,1,0,0,0,0
002873,2015.0,3,3,0,0,0,0
002873,2016.0,2,2,0,0,0,0
002873,2018.0,4,2,0,0,0,0
002873,2019.0,3,0,0,0,0,0
002876,2022.0,37,2,0,0,0,0
002876,2023.0,35,7,0,0,0,0
002876,2024.0,25,7,0,0,0,0
002877,2009.0,8,0,0,0,0,0
002877,2011.0,2,2,0,0,0,0
002877,2012.0,4,4,0,0,0,0
002877,2013.0,3,0,0,0,0,0
002877,2014.0,4,4,0,0,0,0
002882,2017.0,8,0,0,0,0,0
002884,2018.0,3,3,0,0,0,0
002886,2018.0,1,1,0,0,0,0
002886,2021.0,1,1,0,0,0,0
002888,2023.0,2,0,0,0,0,0
002893,2006.0,2,0,0,0,0,0
002893,2009.0,2,0,0,0,0,0
002893,2011.0,6,0,0,0,0,0
002893,2012.0,30,6,0,0,0,0
002893,2013.0,14,0,0,0,0,0
002893,2014.0,10,0,0,0,0,0
002893,2015.0,14,0,0,4,0,0
002893,2016.0,10,4,0,0,0,0
002893,2017.0,14,0,0,0,0,0
002893,2018.0,18,0,0,0,0,0
002893,2019.0,9,5,0,0,0,0
002893,2020.0,16,7,0,0,0,0
002893,2021.0,6,2,0,0,0,0
002893,2022.0,11,6,0,0,0,0
002893,2023.0,2,1,0,0,0,0
002893,2024.0,10,1,0,0,0,0
002895,2006.0,1,1,0,0,0,0
002895,2010.0,1,0,0,0,0,0
002895,2012.0,3,3,0,0,0,0
002895,2013.0,1,1,0,0,0,0
002895,2014.0,2,2,0,0,0,0
002895,2016.0,1,0,0,0,0,0
002895,2017.0,2,2,0,0,0,0
002895,2018.0,1,1,0,0,0,0
002895,2019.0,2,2,0,0,0,0
002895,2020.0,1,1,0,0,0,0
002895,2022.0,2,2,0,0,0,0
002895,2023.0,2,2,0,0,0,0
002898,2015.0,1,1,0,0,0,0
002898,2016.0,1,1,0,0,0,0
002898,2018.0,1,1,0,0,0,0
002898,2019.0,3,3,0,0,0,0
002898,2020.0,3,3,0,0,0,0
002900,2015.0,1,0,0,0,0,0
002901,2004.0,4,4,0,0,0,0
002901,2008.0,4,4,0,0,0,0
002901,2014.0,2,2,0,0,0,0
002907,2009.0,1,1,0,0,0,0
002907,2011.0,2,2,0,0,0,0
002907,2016.0,1,1,0,0,0,0
002909,2011.0,1,1,0,0,0,0
002909,2012.0,4,4,0,0,0,0
002909,2013.0,1,1,0,0,0,0
002909,2014.0,5,5,0,0,0,0
002909,2015.0,3,3,0,0,0,0
002909,2017.0,1,1,0,0,0,0
002909,2018.0,2,2,0,0,0,0
002909,2019.0,5,5,0,0,0,0
002909,2020.0,3,3,0,0,0,0
002909,2021.0,18,18,0,0,0,0
002909,2022.0,8,8,0,0,0,0
002909,2023.0,12,12,0,0,0,0
002909,2024.0,21,21,0,0,0,0
002910,2016.0,1,1,0,0,0,0
002910,2017.0,1,1,0,0,0,0
002910,2019.0,1,1,0,0,0,0
002910,2020.0,2,2,0,0,0,0
002915,2012.0,2,2,0,0,0,0
002915,2013.0,1,1,0,0,0,0
002915,2020.0,1,1,0,0,0,0
002915,2021.0,2,2,0,0,0,0
002915,2024.0,1,1,0,0,0,0
002916,2019.0,1,1,0,0,0,0
002919,2011.0,1,1,0,0,0,0
002919,2012.0,1,1,0,0,0,0
002919,2018.0,1,1,0,0,0,0
002919,2020.0,1,1,0,0,0,0
002920,2017.0,1,1,0,0,0,0
002923,2013.0,1,1,0,0,0,0
002923,2014.0,1,1,0,0,0,0
002927,2005.0,1,0,0,0,0,0
002927,2010.0,1,0,0,0,0,0
002927,2015.0,2,2,0,0,0,0
002927,2017.0,4,4,0,0,0,0
002927,2019.0,1,1,0,0,0,0
002927,2020.0,6,6,0,0,0,0
002931,2018.0,1,0,0,0,0,0
002933,2011.0,1,1,0,0,0,0
002935,2015.0,1,1,0,0,0,0
002940,2013.0,1,1,0,0,0,0
002940,2016.0,1,1,0,0,0,0
002940,2018.0,1,1,0,0,0,0
002940,2019.0,2,2,0,0,0,0
002940,2020.0,1,1,0,0,0,0
002940,2021.0,1,1,0,0,0,0
002940,2022.0,8,2,0,0,0,0
002940,2023.0,1,1,0,0,0,0
002940,2024.0,1,1,0,0,0,0
002942,2004.0,2,2,0,0,0,0
002942,2009.0,1,1,0,0,0,0
002942,2010.0,2,2,0,0,0,0
002942,2012.0,2,1,0,0,0,0
002942,2013.0,1,1,0,0,0,0
002942,2016.0,1,1,0,0,0,0
002942,2019.0,3,3,0,0,0,0
002942,2021.0,2,2,0,0,0,0
002942,2022.0,2,2,0,0,0,0
002948,2019.0,1,1,0,0,0,0
002967,2019.0,12,3,0,0,0,0
002967,2020.0,14,5,0,0,0,0
002971,2013.0,1,1,0,0,0,0
002971,2015.0,2,1,0,0,0,0
002971,2017.0,1,1,0,0,0,0
002971,2018.0,1,1,0,0,0,0
002971,2020.0,1,1,0,0,0,0
002971,2021.0,2,0,0,0,0,0
002971,2022.0,12,3,0,0,0,0
002971,2023.0,4,3,0,0,0,0
002971,2024.0,3,2,0,0,0,0
002980,2016.0,1,1,0,0,0,0
002985,2010.0,1,0,0,0,0,0
002985,2013.0,2,0,0,0,0,0
002985,2016.0,5,0,0,0,0,0
002985,2018.0,3,1,0,0,0,0
002985,2020.0,5,1,0,0,0,0
002986,2013.0,1,1,0,0,0,0
002986,2014.0,4,2,0,0,0,0
002986,2015.0,2,0,0,0,0,0
002986,2016.0,7,4,0,0,0,0
002986,2017.0,2,1,0,0,0,0
002986,2018.0,2,2,0,0,0,0
002986,2019.0,2,2,0,0,0,0
002986,2020.0,4,2,0,0,0,0
002986,2021.0,7,3,0,0,0,0
002986,2022.0,5,3,0,0,0,0
002986,2023.0,10,3,0,0,0,0
002986,2024.0,10,3,0,0,0,0
002991,2018.0,1,1,0,0,0,0
002993,2016.0,1,1,0,0,0,0
002993,2020.0,7,1,0,0,0,0
002993,2022.0,1,1,0,0,0,0
003003,2020.0,1,1,0,0,0,0
003003,2022.0,1,1,0,0,0,0
003003,2023.0,2,0,0,0,0,0
003003,2024.0,3,0,0,0,0,0
003007,2011.0,1,1,0,0,0,0
003007,2021.0,5,4,0,1,0,1
003007,2022.0,7,7,0,0,0,0
003012,2017.0,1,1,0,0,0,0
003020,2020.0,9,5,0,0,0,0
003021,2019.0,1,1,0,0,0,0
003022,2014.0,1,1,0,0,0,0
003022,2016.0,1,1,0,0,0,0
003022,2017.0,3,0,0,0,0,0
003022,2018.0,6,6,0,0,0,0
003022,2019.0,3,3,0,0,0,0
003022,2020.0,1,1,0,0,0,0
003022,2021.0,7,6,0,0,0,0
003022,2022.0,1,1,0,0,0,0
003022,2023.0,13,8,0,0,0,0
003022,2024.0,1,1,0,0,0,0
003027,2022.0,1,1,0,0,0,0
003030,2014.0,1,1,0,0,0,0
003030,2015.0,3,3,0,0,0,0
003030,2017.0,1,1,0,0,0,0
003030,2021.0,1,1,0,0,0,0
003033,2020.0,31,5,0,0,0,0
003033,2023.0,31,7,0,0,0,0
003033,2024.0,72,10,0,0,0,0
003033,2025.0,1,1,0,0,0,0
003036,2014.0,1,0,0,0,0,0
003036,2015.0,1,1,0,0,0,0
003036,2016.0,1,0,0,0,0,0
003036,2017.0,1,1,0,0,0,0
003036,2022.0,1,1,0,0,0,0
003036,2023.0,2,2,0,0,0,0
003036,2024.0,1,1,0,0,0,0
003037,2007.0,1,1,0,0,0,0
003037,2013.0,1,1,0,0,0,0
003037,2022.0,2,1,0,0,0,0
003038,2024.0,1,1,0,0,0,0
003039,2022.0,5,0,0,0,0,0
003042,2012.0,1,1,0,0,0,0
003042,2013.0,1,1,0,0,0,0
003042,2014.0,2,2,0,0,0,0
003042,2015.0,2,2,0,0,0,0
003042,2019.0,1,1,0,0,0,0
003042,2020.0,2,2,0,0,0,0
003042,2021.0,2,2,0,0,0,0
003042,2024.0,2,2,0,0,0,0
200771,2014.0,1,1,0,0,0,0
200771,2017.0,1,1,0,0,0,0
300002,2006.0,1,0,0,0,0,0
300002,2007.0,2,0,0,0,0,0
300002,2010.0,1,0,0,0,0,0
300002,2011.0,6,4,1,1,0,0
300002,2012.0,26,22,0,3,0,2
300002,2013.0,6,5,0,1,0,1
300002,2014.0,1,1,0,0,0,0
300002,2015.0,1,1,0,0,0,0
300002,2018.0,5,5,1,1,1,1
300003,2001.0,4,0,0,0,0,0
300003,2002.0,3,0,0,0,0,0
300003,2003.0,10,1,0,0,0,0
300003,2004.0,6,0,0,0,0,0
300003,2005.0,5,0,0,0,0,0
300003,2006.0,2,0,0,0,0,0
300003,2007.0,11,0,0,0,0,0
300003,2008.0,11,0,0,0,0,0
300003,2009.0,4,0,0,0,0,0
300003,2010.0,3,2,0,0,0,0
300003,2011.0,17,5,0,0,0,0
300003,2017.0,2,2,0,0,0,0
300004,2001.0,1,0,0,0,0,0
300004,2006.0,1,0,0,0,0,0
300004,2009.0,11,0,0,0,0,0
300004,2010.0,9,3,0,0,0,0
300004,2011.0,4,4,0,0,0,0
300005,2009.0,3,0,0,0,0,0
300005,2010.0,7,0,0,0,0,0
300005,2011.0,1,0,0,0,0,0
300005,2012.0,1,0,0,0,0,0
300005,2016.0,3,1,0,0,0,0
300005,2017.0,9,3,0,0,0,0
300005,2018.0,9,0,0,0,0,0
300005,2019.0,18,1,0,0,0,0
300005,2020.0,8,0,0,0,0,0
300005,2022.0,1,0,0,0,0,0
300005,2024.0,1,0,0,0,0,0
300006,2004.0,2,2,0,0,0,0
300006,2006.0,3,3,0,0,0,0
300006,2007.0,1,1,0,0,0,0
300006,2008.0,5,5,0,0,0,0
300006,2009.0,4,4,0,0,0,0
300006,2010.0,15,5,0,0,0,0
300006,2011.0,8,7,0,0,0,0
300006,2012.0,17,0,0,0,0,0
300007,2002.0,1,0,0,0,0,0
300007,2004.0,2,0,0,0,0,0
300007,2006.0,4,0,0,0,0,0
300007,2007.0,19,2,0,0,0,0
300007,2008.0,14,1,0,0,0,0
300007,2009.0,27,1,0,0,0,0
300007,2010.0,40,4,0,0,0,0
300007,2011.0,52,5,0,0,0,0
300007,2012.0,102,6,0,0,0,0
300007,2013.0,29,3,0,0,0,0
300007,2014.0,1,1,0,0,0,0
300007,2015.0,1,1,0,0,0,0
300007,2017.0,37,8,0,0,0,0
300007,2018.0,34,4,0,0,0,0
300007,2019.0,56,3,0,0,0,0
300007,2020.0,116,2,0,0,0,0
300007,2021.0,75,5,0,0,0,0
300007,2022.0,144,9,0,0,0,0
300007,2023.0,137,29,2,2,1,1
300007,2024.0,189,51,0,2,0,0
300008,2005.0,1,0,0,0,0,0
300008,2008.0,2,2,0,0,0,0
300008,2009.0,18,4,0,0,0,0
300008,2010.0,5,1,0,0,0,0
300008,2011.0,14,2,0,0,0,0
300008,2012.0,9,0,0,0,0,0
300008,2013.0,11,2,0,0,0,0
300008,2014.0,6,0,0,0,0,0
300008,2015.0,38,1,0,0,0,0
300008,2016.0,32,2,0,0,0,0
300008,2017.0,40,3,0,0,0,0
300008,2018.0,16,0,0,0,0,0
300008,2023.0,3,3,0,0,0,0
300008,2024.0,1,1,0,0,0,0
300009,2003.0,1,1,0,0,0,0
300009,2005.0,1,1,0,0,0,0
300009,2006.0,3,3,0,0,0,0
300009,2007.0,1,1,0,0,0,0
300009,2008.0,1,1,0,0,0,0
300009,2010.0,1,0,0,0,0,0
300009,2011.0,20,4,0,0,0,0
300009,2012.0,16,1,0,0,0,0
300009,2013.0,56,4,0,0,0,0
300009,2014.0,25,13,0,0,0,0
300009,2015.0,6,0,0,0,0,0
300009,2016.0,3,3,0,0,0,0
300009,2017.0,17,10,0,0,0,0
300009,2018.0,10,9,0,0,0,0
300009,2019.0,24,7,0,1,0,0
300009,2020.0,23,8,0,0,0,0
300009,2021.0,14,11,0,0,0,0
300009,2022.0,14,9,0,0,0,0
300009,2023.0,30,18,0,0,0,0
300009,2024.0,16,12,1,1,1,1
300010,2010.0,2,0,0,0,0,0
300010,2011.0,1,1,0,0,0,0
300010,2013.0,3,0,0,0,0,0
300011,2008.0,6,0,0,0,0,0
300011,2011.0,5,0,0,0,0,0
300011,2012.0,51,2,0,0,0,0
300011,2013.0,6,5,0,0,0,0
300011,2014.0,7,3,0,0,0,0
300011,2015.0,12,4,0,0,0,0
300011,2016.0,12,5,0,0,0,0
300011,2017.0,21,3,0,0,0,0
300011,2018.0,32,5,0,0,0,0
300011,2019.0,27,6,0,0,0,0
300011,2020.0,17,4,0,0,0,0
300011,2021.0,17,3,0,0,0,0
300011,2022.0,20,3,0,1,0,0
300011,2023.0,25,10,1,1,1,1
300011,2024.0,7,1,0,0,0,0
300012,2009.0,3,1,0,0,0,0
300012,2010.0,6,1,0,0,0,0
300012,2011.0,3,0,0,0,0,0
300012,2013.0,3,0,0,0,0,0
300012,2014.0,7,4,0,0,0,0
300012,2016.0,2,0,0,0,0,0
300012,2017.0,11,3,0,0,0,0
300012,2018.0,22,0,0,0,0,0
300012,2019.0,1,0,0,0,0,0
300012,2020.0,7,0,0,0,0,0
300012,2021.0,9,3,0,0,0,0
300012,2022.0,9,2,0,0,0,0
300012,2023.0,12,8,0,0,0,0
300012,2024.0,9,6,0,0,0,0
300012,2025.0,3,1,0,0,0,0
300014,2005.0,3,0,0,0,0,0
300014,2006.0,3,1,0,0,0,0
300014,2007.0,2,0,0,0,0,0
300014,2008.0,4,2,0,0,0,0
300014,2009.0,12,0,0,0,0,0
300014,2010.0,6,0,0,0,0,0
300014,2011.0,10,1,0,0,0,0
300014,2015.0,2,2,0,0,0,0
300016,2006.0,1,1,0,0,0,0
300016,2018.0,1,1,0,0,0,0
300017,2012.0,2,1,0,0,0,0
300017,2019.0,1,1,0,0,0,0
300017,2020.0,5,5,0,3,0,3
300017,2021.0,2,2,0,1,0,1
300018,2006.0,2,2,0,0,0,0
300018,2009.0,3,0,0,0,0,0
300018,2010.0,10,0,0,0,0,0
300018,2011.0,10,1,0,0,0,0
300018,2012.0,3,0,0,0,0,0
300018,2013.0,3,0,0,0,0,0
300018,2015.0,14,8,0,0,0,0
300018,2016.0,16,7,0,0,0,0
300018,2017.0,19,13,0,0,0,0
300018,2018.0,14,9,0,0,0,0
300018,2019.0,21,10,0,0,0,0
300018,2020.0,14,2,0,0,0,0
300018,2021.0,23,15,0,0,0,0
300018,2022.0,14,7,0,0,0,0
300018,2023.0,19,9,0,0,0,0
300018,2024.0,16,8,0,0,0,0
300019,2004.0,2,1,0,0,0,0
300019,2005.0,3,1,0,0,0,0
300019,2007.0,2,2,0,0,0,0
300019,2008.0,2,2,0,0,0,0
300019,2009.0,1,1,0,0,0,0
300019,2010.0,3,3,0,0,0,0
300019,2011.0,3,2,0,0,0,0
300019,2012.0,2,2,0,0,0,0
300019,2015.0,1,1,0,0,0,0
300019,2017.0,1,1,0,0,0,0
300020,2008.0,5,0,0,0,0,0
300020,2009.0,1,1,0,0,0,0
300020,2010.0,2,1,0,0,0,0
300020,2012.0,4,0,0,0,0,0
300020,2013.0,2,0,0,0,0,0
300020,2017.0,42,38,1,6,1,6
300021,2000.0,1,0,0,0,0,0
300021,2003.0,1,0,0,0,0,0
300021,2005.0,3,1,0,0,0,0
300021,2006.0,2,0,0,0,0,0
300021,2007.0,1,1,0,0,0,0
300021,2008.0,7,0,0,0,0,0
300021,2009.0,5,0,0,0,0,0
300021,2010.0,10,0,0,0,0,0
300021,2011.0,10,0,0,0,0,0
300021,2012.0,4,1,0,0,0,0
300021,2022.0,26,3,0,0,0,0
300021,2023.0,60,6,0,0,0,0
300021,2024.0,36,9,0,0,0,0
300023,2004.0,3,0,0,0,0,0
300023,2006.0,4,0,0,0,0,0
300023,2008.0,4,0,0,0,0,0
300023,2009.0,1,0,0,0,0,0
300023,2010.0,1,0,0,0,0,0
300023,2011.0,1,0,0,0,0,0
300023,2012.0,2,0,0,0,0,0
300024,2004.0,2,0,0,0,0,0
300024,2005.0,4,0,0,0,0,0
300024,2006.0,2,0,0,0,0,0
300024,2007.0,14,4,0,0,0,0
300024,2008.0,12,2,0,0,0,0
300024,2009.0,22,9,0,0,0,0
300024,2010.0,32,18,0,0,0,0
300024,2011.0,62,8,0,0,0,0
300024,2012.0,38,5,0,0,0,0
300024,2013.0,43,2,0,0,0,0
300024,2014.0,12,8,0,0,0,0
300024,2015.0,53,47,0,0,0,0
300024,2016.0,1,1,0,0,0,0
300025,2006.0,1,0,0,0,0,0
300025,2007.0,1,0,0,0,0,0
300025,2008.0,1,0,0,0,0,0
300025,2009.0,5,0,0,0,0,0
300025,2011.0,1,0,0,0,0,0
300025,2012.0,2,0,0,0,0,0
300026,2000.0,2,1,0,0,0,0
300026,2001.0,1,0,0,0,0,0
300026,2002.0,3,1,0,0,0,0
300026,2003.0,2,0,0,0,0,0
300026,2004.0,1,0,0,0,0,0
300026,2005.0,5,2,0,0,0,0
300026,2006.0,3,1,0,0,0,0
300026,2008.0,1,1,0,0,0,0
300026,2009.0,1,1,0,0,0,0
300026,2010.0,7,3,0,0,0,0
300026,2011.0,10,8,0,0,0,0
300026,2012.0,4,4,0,0,0,0
300026,2013.0,2,2,0,0,0,0
300026,2020.0,1,1,0,0,0,0
300027,2015.0,1,0,0,0,0,0
300027,2016.0,4,4,0,0,0,0
300027,2018.0,5,1,0,0,0,0
300028,2008.0,2,0,0,0,0,0
300028,2009.0,2,0,0,0,0,0
300028,2010.0,7,2,0,0,0,0
300028,2011.0,3,2,0,2,0,2
300028,2012.0,1,0,0,0,0,0
300028,2013.0,15,0,0,0,0,0
300028,2014.0,12,2,0,0,0,0
300028,2015.0,34,5,0,0,0,0
300028,2017.0,6,2,0,0,0,0
300029,2005.0,2,2,0,0,0,0
300029,2006.0,1,0,0,0,0,0
300029,2007.0,1,0,0,0,0,0
300029,2008.0,1,0,0,0,0,0
300029,2009.0,3,1,0,0,0,0
300029,2010.0,11,3,0,0,0,0
300029,2011.0,13,2,0,0,0,0
300029,2012.0,6,3,0,0,0,0
300029,2013.0,5,1,0,0,0,0
300029,2014.0,7,1,0,0,0,0
300030,2000.0,1,0,0,0,0,0
300030,2001.0,2,0,0,0,0,0
300030,2004.0,3,0,0,0,0,0
300030,2005.0,5,0,0,0,0,0
300030,2007.0,1,0,0,0,0,0
300030,2008.0,11,1,0,0,0,0
300030,2009.0,2,0,0,0,0,0
300030,2010.0,5,1,0,0,0,0
300030,2011.0,9,0,0,0,0,0
300030,2012.0,10,1,0,0,0,0
300030,2013.0,4,1,0,0,0,0
300030,2014.0,8,1,0,0,0,0
300030,2015.0,14,2,0,0,0,0
300030,2016.0,11,8,0,0,0,0
300030,2017.0,17,8,0,0,0,0
300030,2018.0,11,6,0,0,0,0
300030,2019.0,21,2,0,0,0,0
300030,2020.0,7,1,0,0,0,0
300030,2021.0,22,4,0,0,0,0
300030,2022.0,24,3,0,0,0,0
300030,2023.0,14,6,0,0,0,0
300030,2024.0,9,7,0,0,0,0
300031,2006.0,1,1,0,0,0,0
300031,2007.0,2,0,0,0,0,0
300031,2008.0,1,0,0,0,0,0
300031,2009.0,6,0,0,0,0,0
300031,2010.0,9,6,0,0,0,0
300031,2011.0,36,35,0,0,0,0
300031,2012.0,21,21,0,0,0,0
300031,2013.0,45,36,0,0,0,0
300031,2014.0,21,15,0,0,0,0
300031,2015.0,19,7,0,0,0,0
300031,2016.0,18,12,0,0,0,0
300031,2017.0,5,5,0,0,0,0
300031,2018.0,1,1,0,0,0,0
300032,2003.0,6,0,0,0,0,0
300032,2004.0,1,0,0,0,0,0
300032,2005.0,1,0,0,0,0,0
300032,2006.0,1,0,0,0,0,0
300032,2007.0,4,1,0,0,0,0
300032,2009.0,8,1,0,0,0,0
300032,2010.0,20,0,0,0,0,0
300032,2011.0,26,0,0,0,0,0
300032,2012.0,9,2,0,0,0,0
300032,2013.0,20,0,0,0,0,0
300034,2003.0,3,3,0,0,0,0
300034,2004.0,2,2,0,0,0,0
300034,2006.0,4,4,0,0,0,0
300034,2007.0,7,5,0,0,0,0
300034,2008.0,3,3,0,0,0,0
300034,2009.0,1,1,0,0,0,0
300034,2010.0,4,2,0,0,0,0
300034,2011.0,1,1,0,0,0,0
300035,2001.0,1,0,0,0,0,0
300035,2003.0,1,0,0,0,0,0
300035,2005.0,2,0,0,0,0,0
300035,2007.0,1,0,0,0,0,0
300035,2009.0,3,2,0,0,0,0
300035,2010.0,12,0,0,0,0,0
300035,2011.0,1,1,0,0,0,0
300035,2012.0,6,0,0,0,0,0
300035,2013.0,2,0,0,0,0,0
300035,2014.0,2,0,0,0,0,0
300035,2015.0,14,0,0,0,0,0
300035,2016.0,13,2,0,0,0,0
300035,2017.0,8,6,0,0,0,0
300035,2018.0,7,4,0,0,0,0
300035,2019.0,16,4,0,0,0,0
300035,2020.0,32,11,0,0,0,0
300035,2021.0,16,12,0,0,0,0
300036,2011.0,2,2,0,0,0,0
300036,2012.0,5,3,0,0,0,0
300037,2007.0,2,2,0,0,0,0
300037,2008.0,1,1,0,0,0,0
300037,2009.0,3,3,0,0,0,0
300037,2010.0,6,6,0,0,0,0
300037,2011.0,11,11,0,0,0,0
300037,2012.0,2,2,0,0,0,0
300037,2014.0,1,1,0,0,0,0
300037,2015.0,2,2,0,0,0,0
300037,2016.0,2,2,0,0,0,0
300037,2017.0,5,4,0,0,0,0
300037,2018.0,4,3,0,0,0,0
300037,2019.0,2,2,0,0,0,0
300037,2020.0,5,5,0,0,0,0
300037,2021.0,7,7,0,0,0,0
300037,2022.0,5,5,0,0,0,0
300037,2023.0,4,4,0,0,0,0
300037,2024.0,5,5,0,0,0,0
300037,2025.0,4,4,0,0,0,0
300038,2005.0,1,0,0,0,0,0
300038,2006.0,2,0,0,0,0,0
300038,2007.0,3,0,0,0,0,0
300038,2008.0,1,0,0,0,0,0
300038,2009.0,1,0,0,0,0,0
300038,2010.0,79,0,0,0,0,0
300038,2011.0,12,0,0,0,0,0
300038,2012.0,1,1,0,0,0,0
300038,2017.0,1,0,0,0,0,0
300038,2018.0,3,3,0,0,0,0
300039,2001.0,1,1,0,0,0,0
300039,2004.0,4,0,0,0,0,0
300039,2006.0,2,0,0,0,0,0
300039,2011.0,2,2,0,0,0,0
300040,2002.0,4,0,0,0,0,0
300040,2003.0,1,0,0,0,0,0
300040,2005.0,10,0,0,0,0,0
300040,2007.0,5,0,0,0,0,0
300040,2008.0,8,2,0,0,0,0
300040,2009.0,24,8,0,0,0,0
300040,2010.0,60,7,0,0,0,0
300040,2011.0,62,8,0,0,0,0
300040,2012.0,66,10,0,0,0,0
300040,2013.0,58,0,0,0,0,0
300040,2014.0,85,4,0,0,0,0
300040,2015.0,22,10,0,0,0,0
300040,2016.0,54,8,0,0,0,0
300040,2017.0,6,0,0,0,0,0
300040,2018.0,9,0,0,0,0,0
300040,2019.0,7,1,0,0,0,0
300040,2020.0,8,4,0,0,0,0
300041,2008.0,2,2,0,0,0,0
300041,2010.0,4,4,0,0,0,0
300041,2011.0,1,1,0,0,0,0
300041,2012.0,6,6,0,0,0,0
300041,2013.0,1,1,0,0,0,0
300041,2016.0,1,1,0,0,0,0
300042,2002.0,5,2,0,2,0,2
300042,2003.0,2,1,0,0,0,0
300042,2004.0,10,7,0,0,0,0
300042,2005.0,18,10,0,4,0,4
300042,2006.0,15,8,0,1,0,1
300042,2007.0,25,10,0,1,0,1
300042,2008.0,22,21,0,0,0,0
300042,2009.0,43,43,0,3,0,3
300042,2010.0,40,39,2,4,2,4
300042,2011.0,40,34,0,2,0,2
300042,2012.0,41,35,0,0,0,0
300042,2013.0,1,1,0,0,0,0
300042,2016.0,1,1,0,0,0,0
300043,2004.0,7,0,0,0,0,0
300043,2006.0,12,0,0,0,0,0
300043,2007.0,5,0,0,0,0,0
300043,2008.0,3,0,0,0,0,0
300043,2009.0,3,0,0,0,0,0
300043,2010.0,31,0,0,0,0,0
300043,2011.0,16,0,0,0,0,0
300043,2012.0,15,0,0,0,0,0
300043,2013.0,24,1,0,0,0,0
300043,2014.0,28,0,0,0,0,0
300043,2017.0,2,2,0,0,0,0
300043,2018.0,1,1,0,0,0,0
300043,2022.0,1,1,0,0,0,0
300044,2009.0,4,0,0,0,0,0
300044,2011.0,2,2,0,0,0,0
300045,2006.0,7,0,0,2,0,0
300045,2009.0,6,4,0,0,0,0
300045,2010.0,2,0,0,0,0,0
300045,2011.0,10,10,0,2,0,2
300045,2012.0,9,7,0,0,0,0
300045,2013.0,4,2,0,0,0,0
300045,2014.0,11,7,0,0,0,0
300045,2015.0,3,3,0,0,0,0
300045,2016.0,13,6,0,0,0,0
300046,2005.0,3,0,0,0,0,0
300046,2006.0,2,0,0,0,0,0
300046,2010.0,6,0,0,0,0,0
300046,2012.0,10,2,0,0,0,0
300046,2017.0,8,5,0,0,0,0
300046,2018.0,5,0,0,0,0,0
300046,2019.0,3,2,0,0,0,0
300046,2022.0,17,0,0,0,0,0
300046,2023.0,11,2,0,0,0,0
300046,2024.0,4,1,0,0,0,0
300047,2012.0,2,2,0,2,0,2
300047,2013.0,6,6,0,0,0,0
300047,2014.0,8,8,0,2,0,2
300047,2015.0,6,6,0,0,0,0
300047,2016.0,1,1,0,0,0,0
300047,2017.0,1,1,0,0,0,0
300047,2019.0,2,2,0,0,0,0
300047,2020.0,5,5,0,1,0,1
300047,2021.0,1,1,0,0,0,0
300048,2001.0,2,2,0,0,0,0
300048,2007.0,8,0,0,0,0,0
300048,2008.0,8,0,0,0,0,0
300048,2009.0,2,0,0,0,0,0
300048,2010.0,6,0,0,0,0,0
300048,2011.0,23,18,0,0,0,0
300048,2012.0,5,0,0,0,0,0
300048,2013.0,44,4,0,0,0,0
300048,2014.0,47,10,0,0,0,0
300048,2015.0,75,8,0,0,0,0
300048,2016.0,95,6,0,0,0,0
300048,2017.0,48,7,0,0,0,0
300048,2018.0,48,6,0,0,0,0
300048,2019.0,27,3,0,0,0,0
300049,2002.0,2,0,0,0,0,0
300049,2003.0,1,1,0,0,0,0
300049,2006.0,2,2,0,0,0,0
300050,2010.0,3,0,0,0,0,0
300050,2011.0,2,0,0,0,0,0
300050,2015.0,2,1,0,1,0,1
300051,2010.0,2,0,0,0,0,0
300051,2012.0,1,0,0,0,0,0
300051,2015.0,1,0,0,0,0,0
300051,2018.0,1,0,0,0,0,0
300051,2019.0,1,0,0,0,0,0
300052,2022.0,1,1,0,1,0,1
300052,2023.0,1,1,0,1,0,1
300053,2004.0,1,0,0,0,0,0
300053,2011.0,10,0,0,0,0,0
300053,2012.0,3,1,0,0,0,0
300053,2013.0,35,4,0,0,0,0
300053,2014.0,41,1,0,0,0,0
300053,2015.0,1,1,0,0,0,0
300053,2024.0,3,0,0,0,0,0
300054,2005.0,2,2,0,0,0,0
300054,2006.0,1,1,0,0,0,0
300054,2007.0,2,2,0,0,0,0
300054,2008.0,5,5,0,0,0,0
300054,2009.0,6,6,0,0,0,0
300054,2010.0,1,1,0,0,0,0
300054,2011.0,4,3,0,0,0,0
300054,2012.0,6,6,0,0,0,0
300054,2013.0,1,1,0,0,0,0
300055,2011.0,1,0,0,0,0,0
300056,2007.0,2,0,0,0,0,0
300056,2008.0,4,0,0,0,0,0
300056,2009.0,2,2,0,0,0,0
300056,2011.0,2,2,0,0,0,0
300056,2012.0,3,1,0,0,0,0
300056,2013.0,3,0,0,0,0,0
300056,2016.0,2,2,0,0,0,0
300056,2018.0,13,1,0,0,0,0
300056,2019.0,16,7,0,0,0,0
300056,2020.0,7,1,0,0,0,0
300057,2005.0,8,0,0,0,0,0
300057,2009.0,6,0,0,0,0,0
300057,2010.0,3,0,0,0,0,0
300057,2011.0,10,3,0,0,0,0
300057,2012.0,15,6,0,0,0,0
300057,2014.0,74,3,0,0,0,0
300057,2015.0,63,0,0,0,0,0
300057,2016.0,97,16,0,0,0,0
300057,2017.0,40,0,0,0,0,0
300057,2018.0,92,12,0,0,0,0
300057,2019.0,38,2,0,0,0,0
300057,2020.0,27,0,0,0,0,0
300057,2021.0,30,2,0,0,0,0
300057,2022.0,32,1,0,0,0,0
300057,2023.0,41,6,0,0,0,0
300057,2024.0,61,12,0,0,0,0
300061,2003.0,1,0,0,0,0,0
300061,2006.0,1,1,0,0,0,0
300061,2007.0,1,1,0,0,0,0
300061,2008.0,1,1,0,0,0,0
300061,2009.0,3,2,0,0,0,0
300061,2010.0,8,1,0,0,0,0
300062,2004.0,1,0,0,0,0,0
300062,2005.0,1,1,0,0,0,0
300062,2006.0,2,0,0,0,0,0
300062,2007.0,1,0,0,0,0,0
300062,2008.0,2,0,0,0,0,0
300062,2009.0,5,1,0,0,0,0
300062,2010.0,1,0,0,0,0,0
300062,2011.0,13,0,0,0,0,0
300062,2012.0,4,0,0,0,0,0
300063,2005.0,1,1,0,0,0,0
300063,2009.0,6,6,0,0,0,0
300063,2012.0,5,2,0,0,0,0
300063,2013.0,9,8,0,0,0,0
300063,2014.0,2,0,0,0,0,0
300063,2015.0,12,8,0,0,0,0
300063,2016.0,6,6,0,0,0,0
300063,2017.0,2,0,0,0,0,0
300063,2018.0,8,0,0,0,0,0
300063,2019.0,1,1,0,0,0,0
300063,2020.0,12,1,0,0,0,0
300063,2021.0,18,5,0,0,0,0
300063,2022.0,2,0,0,0,0,0
300064,2010.0,35,2,0,0,0,0
300064,2011.0,75,2,0,0,0,0
300064,2012.0,26,5,0,0,0,0
300064,2013.0,1,1,0,0,0,0
300064,2016.0,7,7,0,0,0,0
300064,2017.0,9,9,0,0,0,0
300064,2018.0,14,14,0,0,0,0
300064,2019.0,6,1,0,0,0,0
300064,2020.0,13,2,0,0,0,0
300064,2021.0,14,5,0,0,0,0
300065,2006.0,1,0,0,0,0,0
300065,2009.0,3,1,0,0,0,0
300065,2010.0,12,0,0,0,0,0
300065,2011.0,2,1,0,0,0,0
300065,2012.0,4,1,0,0,0,0
300065,2013.0,1,0,0,0,0,0
300066,2000.0,1,1,0,0,0,0
300066,2003.0,1,0,0,0,0,0
300066,2005.0,1,0,0,0,0,0
300066,2006.0,3,1,0,0,0,0
300066,2007.0,3,0,0,0,0,0
300066,2008.0,6,0,0,0,0,0
300066,2009.0,1,0,0,0,0,0
300066,2010.0,6,0,0,0,0,0
300066,2011.0,6,0,0,0,0,0
300066,2012.0,7,0,0,0,0,0
300066,2013.0,39,1,0,0,0,0
300066,2014.0,10,3,0,0,0,0
300066,2017.0,23,3,0,0,0,0
300066,2018.0,21,3,0,0,0,0
300066,2019.0,65,2,0,0,0,0
300066,2020.0,58,7,0,0,0,0
300066,2021.0,129,6,0,0,0,0
300066,2022.0,66,3,0,0,0,0
300066,2023.0,75,16,0,0,0,0
300066,2024.0,59,12,0,0,0,0
300067,2006.0,2,2,0,0,0,0
300067,2009.0,1,1,0,0,0,0
300067,2011.0,7,7,0,0,0,0
300067,2012.0,1,1,0,0,0,0
300067,2018.0,43,17,0,0,0,0
300067,2019.0,13,12,0,0,0,0
300067,2021.0,7,0,0,0,0,0
300067,2022.0,11,11,0,0,0,0
300067,2023.0,6,4,0,0,0,0
300067,2024.0,8,4,0,2,0,0
300068,2010.0,5,1,0,0,0,0
300068,2011.0,10,2,0,0,0,0
300068,2012.0,16,2,0,0,0,0
300068,2013.0,2,1,0,0,0,0
300069,2008.0,12,0,0,0,0,0
300069,2009.0,5,0,0,0,0,0
300069,2011.0,4,0,0,0,0,0
300070,2005.0,1,1,0,0,0,0
300070,2007.0,2,0,0,0,0,0
300070,2008.0,1,0,0,0,0,0
300070,2009.0,5,4,0,0,0,0
300070,2010.0,5,3,0,0,0,0
300070,2011.0,20,9,0,0,0,0
300070,2012.0,31,6,0,0,0,0
300070,2013.0,3,1,0,0,0,0
300070,2014.0,1,0,0,0,0,0
300070,2017.0,116,8,0,0,0,0
300070,2018.0,82,12,0,0,0,0
300070,2019.0,43,14,0,0,0,0
300070,2020.0,84,17,1,1,0,0
300070,2021.0,151,7,0,0,0,0
300070,2022.0,71,19,0,2,0,1
300070,2023.0,94,27,0,1,0,1
300070,2024.0,38,15,0,0,0,0
300072,2000.0,3,3,0,0,0,0
300072,2001.0,3,3,0,0,0,0
300072,2004.0,3,3,0,0,0,0
300072,2005.0,15,15,0,0,0,0
300072,2006.0,13,13,0,0,0,0
300072,2007.0,37,34,0,0,0,0
300072,2008.0,10,10,0,0,0,0
300072,2009.0,15,12,0,0,0,0
300072,2010.0,11,4,0,0,0,0
300072,2011.0,14,14,0,0,0,0
300072,2012.0,59,46,0,0,0,0
300072,2013.0,63,45,0,0,0,0
300072,2014.0,13,13,0,0,0,0
300072,2015.0,1,1,0,0,0,0
300072,2017.0,56,46,0,0,0,0
300072,2018.0,139,50,0,0,0,0
300072,2019.0,140,84,0,0,0,0
300072,2020.0,145,105,0,0,0,0
300072,2021.0,59,41,0,0,0,0
300072,2022.0,49,21,0,0,0,0
300072,2023.0,24,15,0,0,0,0
300072,2024.0,30,12,0,0,0,0
300073,2001.0,3,3,0,0,0,0
300073,2003.0,4,4,0,0,0,0
300073,2004.0,2,0,0,0,0,0
300073,2005.0,4,0,0,0,0,0
300073,2006.0,17,17,0,0,0,0
300073,2007.0,5,1,0,0,0,0
300073,2008.0,11,1,0,0,0,0
300073,2009.0,1,0,0,0,0,0
300073,2010.0,15,8,0,0,0,0
300073,2011.0,46,4,0,0,0,0
300073,2012.0,81,1,0,0,0,0
300073,2013.0,13,2,0,0,0,0
300073,2014.0,1,0,0,0,0,0
300073,2015.0,26,5,0,0,0,0
300073,2016.0,32,5,0,0,0,0
300073,2017.0,8,2,0,0,0,0
300073,2018.0,8,6,0,0,0,0
300073,2019.0,33,10,0,0,0,0
300073,2020.0,24,16,0,0,0,0
300074,2007.0,8,0,0,0,0,0
300074,2008.0,8,0,0,0,0,0
300074,2009.0,73,4,0,0,0,0
300074,2010.0,44,15,0,0,0,0
300074,2011.0,18,14,0,0,0,0
300074,2012.0,16,16,0,2,0,2
300074,2013.0,12,4,0,0,0,0
300074,2014.0,12,8,0,0,0,0
300074,2015.0,18,10,0,0,0,0
300074,2016.0,28,22,0,0,0,0
300074,2017.0,19,11,0,0,0,0
300074,2018.0,5,4,0,0,0,0
300074,2019.0,9,5,0,1,0,1
300074,2020.0,2,2,0,0,0,0
300075,2002.0,1,0,0,0,0,0
300075,2006.0,2,0,0,1,0,0
300075,2008.0,2,2,0,1,0,1
300075,2010.0,2,0,0,0,0,0
300075,2011.0,5,1,0,0,0,0
300075,2012.0,4,3,0,0,0,0
300075,2013.0,1,1,0,0,0,0
300075,2016.0,18,4,0,0,0,0
300075,2017.0,18,2,0,0,0,0
300075,2018.0,9,3,0,0,0,0
300075,2019.0,5,3,0,0,0,0
300075,2020.0,8,2,0,0,0,0
300075,2021.0,7,6,0,0,0,0
300075,2022.0,3,1,0,0,0,0
300075,2023.0,14,9,1,1,1,1
300075,2024.0,10,6,0,2,0,2
300076,2005.0,1,0,0,0,0,0
300076,2006.0,2,0,0,0,0,0
300076,2007.0,7,0,0,0,0,0
300076,2008.0,9,3,0,0,0,0
300076,2009.0,2,0,0,0,0,0
300076,2010.0,21,3,0,0,0,0
300076,2011.0,11,0,0,0,0,0
300076,2012.0,19,3,0,0,0,0
300076,2013.0,22,2,0,0,0,0
300076,2014.0,12,7,0,1,0,1
300076,2015.0,21,15,0,0,0,0
300076,2016.0,22,16,0,0,0,0
300076,2017.0,19,11,0,0,0,0
300076,2018.0,19,7,0,0,0,0
300076,2019.0,2,1,0,0,0,0
300077,2010.0,10,1,0,0,0,0
300077,2011.0,36,14,0,0,0,0
300077,2012.0,85,19,0,1,0,1
300077,2013.0,1,1,0,0,0,0
300077,2014.0,49,33,0,0,0,0
300078,2003.0,6,0,0,0,0,0
300078,2005.0,10,0,0,0,0,0
300078,2006.0,18,0,0,0,0,0
300078,2007.0,20,0,0,0,0,0
300078,2008.0,22,0,0,0,0,0
300078,2009.0,36,2,0,0,0,0
300078,2010.0,30,0,0,0,0,0
300078,2011.0,8,0,0,0,0,0
300078,2012.0,4,3,0,0,0,0
300078,2015.0,4,4,0,0,0,0
300078,2016.0,2,2,0,0,0,0
300078,2017.0,4,4,0,0,0,0
300078,2018.0,1,1,0,0,0,0
300078,2019.0,7,7,0,0,0,0
300078,2020.0,6,6,0,1,0,1
300078,2021.0,7,7,0,0,0,0
300078,2022.0,7,7,0,0,0,0
300078,2023.0,25,10,0,0,0,0
300078,2024.0,25,12,0,0,0,0
300078,2025.0,2,0,0,0,0,0
300079,2003.0,6,0,0,0,0,0
300079,2006.0,3,3,0,0,0,0
300079,2008.0,3,0,0,0,0,0
300079,2009.0,19,16,0,0,0,0
300079,2010.0,29,23,0,0,0,0
300079,2011.0,18,12,0,0,0,0
300079,2012.0,24,12,0,0,0,0
300079,2013.0,23,11,0,2,0,2
300079,2014.0,20,16,0,2,0,2
300079,2015.0,20,10,0,0,0,0
300079,2016.0,34,12,0,0,0,0
300079,2017.0,21,11,0,1,0,1
300079,2018.0,5,3,0,0,0,0
300080,2009.0,2,0,0,0,0,0
300080,2010.0,2,2,0,0,0,0
300080,2011.0,5,5,0,0,0,0
300080,2012.0,5,1,0,0,0,0
300080,2013.0,31,5,0,0,0,0
300080,2014.0,76,1,0,0,0,0
300080,2015.0,43,9,0,0,0,0
300080,2016.0,29,16,0,0,0,0
300080,2017.0,54,9,0,0,0,0
300080,2018.0,68,3,0,0,0,0
300080,2019.0,6,4,0,0,0,0
300080,2020.0,43,8,0,0,0,0
300081,2008.0,2,2,0,0,0,0
300081,2010.0,4,4,4,4,4,4
300081,2011.0,2,1,0,0,0,0
300081,2012.0,1,0,0,0,0,0
300082,2007.0,6,6,0,0,0,0
300082,2008.0,4,4,0,0,0,0
300082,2010.0,2,2,0,0,0,0
300082,2011.0,2,2,0,0,0,0
300082,2012.0,8,8,0,0,0,0
300082,2013.0,3,3,0,0,0,0
300083,2008.0,1,0,0,0,0,0
300083,2009.0,19,0,0,0,0,0
300083,2010.0,13,1,0,0,0,0
300083,2011.0,37,3,0,0,0,0
300083,2012.0,69,3,0,0,0,0
300083,2013.0,19,0,0,0,0,0
300083,2016.0,2,2,0,0,0,0
300083,2017.0,167,42,0,0,0,0
300083,2018.0,357,36,0,0,0,0
300083,2019.0,3,3,0,0,0,0
300084,2001.0,3,3,0,0,0,0
300084,2003.0,1,1,0,0,0,0
300084,2009.0,2,0,0,0,0,0
300084,2010.0,37,2,0,0,0,0
300084,2011.0,10,3,0,0,0,0
300084,2012.0,45,1,0,0,0,0
300084,2013.0,40,5,0,0,0,0
300084,2014.0,25,2,0,0,0,0
300084,2015.0,10,5,0,0,0,0
300084,2016.0,9,0,0,0,0,0
300084,2017.0,27,9,0,0,0,0
300084,2018.0,37,3,0,0,0,0
300084,2019.0,13,3,0,0,0,0
300084,2020.0,57,4,0,0,0,0
300084,2021.0,37,5,1,1,1,1
300084,2022.0,38,12,0,0,0,0
300084,2023.0,54,28,0,0,0,0
300084,2024.0,50,24,0,0,0,0
300085,2006.0,2,0,0,0,0,0
300085,2008.0,2,0,0,0,0,0
300085,2010.0,2,0,0,0,0,0
300085,2011.0,2,0,0,0,0,0
300085,2012.0,2,0,0,0,0,0
300086,2001.0,1,0,0,0,0,0
300086,2005.0,2,2,0,0,0,0
300086,2006.0,3,0,0,0,0,0
300086,2009.0,4,0,0,0,0,0
300086,2010.0,1,1,0,0,0,0
300086,2011.0,6,2,0,0,0,0
300086,2012.0,10,4,0,0,0,0
300086,2013.0,4,2,0,0,0,0
300086,2014.0,4,2,0,0,0,0
300086,2015.0,4,4,0,0,0,0
300086,2016.0,6,6,0,0,0,0
300086,2017.0,5,1,0,0,0,0
300086,2019.0,2,2,0,0,0,0
300086,2021.0,2,2,0,0,0,0
300086,2023.0,2,2,0,0,0,0
300087,2012.0,1,1,0,0,0,0
300087,2017.0,2,2,0,0,0,0
300087,2019.0,1,1,0,0,0,0
300087,2020.0,2,2,0,0,0,0
300088,2008.0,1,1,0,0,0,0
300088,2009.0,14,0,0,0,0,0
300088,2010.0,7,4,0,0,0,0
300088,2011.0,14,4,0,0,0,0
300088,2012.0,15,6,0,0,0,0
300088,2013.0,24,3,0,0,0,0
300088,2014.0,23,0,0,0,0,0
300088,2015.0,1,0,0,0,0,0
300089,2002.0,2,2,0,0,0,0
300089,2010.0,9,0,0,0,0,0
300089,2011.0,1,1,0,0,0,0
300089,2012.0,23,1,0,0,0,0
300089,2013.0,28,0,0,0,0,0
300089,2014.0,17,2,0,0,0,0
300090,2011.0,1,1,0,0,0,0
300090,2012.0,1,1,0,0,0,0
300091,2005.0,1,0,0,0,0,0
300091,2006.0,8,0,0,0,0,0
300091,2007.0,1,1,0,0,0,0
300091,2008.0,1,0,0,0,0,0
300091,2010.0,5,0,0,0,0,0
300091,2011.0,7,1,0,0,0,0
300091,2012.0,2,1,0,0,0,0
300091,2013.0,1,0,0,0,0,0
300092,2010.0,2,0,0,0,0,0
300092,2012.0,6,0,0,0,0,0
300092,2017.0,4,0,0,0,0,0
300092,2018.0,7,0,0,0,0,0
300092,2019.0,6,0,0,0,0,0
300092,2020.0,1,0,0,0,0,0
300092,2021.0,8,1,0,0,0,0
300092,2022.0,6,0,0,0,0,0
300093,2003.0,3,1,0,0,0,0
300093,2004.0,1,0,0,0,0,0
300093,2005.0,2,1,0,0,0,0
300093,2007.0,2,0,0,0,0,0
300093,2008.0,28,0,0,0,0,0
300093,2009.0,44,1,0,0,0,0
300093,2010.0,8,3,0,0,0,0
300093,2011.0,23,2,0,0,0,0
300093,2012.0,71,0,0,0,0,0
300094,2005.0,1,0,0,0,0,0
300094,2006.0,3,0,0,0,0,0
300094,2008.0,3,3,0,0,0,0
300094,2009.0,4,0,0,0,0,0
300094,2010.0,48,0,0,0,0,0
300094,2011.0,4,0,0,0,0,0
300094,2012.0,4,4,0,0,0,0
300094,2015.0,1,1,0,0,0,0
300095,2010.0,8,1,0,0,0,0
300095,2011.0,4,0,0,0,0,0
300095,2012.0,1,0,0,0,0,0
300095,2017.0,1,0,0,0,0,0
300095,2019.0,3,0,0,0,0,0
300096,2009.0,6,0,0,0,0,0
300097,2007.0,12,0,0,0,0,0
300097,2008.0,7,4,0,0,0,0
300097,2009.0,16,2,0,0,0,0
300097,2010.0,18,0,0,0,0,0
300097,2011.0,58,5,0,0,0,0
300097,2012.0,16,5,0,0,0,0
300097,2013.0,9,2,0,0,0,0
300097,2014.0,4,0,0,0,0,0
300097,2015.0,3,0,0,0,0,0
300098,2001.0,2,0,0,0,0,0
300098,2005.0,3,0,0,0,0,0
300098,2006.0,2,0,0,0,0,0
300098,2007.0,2,0,0,0,0,0
300098,2008.0,6,0,0,0,0,0
300098,2009.0,11,1,0,0,0,0
300098,2010.0,14,3,0,1,0,0
300098,2011.0,27,8,0,0,0,0
300099,2007.0,5,1,0,0,0,0
300099,2008.0,2,0,0,0,0,0
300099,2009.0,5,3,0,0,0,0
300099,2010.0,4,2,0,0,0,0
300099,2011.0,4,0,0,0,0,0
300100,2004.0,4,0,0,0,0,0
300100,2005.0,2,0,0,0,0,0
300100,2006.0,2,0,0,0,0,0
300100,2007.0,14,0,0,0,0,0
300100,2008.0,4,2,0,0,0,0
300100,2009.0,42,0,0,0,0,0
300100,2010.0,17,8,0,0,0,0
300100,2011.0,22,7,0,0,0,0
300100,2012.0,6,2,0,0,0,0
300100,2017.0,2,0,0,0,0,0
300101,2001.0,1,0,0,0,0,0
300101,2006.0,1,1,0,0,0,0
300101,2007.0,1,1,0,0,0,0
300101,2008.0,21,7,0,0,0,0
300101,2009.0,33,7,0,0,0,0
300101,2010.0,50,23,0,0,0,0
300101,2011.0,12,4,0,0,0,0
300101,2012.0,9,4,0,0,0,0
300101,2013.0,27,1,0,0,0,0
300101,2014.0,13,3,0,0,0,0
300101,2015.0,4,3,0,0,0,0
300101,2016.0,13,13,0,1,0,1
300101,2017.0,26,26,0,0,0,0
300101,2018.0,14,14,0,0,0,0
300101,2019.0,11,11,0,0,0,0
300101,2020.0,10,10,0,0,0,0
300101,2021.0,7,7,0,0,0,0
300102,2009.0,3,0,0,0,0,0
300102,2010.0,3,3,0,0,0,0
300102,2011.0,7,7,0,0,0,0
300102,2012.0,6,0,0,0,0,0
300102,2013.0,20,8,0,0,0,0
300102,2014.0,14,5,0,0,0,0
300102,2015.0,30,2,0,0,0,0
300102,2016.0,47,4,0,0,0,0
300102,2017.0,72,50,0,0,0,0
300102,2018.0,69,42,0,0,0,0
300102,2019.0,117,59,0,0,0,0
300102,2020.0,86,58,0,0,0,0
300102,2021.0,71,53,0,0,0,0
300102,2022.0,78,45,0,0,0,0
300102,2023.0,56,32,0,0,0,0
300102,2024.0,74,62,0,0,0,0
300102,2025.0,2,0,0,0,0,0
300103,1994.0,2,0,0,0,0,0
300103,2007.0,1,0,0,0,0,0
300103,2010.0,13,0,0,0,0,0
300103,2011.0,3,0,0,0,0,0
300103,2012.0,26,0,0,0,0,0
300104,2011.0,4,2,0,0,0,0
300104,2012.0,6,3,0,0,0,0
300104,2013.0,2,2,0,0,0,0
300105,2002.0,5,0,0,0,0,0
300105,2004.0,2,0,0,0,0,0
300105,2005.0,2,2,0,0,0,0
300105,2007.0,8,8,0,0,0,0
300105,2008.0,22,0,0,0,0,0
300105,2009.0,12,2,0,0,0,0
300105,2010.0,22,10,0,0,0,0
300105,2011.0,38,3,0,0,0,0
300105,2012.0,2,0,0,0,0,0
300106,2013.0,2,0,0,0,0,0
300106,2014.0,13,0,0,0,0,0
300106,2015.0,16,3,0,0,0,0
300106,2016.0,7,3,0,0,0,0
300106,2017.0,14,0,0,0,0,0
300106,2018.0,2,0,0,0,0,0
300106,2019.0,2,0,0,0,0,0
300106,2020.0,2,0,0,0,0,0
300106,2021.0,1,0,0,0,0,0
300106,2022.0,4,0,0,0,0,0
300106,2023.0,3,0,0,0,0,0
300106,2024.0,17,0,0,0,0,0
300107,2008.0,8,0,0,0,0,0
300107,2009.0,14,0,0,0,0,0
300107,2010.0,6,6,0,0,0,0
300107,2019.0,1,1,0,0,0,0
300107,2020.0,10,2,0,0,0,0
300107,2021.0,9,1,0,0,0,0
300107,2022.0,16,4,0,0,0,0
300107,2023.0,7,4,0,0,0,0
300107,2024.0,7,1,0,0,0,0
300108,2010.0,6,4,0,0,0,0
300108,2011.0,2,2,0,0,0,0
300109,2009.0,24,0,0,0,0,0
300109,2010.0,1,0,0,0,0,0
300109,2011.0,13,8,0,0,0,0
300109,2012.0,30,12,0,0,0,0
300109,2013.0,2,1,0,0,0,0
300109,2014.0,47,31,0,0,0,0
300109,2015.0,10,6,0,0,0,0
300109,2016.0,30,4,0,0,0,0
300109,2017.0,10,7,0,0,0,0
300109,2018.0,58,4,0,0,0,0
300109,2019.0,31,6,0,0,0,0
300109,2020.0,16,1,0,0,0,0
300109,2021.0,16,2,0,0,0,0
300109,2022.0,19,5,0,0,0,0
300109,2023.0,26,5,0,0,0,0
300109,2024.0,25,2,0,0,0,0
300110,2006.0,4,0,0,0,0,0
300110,2007.0,4,0,0,0,0,0
300110,2008.0,2,0,0,0,0,0
300110,2009.0,2,0,0,0,0,0
300110,2010.0,4,0,0,0,0,0
300110,2011.0,14,0,0,0,0,0
300110,2012.0,28,1,0,0,0,0
300110,2013.0,40,5,0,0,0,0
300110,2021.0,1,1,0,0,0,0
300111,2009.0,8,0,0,0,0,0
300111,2011.0,4,3,0,0,0,0
300111,2012.0,11,2,0,0,0,0
300111,2013.0,3,3,0,0,0,0
300111,2016.0,1,1,0,0,0,0
300111,2021.0,9,0,0,0,0,0
300111,2022.0,7,0,0,0,0,0
300111,2023.0,4,0,0,0,0,0
300112,2005.0,3,0,0,0,0,0
300112,2006.0,2,0,0,0,0,0
300112,2008.0,4,0,0,0,0,0
300112,2009.0,4,0,0,0,0,0
300112,2010.0,3,0,0,0,0,0
300112,2012.0,1,0,0,0,0,0
300113,2011.0,3,3,0,0,0,0
300113,2012.0,4,4,0,0,0,0
300113,2013.0,1,1,0,0,0,0
300113,2014.0,1,1,0,0,0,0
300113,2015.0,4,3,0,1,0,1
300113,2016.0,2,2,0,0,0,0
300113,2017.0,5,5,0,1,0,1
300113,2018.0,1,1,0,1,0,1
300113,2019.0,4,4,0,1,0,1
300114,2010.0,12,0,0,0,0,0
300114,2011.0,5,0,0,0,0,0
300114,2012.0,11,0,0,0,0,0
300114,2013.0,14,1,0,0,0,0
300114,2014.0,4,1,0,0,0,0
300114,2015.0,10,2,0,0,0,0
300114,2016.0,19,11,0,1,0,1
300114,2017.0,24,6,0,0,0,0
300114,2018.0,26,10,0,0,0,0
300114,2019.0,32,6,0,0,0,0
300114,2020.0,51,9,0,0,0,0
300114,2021.0,67,12,0,0,0,0
300114,2022.0,48,11,0,0,0,0
300114,2023.0,37,8,0,0,0,0
300115,2005.0,2,0,0,0,0,0
300115,2006.0,2,0,0,0,0,0
300115,2008.0,18,0,0,0,0,0
300115,2009.0,12,0,0,0,0,0
300115,2010.0,26,0,0,0,0,0
300115,2011.0,18,0,0,0,0,0
300115,2012.0,31,2,0,0,0,0
300115,2013.0,53,2,0,0,0,0
300116,2004.0,5,3,0,0,0,0
300116,2005.0,2,2,0,0,0,0
300116,2007.0,2,0,0,0,0,0
300116,2008.0,10,6,0,0,0,0
300116,2010.0,25,3,0,0,0,0
300116,2011.0,16,3,0,0,0,0
300116,2012.0,4,0,0,0,0,0
300116,2013.0,28,15,0,0,0,0
300116,2014.0,22,15,0,0,0,0
300117,2006.0,2,0,0,0,0,0
300117,2010.0,21,0,0,0,0,0
300117,2011.0,24,1,0,0,0,0
300117,2012.0,21,2,0,0,0,0
300118,2007.0,1,1,0,0,0,0
300118,2009.0,2,0,0,0,0,0
300118,2010.0,4,1,0,0,0,0
300118,2011.0,2,1,0,0,0,0
300118,2012.0,1,0,0,0,0,0
300118,2013.0,2,0,0,0,0,0
300118,2014.0,1,1,0,0,0,0
300119,2007.0,2,1,0,0,0,0
300119,2008.0,2,2,0,0,0,0
300119,2009.0,1,1,0,0,0,0
300119,2010.0,23,3,0,0,0,0
300119,2011.0,16,16,0,0,0,0
300119,2012.0,14,13,0,0,0,0
300119,2013.0,14,9,0,0,0,0
300119,2014.0,7,6,0,0,0,0
300119,2015.0,16,14,0,0,0,0
300119,2016.0,19,10,0,0,0,0
300119,2017.0,20,13,0,0,0,0
300119,2018.0,18,12,0,0,0,0
300119,2019.0,19,14,0,0,0,0
300119,2020.0,10,8,0,0,0,0
300119,2021.0,45,23,0,0,0,0
300120,2010.0,3,0,0,0,0,0
300120,2011.0,29,6,0,0,0,0
300120,2012.0,1,0,0,0,0,0
300121,2006.0,7,1,0,0,0,0
300121,2007.0,11,2,0,0,0,0
300121,2010.0,6,2,0,0,0,0
300121,2011.0,12,10,0,0,0,0
300121,2012.0,10,2,0,0,0,0
300121,2013.0,2,1,0,0,0,0
300122,2004.0,3,3,0,0,0,0
300122,2007.0,3,3,0,0,0,0
300122,2008.0,6,6,0,0,0,0
300122,2009.0,6,6,0,0,0,0
300122,2010.0,4,4,0,0,0,0
300122,2011.0,2,2,0,0,0,0
300122,2012.0,4,4,0,0,0,0
300122,2013.0,6,6,0,0,0,0
300122,2016.0,8,6,0,0,0,0
300122,2017.0,2,0,0,0,0,0
300122,2018.0,8,2,0,0,0,0
300122,2019.0,10,8,0,0,0,0
300122,2020.0,6,4,0,0,0,0
300122,2021.0,6,6,0,0,0,0
300122,2022.0,20,18,0,0,0,0
300122,2023.0,14,14,0,0,0,0
300122,2024.0,7,4,0,0,0,0
300122,2025.0,1,1,0,0,0,0
300123,2003.0,2,0,0,0,0,0
300123,2004.0,1,0,0,0,0,0
300123,2005.0,6,0,0,0,0,0
300123,2006.0,6,0,0,0,0,0
300123,2007.0,8,0,0,0,0,0
300123,2008.0,6,0,0,0,0,0
300123,2010.0,23,0,0,0,0,0
300123,2011.0,121,3,0,0,0,0
300123,2012.0,203,0,0,0,0,0
300123,2013.0,150,6,0,0,0,0
300123,2014.0,46,4,0,0,0,0
300123,2015.0,113,9,0,0,0,0
300123,2016.0,15,3,0,0,0,0
300123,2017.0,2,0,0,0,0,0
300123,2021.0,2,0,0,0,0,0
300123,2022.0,1,0,0,0,0,0
300123,2023.0,1,1,0,0,0,0
300124,2005.0,6,0,0,0,0,0
300124,2008.0,4,0,0,0,0,0
300124,2009.0,33,4,0,0,0,0
300124,2010.0,31,6,0,0,0,0
300124,2011.0,22,6,0,0,0,0
300124,2012.0,58,1,0,0,0,0
300125,2006.0,4,0,0,0,0,0
300125,2007.0,2,0,0,0,0,0
300125,2009.0,4,0,0,0,0,0
300125,2010.0,3,1,0,0,0,0
300125,2011.0,5,0,0,0,0,0
300125,2012.0,11,1,0,0,0,0
300125,2013.0,22,4,0,0,0,0
300126,2005.0,8,0,0,0,0,0
300126,2006.0,19,0,0,0,0,0
300126,2007.0,37,0,0,0,0,0
300126,2008.0,32,0,0,0,0,0
300126,2009.0,28,0,0,0,0,0
300126,2010.0,39,0,0,0,0,0
300126,2011.0,15,0,0,0,0,0
300127,2005.0,2,0,0,0,0,0
300127,2007.0,1,0,0,0,0,0
300127,2008.0,1,1,0,0,0,0
300127,2009.0,1,1,0,0,0,0
300127,2011.0,1,1,0,0,0,0
300127,2012.0,3,1,0,0,0,0
300127,2013.0,1,1,0,0,0,0
300127,2015.0,2,0,0,0,0,0
300127,2017.0,2,2,0,0,0,0
300127,2018.0,22,1,0,0,0,0
300127,2019.0,5,0,0,0,0,0
300127,2020.0,4,0,0,0,0,0
300127,2021.0,5,1,0,0,0,0
300127,2022.0,7,4,0,0,0,0
300127,2023.0,1,0,0,0,0,0
300127,2024.0,2,2,0,0,0,0
300128,2008.0,2,2,0,0,0,0
300128,2009.0,18,0,0,0,0,0
300128,2010.0,8,2,0,0,0,0
300128,2011.0,5,0,0,0,0,0
300129,2010.0,6,0,0,0,0,0
300129,2011.0,13,0,0,0,0,0
300129,2012.0,5,0,0,0,0,0
300130,2005.0,1,0,0,0,0,0
300130,2007.0,1,1,0,0,0,0
300130,2009.0,3,0,0,0,0,0
300130,2010.0,7,0,0,0,0,0
300130,2011.0,13,3,0,0,0,0
300131,2008.0,7,0,0,0,0,0
300131,2009.0,8,2,0,0,0,0
300131,2010.0,24,4,0,0,0,0
300131,2011.0,16,6,0,0,0,0
300131,2012.0,33,2,0,0,0,0
300131,2013.0,65,5,0,0,0,0
300132,2010.0,4,0,0,0,0,0
300132,2011.0,6,0,0,0,0,0
300132,2012.0,2,0,0,0,0,0
300132,2013.0,4,2,0,0,0,0
300132,2014.0,5,0,0,0,0,0
300132,2015.0,5,0,0,0,0,0
300134,2004.0,1,1,0,0,0,0
300134,2007.0,4,0,0,0,0,0
300134,2008.0,15,1,0,0,0,0
300134,2009.0,4,0,0,0,0,0
300134,2010.0,40,0,0,0,0,0
300134,2011.0,68,5,0,0,0,0
300134,2012.0,88,15,0,0,0,0
300134,2013.0,25,4,0,0,0,0
300135,2001.0,2,2,0,0,0,0
300135,2004.0,4,4,0,0,0,0
300135,2005.0,1,1,0,0,0,0
300135,2006.0,2,2,0,0,0,0
300135,2010.0,3,3,0,0,0,0
300135,2011.0,9,9,0,0,0,0
300135,2012.0,24,0,0,0,0,0
300135,2014.0,6,6,0,0,0,0
300135,2015.0,15,12,0,0,0,0
300135,2016.0,7,2,0,0,0,0
300135,2017.0,13,13,0,0,0,0
300135,2018.0,6,2,0,0,0,0
300135,2019.0,3,3,0,0,0,0
300135,2021.0,1,1,0,0,0,0
300136,2006.0,4,0,0,0,0,0
300136,2008.0,3,1,0,0,0,0
300136,2011.0,1,1,0,0,0,0
300136,2012.0,1,0,0,0,0,0
300136,2015.0,2,0,0,0,0,0
300136,2016.0,4,1,0,0,0,0
300136,2019.0,1,0,0,0,0,0
300136,2020.0,2,0,0,0,0,0
300137,2005.0,6,0,0,0,0,0
300137,2009.0,45,0,0,0,0,0
300137,2010.0,12,0,0,0,0,0
300137,2011.0,1,0,0,0,0,0
300137,2012.0,1,0,0,0,0,0
300137,2013.0,3,2,0,0,0,0
300138,2006.0,5,5,0,0,0,0
300138,2008.0,3,3,0,0,0,0
300138,2010.0,27,15,0,0,0,0
300138,2011.0,20,6,0,0,0,0
300138,2012.0,33,21,0,0,0,0
300138,2013.0,4,4,0,0,0,0
300138,2020.0,11,9,0,0,0,0
300139,2015.0,4,4,0,0,0,0
300139,2017.0,1,1,0,0,0,0
300139,2018.0,5,2,0,0,0,0
300140,2004.0,2,0,0,0,0,0
300140,2005.0,4,0,0,0,0,0
300140,2006.0,4,0,0,0,0,0
300140,2007.0,10,0,0,0,0,0
300140,2008.0,10,0,0,0,0,0
300140,2009.0,14,0,0,0,0,0
300140,2010.0,24,4,0,0,0,0
300140,2011.0,7,1,0,0,0,0
300141,2020.0,1,0,0,0,0,0
300141,2021.0,3,0,0,0,0,0
300141,2022.0,5,0,0,0,0,0
300141,2023.0,1,0,0,0,0,0
300142,2009.0,3,3,0,0,0,0
300142,2010.0,2,2,0,0,0,0
300142,2011.0,4,0,0,0,0,0
300142,2012.0,1,0,0,0,0,0
300143,2006.0,4,0,0,0,0,0
300143,2007.0,10,0,0,0,0,0
300143,2008.0,1,0,0,0,0,0
300143,2009.0,6,1,0,0,0,0
300143,2010.0,11,2,0,0,0,0
300143,2011.0,2,1,0,0,0,0
300143,2013.0,4,4,0,0,0,0
300143,2020.0,7,0,0,0,0,0
300143,2021.0,3,0,0,0,0,0
300145,2002.0,6,0,0,0,0,0
300145,2003.0,2,0,0,0,0,0
300145,2004.0,2,2,0,0,0,0
300145,2006.0,56,0,0,0,0,0
300145,2007.0,18,0,0,0,0,0
300145,2008.0,14,0,0,0,0,0
300145,2009.0,8,4,0,0,0,0
300145,2010.0,2,0,0,0,0,0
300145,2011.0,14,0,0,0,0,0
300146,2008.0,2,2,0,0,0,0
300146,2009.0,1,1,0,0,0,0
300146,2010.0,3,3,0,0,0,0
300146,2011.0,8,0,0,0,0,0
300146,2012.0,22,0,0,0,0,0
300146,2013.0,21,3,0,0,0,0
300146,2014.0,16,7,0,0,0,0
300146,2015.0,26,5,0,0,0,0
300146,2016.0,3,0,0,0,0,0
300146,2017.0,54,12,0,0,0,0
300146,2018.0,26,4,0,0,0,0
300146,2019.0,38,11,0,0,0,0
300146,2020.0,9,9,0,0,0,0
300146,2022.0,23,23,0,0,0,0
300146,2023.0,23,23,0,0,0,0
300146,2024.0,24,24,0,0,0,0
300146,2025.0,17,17,0,0,0,0
300147,2010.0,4,3,0,0,0,0
300147,2011.0,2,2,0,0,0,0
300147,2012.0,6,6,0,0,0,0
300147,2016.0,4,4,0,0,0,0
300147,2017.0,17,6,0,0,0,0
300147,2018.0,21,12,0,0,0,0
300149,2004.0,2,2,0,0,0,0
300149,2009.0,6,2,0,0,0,0
300149,2010.0,6,4,0,0,0,0
300149,2011.0,1,1,0,0,0,0
300150,2010.0,2,0,0,0,0,0
300151,2009.0,10,0,0,0,0,0
300151,2010.0,22,3,0,0,0,0
300151,2011.0,34,2,0,0,0,0
300151,2012.0,5,3,0,0,0,0
300151,2013.0,7,0,0,0,0,0
300151,2014.0,16,1,0,0,0,0
300151,2017.0,41,1,0,0,0,0
300151,2018.0,21,0,0,0,0,0
300151,2019.0,13,1,0,0,0,0
300152,2002.0,1,0,0,0,0,0
300152,2007.0,12,0,0,0,0,0
300152,2008.0,2,0,0,0,0,0
300152,2009.0,20,0,0,0,0,0
300152,2010.0,20,0,0,0,0,0
300152,2011.0,9,1,0,0,0,0
300152,2017.0,1,0,0,0,0,0
300152,2018.0,1,0,0,0,0,0
300152,2023.0,5,0,0,0,0,0
300152,2024.0,23,8,0,0,0,0
300152,2025.0,3,0,0,0,0,0
300153,2002.0,2,0,0,0,0,0
300153,2003.0,4,0,0,0,0,0
300153,2004.0,6,0,0,0,0,0
300153,2007.0,6,0,0,0,0,0
300153,2008.0,4,0,0,0,0,0
300153,2009.0,7,2,0,0,0,0
300153,2010.0,6,4,0,0,0,0
300153,2011.0,3,2,0,0,0,0
300153,2012.0,1,1,0,0,0,0
300154,2005.0,2,0,0,0,0,0
300154,2007.0,1,1,0,0,0,0
300154,2009.0,12,0,0,0,0,0
300154,2010.0,21,1,0,0,0,0
300154,2011.0,34,0,0,0,0,0
300154,2012.0,15,0,0,0,0,0
300154,2013.0,1,1,0,0,0,0
300154,2017.0,1,1,0,0,0,0
300155,2007.0,7,0,0,0,0,0
300155,2009.0,13,0,0,0,0,0
300155,2010.0,15,1,0,0,0,0
300155,2011.0,7,0,0,0,0,0
300155,2012.0,10,0,0,0,0,0
300155,2013.0,10,0,0,0,0,0
300156,2008.0,3,0,0,0,0,0
300156,2009.0,4,0,0,0,0,0
300156,2010.0,5,0,0,0,0,0
300156,2011.0,9,0,0,0,0,0
300156,2012.0,1,0,0,0,0,0
300156,2013.0,7,0,0,0,0,0
300156,2014.0,6,0,0,0,0,0
300156,2015.0,16,2,0,0,0,0
300156,2016.0,40,14,0,0,0,0
300156,2017.0,96,8,0,0,0,0
300156,2018.0,41,10,0,0,0,0
300156,2019.0,1,1,0,0,0,0
300157,2006.0,6,0,0,0,0,0
300157,2007.0,9,0,0,0,0,0
300157,2008.0,14,0,0,0,0,0
300157,2009.0,15,6,0,0,0,0
300157,2010.0,20,5,0,0,0,0
300157,2011.0,53,4,0,0,0,0
300157,2012.0,36,6,0,0,0,0
300157,2013.0,54,14,0,0,0,0
300157,2014.0,42,22,0,0,0,0
300157,2015.0,78,15,0,0,0,0
300157,2016.0,44,5,0,0,0,0
300157,2017.0,34,10,0,0,0,0
300157,2018.0,76,17,0,0,0,0
300157,2019.0,32,17,0,2,0,2
300157,2020.0,35,4,0,1,0,0
300157,2021.0,12,4,0,0,0,0
300157,2022.0,2,0,0,0,0,0
300158,1999.0,2,2,0,0,0,0
300158,2001.0,2,2,0,0,0,0
300158,2005.0,2,2,0,0,0,0
300158,2006.0,2,2,0,0,0,0
300158,2007.0,3,3,0,0,0,0
300158,2008.0,4,4,0,0,0,0
300158,2009.0,6,6,0,0,0,0
300158,2010.0,10,8,0,0,0,0
300158,2011.0,37,22,0,0,0,0
300158,2012.0,21,16,0,0,0,0
300158,2013.0,7,7,0,0,0,0
300158,2017.0,3,3,0,0,0,0
300158,2018.0,8,4,0,0,0,0
300158,2019.0,20,12,0,0,0,0
300158,2021.0,15,5,0,0,0,0
300159,2002.0,1,0,0,0,0,0
300159,2003.0,2,0,0,0,0,0
300159,2004.0,8,0,0,0,0,0
300159,2006.0,16,0,0,0,0,0
300159,2007.0,28,0,0,0,0,0
300159,2008.0,30,0,0,0,0,0
300159,2009.0,13,0,0,0,0,0
300159,2010.0,16,6,0,0,0,0
300159,2011.0,19,1,0,0,0,0
300159,2013.0,1,0,0,0,0,0
300159,2022.0,1,1,0,0,0,0
300159,2023.0,1,1,0,0,0,0
300160,2002.0,2,2,0,0,0,0
300160,2005.0,2,0,0,0,0,0
300160,2008.0,2,0,0,0,0,0
300160,2009.0,22,2,0,0,0,0
300160,2010.0,4,4,0,0,0,0
300160,2011.0,2,2,0,0,0,0
300160,2012.0,13,3,0,0,0,0
300160,2013.0,4,3,0,0,0,0
300160,2014.0,6,2,0,0,0,0
300160,2015.0,5,4,0,0,0,0
300160,2016.0,2,2,0,0,0,0
300160,2017.0,11,2,0,0,0,0
300161,2009.0,6,0,0,0,0,0
300161,2010.0,14,8,0,0,0,0
300161,2011.0,17,7,0,0,0,0
300161,2012.0,12,7,0,0,0,0
300161,2013.0,10,0,0,0,0,0
300161,2014.0,15,6,0,0,0,0
300161,2015.0,1,0,0,0,0,0
300161,2016.0,12,1,0,0,0,0
300161,2017.0,19,4,0,0,0,0
300161,2018.0,120,19,0,0,0,0
300161,2019.0,101,28,0,2,0,2
300161,2020.0,117,17,0,0,0,0
300161,2021.0,142,34,0,1,0,1
300161,2022.0,260,46,0,0,0,0
300161,2023.0,219,50,0,1,0,1
300161,2024.0,175,68,0,1,0,1
300162,2006.0,2,0,0,0,0,0
300162,2009.0,6,0,0,0,0,0
300162,2010.0,8,2,0,0,0,0
300162,2011.0,13,4,0,0,0,0
300162,2012.0,11,5,0,0,0,0
300162,2013.0,50,2,0,0,0,0
300162,2014.0,31,0,0,0,0,0
300162,2015.0,1,1,0,0,0,0
300162,2016.0,2,0,0,0,0,0
300163,2004.0,1,0,0,0,0,0
300163,2005.0,2,2,0,0,0,0
300163,2007.0,2,2,0,0,0,0
300163,2008.0,2,0,0,0,0,0
300163,2009.0,20,0,0,0,0,0
300163,2010.0,12,0,0,0,0,0
300163,2011.0,39,2,0,0,0,0
300163,2012.0,23,4,0,0,0,0
300163,2013.0,22,1,0,0,0,0
300163,2014.0,54,7,0,0,0,0
300164,2002.0,1,1,0,0,0,0
300164,2004.0,3,0,0,0,0,0
300164,2005.0,5,1,0,0,0,0
300164,2006.0,2,2,0,0,0,0
300164,2007.0,8,2,0,0,0,0
300164,2008.0,8,0,0,0,0,0
300164,2009.0,13,6,0,0,0,0
300164,2010.0,13,0,0,0,0,0
300164,2011.0,6,1,0,0,0,0
300164,2012.0,5,1,0,0,0,0
300164,2013.0,1,1,0,0,0,0
300165,2006.0,3,1,0,0,0,0
300165,2007.0,34,2,0,0,0,0
300165,2008.0,22,1,0,0,0,0
300165,2009.0,30,1,0,0,0,0
300165,2010.0,104,5,2,2,0,0
300165,2011.0,57,8,0,0,0,0
300165,2012.0,39,18,0,0,0,0
300165,2013.0,45,13,0,0,0,0
300165,2014.0,32,8,0,0,0,0
300165,2015.0,77,12,0,0,0,0
300165,2016.0,65,35,0,0,0,0
300165,2017.0,114,54,0,0,0,0
300165,2018.0,114,22,0,0,0,0
300165,2019.0,49,5,0,0,0,0
300165,2020.0,53,8,0,0,0,0
300165,2021.0,75,1,0,0,0,0
300165,2022.0,67,1,0,0,0,0
300165,2023.0,41,4,0,0,0,0
300165,2024.0,53,24,0,0,0,0
300165,2025.0,4,0,0,0,0,0
300166,2019.0,4,0,0,0,0,0
300166,2020.0,7,0,0,0,0,0
300166,2021.0,12,10,0,3,0,3
300166,2022.0,16,14,0,2,0,2
300166,2023.0,15,15,4,7,4,7
300166,2024.0,8,6,0,2,0,2
300167,2011.0,6,5,0,0,0,0
300167,2012.0,9,3,0,0,0,0
300168,2012.0,4,2,0,1,0,1
300168,2014.0,1,0,0,0,0,0
300168,2015.0,2,1,0,0,0,0
300168,2016.0,4,1,0,0,0,0
300168,2017.0,3,2,0,0,0,0
300168,2018.0,5,5,0,1,0,1
300169,2009.0,2,0,0,0,0,0
300169,2010.0,4,2,0,0,0,0
300169,2011.0,8,4,0,0,0,0
300169,2012.0,6,6,0,0,0,0
300169,2013.0,6,0,0,0,0,0
300169,2014.0,2,1,0,0,0,0
300169,2015.0,6,3,0,0,0,0
300169,2017.0,5,4,0,0,0,0
300169,2018.0,10,2,0,0,0,0
300170,2008.0,2,2,0,0,0,0
300171,2006.0,1,0,0,0,0,0
300171,2008.0,1,0,0,0,0,0
300171,2010.0,21,8,0,0,0,0
300171,2011.0,29,8,0,0,0,0
300171,2012.0,32,6,0,0,0,0
300171,2013.0,85,4,0,0,0,0
300171,2014.0,109,4,0,0,0,0
300171,2015.0,169,15,0,0,0,0
300171,2016.0,208,28,0,0,0,0
300171,2017.0,132,23,0,0,0,0
300171,2018.0,136,9,0,0,0,0
300171,2019.0,102,2,0,0,0,0
300171,2020.0,30,1,0,0,0,0
300171,2021.0,119,2,0,0,0,0
300172,2009.0,1,0,0,0,0,0
300172,2010.0,8,1,0,0,0,0
300172,2011.0,6,1,0,0,0,0
300172,2012.0,2,2,0,0,0,0
300173,2006.0,4,0,0,0,0,0
300173,2007.0,12,0,0,0,0,0
300173,2008.0,4,0,0,0,0,0
300173,2009.0,12,0,0,0,0,0
300173,2010.0,6,0,0,0,0,0
300173,2011.0,9,1,0,0,0,0
300173,2012.0,4,3,0,0,0,0
300173,2013.0,1,0,0,0,0,0
300173,2015.0,2,2,0,0,0,0
300173,2017.0,18,5,0,0,0,0
300173,2018.0,1,0,0,0,0,0
300174,2009.0,8,0,0,0,0,0
300174,2010.0,4,2,0,0,0,0
300174,2011.0,3,3,0,0,0,0
300174,2012.0,3,0,0,0,0,0
300174,2019.0,4,0,0,0,0,0
300174,2020.0,5,0,0,0,0,0
300174,2022.0,2,2,0,0,0,0
300174,2023.0,1,1,0,0,0,0
300174,2024.0,1,1,0,0,0,0
300176,2010.0,23,0,0,0,0,0
300176,2011.0,21,0,0,0,0,0
300176,2012.0,2,2,0,0,0,0
300177,2010.0,11,0,0,0,0,0
300177,2011.0,7,0,0,0,0,0
300177,2012.0,9,4,0,0,0,0
300177,2013.0,17,1,0,0,0,0
300177,2014.0,9,2,0,0,0,0
300177,2015.0,22,5,0,0,0,0
300177,2016.0,29,11,0,0,0,0
300177,2017.0,2,0,0,0,0,0
300177,2021.0,1,1,0,0,0,0
300178,2011.0,1,0,0,0,0,0
300179,2008.0,1,1,0,0,0,0
300179,2009.0,2,0,0,0,0,0
300179,2010.0,3,0,0,0,0,0
300179,2011.0,8,3,0,0,0,0
300180,2006.0,2,0,0,0,0,0
300180,2009.0,1,1,0,0,0,0
300180,2010.0,8,2,0,0,0,0
300180,2011.0,11,4,0,0,0,0
300180,2012.0,12,7,0,0,0,0
300180,2014.0,6,5,0,0,0,0
300180,2015.0,7,7,0,0,0,0
300180,2016.0,5,4,0,0,0,0
300180,2017.0,6,4,0,0,0,0
300180,2018.0,6,5,0,0,0,0
300181,2009.0,2,2,0,0,0,0
300181,2011.0,3,3,0,0,0,0
300181,2022.0,2,1,0,0,0,0
300181,2023.0,1,1,0,0,0,0
300182,2012.0,1,1,0,0,0,0
300182,2013.0,1,1,0,0,0,0
300182,2014.0,3,3,0,0,0,0
300182,2015.0,3,3,0,0,0,0
300182,2016.0,11,9,0,1,0,1
300182,2017.0,5,3,0,0,0,0
300182,2018.0,2,2,0,0,0,0
300182,2019.0,1,1,0,0,0,0
300182,2020.0,4,4,0,0,0,0
300183,2007.0,12,4,0,0,0,0
300183,2008.0,33,4,0,0,0,0
300183,2009.0,9,3,0,0,0,0
300183,2010.0,5,5,0,0,0,0
300183,2011.0,2,2,0,0,0,0
300183,2012.0,15,14,0,0,0,0
300183,2013.0,17,4,0,0,0,0
300183,2014.0,36,16,0,0,0,0
300183,2015.0,59,16,0,0,0,0
300183,2016.0,34,29,0,0,0,0
300183,2017.0,31,21,0,0,0,0
300183,2018.0,13,6,0,0,0,0
300184,2009.0,2,0,0,0,0,0
300184,2010.0,3,0,0,0,0,0
300184,2011.0,8,0,0,0,0,0
300184,2014.0,3,0,0,0,0,0
300185,2003.0,2,0,0,0,0,0
300185,2004.0,2,0,0,0,0,0
300185,2008.0,3,1,0,0,0,0
300185,2009.0,2,1,0,0,0,0
300185,2010.0,1,1,0,0,0,0
300185,2011.0,1,1,0,0,0,0
300185,2013.0,1,0,0,0,0,0
300185,2016.0,1,1,0,0,0,0
300186,2011.0,9,3,0,0,0,0
300186,2012.0,3,2,0,0,0,0
300186,2013.0,9,9,0,0,0,0
300186,2014.0,19,18,0,0,0,0
300187,2009.0,2,2,0,0,0,0
300187,2010.0,21,4,0,0,0,0
300187,2011.0,7,4,0,0,0,0
300187,2012.0,5,3,0,0,0,0
300187,2013.0,9,3,0,0,0,0
300187,2014.0,3,2,0,0,0,0
300187,2017.0,2,0,0,0,0,0
300187,2018.0,1,1,0,0,0,0
300188,2004.0,1,0,0,0,0,0
300188,2005.0,1,0,0,0,0,0
300188,2008.0,1,0,0,0,0,0
300188,2009.0,4,0,0,0,0,0
300188,2010.0,1,0,0,0,0,0
300188,2011.0,6,1,0,0,0,0
300188,2012.0,9,5,1,1,1,1
300188,2013.0,5,3,0,0,0,0
300188,2022.0,10,10,0,2,0,2
300188,2023.0,34,34,0,5,0,5
300188,2024.0,13,13,1,1,1,1
300189,1995.0,1,1,0,0,0,0
300189,2004.0,2,2,0,0,0,0
300189,2009.0,1,1,0,0,0,0
300189,2016.0,6,6,0,0,0,0
300189,2017.0,8,7,0,0,0,0
300189,2018.0,9,9,0,0,0,0
300189,2021.0,2,2,0,0,0,0
300189,2022.0,3,3,0,0,0,0
300190,2009.0,3,0,0,0,0,0
300190,2010.0,3,0,0,0,0,0
300190,2011.0,1,0,0,0,0,0
300190,2013.0,1,1,0,0,0,0
300191,2016.0,6,6,0,1,0,1
300191,2019.0,3,0,0,0,0,0
300191,2021.0,6,1,0,0,0,0
300191,2022.0,3,2,0,0,0,0
300191,2023.0,4,3,0,0,0,0
300191,2024.0,5,4,0,0,0,0
300192,2007.0,4,4,0,0,0,0
300192,2008.0,2,2,0,0,0,0
300192,2010.0,4,4,0,0,0,0
300192,2012.0,1,1,0,0,0,0
300193,2009.0,2,2,0,0,0,0
300193,2011.0,28,2,0,0,0,0
300193,2012.0,20,4,0,0,0,0
300193,2013.0,15,3,0,0,0,0
300193,2014.0,4,1,0,0,0,0
300194,2011.0,2,0,0,0,0,0
300194,2012.0,3,3,0,0,0,0
300195,2010.0,1,0,0,0,0,0
300195,2011.0,19,0,0,0,0,0
300195,2012.0,35,2,0,0,0,0
300196,2009.0,6,0,0,0,0,0
300196,2010.0,1,0,0,0,0,0
300196,2011.0,1,0,0,0,0,0
300196,2012.0,2,0,0,0,0,0
300197,2006.0,1,0,0,0,0,0
300197,2007.0,1,0,0,0,0,0
300197,2008.0,1,0,0,0,0,0
300197,2010.0,6,1,0,0,0,0
300197,2011.0,5,3,0,0,0,0
300197,2019.0,1,0,0,0,0,0
300198,2006.0,2,0,0,0,0,0
300198,2007.0,2,0,0,0,0,0
300198,2008.0,6,6,0,0,0,0
300198,2009.0,6,0,0,0,0,0
300198,2010.0,18,4,0,0,0,0
300198,2011.0,4,0,0,0,0,0
300198,2012.0,2,0,0,0,0,0
300198,2019.0,5,0,0,0,0,0
300198,2020.0,2,0,0,0,0,0
300199,2011.0,1,1,0,0,0,0
300199,2012.0,14,14,0,0,0,0
300199,2013.0,5,5,0,0,0,0
300199,2015.0,2,0,0,0,0,0
300199,2016.0,1,1,0,0,0,0
300199,2017.0,24,23,0,0,0,0
300199,2018.0,30,26,0,0,0,0
300199,2019.0,52,37,0,0,0,0
300199,2020.0,34,32,0,0,0,0
300199,2021.0,33,33,0,0,0,0
300199,2022.0,15,15,0,0,0,0
300199,2023.0,22,21,0,0,0,0
300200,2011.0,1,1,0,0,0,0
300201,2004.0,1,0,0,0,0,0
300201,2005.0,2,0,0,0,0,0
300201,2006.0,2,0,0,0,0,0
300201,2007.0,10,1,0,0,0,0
300201,2008.0,6,0,0,0,0,0
300201,2009.0,4,0,0,0,0,0
300201,2010.0,22,0,0,0,0,0
300201,2011.0,56,0,0,0,0,0
300201,2012.0,1,0,0,0,0,0
300201,2018.0,1,1,0,0,0,0
300202,2003.0,2,0,0,0,0,0
300202,2004.0,1,0,0,0,0,0
300202,2006.0,6,0,0,0,0,0
300202,2007.0,9,0,0,0,0,0
300202,2008.0,7,2,0,0,0,0
300202,2009.0,4,2,0,0,0,0
300202,2010.0,8,7,0,0,0,0
300202,2011.0,4,1,0,0,0,0
300202,2012.0,3,3,0,0,0,0
300202,2013.0,12,0,0,0,0,0
300203,2004.0,2,0,0,0,0,0
300203,2005.0,4,0,0,0,0,0
300203,2006.0,2,0,0,0,0,0
300203,2007.0,23,2,0,0,0,0
300203,2008.0,19,3,0,0,0,0
300203,2009.0,30,9,0,0,0,0
300203,2010.0,38,24,0,0,0,0
300203,2011.0,62,15,0,0,0,0
300203,2012.0,58,21,0,0,0,0
300203,2013.0,56,25,0,0,0,0
300203,2014.0,39,17,0,0,0,0
300206,2006.0,1,1,0,0,0,0
300206,2007.0,4,0,0,0,0,0
300206,2008.0,1,0,0,0,0,0
300206,2009.0,16,3,0,0,0,0
300206,2010.0,27,1,0,0,0,0
300206,2011.0,24,0,0,0,0,0
300206,2012.0,60,24,0,0,0,0
300206,2013.0,84,30,0,0,0,0
300206,2014.0,129,53,0,0,0,0
300206,2015.0,3,2,0,0,0,0
300206,2016.0,2,2,0,0,0,0
300206,2017.0,1,0,0,0,0,0
300207,2007.0,3,0,0,0,0,0
300207,2008.0,2,0,0,0,0,0
300207,2009.0,8,0,0,0,0,0
300207,2010.0,6,3,0,0,0,0
300207,2011.0,11,4,0,0,0,0
300207,2016.0,1,1,0,0,0,0
300208,2005.0,1,0,0,0,0,0
300208,2009.0,4,0,0,0,0,0
300208,2010.0,5,0,0,0,0,0
300208,2011.0,9,1,0,0,0,0
300208,2012.0,6,0,0,0,0,0
300208,2015.0,10,0,0,0,0,0
300209,2008.0,6,2,0,0,0,0
300209,2009.0,6,4,0,0,0,0
300209,2010.0,7,2,0,0,0,0
300209,2011.0,14,6,0,0,0,0
300209,2012.0,18,8,0,0,0,0
300209,2013.0,5,3,0,0,0,0
300209,2014.0,3,3,0,0,0,0
300210,2003.0,2,0,0,0,0,0
300210,2004.0,2,0,0,0,0,0
300210,2005.0,2,0,0,0,0,0
300210,2007.0,5,0,0,0,0,0
300210,2008.0,1,0,0,0,0,0
300210,2009.0,2,1,0,0,0,0
300210,2010.0,5,1,0,0,0,0
300210,2011.0,8,3,0,0,0,0
300210,2012.0,7,2,0,0,0,0
300210,2013.0,9,2,0,0,0,0
300210,2014.0,11,5,0,0,0,0
300211,2009.0,2,0,0,0,0,0
300211,2011.0,1,1,0,0,0,0
300211,2012.0,26,0,0,0,0,0
300211,2013.0,9,0,0,0,0,0
300211,2014.0,14,5,0,1,0,1
300211,2015.0,4,0,0,0,0,0
300211,2016.0,52,2,0,0,0,0
300211,2019.0,2,2,0,0,0,0
300211,2020.0,9,0,0,0,0,0
300211,2021.0,5,0,0,0,0,0
300211,2022.0,6,0,0,0,0,0
300211,2023.0,3,3,0,0,0,0
300211,2024.0,5,5,0,1,0,1
300212,2009.0,2,2,0,0,0,0
300212,2010.0,1,0,0,0,0,0
300212,2011.0,12,0,0,0,0,0
300212,2012.0,27,0,0,2,0,0
300212,2013.0,17,6,0,0,0,0
300212,2014.0,13,6,0,0,0,0
300212,2015.0,21,2,0,0,0,0
300212,2016.0,57,37,0,0,0,0
300212,2017.0,19,17,0,0,0,0
300212,2018.0,36,5,0,0,0,0
300212,2019.0,18,3,0,0,0,0
300212,2020.0,37,5,0,1,0,1
300212,2021.0,1,0,0,0,0,0
300213,2004.0,1,1,0,0,0,0
300213,2006.0,1,1,0,0,0,0
300213,2008.0,2,2,0,0,0,0
300213,2009.0,10,10,0,1,0,1
300213,2010.0,23,23,0,0,0,0
300213,2011.0,38,38,0,0,0,0
300213,2012.0,6,6,0,0,0,0
300214,2004.0,1,1,0,0,0,0
300214,2006.0,1,1,0,0,0,0
300214,2007.0,1,1,0,0,0,0
300214,2008.0,6,6,0,0,0,0
300214,2011.0,1,1,0,0,0,0
300214,2012.0,3,3,0,0,0,0
300215,2011.0,9,0,0,0,0,0
300215,2012.0,6,0,0,0,0,0
300215,2013.0,21,0,0,0,0,0
300215,2014.0,6,0,0,0,0,0
300215,2015.0,46,1,0,0,0,0
300215,2016.0,6,0,0,0,0,0
300215,2017.0,15,0,0,0,0,0
300215,2018.0,12,1,0,0,0,0
300215,2019.0,10,0,0,0,0,0
300215,2020.0,31,3,0,0,0,0
300215,2021.0,13,2,0,0,0,0
300215,2022.0,7,2,0,0,0,0
300215,2023.0,8,6,0,0,0,0
300215,2024.0,2,2,0,0,0,0
300215,2025.0,1,0,0,0,0,0
300216,2011.0,52,2,0,0,0,0
300216,2012.0,13,0,0,0,0,0
300217,2011.0,7,4,0,0,0,0
300217,2020.0,1,0,0,0,0,0
300217,2022.0,5,0,0,0,0,0
300217,2023.0,1,0,0,0,0,0
300218,2008.0,13,0,0,0,0,0
300218,2009.0,7,3,0,0,0,0
300218,2010.0,19,5,0,0,0,0
300218,2011.0,20,6,0,0,0,0
300218,2012.0,2,2,0,0,0,0
300219,2006.0,1,0,0,0,0,0
300219,2007.0,1,0,0,0,0,0
300219,2008.0,24,0,0,0,0,0
300219,2009.0,32,0,0,0,0,0
300219,2010.0,33,3,0,0,0,0
300219,2011.0,50,2,0,0,0,0
300219,2012.0,43,7,0,0,0,0
300219,2013.0,74,4,0,0,0,0
300219,2014.0,134,4,0,0,0,0
300219,2015.0,176,12,0,0,0,0
300219,2016.0,121,12,0,0,0,0
300219,2017.0,121,21,0,0,0,0
300219,2018.0,19,0,0,0,0,0
300220,2004.0,2,0,0,0,0,0
300220,2005.0,1,0,0,0,0,0
300220,2006.0,1,0,0,0,0,0
300220,2007.0,1,0,0,0,0,0
300220,2008.0,3,0,0,0,0,0
300220,2009.0,2,0,0,0,0,0
300220,2010.0,13,1,0,0,0,0
300220,2011.0,13,1,0,0,0,0
300220,2012.0,32,1,0,0,0,0
300220,2013.0,1,0,0,0,0,0
300221,2006.0,1,1,0,0,0,0
300221,2007.0,1,1,0,0,0,0
300221,2011.0,6,6,0,0,0,0
300221,2012.0,3,3,0,0,0,0
300221,2013.0,17,2,0,0,0,0
300221,2014.0,15,5,0,0,0,0
300221,2015.0,7,7,0,0,0,0
300221,2016.0,9,9,0,0,0,0
300221,2017.0,106,17,0,0,0,0
300221,2018.0,18,13,0,0,0,0
300221,2019.0,15,5,0,0,0,0
300221,2021.0,21,3,0,0,0,0
300221,2022.0,16,3,0,0,0,0
300221,2023.0,7,1,0,0,0,0
300221,2024.0,7,2,0,0,0,0
300222,2009.0,1,0,0,0,0,0
300222,2010.0,9,0,0,0,0,0
300222,2011.0,5,1,0,1,0,0
300222,2012.0,7,2,0,0,0,0
300223,2007.0,2,2,0,0,0,0
300223,2009.0,1,1,0,0,0,0
300223,2010.0,1,1,0,0,0,0
300223,2012.0,4,3,0,0,0,0
300223,2013.0,8,5,0,0,0,0
300223,2014.0,15,4,0,0,0,0
300223,2015.0,24,14,0,0,0,0
300223,2016.0,30,11,0,0,0,0
300223,2017.0,18,15,0,0,0,0
300223,2018.0,14,12,0,0,0,0
300223,2019.0,23,10,0,0,0,0
300223,2020.0,29,17,0,1,0,1
300224,2005.0,2,1,0,0,0,0
300224,2008.0,1,0,0,0,0,0
300224,2010.0,4,1,0,0,0,0
300224,2011.0,3,0,0,0,0,0
300224,2012.0,11,2,0,0,0,0
300224,2013.0,1,0,0,0,0,0
300224,2018.0,1,1,0,0,0,0
300224,2020.0,1,1,0,0,0,0
300225,2006.0,1,1,0,0,0,0
300225,2009.0,1,1,0,0,0,0
300225,2013.0,5,5,0,0,0,0
300225,2014.0,2,1,0,0,0,0
300225,2015.0,2,2,0,0,0,0
300225,2016.0,4,3,0,0,0,0
300225,2017.0,13,6,0,0,0,0
300225,2018.0,16,8,0,0,0,0
300225,2019.0,4,0,0,0,0,0
300225,2020.0,9,2,0,0,0,0
300225,2021.0,9,5,0,0,0,0
300225,2022.0,15,6,0,0,0,0
300225,2023.0,4,1,0,0,0,0
300225,2024.0,2,2,0,0,0,0
300226,2011.0,1,0,0,0,0,0
300227,2004.0,1,0,0,0,0,0
300227,2005.0,2,0,0,0,0,0
300227,2007.0,2,2,0,0,0,0
300227,2008.0,1,0,0,0,0,0
300227,2009.0,5,1,0,0,0,0
300227,2010.0,11,2,0,0,0,0
300227,2011.0,10,1,0,0,0,0
300228,2005.0,1,0,0,0,0,0
300228,2006.0,2,0,0,0,0,0
300228,2007.0,1,0,0,0,0,0
300228,2008.0,10,0,0,0,0,0
300228,2009.0,26,1,0,0,0,0
300228,2010.0,16,0,0,0,0,0
300228,2011.0,21,0,0,0,0,0
300228,2019.0,40,2,0,0,0,0
300228,2021.0,23,0,0,0,0,0
300228,2022.0,33,2,0,0,0,0
300228,2023.0,22,1,0,0,0,0
300228,2024.0,17,1,0,0,0,0
300228,2025.0,11,0,0,0,0,0
300229,2017.0,8,8,0,0,0,0
300229,2018.0,1,1,0,0,0,0
300229,2019.0,7,7,1,1,1,1
300229,2020.0,7,2,1,3,1,2
300229,2021.0,5,3,0,1,0,0
300229,2022.0,2,0,0,1,0,0
300229,2023.0,12,12,1,2,1,2
300229,2024.0,15,15,3,5,3,5
300230,2012.0,5,5,0,0,0,0
300230,2013.0,5,0,0,0,0,0
300230,2014.0,3,0,0,0,0,0
300230,2015.0,8,2,0,0,0,0
300230,2016.0,65,10,0,0,0,0
300230,2017.0,34,4,0,0,0,0
300230,2018.0,42,8,0,0,0,0
300230,2019.0,63,4,0,0,0,0
300230,2020.0,58,6,0,0,0,0
300230,2021.0,16,0,0,0,0,0
300231,2008.0,2,0,0,0,0,0
300231,2016.0,1,0,0,0,0,0
300231,2018.0,4,0,0,1,0,0
300231,2023.0,2,0,0,0,0,0
300231,2024.0,3,3,0,2,0,2
300232,2004.0,1,0,0,0,0,0
300232,2005.0,1,0,0,0,0,0
300232,2006.0,2,0,0,0,0,0
300232,2007.0,1,1,0,0,0,0
300232,2008.0,2,0,0,0,0,0
300232,2009.0,17,0,0,0,0,0
300232,2010.0,25,2,0,0,0,0
300232,2011.0,52,0,0,0,0,0
300232,2012.0,2,0,0,0,0,0
300232,2016.0,1,1,0,0,0,0
300232,2024.0,1,0,0,0,0,0
300233,2008.0,1,1,0,0,0,0
300233,2009.0,8,8,0,0,0,0
300233,2010.0,2,2,0,0,0,0
300233,2011.0,1,1,0,0,0,0
300233,2012.0,7,6,0,0,0,0
300233,2014.0,13,11,0,0,0,0
300233,2015.0,18,18,0,0,0,0
300233,2016.0,17,15,0,0,0,0
300233,2018.0,28,21,0,0,0,0
300233,2019.0,20,17,0,0,0,0
300233,2020.0,33,16,0,0,0,0
300233,2021.0,37,26,0,0,0,0
300233,2022.0,56,39,0,0,0,0
300233,2023.0,67,47,0,0,0,0
300233,2024.0,24,15,0,0,0,0
300233,2025.0,2,2,0,0,0,0
300234,2007.0,2,2,0,0,0,0
300234,2009.0,13,0,0,0,0,0
300234,2010.0,7,0,0,0,0,0
300234,2011.0,43,0,0,0,0,0
300234,2012.0,14,6,0,0,0,0
300234,2013.0,9,4,0,0,0,0
300234,2014.0,11,0,0,0,0,0
300234,2015.0,9,2,0,0,0,0
300234,2016.0,22,2,0,0,0,0
300234,2017.0,3,0,0,0,0,0
300234,2018.0,13,2,0,0,0,0
300234,2019.0,13,0,0,0,0,0
300234,2020.0,12,1,0,0,0,0
300234,2021.0,20,8,0,0,0,0
300234,2022.0,12,4,0,0,0,0
300234,2023.0,11,0,0,0,0,0
300234,2024.0,12,5,0,0,0,0
300235,2018.0,1,0,0,0,0,0
300235,2020.0,2,1,0,0,0,0
300235,2021.0,3,3,0,0,0,0
300235,2022.0,2,1,0,0,0,0
300235,2023.0,13,7,0,0,0,0
300235,2024.0,10,10,0,0,0,0
300237,2015.0,1,1,0,0,0,0
300237,2017.0,1,1,0,0,0,0
300237,2018.0,1,0,0,0,0,0
300237,2021.0,1,1,0,0,0,0
300237,2022.0,5,0,0,0,0,0
300238,1999.0,1,1,0,0,0,0
300238,2000.0,1,1,0,0,0,0
300238,2001.0,1,1,0,0,0,0
300238,2003.0,1,1,0,0,0,0
300238,2004.0,1,0,0,0,0,0
300238,2005.0,8,8,0,0,0,0
300238,2007.0,8,0,0,0,0,0
300238,2008.0,1,0,0,0,0,0
300238,2009.0,10,3,0,0,0,0
300238,2010.0,20,13,0,0,0,0
300238,2011.0,15,15,0,0,0,0
300238,2012.0,22,21,0,0,0,0
300239,2005.0,1,1,0,0,0,0
300239,2007.0,2,2,0,0,0,0
300239,2010.0,2,2,0,0,0,0
300239,2011.0,2,2,0,0,0,0
300239,2013.0,4,4,0,0,0,0
300239,2014.0,4,1,0,0,0,0
300239,2015.0,2,1,0,0,0,0
300239,2016.0,3,3,0,0,0,0
300239,2017.0,5,1,0,0,0,0
300239,2018.0,7,3,0,0,0,0
300239,2019.0,7,4,0,0,0,0
300239,2020.0,7,4,0,0,0,0
300239,2021.0,1,0,0,0,0,0
300239,2022.0,7,4,0,0,0,0
300239,2023.0,4,2,0,0,0,0
300239,2024.0,4,3,0,0,0,0
300239,2025.0,1,1,0,0,0,0
300240,2018.0,2,0,0,0,0,0
300241,2005.0,1,0,0,0,0,0
300241,2006.0,1,0,0,0,0,0
300241,2007.0,4,1,0,0,0,0
300241,2008.0,6,0,0,0,0,0
300241,2009.0,6,0,0,0,0,0
300241,2010.0,7,0,0,0,0,0
300241,2011.0,21,0,0,0,0,0
300241,2012.0,40,2,0,0,0,0
300242,2004.0,6,0,0,0,0,0
300242,2008.0,1,0,0,0,0,0
300242,2009.0,10,1,0,0,0,0
300242,2010.0,16,0,0,0,0,0
300242,2011.0,29,1,0,0,0,0
300242,2012.0,37,1,0,0,0,0
300242,2013.0,1,0,0,0,0,0
300243,2009.0,4,3,0,0,0,0
300243,2010.0,8,8,0,0,0,0
300243,2011.0,19,5,0,0,0,0
300243,2020.0,6,4,0,0,0,0
300244,2008.0,1,1,0,0,0,0
300244,2009.0,1,0,0,0,0,0
300244,2012.0,1,1,0,0,0,0
300245,2015.0,1,1,0,1,0,1
300245,2017.0,2,2,0,2,0,2
300245,2018.0,1,1,0,0,0,0
300245,2019.0,4,4,0,1,0,1
300245,2021.0,1,1,0,0,0,0
300245,2023.0,1,1,0,0,0,0
300245,2024.0,3,3,0,0,0,0
300246,2004.0,3,0,0,0,0,0
300246,2005.0,2,0,0,0,0,0
300246,2008.0,6,0,0,0,0,0
300246,2009.0,29,0,0,0,0,0
300246,2010.0,13,2,0,0,0,0
300246,2011.0,41,3,0,0,0,0
300246,2012.0,17,7,0,0,0,0
300246,2013.0,17,4,0,0,0,0
300246,2014.0,40,2,0,0,0,0
300246,2015.0,22,1,0,0,0,0
300246,2016.0,34,5,0,0,0,0
300246,2017.0,31,4,0,0,0,0
300246,2018.0,39,7,0,0,0,0
300246,2019.0,41,5,0,0,0,0
300246,2020.0,41,2,0,0,0,0
300246,2021.0,71,5,0,0,0,0
300246,2022.0,49,4,1,1,0,0
300246,2023.0,83,9,0,0,0,0
300246,2024.0,50,12,0,0,0,0
300247,2005.0,4,0,0,0,0,0
300247,2006.0,7,0,0,0,0,0
300247,2009.0,9,0,0,0,0,0
300247,2010.0,5,1,0,0,0,0
300247,2011.0,6,0,0,0,0,0
300247,2012.0,3,0,0,0,0,0
300247,2015.0,38,1,0,0,0,0
300248,2005.0,3,0,0,0,0,0
300248,2006.0,9,0,0,0,0,0
300248,2009.0,6,0,0,0,0,0
300248,2010.0,29,0,0,0,0,0
300248,2011.0,63,0,0,0,0,0
300248,2012.0,21,0,0,0,0,0
300248,2013.0,10,0,0,0,0,0
300248,2014.0,2,0,0,0,0,0
300249,2009.0,14,0,0,0,0,0
300249,2010.0,15,0,0,0,0,0
300249,2011.0,10,1,0,0,0,0
300249,2012.0,19,4,0,0,0,0
300249,2013.0,5,0,0,0,0,0
300249,2014.0,15,1,0,1,0,0
300249,2021.0,1,1,0,0,0,0
300250,2007.0,5,2,0,0,0,0
300250,2008.0,10,3,0,1,0,1
300250,2009.0,12,9,0,0,0,0
300250,2010.0,7,2,0,0,0,0
300250,2011.0,12,2,0,1,0,0
300250,2012.0,25,17,0,1,0,0
300250,2013.0,16,4,0,0,0,0
300250,2014.0,1,0,0,0,0,0
300250,2015.0,10,1,0,0,0,0
300250,2016.0,5,0,0,0,0,0
300250,2017.0,7,5,0,0,0,0
300250,2018.0,10,2,0,0,0,0
300250,2019.0,19,11,0,2,0,2
300250,2021.0,9,2,0,0,0,0
300250,2022.0,21,16,1,1,1,1
300250,2023.0,12,11,1,1,1,1
300250,2024.0,14,13,2,2,2,2
300251,2010.0,1,1,0,0,0,0
300251,2012.0,1,1,0,0,0,0
300252,2009.0,3,3,0,0,0,0
300252,2010.0,1,1,0,0,0,0
300252,2011.0,2,0,0,0,0,0
300252,2012.0,2,0,0,0,0,0
300254,2006.0,1,1,0,0,0,0
300254,2007.0,3,3,0,0,0,0
300254,2008.0,1,1,0,0,0,0
300254,2009.0,2,1,0,0,0,0
300254,2010.0,2,2,0,0,0,0
300254,2011.0,3,1,0,0,0,0
300254,2012.0,4,4,0,0,0,0
300254,2014.0,1,1,0,0,0,0
300254,2015.0,6,0,0,0,0,0
300254,2016.0,1,1,0,0,0,0
300254,2017.0,6,6,0,0,0,0
300254,2018.0,7,3,0,0,0,0
300254,2019.0,20,4,0,0,0,0
300254,2020.0,11,2,0,0,0,0
300254,2021.0,9,6,0,0,0,0
300254,2022.0,9,4,0,0,0,0
300254,2023.0,11,5,0,0,0,0
300254,2024.0,4,4,0,0,0,0
300255,2002.0,1,1,0,0,0,0
300255,2004.0,1,1,0,0,0,0
300255,2009.0,3,3,0,0,0,0
300255,2011.0,2,2,0,0,0,0
300256,2007.0,2,0,0,0,0,0
300256,2009.0,1,1,0,0,0,0
300256,2011.0,1,1,0,0,0,0
300257,2011.0,13,0,0,0,0,0
300258,2011.0,14,1,0,0,0,0
300258,2012.0,1,1,0,0,0,0
300258,2015.0,23,5,0,0,0,0
300258,2016.0,5,1,0,0,0,0
300259,2005.0,2,0,0,0,0,0
300259,2008.0,2,0,0,0,0,0
300259,2009.0,26,0,0,0,0,0
300259,2010.0,52,0,2,2,0,0
300259,2011.0,100,4,2,2,0,0
300259,2012.0,42,6,0,0,0,0
300259,2013.0,2,1,0,0,0,0
300259,2014.0,6,1,0,0,0,0
300259,2015.0,46,1,0,0,0,0
300259,2016.0,23,0,0,0,0,0
300259,2017.0,46,3,0,0,0,0
300259,2018.0,62,3,0,0,0,0
300259,2019.0,41,2,0,0,0,0
300259,2020.0,79,2,0,0,0,0
300259,2021.0,34,0,0,0,0,0
300259,2022.0,39,1,0,0,0,0
300259,2023.0,49,7,0,2,0,2
300259,2024.0,39,8,0,1,0,0
300260,2008.0,2,0,0,0,0,0
300260,2009.0,2,0,0,0,0,0
300260,2010.0,16,0,0,0,0,0
300260,2011.0,34,0,0,0,0,0
300260,2012.0,39,18,0,0,0,0
300260,2013.0,10,4,0,0,0,0
300260,2014.0,4,0,0,0,0,0
300261,2007.0,1,1,0,0,0,0
300261,2008.0,3,3,0,0,0,0
300261,2010.0,15,15,0,0,0,0
300261,2011.0,20,20,0,0,0,0
300261,2012.0,5,2,0,0,0,0
300261,2013.0,7,7,0,0,0,0
300261,2014.0,11,11,0,0,0,0
300261,2015.0,10,9,0,0,0,0
300261,2016.0,6,6,0,0,0,0
300261,2021.0,2,1,0,0,0,0
300261,2022.0,1,1,0,0,0,0
300261,2023.0,4,0,0,0,0,0
300261,2024.0,4,0,0,0,0,0
300261,2025.0,4,0,0,0,0,0
300262,2007.0,1,1,0,0,0,0
300262,2008.0,3,0,0,0,0,0
300262,2009.0,1,0,0,0,0,0
300262,2010.0,8,1,0,0,0,0
300262,2011.0,2,0,0,0,0,0
300262,2012.0,10,0,0,0,0,0
300263,2005.0,1,0,0,0,0,0
300263,2007.0,4,0,0,0,0,0
300263,2009.0,1,0,0,0,0,0
300263,2010.0,6,0,0,0,0,0
300263,2011.0,10,1,0,0,0,0
300263,2012.0,1,0,0,0,0,0
300264,2004.0,3,0,0,0,0,0
300264,2009.0,3,0,0,0,0,0
300264,2010.0,14,8,0,0,0,0
300264,2011.0,15,9,0,0,0,0
300264,2012.0,18,10,0,5,0,5
300264,2013.0,9,9,0,0,0,0
300264,2014.0,8,8,0,0,0,0
300264,2015.0,6,0,0,0,0,0
300264,2016.0,12,10,0,0,0,0
300264,2017.0,1,1,0,0,0,0
300265,2005.0,2,0,0,0,0,0
300265,2006.0,2,0,0,0,0,0
300265,2007.0,4,0,0,0,0,0
300265,2008.0,11,0,0,0,0,0
300265,2009.0,5,0,0,0,0,0
300265,2010.0,11,0,0,0,0,0
300265,2011.0,4,0,0,0,0,0
300265,2012.0,11,0,0,0,0,0
300265,2013.0,15,1,0,0,0,0
300265,2014.0,12,1,0,0,0,0
300265,2015.0,17,2,0,0,0,0
300265,2016.0,20,1,0,0,0,0
300265,2017.0,17,6,0,0,0,0
300265,2018.0,16,2,0,0,0,0
300265,2019.0,39,1,0,0,0,0
300266,2009.0,16,16,0,0,0,0
300266,2010.0,24,24,0,0,0,0
300266,2011.0,30,30,0,0,0,0
300266,2012.0,12,12,0,0,0,0
300266,2017.0,5,1,0,0,0,0
300267,2010.0,16,4,0,0,0,0
300267,2011.0,38,38,0,0,0,0
300267,2012.0,13,13,0,0,0,0
300267,2013.0,9,9,0,0,0,0
300267,2014.0,35,29,0,0,0,0
300267,2015.0,68,40,0,0,0,0
300267,2016.0,43,43,0,0,0,0
300267,2017.0,120,94,0,0,0,0
300267,2018.0,34,28,0,0,0,0
300267,2019.0,1,1,0,0,0,0
300268,2010.0,13,2,0,0,0,0
300268,2011.0,8,0,0,0,0,0
300269,2003.0,3,0,0,0,0,0
300269,2005.0,6,0,0,0,0,0
300269,2006.0,4,0,0,0,0,0
300269,2007.0,8,0,0,0,0,0
300269,2008.0,7,0,0,0,0,0
300269,2009.0,3,1,0,0,0,0
300269,2010.0,6,0,0,0,0,0
300269,2011.0,19,0,0,0,0,0
300269,2012.0,1,0,0,0,0,0
300269,2014.0,1,0,0,0,0,0
300269,2015.0,1,0,0,0,0,0
300269,2018.0,1,1,0,0,0,0
300270,2008.0,1,0,0,0,0,0
300270,2009.0,2,1,0,0,0,0
300270,2010.0,3,0,0,0,0,0
300271,2007.0,1,1,0,0,0,0
300271,2013.0,2,0,0,0,0,0
300271,2014.0,1,0,0,0,0,0
300271,2018.0,1,0,0,0,0,0
300271,2020.0,4,4,0,0,0,0
300271,2021.0,19,16,2,2,2,2
300271,2022.0,22,20,2,3,2,3
300271,2023.0,7,7,0,0,0,0
300271,2024.0,11,11,1,1,1,1
300272,2003.0,1,0,0,0,0,0
300272,2004.0,2,0,0,0,0,0
300272,2006.0,3,0,0,0,0,0
300272,2007.0,9,0,0,0,0,0
300272,2008.0,9,0,0,0,0,0
300272,2009.0,14,0,0,0,0,0
300272,2010.0,11,1,0,0,0,0
300272,2011.0,10,3,0,0,0,0
300273,2003.0,3,0,0,0,0,0
300273,2004.0,3,0,0,0,0,0
300273,2005.0,7,4,0,0,0,0
300273,2006.0,22,4,0,0,0,0
300273,2007.0,3,0,0,0,0,0
300273,2008.0,10,4,0,0,0,0
300273,2009.0,27,5,0,0,0,0
300273,2010.0,44,4,0,0,0,0
300273,2011.0,46,0,0,0,0,0
300273,2012.0,57,6,0,0,0,0
300273,2013.0,93,4,0,0,0,0
300273,2014.0,29,3,0,0,0,0
300273,2015.0,69,16,0,0,0,0
300273,2016.0,3,0,0,0,0,0
300273,2017.0,4,2,0,0,0,0
300273,2018.0,1,0,0,0,0,0
300273,2019.0,10,1,0,0,0,0
300273,2020.0,4,1,0,0,0,0
300273,2021.0,22,0,0,0,0,0
300273,2022.0,13,0,0,0,0,0
300274,2003.0,1,0,0,0,0,0
300274,2006.0,1,0,0,0,0,0
300274,2007.0,3,0,0,0,0,0
300274,2008.0,9,1,0,0,0,0
300274,2009.0,10,1,0,0,0,0
300274,2010.0,29,1,0,0,0,0
300274,2011.0,37,1,0,0,0,0
300274,2012.0,3,0,0,0,0,0
300274,2018.0,1,1,0,0,0,0
300275,2009.0,19,1,0,0,0,0
300275,2010.0,10,3,0,0,0,0
300275,2011.0,22,4,0,0,0,0
300275,2012.0,8,8,0,0,0,0
300275,2013.0,14,2,0,0,0,0
300275,2014.0,64,1,0,0,0,0
300275,2015.0,108,2,0,0,0,0
300275,2016.0,62,7,0,0,0,0
300275,2017.0,25,8,0,0,0,0
300275,2018.0,5,4,0,0,0,0
300276,2008.0,3,0,0,0,0,0
300276,2010.0,3,0,0,0,0,0
300276,2011.0,10,2,0,0,0,0
300276,2012.0,6,1,0,0,0,0
300276,2022.0,3,0,0,0,0,0
300276,2024.0,1,1,0,0,0,0
300277,2008.0,1,1,0,0,0,0
300277,2011.0,1,0,0,0,0,0
300277,2019.0,3,0,0,1,0,0
300278,2007.0,6,0,0,0,0,0
300278,2009.0,6,0,0,0,0,0
300278,2020.0,15,4,0,0,0,0
300278,2021.0,14,2,0,0,0,0
300279,2010.0,19,0,0,0,0,0
300279,2011.0,25,0,0,0,0,0
300279,2012.0,2,0,0,0,0,0
300279,2013.0,1,0,0,0,0,0
300279,2014.0,2,1,0,0,0,0
300279,2015.0,8,0,0,0,0,0
300279,2016.0,10,1,0,0,0,0
300279,2017.0,4,0,0,0,0,0
300279,2018.0,3,0,0,0,0,0
300279,2021.0,1,0,0,0,0,0
300280,2008.0,5,0,0,0,0,0
300280,2009.0,9,0,0,0,0,0
300280,2010.0,6,0,0,0,0,0
300280,2011.0,12,1,0,0,0,0
300280,2012.0,1,0,0,0,0,0
300281,2004.0,8,0,0,0,0,0
300281,2005.0,3,0,0,0,0,0
300281,2006.0,10,0,0,0,0,0
300281,2007.0,9,1,0,0,0,0
300281,2008.0,5,0,0,0,0,0
300281,2009.0,10,1,0,0,0,0
300281,2010.0,7,1,0,0,0,0
300281,2011.0,19,1,0,0,0,0
300281,2012.0,9,0,0,0,0,0
300281,2017.0,1,1,0,0,0,0
300282,2002.0,1,0,0,0,0,0
300282,2005.0,2,0,0,0,0,0
300282,2006.0,10,2,0,0,0,0
300282,2007.0,1,1,0,0,0,0
300282,2008.0,9,1,0,0,0,0
300282,2009.0,11,2,0,0,0,0
300282,2010.0,64,4,0,0,0,0
300282,2011.0,47,5,0,0,0,0
300282,2012.0,27,7,0,0,0,0
300282,2013.0,27,6,0,0,0,0
300283,2005.0,4,0,0,0,0,0
300283,2007.0,2,2,0,0,0,0
300283,2009.0,12,4,0,0,0,0
300283,2010.0,8,8,0,0,0,0
300283,2011.0,32,32,0,0,0,0
300283,2012.0,6,6,0,0,0,0
300283,2013.0,7,4,0,0,0,0
300283,2014.0,3,3,0,0,0,0
300283,2020.0,20,19,0,0,0,0
300284,2003.0,1,0,0,0,0,0
300284,2004.0,1,0,0,0,0,0
300284,2005.0,2,0,0,0,0,0
300284,2007.0,1,0,0,0,0,0
300284,2008.0,2,1,0,0,0,0
300284,2009.0,2,0,0,0,0,0
300284,2010.0,16,2,0,0,0,0
300284,2011.0,21,5,0,0,0,0
300284,2012.0,1,0,0,0,0,0
300284,2018.0,1,1,0,0,0,0
300285,2009.0,1,1,0,0,0,0
300285,2010.0,1,1,0,0,0,0
300285,2011.0,2,2,0,0,0,0
300285,2020.0,1,1,0,0,0,0
300285,2021.0,1,1,0,0,0,0
300286,2004.0,2,0,0,0,0,0
300286,2006.0,7,0,0,0,0,0
300286,2007.0,10,0,0,0,0,0
300286,2008.0,15,0,0,0,0,0
300286,2009.0,19,7,0,0,0,0
300286,2010.0,17,0,0,0,0,0
300286,2011.0,33,0,0,0,0,0
300286,2012.0,42,6,0,1,0,0
300286,2013.0,26,9,0,2,0,0
300286,2014.0,1,1,0,0,0,0
300286,2015.0,17,17,0,0,0,0
300286,2016.0,7,7,0,0,0,0
300286,2017.0,6,6,0,0,0,0
300286,2018.0,4,4,0,0,0,0
300286,2019.0,1,1,0,0,0,0
300286,2021.0,2,2,0,0,0,0
300286,2022.0,2,2,0,0,0,0
300286,2023.0,6,6,0,0,0,0
300287,2008.0,3,2,0,0,0,0
300287,2009.0,4,1,0,0,0,0
300287,2010.0,6,0,0,0,0,0
300287,2011.0,8,1,0,0,0,0
300287,2012.0,2,2,0,0,0,0
300287,2015.0,37,5,0,0,0,0
300287,2016.0,68,3,0,3,0,0
300287,2017.0,72,12,0,2,0,0
300287,2018.0,45,20,1,1,0,0
300287,2019.0,30,9,0,6,0,0
300287,2020.0,2,0,0,0,0,0
300287,2021.0,10,2,0,0,0,0
300287,2025.0,4,0,0,0,0,0
300288,2011.0,1,0,0,0,0,0
300289,2010.0,1,1,0,0,0,0
300289,2011.0,5,4,0,0,0,0
300289,2014.0,2,2,0,0,0,0
300289,2017.0,1,1,0,0,0,0
300289,2018.0,1,1,0,0,0,0
300289,2019.0,2,2,0,0,0,0
300289,2020.0,3,3,0,0,0,0
300289,2021.0,6,4,0,0,0,0
300289,2022.0,14,4,0,0,0,0
300289,2023.0,13,9,0,0,0,0
300289,2024.0,8,6,0,0,0,0
300290,2010.0,2,0,0,0,0,0
300290,2011.0,19,0,7,7,0,0
300290,2013.0,2,2,0,0,0,0
300290,2015.0,4,1,0,0,0,0
300290,2016.0,1,1,0,0,0,0
300290,2017.0,1,1,0,0,0,0
300290,2018.0,15,0,0,0,0,0
300290,2019.0,14,2,0,0,0,0
300290,2020.0,5,2,0,1,0,1
300290,2021.0,10,2,1,2,0,1
300290,2022.0,3,1,0,0,0,0
300290,2023.0,6,6,1,1,1,1
300293,2007.0,5,0,0,0,0,0
300293,2010.0,12,0,0,0,0,0
300293,2012.0,5,0,0,0,0,0
300294,2012.0,3,3,0,0,0,0
300294,2013.0,1,1,0,0,0,0
300294,2015.0,4,4,0,0,0,0
300294,2016.0,1,1,0,0,0,0
300294,2017.0,1,1,0,0,0,0
300299,2017.0,1,1,0,0,0,0
300300,2013.0,1,1,0,0,0,0
300301,2012.0,5,0,0,0,0,0
300301,2013.0,11,0,0,0,0,0
300302,2009.0,3,0,0,0,0,0
300302,2011.0,17,4,0,0,0,0
300302,2012.0,4,4,0,0,0,0
300302,2019.0,1,1,0,0,0,0
300304,2012.0,16,1,0,0,0,0
300304,2013.0,22,1,0,0,0,0
300304,2014.0,2,0,0,0,0,0
300305,2012.0,1,1,0,0,0,0
300305,2013.0,1,0,0,0,0,0
300307,2016.0,2,0,0,0,0,0
300307,2017.0,1,1,0,0,0,0
300307,2018.0,2,2,0,0,0,0
300308,2013.0,40,6,0,0,0,0
300308,2014.0,10,0,0,0,0,0
300308,2015.0,13,2,0,0,0,0
300308,2016.0,15,5,0,0,0,0
300308,2017.0,26,16,0,0,0,0
300309,2010.0,10,0,0,0,0,0
300309,2011.0,8,0,0,0,0,0
300309,2012.0,13,0,0,0,0,0
300309,2013.0,5,0,0,0,0,0
300309,2014.0,18,0,0,0,0,0
300310,2019.0,1,0,0,0,0,0
300310,2021.0,4,4,0,1,0,1
300310,2022.0,5,4,0,0,0,0
300310,2023.0,6,6,0,1,0,1
300310,2024.0,7,7,0,2,0,2
300311,2015.0,2,0,0,0,0,0
300311,2017.0,5,3,0,0,0,0
300311,2018.0,16,16,0,0,0,0
300311,2019.0,19,19,0,0,0,0
300311,2020.0,21,21,0,1,0,1
300311,2021.0,16,16,0,2,0,2
300311,2022.0,25,25,0,2,0,2
300311,2023.0,11,11,0,0,0,0
300311,2024.0,16,16,1,1,1,1
300312,2014.0,19,2,0,0,0,0
300313,2013.0,11,0,0,0,0,0
300313,2014.0,4,3,0,0,0,0
300313,2015.0,6,0,0,0,0,0
300313,2016.0,4,4,0,0,0,0
300313,2017.0,2,0,0,0,0,0
300313,2018.0,2,0,0,0,0,0
300317,2012.0,4,0,0,0,0,0
300317,2013.0,33,2,0,0,0,0
300317,2014.0,13,2,0,0,0,0
300317,2017.0,1,1,0,0,0,0
300318,2009.0,1,1,0,0,0,0
300318,2014.0,2,0,0,0,0,0
300318,2016.0,10,7,0,0,0,0
300318,2017.0,4,2,0,0,0,0
300318,2018.0,5,1,0,0,0,0
300318,2019.0,17,1,0,0,0,0
300318,2020.0,12,0,0,0,0,0
300318,2021.0,18,4,0,0,0,0
300318,2022.0,9,1,0,0,0,0
300318,2023.0,26,6,0,0,0,0
300318,2024.0,31,4,0,0,0,0
300319,2017.0,1,1,0,0,0,0
300322,2012.0,15,1,0,0,0,0
300323,2001.0,6,6,0,0,0,0
300323,2002.0,1,1,0,0,0,0
300323,2003.0,4,4,0,0,0,0
300323,2004.0,2,2,0,0,0,0
300323,2006.0,6,6,0,0,0,0
300323,2007.0,6,4,0,0,0,0
300323,2008.0,11,11,0,0,0,0
300323,2009.0,14,14,0,0,0,0
300323,2010.0,17,16,0,0,0,0
300323,2011.0,19,18,0,0,0,0
300323,2012.0,53,30,0,0,0,0
300323,2013.0,45,25,0,0,0,0
300323,2014.0,71,37,0,0,0,0
300323,2015.0,103,78,0,0,0,0
300323,2016.0,117,88,0,1,0,1
300323,2017.0,119,87,0,0,0,0
300323,2018.0,187,159,0,1,0,1
300323,2019.0,184,167,0,0,0,0
300324,2002.0,2,2,0,2,0,2
300324,2012.0,13,0,0,0,0,0
300324,2014.0,16,4,0,0,0,0
300325,2012.0,1,1,0,0,0,0
300325,2013.0,12,7,0,0,0,0
300325,2015.0,4,4,0,0,0,0
300325,2016.0,2,2,0,0,0,0
300325,2017.0,2,2,0,0,0,0
300325,2018.0,6,6,0,0,0,0
300325,2019.0,2,1,0,0,0,0
300325,2020.0,10,8,0,0,0,0
300325,2021.0,2,2,0,0,0,0
300326,2012.0,5,3,0,0,0,0
300326,2014.0,6,0,0,0,0,0
300326,2015.0,28,4,0,0,0,0
300326,2016.0,24,5,0,0,0,0
300326,2017.0,32,13,0,0,0,0
300326,2018.0,19,6,0,0,0,0
300326,2019.0,9,4,0,0,0,0
300326,2020.0,18,1,0,0,0,0
300327,2012.0,9,9,0,0,0,0
300327,2013.0,6,6,0,0,0,0
300327,2014.0,6,6,0,0,0,0
300327,2019.0,16,16,0,0,0,0
300327,2020.0,15,15,0,1,0,1
300327,2021.0,13,13,0,0,0,0
300327,2022.0,14,14,0,2,0,2
300327,2023.0,13,12,0,1,0,1
300327,2024.0,8,8,0,0,0,0
300328,2012.0,15,0,0,0,0,0
300328,2015.0,1,1,0,0,0,0
300328,2017.0,28,9,0,0,0,0
300328,2018.0,22,6,0,0,0,0
300328,2019.0,17,8,0,0,0,0
300328,2020.0,50,8,0,0,0,0
300328,2021.0,59,14,0,0,0,0
300328,2022.0,42,12,0,0,0,0
300328,2023.0,31,8,0,0,0,0
300328,2024.0,31,14,0,0,0,0
300329,2016.0,6,0,0,0,0,0
300329,2017.0,4,1,0,0,0,0
300329,2018.0,9,0,0,0,0,0
300329,2019.0,2,1,0,0,0,0
300329,2020.0,7,0,0,0,0,0
300329,2021.0,3,0,0,0,0,0
300329,2022.0,8,0,0,0,0,0
300329,2023.0,9,2,0,0,0,0
300329,2024.0,1,0,0,0,0,0
300330,2014.0,5,1,0,0,0,0
300330,2015.0,6,3,0,0,0,0
300330,2016.0,3,1,0,0,0,0
300330,2017.0,2,1,0,0,0,0
300330,2018.0,4,0,0,0,0,0
300330,2019.0,4,1,0,0,0,0
300330,2020.0,3,2,0,0,0,0
300331,2016.0,1,1,0,0,0,0
300332,2019.0,1,0,0,0,0,0
300334,2015.0,1,1,0,0,0,0
300335,2012.0,36,15,0,0,0,0
300335,2014.0,23,4,0,0,0,0
300335,2015.0,39,1,0,0,0,0
300335,2017.0,40,4,0,0,0,0
300335,2018.0,29,5,0,0,0,0
300335,2019.0,27,3,0,0,0,0
300335,2020.0,11,0,0,0,0,0
300335,2021.0,26,3,0,0,0,0
300335,2022.0,59,5,0,0,0,0
300335,2023.0,50,7,0,0,0,0
300335,2024.0,53,13,0,0,0,0
300340,2012.0,2,2,0,0,0,0
300340,2013.0,1,0,0,0,0,0
300340,2023.0,29,19,0,0,0,0
300343,2010.0,1,1,0,0,0,0
300343,2011.0,2,2,0,0,0,0
300343,2012.0,3,3,0,0,0,0
300343,2013.0,2,0,0,0,0,0
300343,2014.0,2,2,0,0,0,0
300343,2015.0,4,1,0,0,0,0
300343,2017.0,4,0,0,0,0,0
300343,2018.0,3,2,0,0,0,0
300343,2019.0,1,1,0,0,0,0
300343,2020.0,6,1,0,0,0,0
300343,2021.0,5,3,0,0,0,0
300343,2022.0,3,3,0,0,0,0
300343,2023.0,3,3,0,0,0,0
300343,2024.0,6,4,0,0,0,0
300343,2025.0,2,1,0,0,0,0
300344,1995.0,2,0,0,0,0,0
300344,1996.0,2,0,0,0,0,0
300344,1998.0,2,0,0,0,0,0
300345,2001.0,1,1,0,0,0,0
300345,2010.0,1,0,0,0,0,0
300345,2011.0,3,0,0,0,0,0
300345,2012.0,4,2,0,0,0,0
300345,2013.0,2,0,0,0,0,0
300346,2011.0,1,1,0,0,0,0
300349,2009.0,6,0,0,0,0,0
300349,2010.0,16,0,0,0,0,0
300349,2011.0,18,0,0,0,0,0
300349,2012.0,27,2,0,0,0,0
300349,2013.0,5,0,0,0,0,0
300349,2014.0,12,2,0,0,0,0
300349,2017.0,47,4,0,0,0,0
300349,2018.0,142,3,0,0,0,0
300349,2019.0,100,15,0,0,0,0
300351,2010.0,2,2,0,0,0,0
300351,2011.0,2,2,0,0,0,0
300351,2013.0,2,2,0,0,0,0
300351,2014.0,2,2,0,0,0,0
300351,2015.0,8,8,0,0,0,0
300351,2016.0,35,35,0,0,0,0
300351,2017.0,32,32,0,0,0,0
300351,2018.0,18,18,0,0,0,0
300352,2016.0,3,0,0,0,0,0
300352,2017.0,12,5,0,1,0,1
300352,2018.0,28,27,0,0,0,0
300352,2019.0,41,41,0,5,0,5
300352,2020.0,44,44,0,4,0,4
300352,2021.0,26,24,0,4,0,4
300352,2022.0,16,16,0,4,0,4
300352,2023.0,34,34,1,3,1,3
300352,2024.0,45,45,0,7,0,7
300353,2013.0,9,2,0,0,0,0
300353,2014.0,4,2,0,0,0,0
300353,2015.0,55,30,0,0,0,0
300355,2011.0,3,0,0,0,0,0
300355,2013.0,6,4,0,0,0,0
300355,2014.0,3,1,0,0,0,0
300355,2015.0,2,1,0,0,0,0
300355,2020.0,1,1,0,0,0,0
300355,2021.0,1,1,0,0,0,0
300357,2014.0,1,1,0,0,0,0
300357,2018.0,1,1,0,0,0,0
300358,2013.0,149,30,0,0,0,0
300358,2014.0,32,32,0,0,0,0
300358,2015.0,27,27,0,0,0,0
300358,2017.0,75,75,0,0,0,0
300358,2018.0,21,21,0,0,0,0
300358,2019.0,22,22,0,0,0,0
300358,2020.0,48,48,0,0,0,0
300358,2021.0,51,51,0,0,0,0
300358,2022.0,35,35,0,0,0,0
300358,2023.0,36,36,0,0,0,0
300358,2024.0,62,62,0,0,0,0
300362,2009.0,2,2,0,0,0,0
300362,2010.0,20,0,0,0,0,0
300362,2011.0,30,2,0,0,0,0
300362,2012.0,2,0,0,0,0,0
300362,2013.0,45,9,0,0,0,0
300362,2014.0,11,3,0,0,0,0
300362,2015.0,28,10,0,0,0,0
300362,2016.0,2,2,0,0,0,0
300362,2017.0,7,3,0,0,0,0
300362,2018.0,18,0,0,0,0,0
300366,2012.0,2,0,0,1,0,0
300367,2018.0,2,0,0,2,0,0
300369,2013.0,10,10,0,1,0,1
300369,2014.0,17,17,0,0,0,0
300370,2016.0,2,2,0,0,0,0
300371,2015.0,10,1,0,0,0,0
300371,2016.0,7,0,0,0,0,0
300371,2017.0,9,0,0,0,0,0
300371,2018.0,8,1,0,0,0,0
300371,2019.0,10,0,0,0,0,0
300371,2020.0,13,0,0,0,0,0
300371,2021.0,20,0,0,0,0,0
300371,2022.0,11,3,0,0,0,0
300371,2023.0,23,1,0,0,0,0
300371,2024.0,20,2,0,0,0,0
300372,2008.0,4,0,0,0,0,0
300372,2009.0,7,0,0,0,0,0
300372,2010.0,8,1,0,0,0,0
300372,2011.0,4,0,0,0,0,0
300372,2012.0,5,1,0,0,0,0
300372,2014.0,1,0,0,0,0,0
300372,2015.0,4,1,0,0,0,0
300372,2016.0,2,0,0,0,0,0
300373,2013.0,33,8,0,0,0,0
300373,2014.0,25,6,0,0,0,0
300373,2015.0,26,4,0,0,0,0
300373,2017.0,38,1,0,0,0,0
300373,2018.0,10,10,0,0,0,0
300374,2017.0,14,2,0,0,0,0
300374,2018.0,4,1,0,0,0,0
300374,2022.0,1,0,0,0,0,0
300374,2023.0,1,0,0,0,0,0
300376,2015.0,1,1,0,0,0,0
300376,2016.0,1,1,0,0,0,0
300376,2018.0,1,1,0,0,0,0
300376,2023.0,18,18,0,1,0,1
300376,2024.0,15,15,0,0,0,0
300378,2014.0,2,2,0,0,0,0
300378,2016.0,1,1,0,1,0,1
300378,2017.0,1,1,0,0,0,0
300378,2018.0,1,1,0,0,0,0
300379,2002.0,3,3,0,0,0,0
300379,2011.0,5,5,0,0,0,0
300379,2012.0,10,10,0,6,0,6
300379,2013.0,10,10,0,6,0,6
300379,2014.0,5,5,0,0,0,0
300379,2015.0,15,15,0,0,0,0
300379,2016.0,4,4,0,0,0,0
300379,2018.0,9,9,0,0,0,0
300379,2019.0,4,4,0,0,0,0
300379,2020.0,36,36,1,10,1,10
300379,2023.0,17,17,1,5,1,5
300383,2013.0,1,0,0,1,0,0
300383,2016.0,1,1,0,0,0,0
300384,2016.0,7,7,0,0,0,0
300384,2017.0,3,3,0,0,0,0
300385,2019.0,1,0,0,0,0,0
300385,2020.0,7,0,0,0,0,0
300386,2007.0,1,0,0,0,0,0
300386,2009.0,3,2,0,0,0,0
300386,2010.0,1,1,0,0,0,0
300386,2011.0,1,1,0,0,0,0
300386,2014.0,119,71,0,1,0,1
300386,2015.0,168,89,0,4,0,4
300386,2016.0,128,78,0,2,0,2
300386,2017.0,126,108,0,2,0,2
300386,2018.0,118,88,0,3,0,3
300386,2019.0,152,114,0,10,0,10
300386,2020.0,135,104,0,5,0,5
300386,2021.0,171,139,0,7,0,7
300387,2011.0,2,0,0,0,0,0
300387,2012.0,52,49,0,0,0,0
300387,2013.0,48,48,0,0,0,0
300387,2014.0,47,37,0,0,0,0
300387,2015.0,13,13,0,0,0,0
300387,2016.0,22,15,0,0,0,0
300387,2017.0,22,7,0,0,0,0
300387,2018.0,17,9,0,0,0,0
300387,2019.0,20,2,0,0,0,0
300387,2020.0,1,0,0,0,0,0
300387,2021.0,2,2,0,0,0,0
300387,2023.0,2,0,0,0,0,0
300395,2018.0,1,0,0,0,0,0
300396,2004.0,1,1,0,0,0,0
300396,2008.0,3,3,0,0,0,0
300396,2009.0,3,3,0,0,0,0
300396,2010.0,3,3,0,0,0,0
300396,2011.0,3,3,0,0,0,0
300396,2012.0,15,15,0,0,0,0
300396,2013.0,33,33,3,3,3,3
300396,2014.0,36,27,0,0,0,0
300396,2015.0,49,48,0,0,0,0
300396,2016.0,12,12,0,0,0,0
300396,2017.0,26,26,0,0,0,0
300396,2018.0,20,20,0,0,0,0
300396,2019.0,8,8,0,0,0,0
300396,2020.0,19,19,0,0,0,0
300396,2021.0,22,22,0,0,0,0
300396,2022.0,18,18,0,0,0,0
300396,2023.0,12,12,0,0,0,0
300396,2024.0,6,6,0,0,0,0
300398,2005.0,2,2,0,0,0,0
300398,2009.0,2,2,0,0,0,0
300398,2010.0,3,3,0,0,0,0
300398,2011.0,4,4,0,0,0,0
300398,2012.0,9,5,0,0,0,0
300398,2013.0,27,24,0,0,0,0
300398,2014.0,79,75,0,0,0,0
300398,2015.0,78,75,0,0,0,0
300398,2016.0,81,81,0,0,0,0
300398,2017.0,91,91,0,0,0,0
300398,2018.0,108,100,0,0,0,0
300398,2019.0,22,18,0,0,0,0
300398,2020.0,24,20,0,0,0,0
300398,2021.0,1,1,0,0,0,0
300399,2017.0,2,2,0,0,0,0
300399,2018.0,2,2,0,0,0,0
300399,2019.0,1,1,0,0,0,0
300399,2022.0,1,1,0,0,0,0
300399,2023.0,1,1,0,0,0,0
300399,2025.0,1,1,0,0,0,0
300401,2005.0,1,1,0,0,0,0
300401,2016.0,2,2,0,0,0,0
300403,2010.0,1,1,0,0,0,0
300403,2014.0,1,0,0,0,0,0
300403,2015.0,42,7,0,0,0,0
300403,2016.0,32,5,0,0,0,0
300403,2017.0,31,5,0,0,0,0
300403,2018.0,38,3,0,0,0,0
300403,2019.0,54,9,0,0,0,0
300403,2020.0,61,8,0,0,0,0
300403,2021.0,32,6,0,0,0,0
300403,2022.0,31,2,0,0,0,0
300403,2023.0,15,6,0,0,0,0
300403,2024.0,22,13,0,0,0,0
300404,2011.0,1,1,0,0,0,0
300404,2016.0,2,2,0,0,0,0
300404,2018.0,1,1,0,0,0,0
300404,2020.0,1,1,0,0,0,0
300404,2021.0,2,2,0,0,0,0
300404,2022.0,1,1,0,0,0,0
300404,2023.0,3,3,0,0,0,0
300404,2024.0,10,10,0,0,0,0
300405,2004.0,2,2,0,0,0,0
300405,2015.0,1,1,0,0,0,0
300406,2017.0,1,1,0,0,0,0
300406,2018.0,6,6,0,0,0,0
300406,2019.0,7,3,0,0,0,0
300406,2020.0,3,3,0,0,0,0
300406,2021.0,19,10,0,0,0,0
300406,2022.0,52,39,0,0,0,0
300406,2023.0,43,43,0,0,0,0
300406,2024.0,19,17,0,0,0,0
300409,2014.0,12,12,0,0,0,0
300410,2009.0,2,1,0,0,0,0
300410,2010.0,1,1,0,0,0,0
300410,2011.0,2,2,0,0,0,0
300410,2012.0,4,3,0,0,0,0
300410,2013.0,6,3,0,0,0,0
300410,2014.0,2,1,0,0,0,0
300410,2015.0,6,1,0,0,0,0
300410,2016.0,3,2,0,0,0,0
300410,2017.0,10,8,0,0,0,0
300410,2021.0,2,2,0,0,0,0
300410,2023.0,1,1,0,0,0,0
300412,2015.0,3,3,0,0,0,0
300413,2017.0,1,1,0,0,0,0
300415,2015.0,28,5,0,0,0,0
300417,2009.0,8,8,0,0,0,0
300417,2010.0,10,8,0,0,0,0
300417,2012.0,4,4,0,0,0,0
300417,2015.0,8,8,0,0,0,0
300417,2016.0,9,8,0,0,0,0
300417,2017.0,6,6,0,0,0,0
300417,2018.0,6,6,0,0,0,0
300417,2019.0,2,2,0,0,0,0
300417,2020.0,2,2,0,0,0,0
300417,2021.0,1,1,0,0,0,0
300417,2024.0,2,1,0,0,0,0
300422,2011.0,1,1,0,0,0,0
300422,2012.0,1,1,0,0,0,0
300422,2016.0,19,4,0,0,0,0
300422,2017.0,23,2,0,0,0,0
300422,2018.0,38,9,0,0,0,0
300422,2019.0,64,3,0,0,0,0
300422,2020.0,85,4,0,0,0,0
300422,2021.0,111,12,0,0,0,0
300422,2022.0,66,8,0,0,0,0
300422,2023.0,47,23,0,0,0,0
300422,2024.0,24,10,0,0,0,0
300423,2011.0,1,0,0,0,0,0
300423,2013.0,8,2,0,0,0,0
300423,2014.0,2,0,0,0,0,0
300423,2016.0,1,1,0,0,0,0
300423,2019.0,1,1,0,0,0,0
300425,2012.0,1,1,0,0,0,0
300425,2013.0,3,3,0,0,0,0
300425,2014.0,1,1,0,0,0,0
300425,2015.0,2,1,0,0,0,0
300425,2016.0,12,1,0,0,0,0
300425,2017.0,16,3,0,0,0,0
300425,2018.0,28,6,0,0,0,0
300425,2019.0,33,3,0,0,0,0
300425,2020.0,68,1,0,0,0,0
300425,2021.0,110,6,0,0,0,0
300425,2022.0,93,13,0,0,0,0
300425,2023.0,56,18,0,0,0,0
300425,2024.0,45,19,0,0,0,0
300427,2015.0,1,0,0,1,0,0
300427,2016.0,1,0,0,0,0,0
300427,2018.0,4,3,0,0,0,0
300429,2011.0,3,3,0,0,0,0
300429,2012.0,1,1,0,0,0,0
300429,2013.0,6,6,0,0,0,0
300429,2014.0,1,1,0,0,0,0
300429,2015.0,1,1,0,0,0,0
300429,2016.0,2,2,0,0,0,0
300429,2017.0,5,5,0,0,0,0
300429,2018.0,1,1,0,0,0,0
300429,2019.0,2,2,0,0,0,0
300429,2020.0,1,1,0,0,0,0
300429,2021.0,1,1,0,0,0,0
300429,2022.0,4,4,0,0,0,0
300429,2023.0,1,1,0,0,0,0
300429,2024.0,2,2,0,0,0,0
300429,2025.0,1,1,0,0,0,0
300434,2009.0,1,0,0,0,0,0
300434,2010.0,1,0,0,0,0,0
300436,2010.0,1,1,0,0,0,0
300436,2011.0,3,3,0,0,0,0
300436,2012.0,2,2,0,0,0,0
300436,2013.0,3,3,0,0,0,0
300436,2014.0,1,1,0,0,0,0
300436,2015.0,4,4,0,0,0,0
300436,2016.0,6,5,0,0,0,0
300436,2017.0,2,1,0,0,0,0
300436,2018.0,7,6,0,0,0,0
300436,2019.0,4,4,0,0,0,0
300436,2020.0,3,3,0,0,0,0
300436,2021.0,4,4,0,0,0,0
300436,2022.0,3,3,0,0,0,0
300437,2010.0,2,2,0,0,0,0
300437,2014.0,3,1,0,0,0,0
300437,2016.0,2,2,0,0,0,0
300437,2017.0,3,0,0,0,0,0
300437,2018.0,1,1,0,0,0,0
300437,2023.0,1,1,0,0,0,0
300439,2020.0,26,4,0,0,0,0
300439,2021.0,35,10,0,0,0,0
300439,2022.0,21,7,0,0,0,0
300439,2023.0,15,8,1,1,1,1
300439,2024.0,16,14,0,0,0,0
300440,2015.0,6,3,0,0,0,0
300444,2008.0,4,0,0,0,0,0
300444,2009.0,2,0,0,0,0,0
300444,2010.0,8,6,0,0,0,0
300444,2011.0,4,4,0,0,0,0
300444,2012.0,4,4,0,0,0,0
300444,2013.0,2,2,0,0,0,0
300444,2014.0,1,0,0,0,0,0
300444,2015.0,1,1,0,0,0,0
300444,2016.0,2,2,0,0,0,0
300444,2018.0,1,1,0,0,0,0
300444,2019.0,1,1,0,0,0,0
300444,2023.0,1,1,0,0,0,0
300445,2009.0,4,0,0,0,0,0
300449,2017.0,7,5,0,1,0,1
300450,2017.0,1,1,0,0,0,0
300451,2016.0,2,2,0,0,0,0
300451,2018.0,2,2,0,0,0,0
300451,2019.0,12,2,0,2,0,2
300451,2020.0,1,0,0,0,0,0
300452,2009.0,2,2,0,0,0,0
300452,2011.0,1,1,0,0,0,0
300452,2012.0,1,1,0,0,0,0
300452,2013.0,1,1,0,0,0,0
300452,2014.0,1,1,0,0,0,0
300452,2015.0,1,1,0,0,0,0
300452,2016.0,2,2,0,0,0,0
300452,2017.0,2,2,0,0,0,0
300452,2019.0,1,1,0,0,0,0
300452,2020.0,1,1,0,0,0,0
300454,2006.0,1,1,0,0,0,0
300454,2015.0,1,1,0,0,0,0
300454,2016.0,1,1,0,0,0,0
300454,2018.0,1,1,0,0,0,0
300454,2019.0,1,1,0,0,0,0
300456,2011.0,1,1,0,0,0,0
300456,2012.0,1,1,0,0,0,0
300456,2014.0,2,2,0,0,0,0
300456,2016.0,1,1,0,0,0,0
300456,2017.0,1,1,0,0,0,0
300456,2020.0,6,6,0,0,0,0
300456,2022.0,5,5,0,0,0,0
300456,2023.0,5,5,0,0,0,0
300456,2024.0,16,15,0,0,0,0
300456,2025.0,2,2,0,0,0,0
300458,2010.0,6,3,0,0,0,0
300458,2011.0,6,3,0,0,0,0
300458,2012.0,24,24,0,0,0,0
300458,2013.0,33,27,0,0,0,0
300458,2014.0,80,80,0,0,0,0
300458,2015.0,83,71,0,3,0,3
300458,2016.0,52,49,0,0,0,0
300458,2017.0,72,70,0,0,0,0
300458,2018.0,40,40,0,0,0,0
300458,2019.0,3,3,0,0,0,0
300458,2021.0,3,3,1,1,1,1
300458,2022.0,4,4,0,1,0,1
300459,2016.0,3,0,0,0,0,0
300459,2017.0,3,0,0,0,0,0
300459,2018.0,6,1,0,0,0,0
300459,2019.0,4,0,0,0,0,0
300459,2020.0,3,2,0,0,0,0
300459,2021.0,1,1,0,0,0,0
300460,2009.0,3,0,0,0,0,0
300460,2018.0,1,1,0,0,0,0
300461,2011.0,1,0,0,0,0,0
300461,2012.0,3,0,0,0,0,0
300461,2016.0,1,0,0,0,0,0
300462,2013.0,1,0,0,0,0,0
300462,2015.0,2,1,0,0,0,0
300462,2016.0,10,2,0,0,0,0
300462,2017.0,9,5,0,0,0,0
300462,2018.0,9,4,0,0,0,0
300462,2019.0,9,3,0,0,0,0
300466,2018.0,1,1,0,0,0,0
300466,2019.0,1,1,0,0,0,0
300466,2022.0,1,0,0,0,0,0
300466,2023.0,3,0,0,0,0,0
300469,2018.0,1,1,0,0,0,0
300469,2019.0,1,1,0,0,0,0
300469,2020.0,1,1,0,0,0,0
300469,2021.0,3,0,0,0,0,0
300469,2023.0,1,1,0,0,0,0
300471,2017.0,1,1,0,0,0,0
300471,2019.0,2,1,0,0,0,0
300471,2022.0,1,0,0,0,0,0
300471,2025.0,2,2,0,0,0,0
300472,2011.0,8,0,0,0,0,0
300472,2012.0,4,2,0,0,0,0
300472,2013.0,1,1,0,0,0,0
300472,2016.0,2,0,0,0,0,0
300472,2019.0,1,1,0,0,0,0
300477,2015.0,14,6,0,0,0,0
300478,2011.0,2,0,0,0,0,0
300478,2015.0,10,0,0,0,0,0
300478,2016.0,2,2,0,0,0,0
300481,2011.0,2,2,0,0,0,0
300485,2006.0,1,1,0,0,0,0
300485,2007.0,5,5,0,0,0,0
300485,2008.0,7,7,0,0,0,0
300485,2009.0,1,1,0,0,0,0
300485,2011.0,1,0,0,0,0,0
300485,2012.0,11,11,0,0,0,0
300485,2013.0,5,3,0,0,0,0
300485,2014.0,6,2,0,0,0,0
300485,2015.0,3,2,0,0,0,0
300485,2016.0,1,1,0,0,0,0
300485,2017.0,2,0,0,0,0,0
300485,2018.0,1,1,0,0,0,0
300485,2019.0,1,0,0,0,0,0
300485,2020.0,2,2,0,0,0,0
300485,2021.0,35,1,0,0,0,0
300485,2022.0,8,2,0,0,0,0
300485,2023.0,12,3,0,0,0,0
300485,2024.0,1,1,0,0,0,0
300486,2013.0,3,3,0,0,0,0
300486,2014.0,1,1,0,0,0,0
300486,2015.0,6,6,0,0,0,0
300486,2016.0,6,6,0,0,0,0
300486,2017.0,3,3,0,0,0,0
300486,2018.0,2,2,0,0,0,0
300486,2019.0,1,1,0,0,0,0
300486,2020.0,2,0,0,0,0,0
300486,2021.0,5,5,0,0,0,0
300486,2022.0,9,3,0,0,0,0
300486,2023.0,9,9,0,0,0,0
300486,2024.0,18,18,0,0,0,0
300487,2006.0,1,1,0,0,0,0
300487,2010.0,1,0,0,0,0,0
300487,2011.0,2,0,0,0,0,0
300487,2012.0,3,3,0,0,0,0
300487,2014.0,1,1,0,0,0,0
300487,2015.0,2,2,0,0,0,0
300487,2017.0,1,1,0,0,0,0
300487,2018.0,1,1,0,0,0,0
300487,2019.0,1,0,0,0,0,0
300487,2020.0,1,1,0,0,0,0
300487,2021.0,6,5,0,0,0,0
300487,2022.0,3,2,0,0,0,0
300487,2023.0,4,3,0,0,0,0
300490,2013.0,1,0,0,0,0,0
300490,2014.0,1,0,0,0,0,0
300490,2015.0,3,3,0,0,0,0
300490,2016.0,2,2,0,0,0,0
300491,2018.0,1,0,0,0,0,0
300491,2021.0,1,0,0,0,0,0
300491,2022.0,2,0,0,0,0,0
300491,2023.0,2,1,0,0,0,0
300495,2019.0,1,0,0,0,0,0
300497,2015.0,1,1,0,0,0,0
300497,2024.0,4,4,0,0,0,0
300503,2011.0,2,0,0,0,0,0
300503,2014.0,4,0,0,0,0,0
300503,2016.0,1,1,0,0,0,0
300503,2017.0,46,19,0,0,0,0
300503,2018.0,91,15,0,0,0,0
300503,2019.0,46,17,0,0,0,0
300503,2020.0,22,12,0,0,0,0
300503,2021.0,61,45,0,0,0,0
300503,2022.0,44,28,0,0,0,0
300503,2023.0,39,24,0,0,0,0
300503,2024.0,36,21,0,0,0,0
300505,2012.0,5,5,0,0,0,0
300505,2013.0,2,2,0,0,0,0
300505,2014.0,4,4,0,0,0,0
300505,2015.0,1,1,0,0,0,0
300505,2016.0,10,8,0,0,0,0
300505,2017.0,3,3,0,0,0,0
300505,2019.0,1,0,0,0,0,0
300505,2020.0,1,0,0,0,0,0
300505,2021.0,2,1,0,0,0,0
300505,2022.0,2,2,0,0,0,0
300505,2023.0,2,0,0,0,0,0
300506,2016.0,4,0,0,0,0,0
300506,2017.0,17,0,0,0,0,0
300506,2018.0,31,2,0,0,0,0
300509,2020.0,1,1,0,0,0,0
300510,2021.0,1,0,0,0,0,0
300510,2022.0,3,0,0,0,0,0
300510,2024.0,1,1,0,0,0,0
300511,2021.0,2,2,0,0,0,0
300514,2012.0,2,0,0,0,0,0
300514,2013.0,5,0,0,0,0,0
300514,2014.0,5,2,0,0,0,0
300514,2015.0,18,7,0,0,0,0
300514,2016.0,21,11,0,0,0,0
300514,2017.0,10,5,0,0,0,0
300514,2018.0,1,1,0,0,0,0
300518,2018.0,1,1,0,0,0,0
300519,2018.0,1,1,0,0,0,0
300519,2021.0,1,1,0,0,0,0
300520,2017.0,1,1,0,0,0,0
300520,2019.0,1,0,0,0,0,0
300520,2020.0,2,0,0,0,0,0
300520,2021.0,2,1,0,0,0,0
300521,2010.0,2,0,0,0,0,0
300521,2015.0,1,1,0,0,0,0
300521,2016.0,1,1,0,0,0,0
300521,2022.0,4,4,0,0,0,0
300521,2023.0,13,13,0,0,0,0
300521,2024.0,15,15,0,0,0,0
300523,2013.0,2,2,0,0,0,0
300529,2017.0,1,1,0,0,0,0
300529,2018.0,1,1,0,0,0,0
300530,2019.0,1,1,0,0,0,0
300531,2016.0,7,0,0,0,0,0
300531,2017.0,8,0,0,0,0,0
300531,2018.0,5,0,0,0,0,0
300531,2019.0,17,0,0,0,0,0
300531,2021.0,1,1,0,0,0,0
300531,2022.0,1,1,0,0,0,0
300531,2023.0,1,0,0,0,0,0
300534,2011.0,2,1,0,0,0,0
300534,2019.0,4,0,0,0,0,0
300535,2013.0,1,1,0,0,0,0
300536,2016.0,2,0,0,0,0,0
300536,2017.0,6,0,0,0,0,0
300536,2018.0,8,0,0,0,0,0
300536,2020.0,2,0,0,0,0,0
300536,2021.0,7,0,0,0,0,0
300537,2010.0,1,1,0,0,0,0
300537,2011.0,1,1,0,0,0,0
300537,2012.0,2,2,0,0,0,0
300537,2014.0,2,2,0,0,0,0
300537,2016.0,1,1,0,0,0,0
300537,2017.0,9,1,0,0,0,0
300537,2018.0,25,1,0,0,0,0
300537,2019.0,13,5,0,0,0,0
300537,2020.0,10,10,0,0,0,0
300537,2021.0,23,11,0,0,0,0
300537,2022.0,6,6,0,0,0,0
300537,2023.0,3,3,0,0,0,0
300537,2024.0,10,3,0,0,0,0
300540,2013.0,1,1,0,0,0,0
300540,2016.0,2,1,0,0,0,0
300540,2017.0,10,3,0,0,0,0
300540,2018.0,13,7,0,0,0,0
300540,2019.0,10,2,0,0,0,0
300540,2020.0,4,0,0,0,0,0
300540,2021.0,5,0,0,0,0,0
300540,2024.0,5,3,0,0,0,0
300542,2022.0,1,1,0,0,0,0
300542,2023.0,1,1,0,1,0,1
300546,2008.0,2,1,0,0,0,0
300546,2009.0,1,1,0,0,0,0
300546,2010.0,5,1,0,0,0,0
300546,2011.0,8,1,0,0,0,0
300546,2012.0,3,0,0,0,0,0
300546,2013.0,6,0,0,0,0,0
300546,2014.0,4,1,0,0,0,0
300546,2015.0,7,2,0,0,0,0
300546,2016.0,3,1,0,0,0,0
300547,2017.0,7,4,0,0,0,0
300547,2018.0,8,0,0,0,0,0
300547,2019.0,6,1,0,0,0,0
300547,2020.0,11,2,0,0,0,0
300547,2022.0,1,1,0,0,0,0
300548,2017.0,2,2,0,0,0,0
300549,2017.0,1,0,0,0,0,0
300549,2018.0,2,1,0,0,0,0
300549,2019.0,5,1,0,0,0,0
300549,2020.0,2,0,0,0,0,0
300550,2020.0,1,1,0,0,0,0
300551,2009.0,1,0,0,0,0,0
300551,2010.0,4,4,0,0,0,0
300551,2011.0,8,8,0,0,0,0
300551,2012.0,22,20,0,0,0,0
300551,2013.0,30,29,0,0,0,0
300551,2014.0,39,31,0,0,0,0
300551,2015.0,29,27,0,0,0,0
300551,2016.0,89,89,0,0,0,0
300551,2017.0,60,60,0,0,0,0
300551,2018.0,56,56,0,2,0,2
300551,2019.0,4,4,0,0,0,0
300551,2020.0,2,2,0,0,0,0
300552,2019.0,1,1,0,0,0,0
300552,2020.0,1,1,0,0,0,0
300552,2021.0,1,1,0,0,0,0
300554,2010.0,1,1,0,0,0,0
300554,2012.0,1,1,0,0,0,0
300554,2013.0,1,1,0,0,0,0
300554,2018.0,2,2,0,0,0,0
300554,2019.0,1,1,0,0,0,0
300554,2023.0,1,1,0,0,0,0
300554,2025.0,2,2,0,0,0,0
300555,2017.0,4,0,0,0,0,0
300555,2018.0,12,2,0,0,0,0
300555,2019.0,8,3,0,0,0,0
300555,2020.0,15,1,0,0,0,0
300556,2017.0,3,2,0,0,0,0
300556,2018.0,13,0,0,0,0,0
300556,2019.0,1,1,0,0,0,0
300556,2020.0,27,0,0,1,0,0
300559,2016.0,4,4,2,2,2,2
300560,2021.0,5,5,1,1,1,1
300561,2008.0,1,0,0,0,0,0
300561,2009.0,8,0,0,0,0,0
300561,2010.0,5,0,0,0,0,0
300561,2011.0,8,0,0,0,0,0
300561,2012.0,8,0,0,0,0,0
300561,2013.0,7,3,0,0,0,0
300561,2014.0,24,2,0,0,0,0
300561,2015.0,21,6,0,0,0,0
300561,2016.0,20,12,0,0,0,0
300561,2017.0,12,4,0,0,0,0
300561,2018.0,27,7,0,0,0,0
300561,2019.0,25,5,0,0,0,0
300561,2020.0,32,3,1,1,1,1
300561,2021.0,23,1,0,0,0,0
300563,2008.0,4,0,0,0,0,0
300563,2009.0,6,0,0,0,0,0
300563,2010.0,6,0,0,0,0,0
300563,2011.0,8,0,0,0,0,0
300563,2012.0,8,2,0,0,0,0
300563,2013.0,12,2,0,0,0,0
300563,2015.0,129,0,0,0,0,0
300563,2016.0,27,4,0,0,0,0
300563,2017.0,21,14,0,0,0,0
300563,2018.0,8,8,0,0,0,0
300563,2019.0,7,1,0,0,0,0
300563,2020.0,4,3,0,0,0,0
300563,2021.0,7,5,0,0,0,0
300563,2024.0,13,9,0,0,0,0
300566,2014.0,1,1,0,0,0,0
300566,2016.0,6,6,0,0,0,0
300566,2017.0,5,4,0,0,0,0
300566,2018.0,10,8,0,0,0,0
300566,2019.0,18,5,0,0,0,0
300566,2020.0,28,17,0,0,0,0
300567,2010.0,1,0,0,0,0,0
300567,2011.0,5,1,0,0,0,0
300567,2012.0,6,2,0,0,0,0
300567,2013.0,5,1,0,0,0,0
300567,2014.0,62,6,0,0,0,0
300567,2015.0,90,7,0,0,0,0
300567,2016.0,35,20,0,0,0,0
300568,2016.0,1,1,0,0,0,0
300569,2011.0,8,0,0,0,0,0
300569,2012.0,2,0,0,0,0,0
300569,2017.0,2,0,0,0,0,0
300569,2019.0,1,1,0,0,0,0
300569,2020.0,2,0,0,0,0,0
300569,2021.0,3,3,0,0,0,0
300569,2022.0,1,1,0,0,0,0
300573,2013.0,4,4,0,0,0,0
300573,2017.0,3,3,0,0,0,0
300573,2018.0,2,2,0,0,0,0
300573,2019.0,5,1,0,0,0,0
300573,2020.0,4,0,0,0,0,0
300573,2021.0,3,3,0,0,0,0
300573,2022.0,5,5,0,0,0,0
300573,2023.0,13,12,0,0,0,0
300573,2024.0,18,18,0,0,0,0
300575,2016.0,2,2,0,0,0,0
300575,2019.0,3,3,0,0,0,0
300576,2016.0,4,4,0,0,0,0
300576,2017.0,12,11,0,0,0,0
300576,2018.0,6,6,0,0,0,0
300576,2019.0,3,2,0,0,0,0
300576,2020.0,5,5,0,0,0,0
300576,2021.0,3,3,0,0,0,0
300576,2022.0,4,4,0,0,0,0
300576,2023.0,5,5,0,0,0,0
300576,2024.0,2,2,0,0,0,0
300578,2013.0,4,0,0,0,0,0
300578,2014.0,6,0,0,0,0,0
300578,2015.0,1,1,0,0,0,0
300578,2016.0,2,1,0,0,0,0
300578,2017.0,17,0,0,0,0,0
300578,2018.0,11,3,0,1,0,1
300578,2019.0,8,1,0,0,0,0
300578,2020.0,11,3,0,0,0,0
300584,2008.0,3,3,0,0,0,0
300584,2009.0,3,3,0,0,0,0
300584,2019.0,1,1,0,0,0,0
300586,2010.0,2,2,0,0,0,0
300586,2012.0,2,2,0,0,0,0
300586,2014.0,2,2,0,0,0,0
300586,2015.0,2,2,0,0,0,0
300586,2018.0,2,2,0,0,0,0
300586,2019.0,8,0,0,0,0,0
300586,2020.0,9,0,0,0,0,0
300586,2021.0,6,4,0,0,0,0
300586,2022.0,6,6,0,0,0,0
300586,2023.0,1,1,0,0,0,0
300587,2010.0,2,0,0,0,0,0
300587,2012.0,1,1,0,0,0,0
300587,2013.0,2,0,0,0,0,0
300587,2015.0,4,3,0,0,0,0
300587,2016.0,5,0,0,0,0,0
300587,2017.0,4,4,0,0,0,0
300587,2018.0,1,1,0,0,0,0
300587,2019.0,2,0,0,0,0,0
300587,2020.0,1,0,0,0,0,0
300588,2017.0,2,2,0,0,0,0
300588,2018.0,8,8,0,0,0,0
300588,2019.0,4,4,0,0,0,0
300588,2021.0,5,5,0,0,0,0
300588,2022.0,2,2,0,0,0,0
300588,2023.0,7,7,0,1,0,1
300588,2024.0,7,7,0,0,0,0
300589,2016.0,31,5,0,0,0,0
300589,2017.0,23,8,0,0,0,0
300589,2018.0,40,4,0,0,0,0
300589,2019.0,45,0,0,0,0,0
300589,2020.0,39,0,0,0,0,0
300589,2021.0,45,0,0,0,0,0
300592,2016.0,8,2,0,0,0,0
300592,2017.0,5,5,0,0,0,0
300592,2018.0,13,4,0,0,0,0
300592,2019.0,1,1,0,0,0,0
300592,2022.0,2,0,0,0,0,0
300594,2019.0,2,0,0,0,0,0
300594,2020.0,3,0,0,0,0,0
300594,2021.0,81,1,0,1,0,0
300596,2010.0,3,3,0,0,0,0
300596,2011.0,2,2,0,0,0,0
300596,2012.0,3,3,0,0,0,0
300596,2013.0,2,2,0,0,0,0
300596,2014.0,1,1,0,0,0,0
300596,2015.0,8,8,0,0,0,0
300596,2016.0,11,11,0,0,0,0
300596,2017.0,6,6,0,0,0,0
300596,2018.0,6,6,0,0,0,0
300596,2019.0,8,8,0,0,0,0
300596,2020.0,8,8,0,0,0,0
300596,2021.0,12,12,0,0,0,0
300596,2022.0,12,12,0,0,0,0
300596,2023.0,21,21,0,0,0,0
300596,2024.0,6,6,0,0,0,0
300596,2025.0,4,4,0,0,0,0
300597,2020.0,7,7,1,4,1,4
300597,2022.0,11,1,1,1,1,1
300597,2023.0,6,1,0,1,0,1
300597,2024.0,6,1,0,0,0,0
300600,2012.0,2,2,0,0,0,0
300601,2008.0,3,3,0,0,0,0
300601,2010.0,9,9,0,0,0,0
300601,2011.0,3,3,0,0,0,0
300601,2012.0,9,9,0,0,0,0
300601,2013.0,18,15,0,0,0,0
300601,2014.0,12,12,0,0,0,0
300601,2015.0,9,9,0,0,0,0
300601,2016.0,21,21,0,0,0,0
300601,2017.0,3,3,0,0,0,0
300601,2018.0,2,2,0,0,0,0
300602,2013.0,1,1,0,0,0,0
300602,2014.0,1,0,0,0,0,0
300602,2018.0,3,0,0,0,0,0
300602,2019.0,7,1,0,0,0,0
300602,2020.0,1,0,0,0,0,0
300602,2021.0,4,0,0,0,0,0
300603,2016.0,1,1,0,0,0,0
300603,2017.0,2,1,0,1,0,1
300603,2018.0,1,1,0,0,0,0
300603,2019.0,13,0,0,7,0,0
300603,2020.0,4,2,0,2,0,1
300605,2024.0,2,2,0,0,0,0
300608,2018.0,64,64,0,7,0,7
300608,2019.0,33,33,0,9,0,9
300608,2020.0,46,46,0,3,0,3
300608,2021.0,33,33,0,6,0,6
300608,2022.0,51,51,0,4,0,4
300608,2023.0,111,111,0,15,0,15
300608,2024.0,96,96,4,9,4,9
300609,2009.0,1,0,0,0,0,0
300609,2020.0,1,0,0,0,0,0
300610,2012.0,3,3,0,0,0,0
300610,2013.0,1,0,0,0,0,0
300610,2014.0,1,1,0,0,0,0
300610,2015.0,2,2,0,0,0,0
300610,2016.0,2,2,0,0,0,0
300610,2017.0,5,4,0,0,0,0
300610,2018.0,4,3,0,0,0,0
300610,2019.0,1,1,0,0,0,0
300610,2020.0,2,2,0,0,0,0
300610,2022.0,4,4,0,0,0,0
300610,2023.0,14,14,0,0,0,0
300611,2017.0,1,1,0,0,0,0
300613,2017.0,5,5,0,0,0,0
300613,2018.0,5,5,0,0,0,0
300613,2019.0,6,5,0,1,0,1
300613,2024.0,27,27,0,0,0,0
300616,2013.0,1,0,0,0,0,0
300616,2014.0,2,2,0,0,0,0
300618,2009.0,1,0,0,0,0,0
300618,2013.0,1,1,0,0,0,0
300618,2017.0,6,0,0,0,0,0
300618,2018.0,5,2,0,0,0,0
300618,2019.0,3,1,0,0,0,0
300618,2020.0,15,11,0,0,0,0
300618,2021.0,25,4,0,0,0,0
300618,2022.0,20,12,0,0,0,0
300618,2023.0,10,5,0,0,0,0
300618,2024.0,11,2,0,0,0,0
300619,2009.0,1,0,0,0,0,0
300619,2012.0,1,1,0,0,0,0
300619,2013.0,1,0,0,0,0,0
300619,2015.0,1,1,0,0,0,0
300619,2019.0,1,0,0,0,0,0
300619,2020.0,32,2,0,0,0,0
300619,2021.0,44,6,0,0,0,0
300619,2022.0,44,13,0,0,0,0
300619,2023.0,47,12,0,0,0,0
300619,2024.0,28,6,0,0,0,0
300620,2017.0,5,3,0,0,0,0
300620,2018.0,12,2,0,0,0,0
300620,2019.0,12,0,0,0,0,0
300620,2020.0,28,1,0,0,0,0
300620,2021.0,23,1,0,0,0,0
300620,2022.0,17,2,0,0,0,0
300620,2023.0,42,6,0,0,0,0
300620,2024.0,48,15,0,0,0,0
300620,2025.0,29,12,0,0,0,0
300623,2010.0,2,2,0,0,0,0
300623,2011.0,4,4,0,0,0,0
300623,2012.0,2,0,0,0,0,0
300623,2013.0,3,3,0,0,0,0
300623,2017.0,4,2,0,0,0,0
300623,2018.0,23,0,0,0,0,0
300623,2019.0,22,2,0,0,0,0
300623,2020.0,30,2,0,0,0,0
300623,2021.0,28,2,0,0,0,0
300623,2022.0,52,11,0,0,0,0
300623,2023.0,47,19,0,0,0,0
300623,2024.0,71,39,0,0,0,0
300625,2017.0,35,1,0,0,0,0
300625,2018.0,57,1,0,0,0,0
300625,2019.0,44,1,0,0,0,0
300625,2020.0,58,0,0,0,0,0
300630,2006.0,4,4,0,0,0,0
300630,2009.0,2,2,0,0,0,0
300630,2012.0,2,2,0,0,0,0
300630,2013.0,1,1,0,0,0,0
300630,2014.0,2,2,0,0,0,0
300630,2015.0,1,1,0,0,0,0
300630,2018.0,2,2,0,0,0,0
300631,2017.0,1,1,0,0,0,0
300631,2019.0,1,1,0,0,0,0
300631,2023.0,1,1,0,0,0,0
300632,2014.0,2,0,0,0,0,0
300632,2017.0,1,1,0,0,0,0
300634,2019.0,2,2,0,0,0,0
300634,2020.0,2,2,0,1,0,1
300634,2021.0,4,4,0,1,0,1
300634,2022.0,4,4,0,2,0,2
300634,2023.0,23,14,0,5,0,5
300634,2024.0,29,25,5,8,5,8
300636,2017.0,3,3,0,0,0,0
300636,2018.0,2,2,0,0,0,0
300636,2019.0,2,2,0,0,0,0
300636,2020.0,1,1,0,0,0,0
300636,2021.0,2,2,0,0,0,0
300636,2023.0,4,4,0,0,0,0
300636,2024.0,4,4,0,0,0,0
300639,2010.0,2,2,0,0,0,0
300639,2019.0,3,3,0,0,0,0
300639,2020.0,8,8,0,0,0,0
300639,2021.0,11,11,0,0,0,0
300639,2022.0,12,12,0,0,0,0
300639,2023.0,21,21,0,0,0,0
300639,2024.0,22,22,0,0,0,0
300639,2025.0,2,2,0,0,0,0
300641,2003.0,2,2,0,0,0,0
300641,2016.0,2,2,0,0,0,0
300641,2022.0,1,1,0,0,0,0
300642,2009.0,1,1,0,0,0,0
300642,2010.0,2,2,0,0,0,0
300642,2012.0,1,1,0,0,0,0
300642,2014.0,2,2,0,0,0,0
300642,2016.0,4,3,0,0,0,0
300642,2017.0,5,2,0,0,0,0
300643,2010.0,3,3,0,0,0,0
300643,2014.0,1,1,0,0,0,0
300643,2015.0,1,1,0,0,0,0
300644,2012.0,4,4,0,0,0,0
300644,2024.0,11,11,0,0,0,0
300645,2017.0,2,0,0,0,0,0
300647,2012.0,1,1,0,0,0,0
300647,2013.0,3,1,0,0,0,0
300647,2014.0,4,2,0,0,0,0
300647,2016.0,4,0,0,0,0,0
300647,2017.0,2,2,0,0,0,0
300648,2015.0,2,0,0,0,0,0
300648,2017.0,1,1,0,0,0,0
300653,2012.0,1,1,0,0,0,0
300655,2009.0,2,2,0,0,0,0
300655,2010.0,1,1,0,0,0,0
300655,2011.0,1,1,0,0,0,0
300655,2012.0,3,3,0,0,0,0
300655,2013.0,5,5,0,0,0,0
300655,2014.0,9,7,0,0,0,0
300655,2015.0,8,6,0,0,0,0
300655,2017.0,5,5,0,0,0,0
300655,2018.0,8,3,0,0,0,0
300655,2019.0,7,3,0,0,0,0
300655,2020.0,21,7,0,0,0,0
300655,2022.0,5,0,0,0,0,0
300661,2012.0,1,0,0,0,0,0
300661,2014.0,2,1,0,0,0,0
300661,2017.0,8,6,0,0,0,0
300661,2018.0,14,10,0,0,0,0
300661,2019.0,9,8,0,0,0,0
300664,2009.0,1,1,0,0,0,0
300664,2010.0,1,1,0,0,0,0
300664,2017.0,7,2,0,0,0,0
300664,2018.0,3,0,0,0,0,0
300664,2019.0,34,1,0,0,0,0
300664,2020.0,14,0,0,0,0,0
300665,2011.0,1,1,0,0,0,0
300665,2012.0,2,2,0,0,0,0
300665,2013.0,1,1,0,0,0,0
300665,2015.0,2,2,0,0,0,0
300665,2016.0,3,3,0,0,0,0
300665,2018.0,2,2,0,0,0,0
300665,2020.0,2,2,0,0,0,0
300665,2021.0,9,4,0,0,0,0
300665,2022.0,7,6,0,0,0,0
300665,2023.0,2,1,0,0,0,0
300666,2017.0,24,24,0,0,0,0
300666,2018.0,22,22,0,0,0,0
300666,2019.0,35,35,0,0,0,0
300670,2013.0,1,0,0,0,0,0
300670,2018.0,3,3,0,0,0,0
300673,2012.0,1,1,0,0,0,0
300675,2024.0,1,1,0,0,0,0
300676,2014.0,1,1,0,0,0,0
300676,2018.0,2,2,0,0,0,0
300676,2021.0,1,1,0,0,0,0
300677,2011.0,12,0,0,0,0,0
300677,2013.0,14,2,0,0,0,0
300677,2014.0,10,0,0,0,0,0
300677,2015.0,6,0,0,0,0,0
300677,2017.0,6,0,0,0,0,0
300677,2018.0,4,2,0,0,0,0
300678,2017.0,9,4,0,1,0,0
300678,2018.0,6,4,0,0,0,0
300678,2019.0,14,8,0,0,0,0
300678,2020.0,15,6,0,0,0,0
300678,2021.0,21,7,0,1,0,1
300678,2022.0,60,3,0,0,0,0
300678,2023.0,36,12,0,0,0,0
300678,2024.0,21,4,0,0,0,0
300680,2012.0,1,0,0,0,0,0
300680,2017.0,25,4,0,0,0,0
300680,2018.0,43,11,0,0,0,0
300680,2019.0,16,0,0,0,0,0
300680,2020.0,22,0,0,0,0,0
300680,2022.0,28,0,0,0,0,0
300680,2023.0,46,10,0,0,0,0
300680,2024.0,14,5,0,0,0,0
300681,2017.0,1,1,0,0,0,0
300685,2011.0,4,4,0,0,0,0
300692,2012.0,1,0,0,0,0,0
300692,2013.0,2,2,0,0,0,0
300693,2011.0,2,2,0,0,0,0
300693,2013.0,2,2,0,0,0,0
300695,2007.0,1,0,0,0,0,0
300695,2008.0,1,1,0,0,0,0
300695,2010.0,1,1,0,0,0,0
300695,2011.0,1,0,0,0,0,0
300695,2017.0,12,6,0,0,0,0
300695,2020.0,7,4,0,0,0,0
300696,2015.0,6,0,0,0,0,0
300696,2018.0,3,1,0,0,0,0
300697,2007.0,1,1,0,0,0,0
300697,2011.0,1,1,0,0,0,0
300697,2013.0,2,2,0,0,0,0
300697,2015.0,1,1,0,0,0,0
300697,2016.0,1,1,0,0,0,0
300697,2017.0,2,2,0,0,0,0
300697,2018.0,1,0,0,0,0,0
300699,2011.0,1,1,0,0,0,0
300699,2012.0,1,1,0,0,0,0
300699,2013.0,1,1,0,0,0,0
300699,2015.0,2,2,0,0,0,0
300699,2017.0,2,0,0,0,0,0
300699,2018.0,2,0,0,0,0,0
300699,2020.0,2,0,0,0,0,0
300699,2021.0,111,3,0,0,0,0
300699,2022.0,1,0,0,0,0,0
300699,2023.0,3,0,0,0,0,0
300699,2024.0,3,0,0,0,0,0
300700,2022.0,2,0,0,0,0,0
300700,2023.0,1,1,0,0,0,0
300701,2015.0,2,0,0,0,0,0
300705,2006.0,1,1,0,0,0,0
300705,2007.0,2,2,0,0,0,0
300705,2008.0,1,1,0,0,0,0
300705,2009.0,1,1,0,0,0,0
300705,2011.0,3,3,0,0,0,0
300705,2012.0,2,2,0,0,0,0
300705,2019.0,10,1,0,0,0,0
300705,2020.0,43,3,0,0,0,0
300705,2021.0,22,7,0,0,0,0
300705,2022.0,19,16,0,0,0,0
300705,2023.0,17,11,0,0,0,0
300705,2024.0,16,7,0,0,0,0
300707,2021.0,4,0,0,0,0,0
300708,2011.0,1,1,0,0,0,0
300708,2012.0,22,4,0,0,0,0
300708,2013.0,17,5,0,0,0,0
300708,2014.0,7,3,0,0,0,0
300708,2015.0,37,2,0,0,0,0
300708,2016.0,54,20,0,0,0,0
300708,2017.0,20,16,0,0,0,0
300708,2018.0,35,23,0,0,0,0
300708,2019.0,12,4,0,0,0,0
300708,2020.0,10,3,0,0,0,0
300708,2021.0,15,2,0,0,0,0
300708,2022.0,11,4,0,0,0,0
300708,2023.0,12,6,0,0,0,0
300708,2024.0,28,17,0,0,0,0
300709,2018.0,1,1,0,0,0,0
300712,2018.0,2,1,0,0,0,0
300713,2009.0,1,0,0,0,0,0
300713,2011.0,2,0,0,0,0,0
300713,2012.0,1,0,0,0,0,0
300713,2014.0,6,1,0,0,0,0
300713,2015.0,4,0,0,0,0,0
300713,2016.0,1,0,0,0,0,0
300713,2017.0,2,1,0,0,0,0
300715,2015.0,1,1,0,0,0,0
300716,2017.0,4,4,0,0,0,0
300716,2018.0,2,2,0,0,0,0
300716,2019.0,4,4,0,0,0,0
300719,2012.0,1,0,0,0,0,0
300719,2017.0,3,0,0,0,0,0
300719,2019.0,1,0,0,0,0,0
300719,2021.0,1,0,0,0,0,0
300719,2022.0,1,1,0,0,0,0
300719,2023.0,1,0,0,0,0,0
300723,2017.0,11,11,0,0,0,0
300723,2018.0,4,4,0,0,0,0
300723,2019.0,1,1,0,0,0,0
300723,2020.0,2,2,0,0,0,0
300723,2021.0,9,8,0,0,0,0
300723,2022.0,6,6,0,0,0,0
300723,2023.0,10,10,0,0,0,0
300723,2024.0,5,5,0,0,0,0
300723,2025.0,2,2,0,0,0,0
300724,2010.0,2,2,0,0,0,0
300724,2019.0,1,1,0,0,0,0
300729,2010.0,1,1,0,0,0,0
300729,2013.0,3,2,0,0,0,0
300729,2014.0,9,3,0,0,0,0
300729,2015.0,11,5,0,0,0,0
300729,2016.0,16,12,0,0,0,0
300729,2017.0,10,7,0,0,0,0
300729,2018.0,8,8,0,0,0,0
300729,2019.0,13,13,0,0,0,0
300729,2020.0,7,7,0,0,0,0
300729,2021.0,7,7,0,0,0,0
300729,2022.0,15,15,0,0,0,0
300729,2023.0,1,1,0,0,0,0
300736,2016.0,6,0,0,0,0,0
300737,2013.0,1,1,0,0,0,0
300737,2020.0,1,0,0,0,0,0
300738,2019.0,3,3,0,3,0,3
300738,2020.0,4,4,0,2,0,2
300740,2024.0,2,2,0,0,0,0
300741,2016.0,1,1,0,0,0,0
300741,2018.0,2,1,0,0,0,0
300741,2019.0,4,3,0,0,0,0
300741,2020.0,6,4,0,0,0,0
300741,2021.0,3,3,0,0,0,0
300741,2022.0,4,4,0,0,0,0
300741,2023.0,2,2,0,0,0,0
300741,2024.0,3,3,0,0,0,0
300741,2025.0,4,4,0,0,0,0
300742,2012.0,4,2,0,0,0,0
300742,2016.0,12,7,0,0,0,0
300742,2017.0,35,7,0,0,0,0
300742,2018.0,121,7,0,0,0,0
300742,2019.0,40,1,0,0,0,0
300742,2020.0,12,2,0,0,0,0
300742,2021.0,15,14,0,0,0,0
300743,2011.0,2,2,0,0,0,0
300743,2021.0,1,1,0,0,0,0
300743,2022.0,1,1,0,0,0,0
300745,2009.0,1,1,0,0,0,0
300745,2011.0,2,2,0,0,0,0
300745,2014.0,1,0,0,0,0,0
300745,2017.0,1,1,0,0,0,0
300747,2021.0,1,1,0,0,0,0
300748,2010.0,3,0,0,0,0,0
300748,2011.0,3,0,0,0,0,0
300748,2013.0,1,0,0,0,0,0
300748,2014.0,2,2,0,0,0,0
300748,2015.0,1,1,0,0,0,0
300748,2017.0,1,1,0,0,0,0
300748,2018.0,12,4,0,0,0,0
300749,2019.0,147,13,0,0,0,0
300749,2020.0,149,0,0,0,0,0
300749,2022.0,14,0,0,0,0,0
300752,2011.0,1,0,0,0,0,0
300752,2012.0,2,0,0,0,0,0
300752,2013.0,3,0,0,0,0,0
300752,2014.0,1,0,0,0,0,0
300752,2015.0,3,0,0,0,0,0
300752,2016.0,1,0,0,0,0,0
300752,2017.0,2,2,0,0,0,0
300753,2010.0,4,0,0,0,0,0
300753,2011.0,7,0,0,0,0,0
300753,2012.0,8,0,0,0,0,0
300753,2013.0,2,2,0,0,0,0
300753,2014.0,8,1,0,0,0,0
300753,2015.0,6,0,0,0,0,0
300753,2016.0,15,3,0,0,0,0
300753,2017.0,5,0,0,0,0,0
300753,2018.0,8,0,0,0,0,0
300753,2019.0,11,0,0,0,0,0
300753,2020.0,5,0,0,0,0,0
300753,2022.0,36,12,0,0,0,0
300753,2023.0,37,5,0,0,0,0
300753,2024.0,27,7,0,0,0,0
300757,2012.0,8,0,0,0,0,0
300757,2013.0,4,0,0,0,0,0
300757,2014.0,1,1,0,0,0,0
300757,2015.0,15,3,0,0,0,0
300757,2016.0,11,2,0,0,0,0
300757,2017.0,2,1,0,0,0,0
300757,2018.0,32,2,0,0,0,0
300757,2019.0,32,0,0,0,0,0
300757,2020.0,84,1,0,0,0,0
300760,2010.0,1,1,0,0,0,0
300760,2011.0,2,2,0,0,0,0
300760,2015.0,2,2,0,0,0,0
300760,2016.0,2,2,0,0,0,0
300760,2017.0,2,2,0,0,0,0
300760,2020.0,1,1,0,0,0,0
300760,2021.0,1,1,0,0,0,0
300761,2019.0,1,1,0,0,0,0
300765,2016.0,1,1,0,0,0,0
300767,2019.0,2,1,0,0,0,0
300768,2018.0,1,1,0,0,0,0
300769,2011.0,1,1,0,0,0,0
300769,2015.0,1,1,0,0,0,0
300772,2011.0,1,1,0,0,0,0
300772,2021.0,1,1,0,0,0,0
300776,2010.0,2,0,0,0,0,0
300778,2020.0,4,3,0,0,0,0
300779,2010.0,1,1,0,0,0,0
300779,2013.0,1,1,0,0,0,0
300779,2017.0,1,1,0,0,0,0
300779,2019.0,1,1,0,0,0,0
300779,2021.0,2,2,0,0,0,0
300779,2022.0,5,4,0,0,0,0
300779,2023.0,1,1,0,0,0,0
300779,2024.0,1,1,0,0,0,0
300780,2018.0,1,1,0,0,0,0
300781,2024.0,2,2,1,1,1,1
300786,2011.0,2,2,0,0,0,0
300786,2013.0,10,4,0,0,0,0
300786,2014.0,8,4,0,0,0,0
300786,2015.0,4,0,0,0,0,0
300786,2016.0,8,0,0,0,0,0
300786,2018.0,4,2,0,0,0,0
300786,2019.0,4,4,0,0,0,0
300786,2020.0,8,2,0,0,0,0
300786,2021.0,13,2,0,0,0,0
300786,2022.0,22,1,0,0,0,0
300786,2023.0,8,1,0,0,0,0
300786,2024.0,8,2,0,0,0,0
300789,2014.0,1,0,0,0,0,0
300789,2016.0,1,1,0,0,0,0
300789,2017.0,1,1,1,1,1,1
300789,2021.0,1,0,0,0,0,0
300789,2022.0,1,1,0,0,0,0
300791,2019.0,2,2,0,0,0,0
300791,2020.0,2,2,0,0,0,0
300791,2021.0,4,4,0,0,0,0
300791,2022.0,8,8,0,0,0,0
300791,2023.0,21,21,0,0,0,0
300791,2024.0,36,36,0,0,0,0
300793,2019.0,14,14,0,0,0,0
300793,2020.0,23,23,1,1,1,1
300796,2013.0,1,1,0,0,0,0
300796,2015.0,1,1,0,0,0,0
300796,2017.0,2,2,0,0,0,0
300796,2019.0,3,2,0,0,0,0
300796,2020.0,2,0,0,0,0,0
300796,2021.0,2,2,0,0,0,0
300796,2022.0,1,1,0,0,0,0
300796,2024.0,1,1,0,0,0,0
300798,2012.0,1,1,0,0,0,0
300798,2019.0,5,5,0,0,0,0
300798,2020.0,2,2,0,0,0,0
300798,2021.0,3,3,0,0,0,0
300798,2022.0,1,1,0,0,0,0
300798,2023.0,1,1,0,0,0,0
300801,2009.0,2,2,0,0,0,0
300801,2010.0,1,1,0,0,0,0
300801,2011.0,3,3,0,0,0,0
300801,2012.0,2,2,0,0,0,0
300801,2013.0,2,2,0,0,0,0
300801,2014.0,1,1,0,0,0,0
300801,2015.0,14,12,0,0,0,0
300801,2016.0,7,7,0,0,0,0
300801,2017.0,4,3,0,0,0,0
300801,2018.0,2,2,0,0,0,0
300801,2019.0,12,1,0,0,0,0
300801,2020.0,28,6,0,0,0,0
300801,2021.0,58,28,0,0,0,0
300801,2022.0,33,28,0,0,0,0
300801,2023.0,12,12,0,0,0,0
300801,2024.0,7,5,0,0,0,0
300804,2011.0,2,2,0,0,0,0
300804,2020.0,1,0,0,0,0,0
300804,2022.0,1,1,0,0,0,0
300804,2023.0,2,2,0,0,0,0
300804,2024.0,2,2,0,0,0,0
300810,2019.0,1,0,0,0,0,0
300810,2020.0,1,1,0,0,0,0
300810,2021.0,2,2,0,0,0,0
300810,2022.0,1,1,0,0,0,0
300811,2017.0,3,1,0,0,0,0
300811,2018.0,1,0,0,0,0,0
300813,2022.0,1,1,0,0,0,0
300815,2023.0,3,0,0,0,0,0
300815,2024.0,3,2,0,0,0,0
300815,2025.0,5,3,1,1,1,1
300817,2006.0,3,0,0,0,0,0
300817,2007.0,5,1,0,0,0,0
300817,2013.0,1,0,0,0,0,0
300817,2014.0,1,1,0,0,0,0
300817,2019.0,1,1,0,0,0,0
300817,2021.0,2,0,0,0,0,0
300821,2011.0,1,1,0,0,0,0
300821,2012.0,1,1,0,0,0,0
300821,2013.0,2,2,0,0,0,0
300821,2018.0,3,3,0,0,0,0
300821,2021.0,2,2,0,0,0,0
300821,2022.0,9,9,0,0,0,0
300826,2021.0,1,1,0,0,0,0
300827,2016.0,1,0,0,0,0,0
300831,2020.0,5,0,0,0,0,0
300831,2021.0,6,0,0,0,0,0
300831,2022.0,12,0,0,0,0,0
300831,2023.0,14,7,0,0,0,0
300831,2024.0,6,3,0,0,0,0
300833,2015.0,1,1,0,0,0,0
300833,2019.0,2,2,0,0,0,0
300834,2022.0,2,2,0,0,0,0
300838,2020.0,5,0,0,0,0,0
300839,2014.0,1,1,0,0,0,0
300839,2016.0,1,1,0,0,0,0
300839,2017.0,4,0,0,0,0,0
300839,2021.0,1,0,0,0,0,0
300851,2005.0,1,1,0,0,0,0
300851,2011.0,1,1,0,0,0,0
300851,2012.0,1,0,0,0,0,0
300851,2013.0,4,3,0,0,0,0
300851,2014.0,9,5,0,0,0,0
300851,2015.0,14,12,0,0,0,0
300851,2016.0,17,11,0,0,0,0
300851,2017.0,12,7,0,0,0,0
300851,2018.0,16,11,0,0,0,0
300851,2019.0,12,5,0,0,0,0
300851,2020.0,13,13,0,0,0,0
300851,2021.0,32,29,0,0,0,0
300851,2022.0,17,17,0,0,0,0
300851,2023.0,11,11,0,0,0,0
300851,2024.0,28,27,0,0,0,0
300852,2020.0,1,1,0,0,0,0
300852,2022.0,2,2,0,0,0,0
300852,2023.0,4,4,0,0,0,0
300854,2021.0,2,0,0,0,0,0
300854,2022.0,12,0,0,0,0,0
300854,2024.0,3,2,0,0,0,0
300856,2013.0,1,1,0,0,0,0
300856,2014.0,2,2,0,0,0,0
300856,2015.0,3,3,0,0,0,0
300856,2019.0,1,1,0,0,0,0
300856,2021.0,2,2,0,0,0,0
300856,2022.0,4,4,0,0,0,0
300856,2023.0,1,1,0,0,0,0
300857,2015.0,4,0,0,1,0,0
300857,2016.0,23,2,0,0,0,0
300857,2017.0,25,0,0,0,0,0
300857,2018.0,19,5,0,0,0,0
300857,2019.0,57,15,0,1,0,1
300857,2020.0,24,2,0,0,0,0
300857,2021.0,58,4,0,0,0,0
300857,2022.0,71,1,0,0,0,0
300857,2023.0,71,2,0,1,0,1
300857,2024.0,48,13,0,1,0,0
300857,2025.0,52,7,0,2,0,1
300858,2019.0,1,1,0,0,0,0
300860,2020.0,3,0,0,0,0,0
300860,2021.0,2,0,0,0,0,0
300860,2022.0,6,0,0,0,0,0
300860,2023.0,3,0,0,0,0,0
300860,2024.0,1,0,0,0,0,0
300869,2009.0,1,1,0,0,0,0
300869,2020.0,122,0,0,0,0,0
300869,2021.0,28,0,0,0,0,0
300869,2022.0,76,1,0,0,0,0
300869,2023.0,88,8,0,0,0,0
300869,2024.0,57,11,0,0,0,0
300871,2012.0,1,1,0,0,0,0
300871,2015.0,1,1,0,0,0,0
300875,2016.0,6,0,0,0,0,0
300875,2018.0,4,0,0,0,0,0
300875,2020.0,30,1,0,0,0,0
300875,2021.0,26,1,0,0,0,0
300876,2017.0,1,1,0,0,0,0
300876,2019.0,1,1,0,0,0,0
300876,2021.0,3,2,0,0,0,0
300876,2023.0,5,5,0,0,0,0
300876,2024.0,6,5,0,0,0,0
300878,2011.0,2,2,0,0,0,0
300878,2020.0,5,2,0,0,0,0
300878,2021.0,3,3,0,0,0,0
300878,2022.0,6,3,0,0,0,0
300878,2023.0,7,5,0,0,0,0
300878,2024.0,10,7,0,0,0,0
300881,2020.0,1,1,0,0,0,0
300881,2021.0,1,1,0,0,0,0
300881,2022.0,3,0,0,0,0,0
300881,2023.0,2,2,0,0,0,0
300881,2024.0,5,5,0,0,0,0
300881,2025.0,3,3,0,0,0,0
300886,2012.0,3,1,0,0,0,0
300886,2013.0,2,1,0,0,0,0
300886,2014.0,12,2,0,0,0,0
300886,2015.0,5,4,0,0,0,0
300886,2016.0,8,4,0,0,0,0
300886,2017.0,5,1,0,0,0,0
300886,2018.0,6,0,0,0,0,0
300886,2019.0,4,0,0,0,0,0
300886,2020.0,9,3,0,0,0,0
300886,2022.0,1,0,0,0,0,0
300886,2023.0,2,0,0,0,0,0
300887,2023.0,9,0,0,0,0,0
300887,2024.0,6,0,0,0,0,0
300888,2007.0,1,1,0,0,0,0
300891,2015.0,10,0,0,0,0,0
300891,2018.0,3,2,0,0,0,0
300891,2019.0,2,0,0,0,0,0
300891,2020.0,2,1,0,0,0,0
300891,2021.0,2,2,0,0,0,0
300891,2022.0,1,1,0,0,0,0
300891,2023.0,1,1,0,0,0,0
300891,2024.0,4,4,0,0,0,0
300893,2009.0,1,1,0,0,0,0
300893,2014.0,1,1,0,0,0,0
300893,2016.0,1,1,0,0,0,0
300897,2019.0,1,0,0,0,0,0
300909,2015.0,1,0,0,0,0,0
300909,2016.0,2,2,0,0,0,0
300909,2018.0,1,1,0,0,0,0
300909,2019.0,1,0,0,0,0,0
300910,2015.0,1,1,0,0,0,0
300910,2017.0,1,1,0,0,0,0
300910,2019.0,1,1,0,0,0,0
300910,2020.0,1,1,0,0,0,0
300912,2011.0,1,1,0,0,0,0
300916,2018.0,1,0,0,0,0,0
300916,2019.0,1,1,0,0,0,0
300916,2020.0,1,0,0,0,0,0
300920,2018.0,1,0,0,0,0,0
300920,2023.0,4,3,0,0,0,0
300923,2018.0,1,1,0,0,0,0
300926,2014.0,4,0,0,0,0,0
300926,2015.0,1,1,0,0,0,0
300926,2016.0,9,4,0,0,0,0
300926,2017.0,4,4,0,0,0,0
300926,2018.0,5,1,0,0,0,0
300926,2019.0,9,1,0,0,0,0
300926,2020.0,3,0,0,0,0,0
300926,2021.0,15,1,0,0,0,0
300926,2022.0,24,0,0,0,0,0
300926,2023.0,10,2,0,0,0,0
300926,2024.0,15,3,0,0,0,0
300927,2012.0,1,1,0,0,0,0
300927,2013.0,3,0,0,0,0,0
300927,2014.0,3,1,0,0,0,0
300927,2015.0,4,1,0,0,0,0
300927,2016.0,5,1,0,0,0,0
300927,2017.0,1,1,0,0,0,0
300927,2018.0,4,0,0,0,0,0
300927,2019.0,4,0,0,0,0,0
300927,2020.0,4,1,0,0,0,0
300927,2021.0,9,0,0,0,0,0
300927,2022.0,3,0,0,0,0,0
300929,2019.0,1,1,0,0,0,0
300929,2021.0,1,1,0,0,0,0
300929,2022.0,1,0,0,0,0,0
300929,2024.0,1,1,0,0,0,0
300930,2015.0,1,1,0,0,0,0
300930,2016.0,2,2,0,0,0,0
300930,2024.0,5,5,0,0,0,0
300938,2020.0,5,0,0,0,0,0
300938,2021.0,3,0,0,0,0,0
300940,2021.0,1,1,0,0,0,0
300942,2024.0,3,3,0,0,0,0
300947,2020.0,2,0,0,0,0,0
300948,2014.0,1,1,0,0,0,0
300948,2015.0,1,1,0,0,0,0
300949,2024.0,1,1,1,1,1,1
300952,2021.0,1,1,0,0,0,0
300955,2015.0,2,2,0,0,0,0
300955,2017.0,2,2,0,0,0,0
300955,2022.0,2,2,0,0,0,0
300955,2023.0,1,1,0,0,0,0
300955,2024.0,2,2,0,0,0,0
300957,2022.0,1,1,0,0,0,0
300958,2021.0,1,0,0,0,0,0
300958,2023.0,2,0,0,0,0,0
300958,2024.0,1,1,0,0,0,0
300961,2018.0,1,0,0,0,0,0
300961,2019.0,2,0,0,0,0,0
300961,2020.0,2,0,0,0,0,0
300961,2021.0,1,0,0,0,0,0
300961,2022.0,1,0,0,0,0,0
300962,2021.0,5,2,0,0,0,0
300962,2022.0,6,2,0,0,0,0
300962,2023.0,3,1,0,0,0,0
300962,2024.0,7,5,0,0,0,0
300963,2013.0,1,0,0,0,0,0
300963,2017.0,3,0,0,0,0,0
300963,2019.0,1,1,0,0,0,0
300963,2020.0,1,1,0,0,0,0
300967,2012.0,4,0,0,0,0,0
300967,2014.0,1,1,0,0,0,0
300967,2015.0,1,0,0,0,0,0
300967,2018.0,2,0,0,0,0,0
300967,2019.0,2,2,0,0,0,0
300967,2020.0,10,0,0,0,0,0
300967,2021.0,5,0,0,0,0,0
300967,2022.0,1,0,0,0,0,0
300973,2020.0,1,1,0,0,0,0
300977,2022.0,1,1,0,0,0,0
300978,2019.0,1,1,0,0,0,0
300982,2020.0,1,0,0,0,0,0
300988,2025.0,2,0,0,0,0,0
300989,2024.0,11,8,0,1,0,1
300995,2015.0,1,1,0,0,0,0
301003,2022.0,1,1,0,0,0,0
301003,2023.0,1,1,0,0,0,0
301003,2024.0,1,1,0,0,0,0
301007,2020.0,1,1,0,0,0,0
301007,2022.0,1,1,0,0,0,0
301009,2022.0,1,1,0,0,0,0
301009,2023.0,1,1,0,0,0,0
301009,2024.0,1,1,0,0,0,0
301010,2018.0,1,1,0,0,0,0
301010,2020.0,2,2,0,0,0,0
301010,2021.0,11,1,0,0,0,0
301010,2023.0,19,8,0,0,0,0
301010,2024.0,13,5,0,0,0,0
301016,2012.0,1,1,0,0,0,0
301016,2013.0,1,1,0,0,0,0
301016,2022.0,1,1,0,0,0,0
301016,2023.0,2,2,0,0,0,0
301019,2011.0,3,3,0,0,0,0
301019,2012.0,1,1,0,0,0,0
301019,2013.0,1,1,0,0,0,0
301019,2017.0,2,2,0,0,0,0
301019,2023.0,5,5,0,0,0,0
301020,2021.0,5,1,0,0,0,0
301020,2022.0,1,0,0,0,0,0
301030,2021.0,32,2,0,0,0,0
301033,2011.0,1,1,0,0,0,0
301035,2014.0,1,1,0,0,0,0
301035,2015.0,3,3,0,0,0,0
301035,2017.0,1,0,0,0,0,0
301035,2018.0,1,1,0,0,0,0
301035,2019.0,1,0,0,0,0,0
301035,2021.0,2,2,0,0,0,0
301035,2022.0,1,1,0,0,0,0
301035,2023.0,1,1,0,0,0,0
301035,2024.0,4,3,0,0,0,0
301036,2011.0,1,0,0,0,0,0
301036,2012.0,1,1,0,0,0,0
301036,2013.0,1,1,0,0,0,0
301036,2014.0,3,3,0,0,0,0
301036,2015.0,2,2,0,0,0,0
301036,2016.0,1,1,0,0,0,0
301036,2017.0,1,1,0,0,0,0
301036,2019.0,1,0,0,0,0,0
301036,2021.0,2,2,0,0,0,0
301036,2022.0,1,1,0,0,0,0
301037,2012.0,1,1,0,0,0,0
301037,2014.0,4,1,0,0,0,0
301037,2015.0,3,0,0,0,0,0
301037,2016.0,4,4,0,0,0,0
301037,2017.0,15,3,0,0,0,0
301037,2018.0,8,7,0,0,0,0
301037,2019.0,3,3,0,0,0,0
301037,2020.0,3,2,0,0,0,0
301037,2021.0,4,4,0,0,0,0
301037,2022.0,10,7,0,0,0,0
301037,2023.0,10,8,0,0,0,0
301037,2024.0,5,5,0,0,0,0
301042,2022.0,2,2,0,0,0,0
301042,2024.0,6,6,4,4,4,4
301043,2011.0,1,1,0,0,0,0
301043,2013.0,1,0,0,0,0,0
301043,2016.0,1,0,0,0,0,0
301043,2018.0,3,2,0,0,0,0
301046,2024.0,4,0,0,0,0,0
301051,2020.0,1,1,0,0,0,0
301051,2021.0,1,1,0,0,0,0
301051,2022.0,2,2,0,0,0,0
301053,2016.0,1,1,0,0,0,0
301053,2018.0,1,1,0,0,0,0
301053,2019.0,1,1,0,0,0,0
301053,2022.0,3,0,0,0,0,0
301056,2021.0,4,2,0,0,0,0
301056,2022.0,4,3,0,0,0,0
301056,2023.0,4,3,0,0,0,0
301056,2024.0,2,1,0,0,0,0
301058,2021.0,1,1,0,0,0,0
301060,2015.0,1,1,0,0,0,0
301060,2016.0,2,2,0,0,0,0
301065,2021.0,1,1,0,0,0,0
301066,2011.0,1,1,0,0,0,0
301066,2015.0,1,1,0,0,0,0
301066,2017.0,1,1,0,0,0,0
301066,2018.0,1,1,0,0,0,0
301072,2022.0,2,0,0,0,0,0
301072,2023.0,3,0,0,0,0,0
301072,2024.0,1,0,0,0,0,0
301082,2014.0,1,0,0,0,0,0
301082,2015.0,1,0,0,0,0,0
301082,2016.0,1,1,0,0,0,0
301082,2018.0,1,1,0,0,0,0
301083,2024.0,7,2,1,1,0,0
301089,2021.0,6,6,0,0,0,0
301089,2022.0,4,4,0,0,0,0
301089,2023.0,7,7,0,0,0,0
301092,2011.0,1,1,0,0,0,0
301092,2012.0,1,1,0,0,0,0
301092,2014.0,1,1,0,0,0,0
301092,2018.0,1,1,0,0,0,0
301092,2019.0,1,1,0,0,0,0
301096,2015.0,2,2,0,0,0,0
301096,2016.0,1,1,0,0,0,0
301096,2017.0,1,1,0,0,0,0
301096,2019.0,3,3,0,0,0,0
301096,2020.0,4,4,0,0,0,0
301096,2021.0,4,4,0,0,0,0
301098,2021.0,2,0,0,0,0,0
301098,2022.0,2,0,0,0,0,0
301098,2023.0,2,0,0,0,0,0
301098,2024.0,3,1,0,0,0,0
301101,2021.0,1,0,0,0,0,0
301103,2021.0,1,1,0,0,0,0
301109,2023.0,55,17,0,0,0,0
301109,2024.0,56,14,0,0,0,0
301111,2011.0,1,1,0,0,0,0
301111,2022.0,1,1,0,0,0,0
301111,2023.0,2,2,0,0,0,0
301111,2024.0,1,1,0,0,0,0
301121,2018.0,1,1,0,0,0,0
301125,2008.0,1,1,0,0,0,0
301125,2014.0,1,1,0,0,0,0
301125,2019.0,1,1,0,0,0,0
301128,2017.0,4,3,0,0,0,0
301128,2018.0,3,0,0,0,0,0
301128,2019.0,8,0,0,0,0,0
301128,2021.0,1,0,0,0,0,0
301129,2021.0,40,10,2,2,2,2
301129,2022.0,23,11,3,4,3,4
301129,2023.0,107,36,0,1,0,1
301129,2024.0,76,34,1,2,1,2
301129,2025.0,1,0,0,0,0,0
301130,2012.0,2,2,0,0,0,0
301130,2014.0,1,1,0,0,0,0
301130,2024.0,1,1,0,0,0,0
301131,2021.0,8,7,0,0,0,0
301131,2022.0,7,6,0,0,0,0
301131,2023.0,10,7,0,0,0,0
301131,2024.0,6,3,0,0,0,0
301132,2024.0,5,0,0,0,0,0
301148,2021.0,1,1,0,0,0,0
301148,2023.0,1,1,0,0,0,0
301155,2018.0,1,1,0,0,0,0
301155,2019.0,2,2,0,0,0,0
301156,2019.0,2,2,0,0,0,0
301156,2022.0,3,3,0,0,0,0
301156,2023.0,4,2,0,0,0,0
301156,2024.0,18,2,0,0,0,0
301159,2022.0,6,6,0,0,0,0
301159,2023.0,38,34,10,11,10,11
301159,2024.0,20,16,1,3,1,3
301161,2012.0,1,0,0,0,0,0
301167,2022.0,1,0,0,0,0,0
301167,2023.0,3,2,0,0,0,0
301170,2022.0,3,0,0,0,0,0
301170,2023.0,13,2,0,0,0,0
301170,2024.0,7,1,0,0,0,0
301179,2021.0,1,1,0,0,0,0
301182,2014.0,1,0,0,0,0,0
301185,2024.0,2,2,1,1,1,1
301187,2023.0,17,5,0,0,0,0
301187,2024.0,19,9,0,0,0,0
301190,2016.0,1,1,0,0,0,0
301190,2017.0,2,2,0,0,0,0
301190,2018.0,3,1,0,0,0,0
301192,2014.0,1,1,0,0,0,0
301192,2015.0,1,1,0,0,0,0
301192,2018.0,1,1,0,0,0,0
301192,2022.0,2,2,0,0,0,0
301197,2011.0,1,1,0,0,0,0
301197,2012.0,1,1,0,0,0,0
301197,2014.0,1,0,0,0,0,0
301197,2015.0,1,1,0,0,0,0
301197,2016.0,1,0,0,0,0,0
301197,2018.0,2,1,0,0,0,0
301197,2019.0,2,1,0,0,0,0
301197,2020.0,3,0,0,0,0,0
301197,2022.0,15,5,0,0,0,0
301206,2015.0,2,2,0,0,0,0
301209,2011.0,1,0,0,0,0,0
301209,2013.0,3,3,0,0,0,0
301209,2014.0,1,1,0,0,0,0
301209,2019.0,2,2,0,0,0,0
301209,2020.0,1,0,0,0,0,0
301209,2021.0,1,1,0,0,0,0
301211,2022.0,1,1,0,0,0,0
301211,2023.0,1,1,0,0,0,0
301211,2024.0,1,1,0,0,0,0
301213,2021.0,3,3,0,1,0,1
301213,2022.0,4,4,0,2,0,2
301217,2017.0,1,1,0,0,0,0
301222,2017.0,7,0,0,0,0,0
301222,2020.0,2,0,0,0,0,0
301228,2023.0,1,0,0,0,0,0
301230,2013.0,3,3,0,0,0,0
301230,2014.0,1,1,0,0,0,0
301230,2015.0,3,3,0,0,0,0
301230,2016.0,8,8,0,0,0,0
301230,2017.0,4,4,0,0,0,0
301230,2018.0,1,1,0,0,0,0
301230,2019.0,2,2,0,0,0,0
301230,2020.0,3,3,0,0,0,0
301230,2022.0,11,3,0,0,0,0
301230,2023.0,2,0,0,0,0,0
301230,2024.0,6,0,0,0,0,0
301233,2022.0,1,1,0,0,0,0
301234,2024.0,9,4,0,0,0,0
301235,2013.0,8,0,0,0,0,0
301235,2015.0,6,0,0,0,0,0
301235,2016.0,24,0,0,0,0,0
301235,2017.0,28,0,0,0,0,0
301235,2018.0,3,0,0,0,0,0
301235,2019.0,17,2,0,0,0,0
301235,2020.0,17,0,0,0,0,0
301235,2021.0,33,0,0,0,0,0
301235,2022.0,1,0,0,0,0,0
301238,2010.0,1,1,0,0,0,0
301238,2012.0,1,1,0,0,0,0
301238,2015.0,2,2,0,0,0,0
301238,2016.0,2,2,0,0,0,0
301238,2017.0,2,2,0,0,0,0
301238,2018.0,1,1,0,0,0,0
301238,2019.0,3,3,0,0,0,0
301238,2021.0,3,3,0,0,0,0
301238,2022.0,5,5,0,0,0,0
301238,2023.0,2,2,0,0,0,0
301246,2011.0,3,3,0,0,0,0
301246,2012.0,2,1,0,0,0,0
301246,2013.0,7,4,0,0,0,0
301246,2014.0,4,1,0,0,0,0
301246,2015.0,6,6,0,0,0,0
301246,2016.0,4,3,0,0,0,0
301246,2017.0,4,4,0,0,0,0
301246,2019.0,2,2,0,0,0,0
301246,2020.0,5,5,0,0,0,0
301246,2021.0,4,3,0,0,0,0
301246,2022.0,1,0,0,0,0,0
301246,2023.0,5,5,0,0,0,0
301246,2024.0,1,1,0,0,0,0
301251,2019.0,1,1,0,0,0,0
301251,2020.0,6,1,0,0,0,0
301251,2021.0,2,0,0,0,0,0
301251,2022.0,5,5,1,1,1,1
301251,2024.0,5,4,0,0,0,0
301256,2022.0,1,1,0,0,0,0
301256,2023.0,4,2,0,0,0,0
301256,2024.0,3,2,0,0,0,0
301257,2024.0,1,1,0,0,0,0
301257,2025.0,1,1,0,1,0,1
301259,2020.0,1,1,0,0,0,0
301259,2021.0,2,2,0,0,0,0
301266,2013.0,1,1,0,0,0,0
301266,2017.0,1,1,0,0,0,0
301266,2018.0,1,1,0,0,0,0
301266,2019.0,1,1,0,0,0,0
301266,2024.0,6,6,0,0,0,0
301267,2024.0,3,0,0,0,0,0
301267,2025.0,1,0,0,0,0,0
301273,2022.0,1,0,0,0,0,0
301273,2023.0,7,0,0,0,0,0
301275,2012.0,1,1,0,0,0,0
301275,2017.0,1,1,0,0,0,0
301275,2020.0,4,4,0,0,0,0
301275,2021.0,2,2,0,0,0,0
301275,2022.0,3,3,0,0,0,0
301275,2023.0,2,2,0,0,0,0
301280,2023.0,3,3,0,0,0,0
301282,2022.0,28,15,0,0,0,0
301282,2023.0,26,22,0,0,0,0
301282,2024.0,14,5,0,0,0,0
301298,2023.0,1,1,0,0,0,0
301298,2024.0,4,0,0,0,0,0
301303,2022.0,8,2,0,0,0,0
301303,2023.0,43,4,0,0,0,0
301303,2024.0,67,25,0,0,0,0
301311,2022.0,2,2,0,0,0,0
301316,2019.0,1,1,0,0,0,0
301318,2012.0,1,0,0,0,0,0
301318,2017.0,1,1,0,0,0,0
301318,2022.0,1,1,0,0,0,0
301323,2021.0,1,1,0,0,0,0
301332,2018.0,1,1,0,0,0,0
301338,2024.0,48,18,0,0,0,0
301348,2023.0,26,10,0,0,0,0
301348,2024.0,15,9,0,0,0,0
301356,2009.0,1,1,0,0,0,0
301356,2012.0,1,1,0,0,0,0
301356,2015.0,3,1,0,0,0,0
301356,2016.0,5,2,0,0,0,0
301356,2017.0,2,2,0,0,0,0
301356,2018.0,1,0,0,0,0,0
301356,2019.0,1,0,0,0,0,0
301356,2020.0,1,0,0,0,0,0
301356,2021.0,1,1,0,0,0,0
301356,2022.0,4,4,0,0,0,0
301356,2023.0,2,2,0,0,0,0
301356,2024.0,10,6,0,0,0,0
301361,2021.0,1,1,0,0,0,0
301361,2022.0,15,3,0,0,0,0
301361,2023.0,21,0,0,0,0,0
301361,2024.0,17,6,0,0,0,0
301368,2024.0,1,1,0,0,0,0
301373,2012.0,1,1,0,0,0,0
301373,2013.0,1,1,0,0,0,0
301373,2014.0,2,2,0,0,0,0
301373,2015.0,2,2,0,0,0,0
301373,2017.0,1,1,0,0,0,0
301373,2018.0,3,3,0,0,0,0
301373,2020.0,1,1,0,0,0,0
301373,2021.0,2,2,0,0,0,0
301373,2022.0,1,1,0,0,0,0
301373,2023.0,1,1,0,0,0,0
301373,2024.0,1,1,0,0,0,0
301387,2023.0,16,2,0,0,0,0
301387,2024.0,26,5,0,0,0,0
301413,2016.0,1,1,0,0,0,0
301421,2023.0,34,13,0,0,0,0
301421,2024.0,23,15,0,0,0,0
301502,2020.0,2,2,0,0,0,0
301507,2011.0,1,1,0,0,0,0
301507,2023.0,5,3,0,0,0,0
301507,2024.0,7,3,0,0,0,0
301518,2016.0,1,1,0,0,0,0
301518,2017.0,1,1,0,0,0,0
301518,2019.0,1,1,0,0,0,0
301518,2021.0,2,1,0,0,0,0
301518,2022.0,2,2,0,0,0,0
301518,2023.0,1,1,0,0,0,0
301519,2018.0,1,1,0,0,0,0
301552,2024.0,1,1,0,0,0,0
301558,2023.0,2,2,2,2,2,2
301565,2013.0,1,1,0,0,0,0
301565,2015.0,1,1,0,0,0,0
301565,2016.0,2,2,0,0,0,0
301565,2017.0,1,1,0,0,0,0
301565,2018.0,14,3,0,0,0,0
301565,2019.0,4,1,0,0,0,0
301565,2020.0,5,1,0,0,0,0
301565,2021.0,19,13,0,0,0,0
301565,2024.0,14,7,0,0,0,0
301577,2017.0,3,3,0,0,0,0
301591,2009.0,1,1,0,0,0,0
301591,2010.0,1,1,0,0,0,0
301591,2012.0,1,1,0,0,0,0
301591,2014.0,4,4,0,0,0,0
301591,2015.0,4,4,0,0,0,0
301591,2016.0,1,1,0,0,0,0
301591,2017.0,4,4,0,0,0,0
301591,2018.0,4,4,0,0,0,0
301591,2019.0,4,4,0,0,0,0
301591,2021.0,1,1,0,0,0,0
301591,2022.0,1,1,0,0,0,0
301591,2023.0,1,0,0,0,0,0
301591,2024.0,5,3,0,0,0,0
301601,2014.0,1,1,0,0,0,0
301602,2024.0,1,1,0,0,0,0
301616,2019.0,1,1,0,0,0,0
301618,2011.0,1,1,0,0,0,0
301618,2012.0,3,3,0,0,0,0
301618,2013.0,4,4,0,0,0,0
301618,2015.0,2,2,0,0,0,0
301618,2017.0,2,2,0,0,0,0
301618,2018.0,2,2,0,0,0,0
301618,2019.0,2,2,0,0,0,0
301618,2020.0,4,4,0,0,0,0
301618,2021.0,6,5,0,0,0,0
301618,2022.0,7,5,0,0,0,0
301618,2023.0,11,10,0,0,0,0
301618,2024.0,1,1,0,0,0,0
301662,2022.0,1,0,0,0,0,0
301665,2015.0,1,1,0,0,0,0
301665,2020.0,3,3,0,0,0,0
301665,2021.0,2,2,0,0,0,0
301665,2022.0,7,2,0,0,0,0
301665,2023.0,1,1,0,0,0,0
301665,2024.0,2,2,0,0,0,0
302132,2024.0,49,22,0,0,0,0
600018,2007.0,1,1,0,0,0,0
600018,2017.0,1,1,0,0,0,0
600019,2017.0,1,1,0,0,0,0
600028,2004.0,1,1,0,0,0,0
600031,2009.0,1,1,0,0,0,0
600039,2010.0,1,0,0,0,0,0
600039,2011.0,1,0,0,0,0,0
600055,2010.0,4,4,0,0,0,0
600055,2018.0,2,2,0,0,0,0
600059,1994.0,1,0,0,0,0,0
600059,1995.0,1,0,0,0,0,0
600059,2004.0,1,0,0,0,0,0
600062,2004.0,1,1,0,0,0,0
600062,2010.0,2,2,0,0,0,0
600062,2011.0,3,3,0,0,0,0
600062,2012.0,3,3,0,0,0,0
600062,2013.0,4,4,0,0,0,0
600062,2014.0,5,5,0,0,0,0
600062,2015.0,2,2,0,0,0,0
600062,2016.0,5,5,0,0,0,0
600062,2017.0,4,4,0,0,0,0
600062,2018.0,2,2,0,0,0,0
600062,2019.0,3,3,0,0,0,0
600062,2020.0,1,0,0,0,0,0
600062,2023.0,1,1,0,0,0,0
600062,2024.0,1,1,0,0,0,0
600063,2013.0,1,1,0,0,0,0
600063,2017.0,1,1,0,0,0,0
600063,2018.0,2,2,0,0,0,0
600063,2022.0,1,1,0,0,0,0
600063,2023.0,1,1,0,0,0,0
600066,2017.0,2,2,0,0,0,0
600068,2018.0,2,0,0,0,0,0
600072,2021.0,12,6,0,0,0,0
600073,2010.0,2,1,0,0,0,0
600073,2012.0,5,3,0,0,0,0
600073,2013.0,2,1,0,0,0,0
600075,2018.0,1,1,0,0,0,0
600075,2020.0,2,0,0,0,0,0
600076,2020.0,3,0,0,0,0,0
600079,2014.0,5,0,0,0,0,0
600079,2021.0,2,0,0,0,0,0
600079,2023.0,2,0,0,0,0,0
600080,2016.0,1,1,0,0,0,0
600080,2017.0,2,2,0,0,0,0
600080,2020.0,1,1,0,0,0,0
600080,2022.0,1,1,0,0,0,0
600080,2023.0,1,1,0,0,0,0
600096,2017.0,1,1,0,0,0,0
600100,2003.0,1,0,0,0,0,0
600100,2004.0,1,1,0,0,0,0
600100,2005.0,1,1,0,0,0,0
600100,2012.0,1,1,0,0,0,0
600100,2014.0,1,1,0,0,0,0
600100,2015.0,1,1,0,0,0,0
600100,2019.0,1,1,0,0,0,0
600100,2023.0,1,1,0,0,0,0
600103,2011.0,1,1,0,0,0,0
600103,2022.0,3,1,0,0,0,0
600103,2023.0,1,0,0,0,0,0
600109,2024.0,1,1,0,0,0,0
600114,2011.0,1,1,0,0,0,0
600114,2018.0,1,1,0,0,0,0
600114,2022.0,3,3,0,0,0,0
600122,2007.0,2,0,0,0,0,0
600126,2014.0,1,1,0,0,0,0
600129,2013.0,3,3,0,0,0,0
600129,2017.0,2,0,0,0,0,0
600129,2021.0,1,0,0,0,0,0
600135,2005.0,1,1,0,0,0,0
600135,2009.0,1,1,0,0,0,0
600135,2019.0,1,0,0,0,0,0
600137,2007.0,1,0,0,0,0,0
600143,2003.0,1,1,0,0,0,0
600143,2009.0,1,1,0,0,0,0
600143,2015.0,1,1,0,0,0,0
600143,2020.0,1,1,0,0,0,0
600149,2020.0,1,0,0,0,0,0
600152,2006.0,2,2,0,0,0,0
600160,2010.0,1,0,0,0,0,0
600160,2014.0,1,1,0,0,0,0
600160,2016.0,2,2,0,0,0,0
600160,2019.0,1,1,0,0,0,0
600160,2021.0,2,2,0,0,0,0
600160,2022.0,1,1,0,0,0,0
600160,2023.0,2,2,0,0,0,0
600161,2006.0,3,3,0,0,0,0
600161,2013.0,1,1,0,0,0,0
600161,2014.0,1,1,0,0,0,0
600161,2015.0,1,1,0,0,0,0
600161,2020.0,1,1,0,0,0,0
600163,2006.0,1,1,0,0,0,0
600163,2009.0,2,2,0,0,0,0
600163,2011.0,1,1,0,0,0,0
600165,2011.0,2,0,0,0,0,0
600166,2012.0,1,0,0,0,0,0
600166,2017.0,1,1,0,0,0,0
600169,2016.0,1,1,0,0,0,0
600169,2018.0,1,1,0,0,0,0
600171,2003.0,1,1,0,0,0,0
600175,2018.0,1,1,0,0,0,0
600176,2016.0,2,2,0,0,0,0
600176,2019.0,1,1,0,0,0,0
600176,2020.0,1,1,0,0,0,0
600176,2022.0,1,1,0,0,0,0
600177,2012.0,2,2,0,0,0,0
600178,2009.0,1,1,0,0,0,0
600178,2014.0,1,1,0,0,0,0
600184,2017.0,1,1,0,0,0,0
600185,2022.0,1,0,0,0,0,0
600189,2022.0,5,0,0,0,0,0
600193,2016.0,4,0,0,0,0,0
600193,2017.0,5,0,0,0,0,0
600193,2018.0,5,0,0,0,0,0
600193,2019.0,1,0,0,0,0,0
600195,2012.0,5,5,0,0,0,0
600196,2018.0,1,1,0,0,0,0
600197,2017.0,1,0,0,0,0,0
600197,2021.0,2,0,0,0,0,0
600199,2018.0,2,2,0,0,0,0
600200,2011.0,1,1,0,0,0,0
600200,2012.0,1,1,0,0,0,0
600200,2013.0,2,2,0,0,0,0
600200,2014.0,5,3,0,0,0,0
600200,2015.0,2,2,0,0,0,0
600200,2016.0,2,2,0,0,0,0
600200,2018.0,2,0,0,0,0,0
600200,2019.0,1,1,0,0,0,0
600200,2021.0,5,4,0,0,0,0
600200,2022.0,3,3,0,0,0,0
600200,2023.0,1,1,0,0,0,0
600200,2024.0,3,3,0,0,0,0
600201,2010.0,1,0,0,0,0,0
600201,2012.0,1,1,0,0,0,0
600201,2014.0,1,1,0,0,0,0
600201,2017.0,1,1,0,0,0,0
600201,2019.0,10,10,0,0,0,0
600201,2020.0,2,2,0,0,0,0
600201,2021.0,8,8,0,0,0,0
600201,2022.0,1,1,0,0,0,0
600201,2023.0,13,13,0,0,0,0
600201,2024.0,4,4,0,0,0,0
600201,2025.0,1,1,0,0,0,0
600202,2009.0,3,0,0,0,0,0
600202,2017.0,3,0,0,0,0,0
600202,2018.0,2,0,0,0,0,0
600206,2010.0,1,1,0,0,0,0
600206,2015.0,1,1,0,0,0,0
600206,2016.0,1,1,0,0,0,0
600206,2017.0,1,1,0,0,0,0
600206,2018.0,1,1,0,0,0,0
600206,2020.0,1,1,0,0,0,0
600210,2014.0,1,1,0,0,0,0
600210,2015.0,1,1,0,0,0,0
600210,2017.0,1,0,0,0,0,0
600210,2018.0,79,8,0,0,0,0
600210,2019.0,71,6,0,0,0,0
600210,2020.0,127,10,0,0,0,0
600210,2021.0,213,9,0,0,0,0
600210,2022.0,236,19,0,0,0,0
600210,2023.0,260,34,0,0,0,0
600210,2024.0,216,39,0,0,0,0
600210,2025.0,12,1,0,0,0,0
600211,2019.0,1,1,0,0,0,0
600216,2004.0,2,2,0,0,0,0
600216,2006.0,2,2,0,0,0,0
600216,2007.0,6,6,0,0,0,0
600216,2008.0,4,4,0,0,0,0
600216,2009.0,3,3,0,0,0,0
600216,2010.0,2,2,0,0,0,0
600216,2011.0,14,14,0,0,0,0
600216,2012.0,19,19,0,0,0,0
600216,2013.0,14,14,0,0,0,0
600216,2014.0,4,4,0,0,0,0
600216,2015.0,5,5,0,0,0,0
600216,2016.0,7,7,0,0,0,0
600216,2017.0,5,5,0,0,0,0
600216,2018.0,10,10,0,0,0,0
600216,2019.0,8,8,0,0,0,0
600216,2020.0,14,6,0,0,0,0
600216,2021.0,2,2,0,0,0,0
600216,2022.0,6,6,0,0,0,0
600216,2023.0,5,5,0,0,0,0
600216,2024.0,3,3,0,0,0,0
600219,2018.0,1,1,0,0,0,0
600220,2021.0,1,1,0,0,0,0
600220,2022.0,1,1,0,0,0,0
600222,2008.0,1,1,0,0,0,0
600222,2009.0,1,1,0,0,0,0
600222,2011.0,1,1,0,0,0,0
600223,2008.0,1,1,0,0,0,0
600223,2009.0,1,1,0,0,0,0
600223,2020.0,1,1,0,0,0,0
600223,2024.0,1,1,0,0,0,0
600223,2025.0,1,1,0,0,0,0
600227,2014.0,1,1,0,0,0,0
600229,2009.0,3,0,0,0,0,0
600230,2009.0,2,2,0,0,0,0
600230,2016.0,1,0,0,0,0,0
600230,2017.0,2,2,0,0,0,0
600230,2023.0,1,1,0,0,0,0
600248,2023.0,1,0,0,0,0,0
600249,2006.0,1,1,0,0,0,0
600251,2011.0,1,0,0,0,0,0
600252,2011.0,1,1,0,0,0,0
600252,2012.0,1,0,0,0,0,0
600252,2013.0,1,1,0,0,0,0
600252,2021.0,1,1,0,0,0,0
600256,2009.0,2,0,0,0,0,0
600256,2015.0,1,0,0,0,0,0
600256,2016.0,17,0,0,0,0,0
600256,2017.0,56,0,0,0,0,0
600256,2018.0,9,2,0,0,0,0
600256,2019.0,14,2,0,0,0,0
600256,2020.0,31,1,0,0,0,0
600256,2021.0,92,1,0,0,0,0
600256,2022.0,74,1,0,0,0,0
600256,2023.0,96,3,0,0,0,0
600256,2024.0,85,1,0,0,0,0
600257,1998.0,1,1,0,0,0,0
600257,2007.0,2,2,0,0,0,0
600257,2011.0,2,2,0,0,0,0
600260,2007.0,2,0,0,0,0,0
600260,2008.0,1,0,0,0,0,0
600265,2004.0,1,0,0,0,0,0
600265,2005.0,1,0,0,0,0,0
600265,2007.0,1,1,0,0,0,0
600267,2012.0,1,1,0,0,0,0
600267,2017.0,1,1,0,0,0,0
600267,2020.0,1,1,0,0,0,0
600268,2009.0,1,1,0,0,0,0
600273,2013.0,2,0,0,0,0,0
600276,2006.0,1,1,0,0,0,0
600281,2022.0,1,0,0,0,0,0
600282,2018.0,1,1,0,0,0,0
600282,2019.0,1,1,0,0,0,0
600284,2007.0,4,1,0,0,0,0
600284,2008.0,1,1,0,0,0,0
600284,2010.0,1,1,0,0,0,0
600284,2019.0,2,1,0,0,0,0
600284,2020.0,1,1,0,0,0,0
600285,2009.0,1,1,0,0,0,0
600289,2008.0,1,1,0,0,0,0
600291,2007.0,2,1,0,0,0,0
600292,2017.0,1,1,0,0,0,0
600292,2018.0,1,1,0,0,0,0
600293,2025.0,3,0,0,0,0,0
600298,2013.0,1,1,0,0,0,0
600298,2017.0,1,1,0,0,0,0
600298,2021.0,1,1,0,0,0,0
600303,2015.0,1,1,0,0,0,0
600307,2007.0,2,2,0,0,0,0
600308,2020.0,2,2,0,0,0,0
600308,2021.0,3,3,0,0,0,0
600310,2010.0,4,0,0,0,0,0
600315,2005.0,2,1,0,0,0,0
600315,2007.0,1,0,0,0,0,0
600315,2009.0,1,0,0,0,0,0
600315,2010.0,1,1,0,0,0,0
600328,2009.0,1,1,0,0,0,0
600328,2012.0,1,1,0,0,0,0
600328,2014.0,1,1,0,0,0,0
600328,2019.0,1,1,0,0,0,0
600328,2023.0,2,2,0,0,0,0
600329,2024.0,1,1,0,0,0,0
600330,2018.0,1,1,0,0,0,0
600330,2021.0,1,1,0,0,0,0
600331,2012.0,1,0,0,0,0,0
600331,2013.0,1,1,0,0,0,0
600331,2014.0,2,1,0,0,0,0
600331,2015.0,1,1,0,0,0,0
600331,2016.0,1,1,0,0,0,0
600331,2023.0,2,0,0,0,0,0
600331,2024.0,5,3,0,0,0,0
600332,2006.0,1,1,0,0,0,0
600332,2007.0,3,3,0,0,0,0
600332,2008.0,1,1,0,0,0,0
600332,2009.0,2,2,0,0,0,0
600332,2010.0,1,1,0,0,0,0
600332,2011.0,2,2,0,0,0,0
600332,2015.0,1,1,0,0,0,0
600332,2016.0,1,1,0,0,0,0
600332,2018.0,1,1,0,0,0,0
600332,2020.0,4,4,0,0,0,0
600332,2021.0,1,1,0,0,0,0
600339,2010.0,2,2,0,0,0,0
600339,2014.0,1,1,0,0,0,0
600346,2020.0,2,2,0,0,0,0
600348,2021.0,2,0,0,0,0,0
600348,2022.0,1,1,0,0,0,0
600352,2003.0,1,1,0,0,0,0
600352,2004.0,2,2,0,0,0,0
600352,2006.0,1,1,0,0,0,0
600353,2019.0,1,0,0,0,0,0
600354,2010.0,2,0,0,0,0,0
600354,2018.0,4,0,0,0,0,0
600356,2013.0,1,1,0,0,0,0
600362,2021.0,1,1,0,0,0,0
600366,1994.0,5,0,0,0,0,0
600366,1995.0,6,0,0,0,0,0
600367,2011.0,1,1,0,0,0,0
600367,2012.0,1,1,0,0,0,0
600367,2020.0,2,1,0,0,0,0
600367,2021.0,1,1,0,0,0,0
600367,2022.0,1,1,0,0,0,0
600378,1996.0,1,0,0,0,0,0
600378,1997.0,1,1,0,0,0,0
600378,2000.0,1,1,0,0,0,0
600378,2006.0,1,1,0,0,0,0
600378,2007.0,2,2,0,0,0,0
600378,2008.0,2,2,0,0,0,0
600378,2009.0,1,1,0,0,0,0
600378,2010.0,1,1,0,0,0,0
600378,2011.0,1,1,0,0,0,0
600378,2012.0,1,1,0,0,0,0
600378,2015.0,3,3,0,0,0,0
600378,2016.0,1,1,0,0,0,0
600378,2017.0,2,2,0,0,0,0
600378,2018.0,1,1,0,0,0,0
600378,2020.0,2,2,0,0,0,0
600378,2021.0,3,3,0,0,0,0
600381,2024.0,1,1,0,0,0,0
600390,2010.0,1,1,0,0,0,0
600392,2017.0,5,3,0,0,0,0
600398,2009.0,6,4,0,0,0,0
600398,2010.0,4,2,0,0,0,0
600398,2012.0,2,2,0,0,0,0
600398,2013.0,1,0,0,0,0,0
600399,2021.0,1,1,0,0,0,0
600399,2022.0,2,1,0,0,0,0
600401,2005.0,1,1,0,0,0,0
600401,2006.0,1,1,0,0,0,0
600401,2009.0,4,0,0,0,0,0
600401,2010.0,2,2,0,0,0,0
600401,2011.0,8,3,0,0,0,0
600401,2012.0,33,4,0,0,0,0
600401,2013.0,13,0,0,0,0,0
600406,2019.0,1,1,0,0,0,0
600408,2009.0,1,0,0,0,0,0
600409,2009.0,2,0,0,0,0,0
600409,2010.0,3,0,0,0,0,0
600409,2013.0,1,1,0,0,0,0
600409,2015.0,1,1,0,0,0,0
600409,2016.0,1,1,0,0,0,0
600409,2018.0,1,1,0,0,0,0
600420,2005.0,2,2,0,0,0,0
600420,2006.0,2,2,0,0,0,0
600420,2008.0,3,3,0,0,0,0
600420,2009.0,3,3,0,0,0,0
600420,2011.0,3,1,0,0,0,0
600420,2012.0,3,1,0,0,0,0
600420,2013.0,8,8,0,0,0,0
600420,2014.0,2,2,0,0,0,0
600420,2015.0,7,5,0,0,0,0
600420,2016.0,5,5,0,0,0,0
600420,2017.0,1,1,0,0,0,0
600420,2018.0,2,2,0,0,0,0
600420,2020.0,2,2,0,0,0,0
600420,2021.0,1,1,0,0,0,0
600422,2001.0,4,4,0,0,0,0
600422,2008.0,1,1,0,0,0,0
600422,2011.0,1,1,0,0,0,0
600422,2012.0,1,1,0,0,0,0
600422,2017.0,1,1,0,0,0,0
600422,2018.0,1,1,0,0,0,0
600423,2010.0,1,0,0,0,0,0
600423,2011.0,1,0,0,0,0,0
600429,2012.0,1,1,0,0,0,0
600436,2013.0,26,26,0,0,0,0
600436,2014.0,14,14,0,0,0,0
600436,2015.0,7,7,0,0,0,0
600436,2018.0,1,1,0,0,0,0
600436,2019.0,2,2,0,0,0,0
600436,2020.0,1,1,0,0,0,0
600436,2022.0,1,1,0,0,0,0
600444,2002.0,4,0,0,0,0,0
600444,2004.0,3,0,0,0,0,0
600444,2008.0,1,0,0,0,0,0
600444,2009.0,1,1,0,0,0,0
600444,2010.0,1,1,0,0,0,0
600444,2012.0,1,0,0,0,0,0
600444,2013.0,1,1,0,0,0,0
600444,2015.0,1,1,0,0,0,0
600444,2016.0,1,0,0,0,0,0
600444,2020.0,2,2,0,0,0,0
600448,2023.0,1,1,0,0,0,0
600452,2024.0,1,1,0,0,0,0
600458,2010.0,1,1,0,0,0,0
600467,2020.0,4,4,0,0,0,0
600469,2017.0,1,1,0,0,0,0
600470,2011.0,1,0,0,0,0,0
600470,2019.0,1,1,0,0,0,0
600470,2020.0,1,1,0,0,0,0
600470,2021.0,1,1,0,0,0,0
600475,2014.0,1,1,0,0,0,0
600475,2023.0,1,0,0,0,0,0
600477,2011.0,1,0,0,0,0,0
600477,2012.0,10,0,0,0,0,0
600477,2014.0,1,0,0,0,0,0
600477,2016.0,1,1,0,0,0,0
600478,1998.0,1,1,0,0,0,0
600481,2002.0,1,0,0,0,0,0
600483,2010.0,3,3,0,0,0,0
600483,2012.0,2,0,0,0,0,0
600483,2015.0,1,1,0,0,0,0
600483,2020.0,2,1,0,0,0,0
600487,2020.0,2,2,0,0,0,0
600488,2010.0,2,2,0,0,0,0
600488,2011.0,1,1,0,0,0,0
600488,2012.0,2,2,0,0,0,0
600488,2014.0,3,3,0,0,0,0
600488,2019.0,1,1,0,0,0,0
600488,2020.0,3,0,0,0,0,0
600488,2024.0,1,1,0,0,0,0
600493,2011.0,3,1,0,0,0,0
600493,2014.0,1,1,0,0,0,0
600493,2017.0,1,1,0,0,0,0
600496,2007.0,1,1,0,0,0,0
600496,2008.0,1,0,0,0,0,0
600496,2011.0,1,0,0,0,0,0
600497,2013.0,1,1,0,0,0,0
600497,2016.0,1,1,0,0,0,0
600497,2017.0,1,1,0,0,0,0
600497,2018.0,2,2,0,0,0,0
600497,2021.0,5,0,0,0,0,0
600497,2022.0,6,4,0,0,0,0
600497,2023.0,4,4,0,0,0,0
600498,2020.0,2,1,0,0,0,0
600499,2015.0,1,0,0,0,0,0
600499,2017.0,1,1,0,0,0,0
600499,2018.0,1,1,0,0,0,0
600499,2020.0,1,1,0,0,0,0
600501,2007.0,4,0,0,0,0,0
600501,2008.0,1,0,0,0,0,0
600501,2010.0,1,0,0,0,0,0
600501,2012.0,2,2,0,0,0,0
600502,2024.0,4,2,0,0,0,0
600506,2012.0,3,3,0,0,0,0
600512,2012.0,1,0,0,0,0,0
600513,2010.0,1,1,0,0,0,0
600513,2012.0,1,1,0,0,0,0
600513,2019.0,1,1,0,0,0,0
600513,2021.0,1,1,0,0,0,0
600518,2013.0,1,1,0,0,0,0
600518,2020.0,1,1,0,0,0,0
600518,2021.0,2,1,0,0,0,0
600518,2022.0,2,2,0,1,0,1
600518,2023.0,7,7,0,0,0,0
600518,2024.0,3,3,0,0,0,0
600520,2011.0,1,0,0,0,0,0
600522,2013.0,1,0,0,0,0,0
600522,2014.0,1,1,0,0,0,0
600522,2015.0,1,1,0,0,0,0
600522,2017.0,2,2,0,0,0,0
600522,2019.0,2,2,0,0,0,0
600522,2021.0,2,2,0,0,0,0
600522,2023.0,3,3,1,1,1,1
600528,2010.0,1,0,0,0,0,0
600528,2016.0,1,1,0,0,0,0
600528,2017.0,1,1,0,0,0,0
600535,2007.0,2,2,0,0,0,0
600535,2010.0,2,2,0,0,0,0
600535,2016.0,1,1,0,0,0,0
600537,2012.0,23,4,0,0,0,0
600538,2012.0,6,6,0,0,0,0
600538,2013.0,2,2,0,0,0,0
600538,2015.0,4,4,0,0,0,0
600538,2016.0,3,3,0,0,0,0
600538,2022.0,1,1,0,0,0,0
600538,2023.0,1,1,0,0,0,0
600538,2024.0,1,1,0,0,0,0
600543,2017.0,3,0,0,0,0,0
600547,2009.0,5,2,0,0,0,0
600547,2010.0,5,1,0,0,0,0
600549,2013.0,1,1,0,0,0,0
600549,2016.0,3,3,0,0,0,0
600549,2018.0,2,2,0,0,0,0
600549,2020.0,2,2,0,0,0,0
600549,2021.0,1,1,0,0,0,0
600552,2018.0,1,1,0,0,0,0
600557,2006.0,1,1,0,0,0,0
600559,2020.0,1,1,0,0,0,0
600563,2009.0,1,1,0,0,0,0
600566,2006.0,1,1,0,0,0,0
600566,2007.0,2,2,0,0,0,0
600566,2009.0,1,1,0,0,0,0
600566,2010.0,3,3,0,0,0,0
600566,2013.0,4,4,0,0,0,0
600566,2014.0,4,4,0,0,0,0
600566,2016.0,1,1,0,0,0,0
600566,2017.0,5,5,0,0,0,0
600566,2018.0,6,6,0,0,0,0
600566,2019.0,1,0,0,0,0,0
600566,2020.0,6,6,0,0,0,0
600566,2021.0,8,8,0,0,0,0
600566,2022.0,5,5,0,0,0,0
600567,2010.0,2,2,0,0,0,0
600567,2020.0,1,1,0,0,0,0
600568,2004.0,2,2,0,0,0,0
600568,2009.0,2,2,0,0,0,0
600568,2011.0,1,1,0,0,0,0
600568,2012.0,5,5,0,0,0,0
600568,2013.0,3,3,0,0,0,0
600568,2016.0,2,2,0,0,0,0
600568,2017.0,1,1,0,0,0,0
600569,2005.0,1,0,0,0,0,0
600569,2006.0,1,0,0,0,0,0
600570,2008.0,1,1,0,0,0,0
600572,2004.0,2,2,0,0,0,0
600572,2005.0,2,2,0,0,0,0
600572,2007.0,5,5,0,0,0,0
600572,2008.0,7,7,0,0,0,0
600572,2009.0,3,3,0,0,0,0
600572,2010.0,3,3,0,0,0,0
600572,2011.0,2,2,0,0,0,0
600572,2012.0,2,2,0,0,0,0
600572,2013.0,12,12,0,0,0,0
600572,2014.0,1,1,0,0,0,0
600572,2015.0,3,3,0,0,0,0
600572,2016.0,2,2,0,0,0,0
600572,2017.0,2,2,0,0,0,0
600572,2018.0,2,2,0,0,0,0
600572,2019.0,1,1,0,0,0,0
600572,2021.0,2,2,0,0,0,0
600572,2022.0,2,2,0,0,0,0
600572,2023.0,2,2,0,0,0,0
600572,2024.0,2,2,0,0,0,0
600573,2024.0,1,0,0,0,0,0
600578,2014.0,1,0,0,0,0,0
600579,2019.0,1,1,0,0,0,0
600582,2007.0,1,0,0,0,0,0
600582,2008.0,4,4,0,0,0,0
600582,2022.0,1,1,0,0,0,0
600582,2023.0,1,0,0,0,0,0
600587,2009.0,2,2,0,0,0,0
600587,2010.0,2,2,0,0,0,0
600587,2011.0,1,1,0,0,0,0
600587,2012.0,5,4,0,0,0,0
600587,2013.0,9,9,0,0,0,0
600587,2014.0,8,8,0,0,0,0
600587,2015.0,25,24,0,0,0,0
600587,2016.0,24,24,0,0,0,0
600587,2017.0,15,15,0,0,0,0
600587,2018.0,3,2,0,0,0,0
600587,2019.0,12,12,0,0,0,0
600587,2020.0,2,2,0,0,0,0
600587,2021.0,9,9,0,0,0,0
600587,2022.0,11,11,0,0,0,0
600587,2023.0,33,33,0,0,0,0
600587,2024.0,57,57,0,0,0,0
600588,2012.0,37,37,0,3,0,3
600588,2019.0,1,1,0,0,0,0
600589,2002.0,2,2,0,0,0,0
600592,2011.0,1,1,0,0,0,0
600594,2012.0,1,0,0,0,0,0
600595,2023.0,3,3,0,0,0,0
600595,2024.0,4,4,0,0,0,0
600596,2001.0,1,1,0,0,0,0
600596,2005.0,1,1,0,0,0,0
600596,2015.0,1,1,0,0,0,0
600596,2020.0,2,2,0,0,0,0
600601,2019.0,2,2,0,0,0,0
600602,2010.0,1,1,0,0,0,0
600607,2000.0,1,1,0,0,0,0
600610,2010.0,1,1,0,0,0,0
600610,2012.0,6,0,0,0,0,0
600610,2013.0,1,1,0,0,0,0
600610,2014.0,5,0,0,0,0,0
600610,2016.0,7,2,0,0,0,0
600610,2017.0,8,0,0,0,0,0
600610,2018.0,1,1,0,0,0,0
600610,2019.0,5,0,0,0,0,0
600613,2017.0,2,2,0,0,0,0
600614,2010.0,6,1,0,0,0,0
600614,2011.0,1,0,0,0,0,0
600614,2012.0,2,1,0,0,0,0
600614,2013.0,5,5,0,0,0,0
600614,2014.0,1,0,0,0,0,0
600614,2015.0,14,0,0,0,0,0
600619,2003.0,1,0,0,0,0,0
600619,2005.0,1,1,0,0,0,0
600623,2012.0,1,1,0,0,0,0
600623,2015.0,1,1,0,0,0,0
600624,2010.0,2,2,0,0,0,0
600624,2011.0,2,2,0,0,0,0
600624,2012.0,5,5,0,0,0,0
600624,2013.0,1,1,0,0,0,0
600626,2007.0,1,1,0,0,0,0
600636,2018.0,1,1,0,0,0,0
600637,2005.0,1,1,0,0,0,0
600637,2008.0,2,0,0,0,0,0
600637,2009.0,6,4,0,0,0,0
600637,2010.0,24,12,0,0,0,0
600637,2011.0,24,15,0,3,0,2
600637,2012.0,26,15,0,0,0,0
600637,2013.0,14,6,0,2,0,2
600637,2014.0,29,19,0,0,0,0
600637,2015.0,34,16,0,0,0,0
600637,2016.0,27,10,0,0,0,0
600637,2017.0,31,17,0,0,0,0
600637,2018.0,46,26,0,1,0,1
600637,2019.0,22,13,0,0,0,0
600637,2020.0,7,3,0,1,0,1
600637,2021.0,16,10,0,1,0,1
600637,2022.0,9,3,0,0,0,0
600637,2023.0,14,7,1,1,1,1
600637,2024.0,14,8,0,0,0,0
600645,2011.0,3,3,0,0,0,0
600649,2010.0,2,0,0,0,0,0
600649,2011.0,1,1,0,0,0,0
600654,2007.0,2,2,0,0,0,0
600654,2010.0,1,1,0,0,0,0
600654,2012.0,7,7,0,0,0,0
600654,2013.0,4,4,0,0,0,0
600654,2014.0,4,4,0,0,0,0
600654,2015.0,13,13,0,1,0,1
600654,2016.0,3,3,0,0,0,0
600660,2007.0,1,0,0,0,0,0
600664,2012.0,1,1,0,0,0,0
600664,2014.0,1,1,0,0,0,0
600664,2016.0,1,1,0,0,0,0
600664,2024.0,2,2,0,0,0,0
600667,2008.0,1,1,0,0,0,0
600667,2009.0,1,1,0,0,0,0
600667,2013.0,1,1,0,0,0,0
600668,2010.0,1,1,0,0,0,0
600668,2011.0,1,0,0,0,0,0
600671,2015.0,1,1,0,0,0,0
600671,2019.0,1,1,0,0,0,0
600671,2020.0,1,1,0,0,0,0
600683,2019.0,2,1,0,0,0,0
600691,2012.0,1,1,0,0,0,0
600702,2004.0,1,1,0,0,0,0
600702,2005.0,1,1,0,0,0,0
600702,2008.0,1,1,0,0,0,0
600711,2024.0,19,12,0,0,0,0
600717,2008.0,37,1,0,0,0,0
600717,2009.0,51,2,0,0,0,0
600721,2018.0,1,1,0,0,0,0
600721,2019.0,1,0,0,0,0,0
600721,2023.0,1,1,0,0,0,0
600725,2008.0,1,0,0,0,0,0
600727,1995.0,1,1,0,0,0,0
600727,1996.0,2,2,0,0,0,0
600727,2007.0,2,2,0,0,0,0
600727,2011.0,4,4,0,0,0,0
600727,2013.0,2,2,0,0,0,0
600727,2021.0,1,0,0,0,0,0
600731,1988.0,1,1,0,0,0,0
600731,2014.0,2,2,0,0,0,0
600731,2015.0,2,2,0,0,0,0
600731,2017.0,1,1,0,0,0,0
600732,2018.0,1,1,0,0,0,0
600734,2023.0,2,2,0,2,0,2
600734,2024.0,3,3,0,0,0,0
600734,2025.0,1,0,0,1,0,0
600735,2022.0,1,0,0,0,0,0
600739,2016.0,1,1,0,0,0,0
600746,2006.0,1,1,0,0,0,0
600746,2011.0,2,2,0,0,0,0
600746,2017.0,1,1,0,0,0,0
600750,2002.0,1,1,0,0,0,0
600750,2005.0,1,1,0,0,0,0
600750,2007.0,2,2,0,0,0,0
600750,2008.0,2,2,0,0,0,0
600750,2010.0,3,3,0,0,0,0
600750,2011.0,3,3,0,0,0,0
600750,2012.0,4,4,0,0,0,0
600750,2014.0,5,5,0,0,0,0
600750,2015.0,3,3,0,0,0,0
600750,2016.0,1,1,0,0,0,0
600750,2017.0,2,2,0,0,0,0
600750,2018.0,1,1,0,0,0,0
600750,2020.0,1,1,0,0,0,0
600750,2023.0,1,1,0,0,0,0
600750,2024.0,2,2,0,0,0,0
600750,2025.0,5,5,0,0,0,0
600760,2011.0,1,0,0,0,0,0
600761,2017.0,1,1,0,0,0,0
600771,2010.0,4,0,0,0,0,0
600771,2012.0,2,2,0,0,0,0
600771,2013.0,4,0,0,0,0,0
600771,2016.0,1,0,0,0,0,0
600771,2017.0,8,0,0,0,0,0
600771,2018.0,3,0,0,0,0,0
600771,2019.0,1,0,0,0,0,0
600771,2020.0,1,0,0,0,0,0
600771,2021.0,3,2,0,0,0,0
600771,2022.0,3,0,0,0,0,0
600771,2023.0,8,2,0,0,0,0
600774,2016.0,1,1,0,0,0,0
600774,2021.0,3,3,0,0,0,0
600774,2022.0,1,1,0,0,0,0
600775,2017.0,1,1,0,0,0,0
600776,2025.0,1,1,0,0,0,0
600784,2015.0,1,1,0,0,0,0
600784,2021.0,1,1,0,0,0,0
600796,2006.0,3,3,0,0,0,0
600797,2008.0,1,0,0,0,0,0
600797,2017.0,6,2,0,1,0,1
600797,2018.0,8,3,0,0,0,0
600797,2019.0,4,4,0,0,0,0
600797,2020.0,2,2,0,0,0,0
600811,2013.0,2,2,0,0,0,0
600811,2014.0,1,1,0,0,0,0
600812,2011.0,2,2,0,0,0,0
600812,2013.0,2,2,0,0,0,0
600812,2014.0,6,6,0,0,0,0
600812,2015.0,4,4,0,0,0,0
600812,2017.0,1,1,0,0,0,0
600812,2019.0,2,2,0,0,0,0
600812,2020.0,1,1,0,0,0,0
600820,2007.0,1,1,0,0,0,0
600829,2009.0,1,0,0,0,0,0
600831,2017.0,5,0,0,0,0,0
600831,2018.0,4,0,0,0,0,0
600835,2007.0,1,1,0,0,0,0
600866,2012.0,1,1,0,0,0,0
600866,2016.0,1,1,0,0,0,0
600867,2017.0,2,2,0,0,0,0
600873,2014.0,1,1,0,0,0,0
600873,2016.0,1,1,0,0,0,0
600873,2017.0,1,1,0,0,0,0
600873,2020.0,2,2,0,0,0,0
600873,2021.0,6,6,0,0,0,0
600874,2012.0,1,1,0,0,0,0
600875,2015.0,1,0,0,0,0,0
600881,2007.0,1,1,0,0,0,0
600881,2013.0,2,2,0,0,0,0
600882,2023.0,1,1,0,0,0,0
600900,2009.0,1,1,0,0,0,0
600916,2019.0,1,0,0,0,0,0
600916,2023.0,2,1,0,0,0,0
600917,2017.0,2,2,0,0,0,0
600959,2019.0,1,1,0,0,0,0
600962,2009.0,1,1,0,0,0,0
600962,2010.0,1,1,0,0,0,0
600963,2008.0,2,2,0,0,0,0
600963,2019.0,1,1,0,0,0,0
600966,2007.0,1,0,0,0,0,0
600970,2008.0,3,0,0,0,0,0
600973,2010.0,1,1,0,0,0,0
600973,2011.0,1,1,0,0,0,0
600975,2023.0,1,1,0,0,0,0
600976,2005.0,2,2,0,0,0,0
600976,2006.0,2,2,0,0,0,0
600976,2007.0,3,3,0,0,0,0
600976,2009.0,1,1,0,0,0,0
600976,2011.0,1,1,0,0,0,0
600976,2014.0,1,0,0,0,0,0
600976,2015.0,3,3,0,0,0,0
600976,2017.0,4,4,0,0,0,0
600976,2018.0,4,4,0,0,0,0
600976,2019.0,1,1,0,0,0,0
600976,2020.0,4,4,0,0,0,0
600976,2021.0,2,2,0,0,0,0
600976,2022.0,7,7,0,0,0,0
600976,2023.0,1,1,0,0,0,0
600980,2008.0,1,1,0,0,0,0
600980,2012.0,2,1,0,0,0,0
600980,2014.0,1,0,0,0,0,0
600980,2017.0,1,1,0,0,0,0
600980,2018.0,4,0,0,0,0,0
600980,2019.0,5,3,0,0,0,0
600997,2007.0,2,0,0,0,0,0
600997,2008.0,5,1,0,0,0,0
600997,2009.0,2,0,0,0,0,0
600997,2011.0,3,1,0,0,0,0
600997,2020.0,1,1,0,0,0,0
600998,2012.0,1,1,0,0,0,0
600998,2016.0,2,0,0,0,0,0
600998,2017.0,9,2,0,0,0,0
600998,2018.0,12,3,0,0,0,0
600998,2019.0,14,5,0,0,0,0
600998,2020.0,3,1,0,0,0,0
600998,2021.0,8,1,0,0,0,0
600998,2022.0,3,1,0,0,0,0
600998,2023.0,7,3,0,0,0,0
600998,2024.0,2,0,0,0,0,0
601011,2011.0,1,1,0,0,0,0
601011,2014.0,2,0,0,0,0,0
601012,2010.0,1,1,0,0,0,0
601012,2018.0,2,2,0,0,0,0
601015,2013.0,2,2,0,0,0,0
601015,2014.0,2,0,0,0,0,0
601015,2017.0,12,0,0,0,0,0
601015,2018.0,4,0,0,0,0,0
601015,2019.0,65,0,0,0,0,0
601015,2020.0,2,1,0,0,0,0
601065,2020.0,1,1,0,0,0,0
601068,2013.0,1,1,0,0,0,0
601100,2018.0,1,1,0,0,0,0
601117,2013.0,1,0,0,0,0,0
601117,2014.0,1,1,0,0,0,0
601117,2017.0,1,1,0,0,0,0
601117,2018.0,1,1,0,0,0,0
601117,2021.0,1,1,0,0,0,0
601117,2024.0,1,1,0,0,0,0
601118,2019.0,1,0,0,0,0,0
601118,2020.0,1,1,0,0,0,0
601126,2009.0,1,1,0,0,0,0
601133,2008.0,1,1,0,0,0,0
601133,2011.0,1,1,0,0,0,0
601137,2011.0,3,3,0,0,0,0
601137,2012.0,2,2,0,0,0,0
601162,2015.0,1,1,0,0,0,0
601163,2009.0,2,2,0,0,0,0
601163,2014.0,2,2,0,0,0,0
601163,2017.0,1,1,0,0,0,0
601186,2009.0,1,1,0,0,0,0
601199,2016.0,6,0,0,0,0,0
601199,2017.0,1,0,0,0,0,0
601199,2019.0,1,0,0,0,0,0
601199,2020.0,6,0,0,0,0,0
601199,2022.0,7,0,0,0,0,0
601199,2023.0,27,0,0,0,0,0
601199,2024.0,13,1,0,0,0,0
601212,2017.0,1,1,0,0,0,0
601212,2019.0,1,1,0,0,0,0
601226,2007.0,14,0,0,0,0,0
601226,2008.0,1,0,0,0,0,0
601226,2009.0,8,0,0,0,0,0
601226,2010.0,38,1,0,0,0,0
601226,2011.0,13,4,0,0,0,0
601226,2012.0,24,2,0,0,0,0
601226,2013.0,31,2,0,0,0,0
601226,2014.0,81,8,0,0,0,0
601226,2015.0,80,11,0,0,0,0
601226,2016.0,96,18,0,0,0,0
601226,2017.0,79,25,0,0,0,0
601226,2018.0,96,12,0,0,0,0
601226,2019.0,103,10,0,0,0,0
601226,2020.0,182,20,0,0,0,0
601226,2021.0,202,12,0,1,0,1
601226,2022.0,226,10,0,0,0,0
601226,2023.0,280,27,0,1,0,1
601226,2024.0,224,97,0,0,0,0
601238,2017.0,2,2,0,0,0,0
601268,2007.0,1,1,0,0,0,0
601268,2009.0,2,2,0,0,0,0
601330,2020.0,1,1,0,0,0,0
601339,2007.0,1,1,0,0,0,0
601339,2009.0,1,1,0,0,0,0
601339,2013.0,1,1,0,0,0,0
601339,2017.0,1,1,0,0,0,0
601368,2021.0,2,2,0,0,0,0
601369,2009.0,1,0,0,0,0,0
601369,2022.0,2,2,0,0,0,0
601390,2008.0,2,1,0,0,0,0
601390,2009.0,1,1,0,0,0,0
601390,2010.0,1,1,0,0,0,0
601390,2011.0,2,2,0,0,0,0
601390,2012.0,3,3,0,0,0,0
601390,2014.0,1,1,0,0,0,0
601390,2015.0,1,0,0,0,0,0
601390,2016.0,2,2,0,0,0,0
601390,2017.0,2,2,0,0,0,0
601390,2018.0,4,4,0,0,0,0
601390,2019.0,1,1,0,0,0,0
601390,2020.0,1,1,0,0,0,0
601390,2021.0,1,1,0,0,0,0
601515,2025.0,2,2,0,0,0,0
601558,2007.0,2,0,0,0,0,0
601579,2017.0,1,1,0,0,0,0
601579,2018.0,1,0,0,0,0,0
601579,2021.0,5,5,0,0,0,0
601579,2024.0,3,2,0,0,0,0
601599,2012.0,2,2,0,0,0,0
601607,2015.0,1,1,0,0,0,0
601611,2015.0,1,1,0,0,0,0
601618,2020.0,6,1,0,0,0,0
601618,2021.0,3,0,0,0,0,0
601668,2009.0,2,0,0,0,0,0
601699,2007.0,2,0,0,0,0,0
601718,2014.0,1,1,0,0,0,0
601777,2006.0,1,0,0,0,0,0
601777,2023.0,2,0,0,0,0,0
601788,2017.0,1,1,0,1,0,1
601808,2017.0,1,1,0,0,0,0
601818,2023.0,2,0,0,0,0,0
601828,2018.0,2,0,0,0,0,0
601866,2000.0,3,0,0,0,0,0
601866,2003.0,2,0,0,0,0,0
601869,2017.0,1,1,0,0,0,0
601869,2020.0,1,1,0,0,0,0
601886,2009.0,2,2,0,0,0,0
601886,2017.0,1,0,0,0,0,0
601890,2007.0,2,0,0,0,0,0
601899,2008.0,1,0,0,0,0,0
601899,2015.0,1,1,0,0,0,0
601929,2013.0,2,0,0,0,0,0
601929,2015.0,2,2,0,0,0,0
601929,2016.0,1,1,0,0,0,0
601929,2017.0,1,1,0,1,0,1
601929,2018.0,5,2,0,2,0,1
601929,2019.0,1,1,0,0,0,0
601929,2021.0,1,1,0,0,0,0
601933,2017.0,1,0,0,0,0,0
601956,2013.0,1,1,0,0,0,0
601965,2021.0,4,0,0,0,0,0
601969,2025.0,1,1,0,0,0,0
603001,2017.0,16,1,0,0,0,0
603001,2018.0,14,0,0,0,0,0
603001,2019.0,11,0,0,0,0,0
603001,2020.0,4,0,0,0,0,0
603001,2021.0,24,0,0,0,0,0
603001,2022.0,22,2,0,0,0,0
603001,2023.0,16,1,0,0,0,0
603001,2024.0,13,3,0,0,0,0
603002,2022.0,8,8,0,0,0,0
603002,2023.0,5,5,0,0,0,0
603002,2024.0,4,4,0,0,0,0
603003,2011.0,1,0,0,0,0,0
603011,2015.0,2,2,0,0,0,0
603013,2014.0,1,1,0,0,0,0
603016,2023.0,1,0,0,0,0,0
603017,2023.0,1,1,0,0,0,0
603020,2009.0,1,1,0,0,0,0
603021,2015.0,1,1,0,0,0,0
603021,2016.0,1,1,0,0,0,0
603021,2018.0,1,1,0,0,0,0
603021,2019.0,2,2,0,0,0,0
603021,2020.0,1,1,0,0,0,0
603025,2013.0,1,1,0,0,0,0
603029,2009.0,1,1,0,0,0,0
603033,2010.0,2,2,0,0,0,0
603033,2011.0,1,1,0,0,0,0
603033,2012.0,1,1,0,0,0,0
603033,2014.0,1,0,0,0,0,0
603033,2015.0,10,0,0,0,0,0
603033,2016.0,21,7,0,0,0,0
603033,2017.0,14,5,0,0,0,0
603033,2018.0,17,10,0,0,0,0
603033,2019.0,4,2,0,0,0,0
603033,2020.0,5,1,0,0,0,0
603033,2021.0,7,0,0,0,0,0
603033,2022.0,16,3,0,0,0,0
603033,2023.0,11,7,0,0,0,0
603033,2024.0,2,2,0,0,0,0
603038,2022.0,2,0,0,0,0,0
603040,2016.0,1,1,0,0,0,0
603040,2017.0,1,1,0,0,0,0
603040,2018.0,1,1,0,0,0,0
603041,2018.0,1,1,0,0,0,0
603042,2014.0,4,0,0,0,0,0
603050,2022.0,24,23,1,2,1,2
603050,2023.0,22,20,0,0,0,0
603051,2017.0,1,1,0,0,0,0
603051,2019.0,1,1,0,0,0,0
603051,2022.0,2,2,0,0,0,0
603053,2021.0,2,0,0,0,0,0
603067,2012.0,1,1,0,0,0,0
603068,2009.0,1,1,0,0,0,0
603068,2018.0,1,1,0,0,0,0
603079,2008.0,1,1,0,0,0,0
603079,2014.0,1,1,0,0,0,0
603079,2017.0,1,1,0,0,0,0
603079,2018.0,2,1,0,0,0,0
603095,2018.0,2,2,0,0,0,0
603100,2012.0,1,1,0,0,0,0
603109,2017.0,1,1,0,0,0,0
603111,2011.0,1,0,0,0,0,0
603111,2013.0,1,1,0,0,0,0
603113,2022.0,2,0,0,0,0,0
603116,2019.0,2,1,0,0,0,0
603121,2013.0,2,0,0,0,0,0
603121,2016.0,4,4,0,0,0,0
603121,2017.0,2,0,0,0,0,0
603121,2020.0,1,0,0,0,0,0
603125,2015.0,1,1,0,0,0,0
603125,2016.0,1,1,0,0,0,0
603125,2018.0,3,3,0,0,0,0
603125,2022.0,1,1,0,0,0,0
603160,2011.0,1,0,0,1,0,0
603160,2016.0,2,0,0,0,0,0
603160,2017.0,10,10,0,0,0,0
603160,2018.0,7,0,0,0,0,0
603161,2023.0,2,2,0,0,0,0
603168,2003.0,1,1,0,0,0,0
603168,2004.0,1,1,0,0,0,0
603168,2005.0,3,3,0,0,0,0
603168,2006.0,2,2,0,0,0,0
603168,2007.0,6,2,0,0,0,0
603168,2009.0,2,2,0,0,0,0
603168,2010.0,1,1,0,0,0,0
603168,2011.0,2,2,0,0,0,0
603168,2012.0,4,4,0,0,0,0
603168,2013.0,9,0,0,0,0,0
603168,2015.0,2,0,0,0,0,0
603168,2017.0,22,0,0,0,0,0
603168,2018.0,9,2,0,0,0,0
603168,2020.0,2,0,0,0,0,0
603168,2023.0,1,1,0,0,0,0
603168,2024.0,1,1,0,0,0,0
603169,2016.0,1,0,0,0,0,0
603169,2017.0,7,1,0,0,0,0
603172,2019.0,1,1,0,0,0,0
603172,2020.0,4,4,0,0,0,0
603172,2023.0,1,1,0,0,0,0
603177,2013.0,1,1,0,0,0,0
603177,2021.0,2,2,0,0,0,0
603178,2016.0,2,2,0,0,0,0
603185,2016.0,1,1,0,0,0,0
603189,2013.0,2,2,0,0,0,0
603189,2014.0,4,4,0,0,0,0
603189,2015.0,2,2,0,0,0,0
603189,2016.0,4,4,0,4,0,4
603189,2017.0,12,12,0,4,0,4
603189,2019.0,1,1,0,0,0,0
603189,2021.0,2,2,0,0,0,0
603189,2022.0,1,1,0,0,0,0
603189,2023.0,12,12,0,0,0,0
603195,2011.0,1,0,0,0,0,0
603195,2014.0,1,1,0,0,0,0
603195,2017.0,1,1,0,0,0,0
603197,2007.0,1,1,0,0,0,0
603197,2010.0,1,1,0,0,0,0
603197,2016.0,11,5,0,0,0,0
603197,2019.0,9,0,0,0,0,0
603200,2014.0,1,1,0,0,0,0
603208,2022.0,2,2,0,0,0,0
603208,2023.0,1,1,0,0,0,0
603219,2021.0,37,2,0,0,0,0
603222,2007.0,1,1,0,0,0,0
603222,2013.0,1,0,0,0,0,0
603222,2014.0,1,0,0,0,0,0
603222,2015.0,2,2,0,0,0,0
603222,2016.0,1,1,0,0,0,0
603222,2017.0,7,2,0,0,0,0
603222,2018.0,4,4,0,0,0,0
603222,2019.0,7,3,0,0,0,0
603222,2020.0,24,0,0,0,0,0
603225,2018.0,1,1,0,0,0,0
603226,2004.0,2,0,0,0,0,0
603226,2013.0,7,0,0,0,0,0
603226,2015.0,4,2,0,0,0,0
603228,2010.0,1,1,0,0,0,0
603228,2020.0,1,1,0,0,0,0
603261,2024.0,3,3,0,0,0,0
603268,2012.0,2,0,0,0,0,0
603286,2021.0,15,2,0,0,0,0
603286,2022.0,33,2,0,0,0,0
603286,2023.0,42,13,0,0,0,0
603286,2024.0,48,13,0,0,0,0
603298,2014.0,1,1,0,0,0,0
603298,2021.0,1,1,1,1,1,1
603299,2018.0,1,0,0,0,0,0
603301,2003.0,1,1,0,0,0,0
603301,2004.0,1,1,0,0,0,0
603301,2007.0,1,1,0,0,0,0
603301,2008.0,1,1,0,0,0,0
603301,2010.0,2,2,0,0,0,0
603301,2012.0,6,6,0,0,0,0
603301,2013.0,4,4,0,0,0,0
603301,2014.0,9,9,0,0,0,0
603301,2015.0,10,10,0,0,0,0
603301,2017.0,5,5,0,0,0,0
603301,2018.0,1,1,0,0,0,0
603301,2019.0,2,2,0,0,0,0
603301,2020.0,2,2,0,0,0,0
603306,2012.0,1,0,0,0,0,0
603306,2013.0,1,0,0,0,0,0
603306,2014.0,1,0,0,0,0,0
603306,2016.0,7,6,0,0,0,0
603306,2018.0,13,0,0,0,0,0
603306,2020.0,6,0,0,0,0,0
603306,2021.0,6,2,0,0,0,0
603306,2022.0,1,0,0,0,0,0
603308,2016.0,1,1,0,0,0,0
603308,2018.0,1,0,0,0,0,0
603310,2008.0,1,1,0,0,0,0
603310,2015.0,2,2,0,0,0,0
603313,2012.0,1,1,0,0,0,0
603313,2016.0,1,1,0,0,0,0
603315,2025.0,1,0,0,0,0,0
603317,2012.0,3,2,0,0,0,0
603318,2016.0,6,0,0,0,0,0
603318,2017.0,2,0,0,0,0,0
603318,2021.0,1,0,0,0,0,0
603322,2012.0,1,1,0,0,0,0
603328,2023.0,2,1,0,0,0,0
603330,2015.0,1,1,0,0,0,0
603330,2017.0,3,3,0,0,0,0
603330,2018.0,1,1,0,0,0,0
603330,2019.0,2,2,0,0,0,0
603330,2020.0,9,9,0,0,0,0
603333,2012.0,1,1,0,0,0,0
603333,2016.0,2,0,0,0,0,0
603335,2016.0,1,0,0,0,0,0
603335,2017.0,1,1,0,0,0,0
603335,2018.0,1,1,0,0,0,0
603335,2022.0,2,2,0,0,0,0
603356,2016.0,1,1,0,0,0,0
603357,2015.0,1,1,0,0,0,0
603357,2018.0,1,0,0,0,0,0
603357,2022.0,1,0,0,0,0,0
603357,2023.0,1,1,0,0,0,0
603359,2018.0,3,0,0,0,0,0
603359,2019.0,13,2,0,0,0,0
603359,2020.0,19,3,0,0,0,0
603359,2021.0,26,3,0,0,0,0
603359,2022.0,43,9,0,0,0,0
603359,2023.0,16,3,0,0,0,0
603359,2024.0,17,3,0,0,0,0
603363,2019.0,2,0,0,0,0,0
603365,2014.0,1,1,0,0,0,0
603365,2021.0,1,1,0,0,0,0
603365,2022.0,2,2,0,0,0,0
603367,2010.0,2,2,0,0,0,0
603367,2013.0,5,5,0,0,0,0
603367,2016.0,6,4,0,0,0,0
603367,2017.0,4,4,0,0,0,0
603367,2018.0,4,4,0,0,0,0
603369,2022.0,1,1,0,0,0,0
603373,2019.0,1,0,0,0,0,0
603373,2023.0,1,1,0,1,0,1
603375,2022.0,1,1,0,0,0,0
603386,2017.0,1,1,0,0,0,0
603386,2019.0,1,1,0,0,0,0
603388,2017.0,6,2,0,0,0,0
603388,2018.0,11,2,0,0,0,0
603388,2019.0,7,0,0,0,0,0
603388,2020.0,2,0,0,0,0,0
603388,2021.0,1,0,0,0,0,0
603392,2012.0,1,1,0,0,0,0
603392,2013.0,1,1,0,0,0,0
603392,2016.0,1,1,0,0,0,0
603392,2018.0,1,1,0,0,0,0
603399,2021.0,1,1,0,0,0,0
603421,2010.0,1,1,0,0,0,0
603444,2012.0,6,6,0,3,0,3
603444,2013.0,3,3,0,0,0,0
603444,2015.0,3,3,0,0,0,0
603444,2017.0,2,2,0,0,0,0
603444,2021.0,1,1,0,1,0,1
603444,2022.0,6,6,2,2,2,2
603444,2023.0,4,4,0,0,0,0
603444,2024.0,1,1,1,1,1,1
603456,2019.0,11,11,0,0,0,0
603456,2020.0,5,5,0,0,0,0
603456,2021.0,7,7,0,0,0,0
603456,2022.0,8,8,0,0,0,0
603456,2023.0,9,9,0,0,0,0
603456,2024.0,8,8,0,0,0,0
603486,2020.0,1,1,0,0,0,0
603496,2016.0,1,1,0,0,0,0
603500,2018.0,2,2,0,0,0,0
603508,2018.0,50,10,0,1,0,1
603511,2013.0,1,0,0,0,0,0
603511,2014.0,1,0,0,0,0,0
603511,2018.0,2,0,0,0,0,0
603511,2020.0,2,0,0,0,0,0
603511,2021.0,4,0,0,0,0,0
603528,2022.0,1,0,0,0,0,0
603528,2023.0,42,7,0,3,0,2
603528,2024.0,41,9,1,1,1,1
603529,2016.0,1,1,0,0,0,0
603535,2019.0,7,0,0,0,0,0
603535,2020.0,11,0,0,0,0,0
603538,2024.0,22,5,0,0,0,0
603567,2012.0,1,0,0,0,0,0
603567,2014.0,1,1,0,0,0,0
603567,2021.0,4,4,0,0,0,0
603567,2023.0,2,2,0,0,0,0
603568,2006.0,2,0,0,0,0,0
603568,2009.0,1,1,0,0,0,0
603579,2015.0,1,1,0,0,0,0
603580,2018.0,4,4,0,0,0,0
603580,2019.0,8,0,0,0,0,0
603580,2020.0,6,1,0,0,0,0
603580,2021.0,17,3,0,0,0,0
603580,2022.0,15,0,0,0,0,0
603580,2023.0,8,2,0,0,0,0
603580,2024.0,9,0,0,0,0,0
603583,2013.0,6,2,0,0,0,0
603583,2018.0,1,1,0,0,0,0
603583,2019.0,2,2,0,0,0,0
603588,2020.0,1,0,0,0,0,0
603588,2022.0,2,2,0,0,0,0
603588,2023.0,1,1,0,0,0,0
603588,2024.0,3,2,0,0,0,0
603590,2012.0,1,1,0,0,0,0
603596,2013.0,2,2,0,0,0,0
603596,2024.0,1,1,0,0,0,0
603603,2020.0,1,1,0,0,0,0
603606,2011.0,1,0,0,0,0,0
603606,2013.0,1,1,0,0,0,0
603609,2018.0,2,2,0,0,0,0
603611,2015.0,1,1,0,0,0,0
603611,2017.0,1,1,0,0,0,0
603612,2011.0,1,0,0,0,0,0
603617,2023.0,32,2,0,0,0,0
603617,2024.0,13,5,0,0,0,0
603630,2014.0,2,2,0,0,0,0
603636,2020.0,1,0,0,0,0,0
603656,2013.0,1,1,0,0,0,0
603656,2018.0,3,2,0,0,0,0
603657,2021.0,1,0,0,0,0,0
603660,2019.0,2,2,0,0,0,0
603663,2010.0,1,1,0,0,0,0
603663,2016.0,1,1,0,0,0,0
603667,2019.0,1,0,0,0,0,0
603667,2022.0,1,1,0,0,0,0
603668,2007.0,1,1,0,0,0,0
603668,2010.0,7,7,0,0,0,0
603668,2011.0,8,8,0,0,0,0
603668,2012.0,10,10,0,0,0,0
603668,2013.0,9,9,0,0,0,0
603668,2015.0,7,7,0,0,0,0
603668,2023.0,3,3,0,0,0,0
603669,2015.0,2,2,0,0,0,0
603679,2010.0,2,0,0,0,0,0
603679,2015.0,7,0,0,0,0,0
603679,2016.0,2,0,0,0,0,0
603679,2024.0,2,2,0,0,0,0
603696,2021.0,2,0,0,0,0,0
603698,2007.0,1,1,0,0,0,0
603698,2013.0,1,1,0,0,0,0
603700,2019.0,1,1,0,0,0,0
603717,2017.0,5,1,0,0,0,0
603717,2020.0,15,0,0,0,0,0
603717,2021.0,19,0,0,0,0,0
603717,2022.0,16,1,0,0,0,0
603717,2023.0,5,0,0,0,0,0
603717,2024.0,15,0,0,0,0,0
603718,2022.0,1,1,0,0,0,0
603725,2017.0,1,0,0,0,0,0
603725,2018.0,3,3,0,0,0,0
603725,2019.0,1,1,0,0,0,0
603730,2010.0,1,0,0,0,0,0
603737,2022.0,1,1,0,0,0,0
603738,2016.0,1,1,0,0,0,0
603757,2003.0,2,2,0,0,0,0
603757,2010.0,3,1,0,0,0,0
603757,2012.0,5,2,0,0,0,0
603757,2013.0,2,0,0,0,0,0
603757,2016.0,1,0,0,0,0,0
603757,2018.0,1,1,0,0,0,0
603766,2013.0,2,1,0,0,0,0
603766,2016.0,1,1,0,0,0,0
603767,2010.0,1,0,0,0,0,0
603767,2011.0,1,0,0,0,0,0
603767,2012.0,1,0,0,0,0,0
603767,2014.0,4,0,0,0,0,0
603776,2013.0,1,1,0,0,0,0
603776,2019.0,1,1,0,0,0,0
603787,2019.0,6,0,0,0,0,0
603789,2015.0,2,2,0,0,0,0
603789,2016.0,2,2,0,0,0,0
603797,2014.0,3,0,0,0,0,0
603797,2017.0,2,0,0,0,0,0
603797,2022.0,2,2,0,0,0,0
603799,2011.0,1,1,0,0,0,0
603799,2017.0,2,2,0,0,0,0
603799,2021.0,1,1,0,0,0,0
603806,2012.0,1,0,0,0,0,0
603806,2013.0,1,0,0,0,0,0
603806,2019.0,1,1,0,0,0,0
603811,2012.0,1,1,0,0,0,0
603811,2020.0,2,0,0,0,0,0
603811,2021.0,1,0,0,0,0,0
603817,2014.0,2,0,0,0,0,0
603817,2016.0,2,0,0,0,0,0
603825,2019.0,1,1,0,0,0,0
603826,2016.0,4,4,0,0,0,0
603843,2022.0,1,0,0,0,0,0
603856,2019.0,1,1,0,0,0,0
603856,2021.0,2,2,0,0,0,0
603856,2022.0,5,4,0,0,0,0
603856,2023.0,4,4,0,0,0,0
603856,2024.0,2,2,0,0,0,0
603858,2007.0,1,0,0,0,0,0
603858,2017.0,1,0,0,0,0,0
603860,2012.0,1,1,0,0,0,0
603876,2017.0,1,1,0,0,0,0
603880,2020.0,1,1,0,0,0,0
603882,2020.0,1,1,0,0,0,0
603886,2008.0,1,1,0,0,0,0
603886,2013.0,2,2,0,0,0,0
603886,2020.0,2,0,0,0,0,0
603890,2023.0,1,1,0,0,0,0
603896,2010.0,2,2,0,0,0,0
603896,2012.0,2,2,0,0,0,0
603896,2017.0,2,2,0,0,0,0
603896,2018.0,2,2,0,0,0,0
603896,2020.0,1,1,0,0,0,0
603903,2009.0,1,0,0,0,0,0
603903,2010.0,2,0,0,0,0,0
603903,2015.0,1,1,0,0,0,0
603915,2019.0,11,0,0,0,0,0
603915,2020.0,13,6,0,0,0,0
603916,2014.0,1,1,0,0,0,0
603926,2024.0,5,1,0,0,0,0
603928,2017.0,1,1,0,0,0,0
603928,2018.0,6,6,0,0,0,0
603928,2019.0,2,2,0,0,0,0
603928,2020.0,6,5,0,0,0,0
603928,2023.0,2,2,0,0,0,0
603928,2024.0,5,5,0,0,0,0
603936,2015.0,1,1,0,0,0,0
603936,2016.0,1,1,0,0,0,0
603936,2018.0,1,1,0,0,0,0
603938,2018.0,1,1,0,0,0,0
603948,2009.0,1,1,0,0,0,0
603955,2017.0,2,1,0,0,0,0
603959,2022.0,5,0,0,0,0,0
603959,2023.0,1,0,0,0,0,0
603963,2011.0,1,0,0,0,0,0
603963,2012.0,1,0,0,0,0,0
603963,2017.0,1,1,0,0,0,0
603963,2019.0,3,1,0,0,0,0
603963,2020.0,3,3,0,0,0,0
603963,2022.0,5,0,0,0,0,0
603963,2023.0,1,0,0,0,0,0
603966,2022.0,2,1,0,0,0,0
603969,2023.0,1,1,0,0,0,0
603970,2018.0,1,1,0,0,0,0
603970,2020.0,4,1,0,0,0,0
603970,2023.0,3,3,0,0,0,0
603978,2014.0,1,1,0,0,0,0
603983,2018.0,1,1,0,0,0,0
603983,2019.0,3,3,0,0,0,0
603983,2020.0,1,1,0,0,0,0
603985,2014.0,1,1,0,0,0,0
603986,2011.0,1,0,0,1,0,0
603986,2013.0,1,1,0,0,0,0
603986,2016.0,1,0,0,0,0,0
603986,2017.0,4,4,0,0,0,0
603986,2018.0,4,0,0,0,0,0
603990,2016.0,4,1,0,0,0,0
603990,2017.0,3,1,0,0,0,0
603990,2018.0,40,1,1,2,0,0
603990,2019.0,12,0,0,0,0,0
603990,2020.0,5,3,0,0,0,0
603990,2021.0,11,7,0,1,0,1
603990,2022.0,4,4,0,0,0,0
603990,2023.0,2,1,0,1,0,1
603990,2024.0,26,13,0,0,0,0
603990,2025.0,6,4,0,0,0,0
603993,2019.0,1,1,0,0,0,0
603995,2015.0,1,1,0,0,0,0
603995,2018.0,1,1,0,0,0,0
603998,2010.0,1,1,0,0,0,0
603998,2011.0,1,1,0,0,0,0
603998,2014.0,1,1,0,0,0,0
603998,2015.0,1,1,0,0,0,0
603998,2016.0,5,4,0,0,0,0
603998,2017.0,4,3,0,0,0,0
603998,2018.0,7,2,0,0,0,0
603998,2019.0,3,2,0,0,0,0
603998,2020.0,10,2,0,0,0,0
603998,2021.0,23,2,0,0,0,0
603998,2022.0,6,5,0,0,0,0
603998,2023.0,8,3,0,0,0,0
603998,2024.0,19,5,0,0,0,0
605005,2024.0,9,9,0,0,0,0
605008,2014.0,1,1,0,0,0,0
605016,2017.0,2,2,0,0,0,0
605069,2012.0,17,0,0,0,0,0
605069,2013.0,10,2,0,0,0,0
605069,2014.0,3,2,0,0,0,0
605069,2015.0,8,4,0,0,0,0
605069,2017.0,15,0,0,0,0,0
605069,2018.0,10,0,0,0,0,0
605069,2019.0,10,0,0,0,0,0
605069,2020.0,6,2,0,0,0,0
605069,2021.0,5,3,0,0,0,0
605077,2008.0,1,1,0,0,0,0
605077,2014.0,1,1,0,0,0,0
605089,2022.0,1,1,0,0,0,0
605099,2011.0,1,1,0,0,0,0
605099,2012.0,2,0,0,0,0,0
605099,2017.0,1,0,0,0,0,0
605099,2020.0,3,3,0,0,0,0
605099,2021.0,4,3,0,0,0,0
605099,2022.0,3,3,0,0,0,0
605099,2023.0,2,2,0,0,0,0
605100,2020.0,3,3,0,0,0,0
605155,2023.0,1,0,0,0,0,0
605179,2017.0,1,1,0,0,0,0
605179,2021.0,3,3,0,0,0,0
605180,2015.0,3,3,0,0,0,0
605180,2016.0,2,2,0,0,0,0
605196,2020.0,2,0,0,0,0,0
605196,2021.0,4,0,0,0,0,0
605199,2012.0,2,2,0,0,0,0
605199,2015.0,1,1,0,0,0,0
605208,2017.0,4,4,0,0,0,0
605208,2018.0,1,1,0,0,0,0
605208,2020.0,2,2,0,0,0,0
605208,2021.0,2,2,0,0,0,0
605208,2022.0,27,7,0,0,0,0
605208,2023.0,13,13,0,0,0,0
605208,2024.0,9,9,0,0,0,0
605288,2011.0,2,2,0,0,0,0
605288,2018.0,1,1,0,0,0,0
605289,2013.0,1,1,0,0,0,0
605289,2017.0,2,0,0,0,0,0
605296,2018.0,2,2,0,0,0,0
605298,2021.0,2,1,0,0,0,0
605298,2023.0,4,0,0,0,0,0
605299,2023.0,1,0,0,0,0,0
605299,2024.0,1,0,0,0,0,0
605303,2020.0,6,1,0,0,0,0
605303,2021.0,6,0,0,0,0,0
605303,2022.0,10,3,0,0,0,0
605303,2023.0,7,0,0,0,0,0
605303,2024.0,3,1,0,0,0,0
605319,2013.0,1,0,0,0,0,0
605319,2015.0,1,1,0,0,0,0
605319,2020.0,1,0,0,0,0,0
605319,2023.0,1,1,0,0,0,0
605369,2023.0,2,1,0,0,0,0
605369,2024.0,3,1,0,0,0,0
605388,2013.0,1,1,0,0,0,0
605388,2017.0,1,0,0,0,0,0
605388,2021.0,1,1,0,0,0,0
605398,2023.0,1,1,0,0,0,0
605398,2024.0,1,1,0,0,0,0
605555,2015.0,1,0,0,0,0,0
605555,2016.0,1,0,0,0,0,0
605555,2017.0,1,1,0,0,0,0
605598,2005.0,1,1,0,0,0,0
605598,2014.0,1,1,0,0,0,0
605598,2017.0,1,0,0,0,0,0
605598,2018.0,1,0,0,0,0,0
688001,2019.0,44,12,0,0,0,0
688001,2022.0,47,47,0,2,0,2
688001,2023.0,59,59,0,1,0,1
688001,2024.0,95,95,0,1,0,1
688002,2024.0,1,1,0,0,0,0
688004,2011.0,2,2,0,0,0,0
688004,2012.0,1,0,0,0,0,0
688004,2013.0,1,1,0,0,0,0
688004,2016.0,2,2,0,0,0,0
688004,2017.0,1,1,0,0,0,0
688004,2018.0,2,1,0,0,0,0
688004,2019.0,2,2,0,0,0,0
688004,2020.0,5,3,0,0,0,0
688004,2021.0,9,8,0,0,0,0
688004,2022.0,7,6,2,2,2,2
688004,2023.0,2,2,0,0,0,0
688004,2024.0,8,8,1,2,1,2
688005,2016.0,1,1,0,0,0,0
688005,2019.0,24,7,0,0,0,0
688005,2020.0,9,4,0,0,0,0
688005,2021.0,6,6,0,0,0,0
688005,2022.0,11,11,0,0,0,0
688005,2023.0,33,33,0,0,0,0
688005,2024.0,59,59,0,0,0,0
688006,2011.0,4,0,0,0,0,0
688006,2015.0,2,1,0,0,0,0
688006,2016.0,1,0,0,0,0,0
688006,2017.0,4,4,0,0,0,0
688006,2018.0,12,4,0,0,0,0
688006,2019.0,2,0,0,0,0,0
688007,2009.0,1,1,0,0,0,0
688007,2011.0,1,1,0,0,0,0
688007,2012.0,1,1,0,0,0,0
688007,2013.0,2,2,0,0,0,0
688007,2014.0,2,2,0,0,0,0
688007,2015.0,3,3,0,0,0,0
688007,2017.0,3,3,0,0,0,0
688007,2018.0,1,1,0,0,0,0
688007,2019.0,1,1,0,0,0,0
688007,2020.0,1,0,0,0,0,0
688007,2021.0,1,0,0,0,0,0
688007,2022.0,1,0,0,0,0,0
688008,2019.0,14,14,0,0,0,0
688008,2020.0,9,9,0,0,0,0
688008,2021.0,17,17,0,0,0,0
688008,2022.0,18,18,0,0,0,0
688008,2023.0,19,19,0,0,0,0
688008,2024.0,20,20,1,1,1,1
688009,2009.0,1,1,0,0,0,0
688009,2011.0,1,1,0,0,0,0
688009,2012.0,1,1,0,0,0,0
688009,2014.0,1,1,0,0,0,0
688009,2015.0,1,1,0,0,0,0
688009,2016.0,1,1,0,0,0,0
688009,2017.0,1,1,0,0,0,0
688009,2018.0,1,1,0,0,0,0
688009,2020.0,2,2,0,0,0,0
688009,2021.0,1,1,0,0,0,0
688009,2022.0,1,1,0,0,0,0
688010,2015.0,2,2,0,0,0,0
688010,2017.0,2,2,0,0,0,0
688010,2019.0,14,14,0,0,0,0
688010,2021.0,18,18,0,0,0,0
688010,2022.0,31,31,0,0,0,0
688010,2023.0,87,87,0,0,0,0
688010,2024.0,48,48,0,0,0,0
688011,2019.0,11,8,0,0,0,0
688012,2016.0,1,1,0,0,0,0
688012,2018.0,1,1,0,0,0,0
688013,2016.0,1,1,0,0,0,0
688015,2017.0,1,1,0,0,0,0
688020,2013.0,1,0,0,0,0,0
688020,2015.0,1,1,0,0,0,0
688020,2016.0,1,1,0,0,0,0
688020,2018.0,1,0,0,0,0,0
688021,2009.0,1,1,0,0,0,0
688021,2011.0,1,1,0,0,0,0
688021,2015.0,3,1,0,0,0,0
688021,2016.0,5,2,0,0,0,0
688021,2018.0,1,1,0,0,0,0
688021,2019.0,4,3,0,0,0,0
688021,2023.0,11,11,0,0,0,0
688021,2024.0,10,10,0,0,0,0
688022,2020.0,1,0,0,0,0,0
688023,2021.0,1,1,0,0,0,0
688023,2024.0,2,2,0,0,0,0
688026,2014.0,1,1,0,0,0,0
688026,2018.0,2,2,0,0,0,0
688026,2019.0,1,1,0,0,0,0
688026,2020.0,1,1,0,0,0,0
688026,2021.0,1,1,0,0,0,0
688027,2017.0,1,1,0,0,0,0
688027,2020.0,1,0,0,0,0,0
688027,2021.0,2,1,0,0,0,0
688027,2022.0,5,0,0,0,0,0
688028,2012.0,1,1,0,0,0,0
688028,2015.0,1,1,0,0,0,0
688028,2019.0,46,5,0,0,0,0
688028,2020.0,33,0,0,0,0,0
688028,2021.0,39,0,0,0,0,0
688028,2022.0,39,3,0,0,0,0
688028,2023.0,34,14,0,0,0,0
688028,2024.0,70,28,0,0,0,0
688028,2025.0,1,1,0,0,0,0
688029,2006.0,1,1,0,0,0,0
688029,2015.0,1,1,0,0,0,0
688029,2017.0,2,2,0,0,0,0
688029,2018.0,3,3,0,0,0,0
688029,2019.0,40,8,0,0,0,0
688030,2019.0,7,7,0,1,0,1
688033,2019.0,1,0,0,0,0,0
688033,2020.0,2,0,0,0,0,0
688035,2017.0,1,1,0,0,0,0
688035,2018.0,3,3,0,0,0,0
688035,2020.0,2,2,0,0,0,0
688046,2019.0,1,1,0,0,0,0
688046,2020.0,8,7,0,0,0,0
688046,2021.0,10,10,0,0,0,0
688046,2022.0,2,2,0,0,0,0
688046,2023.0,5,5,0,0,0,0
688050,2014.0,1,0,0,0,0,0
688050,2017.0,1,1,0,0,0,0
688050,2018.0,1,0,0,0,0,0
688051,2023.0,1,0,0,0,0,0
688051,2024.0,6,0,0,0,0,0
688056,2022.0,1,1,0,0,0,0
688056,2023.0,1,1,0,0,0,0
688056,2024.0,1,1,0,0,0,0
688058,2020.0,3,3,0,1,0,1
688065,2011.0,1,1,0,0,0,0
688065,2012.0,1,1,0,0,0,0
688065,2015.0,1,1,0,0,0,0
688065,2016.0,1,1,0,0,0,0
688065,2018.0,2,2,0,0,0,0
688065,2019.0,1,1,0,0,0,0
688067,2017.0,1,1,0,0,0,0
688068,2019.0,7,5,0,0,0,0
688068,2020.0,2,2,0,0,0,0
688068,2022.0,3,3,0,0,0,0
688068,2023.0,2,2,0,0,0,0
688068,2024.0,3,3,0,0,0,0
688069,2020.0,5,0,0,0,0,0
688069,2021.0,1,0,0,0,0,0
688070,2018.0,1,1,0,0,0,0
688070,2019.0,2,2,0,0,0,0
688070,2020.0,2,2,0,0,0,0
688073,2022.0,5,5,0,0,0,0
688075,2021.0,8,2,0,0,0,0
688075,2023.0,49,10,0,0,0,0
688075,2024.0,44,13,0,0,0,0
688076,2023.0,1,1,0,0,0,0
688078,2018.0,2,0,0,0,0,0
688078,2019.0,4,3,0,0,0,0
688078,2020.0,1,1,0,0,0,0
688078,2021.0,8,8,0,0,0,0
688078,2022.0,4,4,0,0,0,0
688078,2023.0,5,3,0,0,0,0
688078,2024.0,15,15,3,3,3,3
688078,2025.0,3,3,0,0,0,0
688081,2020.0,2,2,0,0,0,0
688086,2019.0,1,0,0,0,0,0
688086,2020.0,42,1,0,2,0,0
688086,2021.0,25,6,0,1,0,0
688087,2012.0,4,4,0,0,0,0
688087,2013.0,2,2,0,0,0,0
688087,2015.0,1,1,0,0,0,0
688087,2016.0,1,1,0,0,0,0
688089,2019.0,12,9,0,0,0,0
688089,2020.0,23,22,0,0,0,0
688089,2021.0,24,24,0,0,0,0
688089,2022.0,29,26,0,0,0,0
688089,2023.0,42,36,0,0,0,0
688089,2024.0,33,30,0,0,0,0
688090,2015.0,1,1,0,0,0,0
688090,2016.0,2,2,0,0,0,0
688090,2017.0,8,8,0,0,0,0
688090,2018.0,3,3,0,0,0,0
688090,2019.0,1,1,0,0,0,0
688090,2020.0,3,3,0,0,0,0
688090,2021.0,4,2,0,0,0,0
688090,2022.0,2,2,0,0,0,0
688090,2023.0,3,3,0,0,0,0
688091,2013.0,1,1,0,0,0,0
688091,2014.0,1,1,0,0,0,0
688091,2015.0,1,1,0,0,0,0
688092,2013.0,1,1,0,0,0,0
688096,2012.0,1,1,0,0,0,0
688096,2013.0,7,1,0,0,0,0
688096,2015.0,2,1,0,0,0,0
688096,2017.0,1,1,0,0,0,0
688096,2018.0,2,0,0,0,0,0
688096,2019.0,10,2,0,0,0,0
688096,2020.0,8,1,0,0,0,0
688096,2021.0,28,0,0,0,0,0
688096,2022.0,31,2,0,0,0,0
688096,2023.0,10,4,0,0,0,0
688096,2024.0,13,7,0,0,0,0
688098,2018.0,1,1,0,0,0,0
688098,2020.0,1,1,0,0,0,0
688098,2023.0,1,1,0,0,0,0
688098,2024.0,1,1,0,0,0,0
688100,2016.0,2,2,0,0,0,0
688101,2015.0,2,2,0,0,0,0
688101,2017.0,1,1,0,0,0,0
688101,2021.0,1,1,0,0,0,0
688101,2023.0,1,1,0,0,0,0
688106,2013.0,1,1,0,0,0,0
688106,2014.0,1,1,0,0,0,0
688106,2016.0,5,5,0,0,0,0
688106,2017.0,2,1,0,0,0,0
688106,2018.0,2,1,0,0,0,0
688106,2020.0,4,1,0,0,0,0
688106,2021.0,1,1,0,0,0,0
688106,2022.0,6,3,0,0,0,0
688106,2023.0,5,2,0,0,0,0
688108,2013.0,1,1,0,0,0,0
688112,2020.0,3,3,0,0,0,0
688112,2021.0,22,19,0,0,0,0
688112,2022.0,6,4,0,0,0,0
688114,2017.0,1,0,0,0,0,0
688114,2021.0,1,1,0,0,0,0
688115,2015.0,4,0,0,0,0,0
688115,2016.0,2,0,0,0,0,0
688115,2018.0,2,0,0,0,0,0
688115,2019.0,11,2,0,0,0,0
688115,2020.0,4,1,0,0,0,0
688115,2021.0,3,3,0,0,0,0
688115,2022.0,10,6,1,1,1,1
688115,2023.0,5,1,0,0,0,0
688115,2024.0,3,1,0,0,0,0
688118,2009.0,1,1,0,0,0,0
688118,2011.0,1,1,0,0,0,0
688118,2013.0,8,8,0,0,0,0
688118,2014.0,2,2,0,1,0,1
688118,2015.0,2,2,0,2,0,2
688118,2017.0,1,1,0,1,0,1
688118,2019.0,5,5,0,2,0,2
688119,2021.0,1,1,0,0,0,0
688127,2020.0,5,1,0,0,0,0
688127,2021.0,1,1,0,0,0,0
688129,2013.0,1,1,0,0,0,0
688129,2015.0,3,3,0,0,0,0
688129,2016.0,1,1,0,0,0,0
688129,2017.0,1,1,0,0,0,0
688129,2018.0,1,1,0,0,0,0
688129,2020.0,7,7,0,0,0,0
688129,2021.0,8,8,0,0,0,0
688129,2022.0,8,8,0,0,0,0
688129,2023.0,2,2,0,0,0,0
688129,2024.0,3,3,0,0,0,0
688133,2016.0,1,1,0,0,0,0
688133,2020.0,1,1,0,0,0,0
688133,2022.0,1,1,0,0,0,0
688138,2010.0,2,2,0,0,0,0
688138,2011.0,10,9,0,0,0,0
688138,2012.0,1,1,0,0,0,0
688138,2013.0,1,0,0,0,0,0
688138,2014.0,1,1,0,0,0,0
688138,2015.0,1,1,0,0,0,0
688138,2016.0,1,1,0,0,0,0
688138,2017.0,4,3,0,0,0,0
688138,2018.0,2,1,0,0,0,0
688138,2019.0,1,1,0,0,0,0
688138,2023.0,5,0,0,0,0,0
688138,2024.0,4,1,0,0,0,0
688138,2025.0,1,1,0,0,0,0
688139,2007.0,1,1,0,0,0,0
688139,2008.0,1,1,0,0,0,0
688139,2009.0,1,1,0,0,0,0
688139,2011.0,1,1,0,0,0,0
688139,2012.0,2,2,0,0,0,0
688139,2013.0,1,1,0,0,0,0
688139,2016.0,5,5,0,0,0,0
688139,2017.0,6,6,0,0,0,0
688139,2018.0,2,2,0,0,0,0
688139,2019.0,1,1,0,0,0,0
688139,2023.0,1,0,0,0,0,0
688148,2021.0,4,4,0,0,0,0
688148,2022.0,6,6,0,0,0,0
688148,2023.0,1,1,0,0,0,0
688148,2024.0,1,1,0,0,0,0
688153,2016.0,2,1,0,0,0,0
688153,2018.0,1,1,0,0,0,0
688153,2019.0,1,1,0,0,0,0
688153,2020.0,4,4,0,0,0,0
688153,2021.0,3,3,0,0,0,0
688153,2022.0,10,10,0,0,0,0
688153,2023.0,11,11,0,0,0,0
688153,2024.0,16,11,0,0,0,0
688155,2017.0,1,0,0,0,0,0
688155,2018.0,2,0,0,0,0,0
688155,2019.0,1,0,0,0,0,0
688155,2020.0,2,0,0,0,0,0
688155,2023.0,3,3,0,0,0,0
688156,2015.0,1,1,0,0,0,0
688156,2016.0,3,0,0,0,0,0
688156,2017.0,2,0,0,0,0,0
688156,2018.0,2,1,0,0,0,0
688156,2020.0,26,2,0,0,0,0
688156,2021.0,32,3,0,0,0,0
688156,2022.0,28,2,0,0,0,0
688156,2023.0,19,4,0,0,0,0
688156,2024.0,18,5,0,0,0,0
688157,2019.0,1,0,0,0,0,0
688157,2020.0,17,16,0,0,0,0
688157,2021.0,3,0,0,0,0,0
688157,2022.0,36,27,0,0,0,0
688157,2023.0,27,18,0,0,0,0
688157,2024.0,36,18,0,0,0,0
688160,2011.0,1,1,0,0,0,0
688160,2020.0,12,0,0,0,0,0
688160,2021.0,9,0,0,0,0,0
688160,2022.0,22,0,0,0,0,0
688163,2024.0,2,2,0,0,0,0
688165,2017.0,2,2,0,0,0,0
688165,2020.0,1,1,0,0,0,0
688165,2022.0,1,1,0,0,0,0
688168,2013.0,1,0,0,0,0,0
688168,2017.0,10,10,0,1,0,1
688168,2018.0,6,2,0,0,0,0
688170,2021.0,1,1,0,0,0,0
688171,2023.0,1,1,0,0,0,0
688171,2024.0,1,0,0,0,0,0
688173,2015.0,1,1,0,0,0,0
688173,2016.0,1,1,0,0,0,0
688173,2017.0,1,1,0,0,0,0
688173,2018.0,1,1,0,0,0,0
688173,2020.0,1,1,0,0,0,0
688173,2021.0,12,12,0,0,0,0
688175,2023.0,5,2,0,0,0,0
688178,2019.0,15,3,0,0,0,0
688178,2020.0,26,2,0,0,0,0
688178,2021.0,29,3,0,0,0,0
688178,2022.0,27,4,0,0,0,0
688178,2023.0,25,10,0,0,0,0
688178,2024.0,15,3,0,0,0,0
688180,2018.0,1,0,0,0,0,0
688180,2022.0,1,1,0,0,0,0
688181,2017.0,1,1,0,0,0,0
688183,2020.0,2,2,0,0,0,0
688183,2021.0,1,1,0,0,0,0
688184,2020.0,2,2,0,0,0,0
688184,2022.0,6,6,0,0,0,0
688184,2023.0,31,31,0,0,0,0
688184,2024.0,17,17,0,0,0,0
688185,2018.0,1,1,0,0,0,0
688185,2020.0,5,5,0,0,0,0
688185,2021.0,6,5,0,0,0,0
688185,2022.0,4,4,0,0,0,0
688185,2024.0,2,2,0,0,0,0
688188,2019.0,10,9,0,0,0,0
688188,2020.0,32,12,0,0,0,0
688188,2021.0,44,19,0,0,0,0
688188,2022.0,33,19,0,0,0,0
688188,2023.0,29,23,0,2,0,2
688188,2024.0,22,11,0,0,0,0
688190,2012.0,1,0,0,0,0,0
688190,2013.0,1,1,0,0,0,0
688190,2014.0,5,5,0,0,0,0
688190,2015.0,8,8,0,0,0,0
688190,2016.0,5,5,0,0,0,0
688190,2019.0,6,1,0,0,0,0
688190,2020.0,2,1,0,0,0,0
688190,2021.0,2,2,0,0,0,0
688195,2024.0,3,2,0,0,0,0
688198,2004.0,1,1,0,0,0,0
688198,2008.0,1,1,0,0,0,0
688198,2009.0,1,1,0,0,0,0
688198,2016.0,1,1,0,0,0,0
688198,2020.0,1,0,0,0,0,0
688198,2021.0,1,0,0,0,0,0
688198,2023.0,4,4,0,0,0,0
688198,2024.0,8,8,0,0,0,0
688198,2025.0,1,1,0,0,0,0
688199,2015.0,5,5,0,0,0,0
688199,2016.0,6,6,0,0,0,0
688199,2017.0,6,6,0,0,0,0
688199,2018.0,2,2,0,0,0,0
688199,2019.0,6,6,0,0,0,0
688199,2020.0,7,5,0,0,0,0
688199,2021.0,31,9,0,0,0,0
688199,2022.0,31,14,0,0,0,0
688199,2023.0,23,13,0,0,0,0
688199,2024.0,35,25,0,0,0,0
688201,2009.0,2,2,0,1,0,1
688201,2010.0,5,5,0,1,0,1
688201,2012.0,4,4,0,1,0,1
688201,2014.0,2,2,0,0,0,0
688201,2015.0,1,1,0,0,0,0
688201,2016.0,3,3,0,0,0,0
688201,2017.0,10,10,0,0,0,0
688201,2018.0,5,5,0,0,0,0
688201,2019.0,10,10,0,4,0,4
688201,2020.0,13,13,0,2,0,2
688201,2021.0,13,13,0,3,0,3
688201,2022.0,4,4,1,3,1,3
688203,2009.0,2,2,0,0,0,0
688203,2016.0,1,0,0,0,0,0
688203,2018.0,2,2,0,0,0,0
688203,2019.0,2,2,0,0,0,0
688203,2020.0,1,1,0,0,0,0
688203,2022.0,4,4,0,0,0,0
688203,2023.0,4,4,0,0,0,0
688203,2024.0,2,2,0,0,0,0
688207,2024.0,3,0,0,0,0,0
688208,2014.0,1,1,0,0,0,0
688208,2018.0,1,1,0,0,0,0
688208,2019.0,1,1,0,0,0,0
688208,2020.0,1,1,0,0,0,0
688208,2021.0,1,1,0,0,0,0
688210,2022.0,3,3,0,0,0,0
688210,2023.0,1,1,0,0,0,0
688211,2011.0,3,3,0,0,0,0
688211,2015.0,1,1,0,0,0,0
688211,2016.0,2,2,0,0,0,0
688211,2017.0,6,3,0,0,0,0
688211,2019.0,5,2,0,0,0,0
688211,2020.0,12,3,0,0,0,0
688211,2021.0,22,5,0,0,0,0
688211,2022.0,29,4,0,0,0,0
688211,2023.0,27,11,1,1,1,1
688211,2024.0,27,14,4,4,4,4
688218,2014.0,1,0,0,0,0,0
688218,2015.0,1,0,0,0,0,0
688218,2016.0,4,2,0,0,0,0
688218,2017.0,4,3,0,0,0,0
688218,2018.0,4,2,0,0,0,0
688218,2019.0,15,2,0,0,0,0
688219,2018.0,1,1,0,0,0,0
688220,2012.0,1,1,0,0,0,0
688220,2014.0,1,1,0,0,0,0
688220,2015.0,1,1,0,0,0,0
688221,2007.0,1,1,0,0,0,0
688221,2015.0,1,1,0,0,0,0
688221,2021.0,1,1,0,0,0,0
688223,2014.0,1,1,0,0,0,0
688223,2018.0,1,1,0,0,0,0
688223,2021.0,1,1,0,0,0,0
688225,2021.0,4,4,1,1,1,1
688228,2013.0,1,1,0,0,0,0
688228,2016.0,1,1,0,1,0,1
688228,2019.0,10,10,1,1,1,1
688228,2020.0,1,1,0,1,0,1
688228,2021.0,7,7,2,2,2,2
688228,2022.0,5,5,0,1,0,1
688231,2019.0,1,1,0,0,0,0
688234,2019.0,1,1,0,0,0,0
688237,2018.0,2,0,0,0,0,0
688237,2019.0,8,1,0,0,0,0
688237,2020.0,4,4,0,0,0,0
688237,2021.0,5,2,0,0,0,0
688237,2022.0,7,3,0,0,0,0
688237,2023.0,5,5,0,0,0,0
688237,2024.0,1,1,0,0,0,0
688239,2018.0,1,1,0,0,0,0
688239,2022.0,8,3,0,0,0,0
688239,2023.0,23,9,0,0,0,0
688239,2024.0,24,2,0,0,0,0
688248,2015.0,1,1,0,0,0,0
688248,2020.0,1,1,0,0,0,0
688248,2021.0,1,1,0,0,0,0
688251,2013.0,1,1,0,0,0,0
688251,2017.0,1,1,0,0,0,0
688251,2018.0,1,1,0,0,0,0
688251,2021.0,5,5,0,0,0,0
688251,2022.0,1,1,0,0,0,0
688255,2021.0,17,4,0,0,0,0
688255,2022.0,8,5,0,0,0,0
688255,2023.0,3,2,0,0,0,0
688255,2024.0,11,4,0,0,0,0
688258,2021.0,1,1,0,1,0,1
688259,2011.0,1,1,0,0,0,0
688259,2013.0,1,1,0,0,0,0
688259,2018.0,1,1,0,0,0,0
688259,2020.0,1,1,0,0,0,0
688260,2023.0,1,1,0,0,0,0
688265,2021.0,1,1,0,0,0,0
688266,2015.0,1,1,0,0,0,0
688267,2016.0,1,1,0,0,0,0
688268,2009.0,1,1,0,0,0,0
688268,2012.0,2,1,0,0,0,0
688268,2013.0,1,1,0,0,0,0
688268,2014.0,2,1,0,0,0,0
688268,2015.0,3,3,0,0,0,0
688268,2016.0,3,1,0,0,0,0
688268,2017.0,1,0,0,0,0,0
688268,2018.0,1,1,0,0,0,0
688268,2019.0,7,4,0,0,0,0
688268,2020.0,5,2,0,0,0,0
688275,2008.0,1,1,0,0,0,0
688275,2011.0,1,1,0,0,0,0
688275,2013.0,1,1,0,0,0,0
688275,2014.0,2,2,0,0,0,0
688275,2015.0,1,1,0,0,0,0
688275,2016.0,4,1,0,0,0,0
688275,2017.0,4,4,0,0,0,0
688275,2018.0,1,1,0,0,0,0
688275,2019.0,1,1,0,0,0,0
688275,2020.0,1,1,0,0,0,0
688275,2021.0,3,0,0,0,0,0
688275,2022.0,11,8,0,0,0,0
688275,2023.0,12,8,0,0,0,0
688275,2024.0,19,10,0,0,0,0
688280,2020.0,4,1,0,0,0,0
688285,2021.0,47,2,0,0,0,0
688285,2022.0,41,2,0,0,0,0
688285,2023.0,34,14,0,0,0,0
688285,2024.0,60,23,0,0,0,0
688286,2010.0,1,0,0,0,0,0
688286,2011.0,2,2,0,0,0,0
688286,2013.0,3,2,0,0,0,0
688286,2014.0,2,1,0,0,0,0
688286,2015.0,5,3,0,0,0,0
688286,2016.0,8,6,0,0,0,0
688286,2017.0,4,4,0,0,0,0
688286,2018.0,3,3,0,0,0,0
688286,2019.0,3,1,0,0,0,0
688286,2020.0,2,1,0,0,0,0
688287,2008.0,1,0,0,0,0,0
688287,2017.0,1,1,0,0,0,0
688291,2021.0,1,1,0,1,0,1
688291,2022.0,16,6,0,0,0,0
688291,2023.0,33,16,0,1,0,1
688291,2024.0,14,12,0,0,0,0
688295,2020.0,1,1,0,0,0,0
688295,2023.0,95,17,0,0,0,0
688296,2023.0,1,1,0,0,0,0
688298,2014.0,2,2,0,0,0,0
688298,2017.0,2,0,0,0,0,0
688298,2018.0,9,2,0,0,0,0
688298,2019.0,37,2,0,0,0,0
688298,2020.0,24,3,0,0,0,0
688298,2021.0,54,2,0,0,0,0
688298,2022.0,102,6,0,0,0,0
688298,2023.0,153,15,0,0,0,0
688298,2024.0,1,0,0,0,0,0
688299,2010.0,1,1,0,0,0,0
688299,2011.0,1,1,0,0,0,0
688299,2014.0,1,1,0,0,0,0
688300,2019.0,4,2,0,0,0,0
688305,2020.0,2,2,0,0,0,0
688305,2021.0,22,21,0,0,0,0
688305,2022.0,26,26,0,0,0,0
688305,2023.0,35,35,0,0,0,0
688305,2024.0,47,47,0,0,0,0
688306,2023.0,1,0,0,0,0,0
688307,2019.0,1,1,0,0,0,0
688311,2024.0,1,0,0,0,0,0
688314,2017.0,1,0,0,0,0,0
688314,2019.0,2,2,0,0,0,0
688314,2021.0,6,2,0,0,0,0
688314,2024.0,3,3,0,0,0,0
688317,2007.0,1,1,0,0,0,0
688317,2008.0,1,1,0,0,0,0
688317,2009.0,1,1,0,0,0,0
688317,2011.0,2,2,0,0,0,0
688317,2012.0,1,1,0,0,0,0
688317,2013.0,1,1,0,0,0,0
688317,2018.0,2,0,0,0,0,0
688317,2020.0,1,1,0,0,0,0
688321,2017.0,1,1,0,0,0,0
688321,2019.0,3,3,0,0,0,0
688321,2020.0,7,7,0,0,0,0
688321,2021.0,13,13,0,0,0,0
688321,2022.0,13,13,0,0,0,0
688321,2023.0,20,20,0,0,0,0
688321,2024.0,24,24,0,0,0,0
688327,2014.0,2,0,0,0,0,0
688327,2016.0,2,1,0,1,0,1
688327,2017.0,10,5,0,1,0,0
688327,2019.0,6,4,2,2,2,2
688327,2020.0,31,22,1,2,1,2
688327,2021.0,8,8,1,1,1,1
688327,2022.0,19,12,2,2,1,1
688327,2023.0,19,17,1,3,1,3
688327,2024.0,21,21,2,2,2,2
688331,2022.0,19,10,0,0,0,0
688331,2023.0,30,27,0,0,0,0
688331,2024.0,31,29,0,0,0,0
688334,2022.0,4,0,0,0,0,0
688334,2023.0,6,4,0,0,0,0
688334,2024.0,1,1,0,0,0,0
688335,2024.0,1,1,0,0,0,0
688337,2013.0,1,1,0,0,0,0
688337,2014.0,1,1,0,0,0,0
688337,2015.0,1,1,0,0,0,0
688337,2016.0,1,1,0,0,0,0
688337,2018.0,1,1,0,0,0,0
688337,2020.0,3,2,0,0,0,0
688338,2020.0,6,0,0,0,0,0
688338,2021.0,3,3,0,0,0,0
688338,2022.0,3,2,0,0,0,0
688338,2023.0,10,4,0,0,0,0
688338,2024.0,3,0,0,0,0,0
688345,2019.0,1,1,0,0,0,0
688352,2022.0,1,0,0,0,0,0
688352,2023.0,9,6,0,0,0,0
688355,2019.0,1,1,0,0,0,0
688357,2009.0,1,1,0,0,0,0
688357,2010.0,2,2,0,0,0,0
688357,2012.0,1,1,0,0,0,0
688357,2013.0,1,1,0,0,0,0
688357,2014.0,2,2,0,0,0,0
688357,2015.0,2,2,0,0,0,0
688357,2018.0,1,1,0,0,0,0
688357,2019.0,1,1,0,0,0,0
688357,2020.0,1,1,0,0,0,0
688359,2018.0,1,1,0,0,0,0
688360,2006.0,1,1,0,0,0,0
688360,2015.0,2,2,0,0,0,0
688360,2016.0,3,3,0,0,0,0
688360,2018.0,3,3,0,0,0,0
688360,2019.0,2,1,0,0,0,0
688360,2021.0,6,1,0,0,0,0
688360,2022.0,3,0,0,0,0,0
688360,2023.0,9,9,0,0,0,0
688360,2024.0,8,8,0,0,0,0
688362,2019.0,1,0,0,0,0,0
688362,2020.0,3,3,0,0,0,0
688362,2021.0,7,7,0,0,0,0
688363,2014.0,1,1,0,0,0,0
688363,2019.0,12,10,0,0,0,0
688363,2020.0,10,10,0,0,0,0
688363,2021.0,36,36,0,0,0,0
688363,2022.0,114,114,0,0,0,0
688363,2023.0,87,87,0,0,0,0
688363,2024.0,96,96,0,0,0,0
688365,2020.0,3,3,0,0,0,0
688366,2003.0,1,1,0,0,0,0
688366,2006.0,1,1,0,0,0,0
688366,2009.0,2,2,0,0,0,0
688366,2011.0,3,3,0,0,0,0
688366,2012.0,4,4,0,0,0,0
688366,2013.0,5,5,0,0,0,0
688366,2014.0,7,7,0,0,0,0
688366,2015.0,3,3,0,0,0,0
688366,2017.0,6,6,0,0,0,0
688366,2018.0,2,2,0,0,0,0
688366,2019.0,5,5,0,0,0,0
688366,2020.0,3,2,0,0,0,0
688366,2021.0,5,5,0,0,0,0
688366,2022.0,1,1,0,0,0,0
688366,2024.0,6,6,0,0,0,0
688366,2025.0,7,7,0,0,0,0
688367,2018.0,1,1,0,0,0,0
688367,2020.0,1,1,0,0,0,0
688370,2022.0,11,1,0,0,0,0
688370,2023.0,10,2,0,0,0,0
688370,2024.0,13,5,0,0,0,0
688371,2005.0,1,1,0,0,0,0
688376,2006.0,1,1,0,0,0,0
688376,2012.0,1,1,0,0,0,0
688376,2013.0,1,1,0,0,0,0
688376,2015.0,1,1,0,0,0,0
688376,2018.0,1,1,0,0,0,0
688376,2021.0,5,5,0,0,0,0
688376,2022.0,12,12,0,0,0,0
688376,2023.0,6,6,0,0,0,0
688376,2024.0,8,8,0,0,0,0
688380,2016.0,1,1,0,0,0,0
688380,2020.0,6,6,0,0,0,0
688380,2021.0,2,2,0,0,0,0
688382,2022.0,2,2,0,0,0,0
688385,2021.0,10,10,0,2,0,2
688385,2022.0,1,1,0,0,0,0
688386,2022.0,4,0,0,0,0,0
688386,2023.0,5,2,0,0,0,0
688386,2024.0,2,0,0,0,0,0
688388,2004.0,1,1,0,0,0,0
688388,2009.0,1,1,0,0,0,0
688388,2010.0,1,1,0,0,0,0
688388,2011.0,3,2,0,0,0,0
688388,2013.0,1,0,0,0,0,0
688388,2014.0,1,0,0,0,0,0
688388,2016.0,4,0,0,0,0,0
688388,2017.0,5,2,0,0,0,0
688388,2018.0,2,0,0,0,0,0
688388,2019.0,16,8,0,0,0,0
688388,2020.0,7,7,0,0,0,0
688388,2021.0,6,6,0,0,0,0
688388,2022.0,14,11,0,0,0,0
688388,2023.0,28,23,0,0,0,0
688388,2024.0,12,4,0,0,0,0
688389,2019.0,23,2,0,0,0,0
688389,2020.0,2,1,0,0,0,0
688389,2021.0,37,1,0,0,0,0
688389,2022.0,49,12,0,0,0,0
688389,2023.0,31,15,0,0,0,0
688389,2024.0,16,8,0,0,0,0
688393,2010.0,1,1,0,0,0,0
688396,2019.0,1,1,0,0,0,0
688396,2020.0,1,1,0,0,0,0
688396,2021.0,1,1,0,0,0,0
688398,2016.0,3,1,0,0,0,0
688398,2018.0,1,1,0,0,0,0
688398,2019.0,9,2,0,0,0,0
688398,2020.0,15,1,0,0,0,0
688398,2021.0,2,0,0,0,0,0
688408,2018.0,1,0,0,0,0,0
688408,2019.0,2,0,0,0,0,0
688408,2020.0,4,0,0,0,0,0
688408,2021.0,1,0,0,0,0,0
688408,2022.0,2,0,0,0,0,0
688410,2008.0,3,3,0,0,0,0
688410,2009.0,6,6,0,0,0,0
688410,2010.0,1,1,0,0,0,0
688410,2011.0,8,8,0,0,0,0
688410,2012.0,8,8,0,0,0,0
688410,2013.0,4,0,0,0,0,0
688410,2015.0,9,5,0,0,0,0
688410,2016.0,4,0,0,0,0,0
688410,2017.0,6,1,0,0,0,0
688410,2018.0,5,1,0,0,0,0
688410,2019.0,18,0,0,0,0,0
688410,2020.0,9,0,0,0,0,0
688410,2021.0,16,1,0,0,0,0
688410,2022.0,8,0,0,0,0,0
688410,2023.0,17,3,0,0,0,0
688410,2024.0,25,5,0,0,0,0
688410,2025.0,7,1,0,0,0,0
688418,2020.0,9,8,0,0,0,0
688419,2015.0,3,0,0,0,0,0
688419,2016.0,4,0,0,0,0,0
688419,2017.0,6,3,0,0,0,0
688419,2019.0,9,1,0,0,0,0
688419,2020.0,8,1,0,0,0,0
688419,2021.0,7,1,0,0,0,0
688419,2022.0,7,4,0,0,0,0
688419,2024.0,1,1,0,0,0,0
688419,2025.0,1,1,0,0,0,0
688425,2020.0,1,1,0,0,0,0
688425,2021.0,1,1,0,0,0,0
688429,2020.0,1,1,0,0,0,0
688429,2021.0,1,1,0,0,0,0
688435,2016.0,1,1,0,0,0,0
688435,2017.0,1,1,0,0,0,0
688435,2018.0,1,1,0,0,0,0
688435,2020.0,8,8,0,3,0,3
688435,2021.0,2,2,0,0,0,0
688435,2022.0,11,11,0,3,0,3
688435,2023.0,1,1,0,1,0,1
688443,2020.0,1,1,0,0,0,0
688455,2020.0,2,0,0,0,0,0
688459,2020.0,1,1,0,0,0,0
688459,2023.0,1,1,0,0,0,0
688466,2020.0,8,0,0,0,0,0
688466,2021.0,11,6,0,0,0,0
688466,2022.0,1,1,0,0,0,0
688472,2017.0,1,1,0,0,0,0
688472,2018.0,1,1,0,0,0,0
688472,2019.0,2,2,0,0,0,0
688472,2020.0,1,1,0,0,0,0
688472,2021.0,2,2,0,0,0,0
688499,2022.0,1,0,0,0,0,0
688503,2010.0,1,1,0,0,0,0
688503,2014.0,3,3,0,0,0,0
688503,2015.0,1,1,0,0,0,0
688503,2017.0,2,2,0,0,0,0
688503,2018.0,1,1,0,0,0,0
688503,2020.0,1,1,0,0,0,0
688509,2021.0,20,2,0,0,0,0
688513,2012.0,1,1,0,0,0,0
688513,2014.0,2,2,0,0,0,0
688513,2015.0,3,3,0,0,0,0
688513,2016.0,1,1,0,0,0,0
688513,2017.0,5,5,0,0,0,0
688513,2020.0,9,7,0,0,0,0
688513,2021.0,11,7,0,0,0,0
688513,2022.0,7,3,0,0,0,0
688513,2023.0,21,21,0,0,0,0
688513,2024.0,39,34,0,0,0,0
688517,2013.0,2,1,0,0,0,0
688517,2014.0,4,3,0,0,0,0
688517,2015.0,1,0,0,0,0,0
688517,2018.0,1,1,0,0,0,0
688517,2019.0,4,0,0,0,0,0
688517,2020.0,10,0,0,0,0,0
688517,2023.0,13,8,0,0,0,0
688518,2020.0,1,0,0,0,0,0
688521,2022.0,1,1,0,0,0,0
688526,2023.0,1,0,0,0,0,0
688528,2019.0,2,2,0,0,0,0
688528,2020.0,25,3,0,0,0,0
688528,2021.0,62,7,0,0,0,0
688528,2022.0,71,71,0,1,0,1
688530,2023.0,2,2,0,0,0,0
688531,2014.0,1,0,0,0,0,0
688531,2016.0,1,1,0,0,0,0
688557,2010.0,1,1,0,0,0,0
688558,2008.0,1,1,0,0,0,0
688558,2020.0,1,0,0,0,0,0
688558,2021.0,7,2,0,0,0,0
688558,2022.0,2,2,0,0,0,0
688558,2023.0,1,1,0,0,0,0
688558,2024.0,3,3,0,0,0,0
688559,2013.0,2,0,0,0,0,0
688559,2015.0,2,2,0,0,0,0
688559,2017.0,8,3,0,0,0,0
688559,2018.0,9,1,0,0,0,0
688559,2019.0,4,0,0,0,0,0
688559,2020.0,1,0,0,0,0,0
688559,2021.0,2,0,0,0,0,0
688559,2022.0,10,0,0,0,0,0
688559,2023.0,10,0,0,0,0,0
688560,2023.0,5,5,0,0,0,0
688565,2012.0,1,1,0,0,0,0
688565,2022.0,6,6,0,0,0,0
688565,2023.0,3,3,0,0,0,0
688565,2024.0,6,6,0,0,0,0
688566,2007.0,1,1,0,0,0,0
688566,2014.0,1,1,0,0,0,0
688566,2016.0,1,1,0,0,0,0
688566,2019.0,1,1,0,0,0,0
688566,2020.0,2,2,0,0,0,0
688566,2021.0,2,2,0,0,0,0
688566,2023.0,4,4,0,0,0,0
688566,2024.0,4,4,0,0,0,0
688569,2021.0,7,2,0,0,0,0
688569,2022.0,5,1,0,0,0,0
688569,2023.0,6,2,0,0,0,0
688569,2024.0,3,3,0,0,0,0
688569,2025.0,1,0,0,0,0,0
688571,2021.0,2,2,0,0,0,0
688571,2022.0,4,2,0,0,0,0
688571,2023.0,6,6,0,0,0,0
688573,2020.0,1,1,0,0,0,0
688573,2021.0,1,1,0,0,0,0
688579,2021.0,1,1,0,0,0,0
688584,2005.0,1,1,0,0,0,0
688584,2007.0,1,1,0,0,0,0
688584,2010.0,1,1,0,0,0,0
688584,2013.0,3,1,0,0,0,0
688584,2014.0,3,1,0,0,0,0
688584,2015.0,3,0,0,0,0,0
688584,2016.0,2,1,0,0,0,0
688584,2017.0,5,2,0,0,0,0
688584,2018.0,3,1,0,0,0,0
688584,2020.0,10,0,0,0,0,0
688584,2021.0,12,1,0,0,0,0
688584,2022.0,6,0,0,0,0,0
688584,2023.0,1,0,0,0,0,0
688584,2024.0,2,0,0,0,0,0
688584,2025.0,1,0,0,0,0,0
688588,2014.0,1,1,0,0,0,0
688588,2015.0,1,1,0,0,0,0
688588,2018.0,2,2,0,0,0,0
688589,2010.0,1,1,0,0,0,0
688589,2012.0,2,2,0,0,0,0
688589,2016.0,3,3,0,0,0,0
688589,2017.0,4,4,0,0,0,0
688589,2018.0,6,6,0,0,0,0
688589,2019.0,2,2,0,0,0,0
688589,2020.0,7,7,0,0,0,0
688591,2018.0,1,1,0,0,0,0
688591,2019.0,3,3,0,0,0,0
688595,2009.0,1,1,0,0,0,0
688595,2010.0,1,1,0,0,0,0
688595,2012.0,3,2,0,0,0,0
688595,2013.0,1,1,0,0,0,0
688595,2014.0,1,1,0,0,0,0
688595,2015.0,3,3,0,0,0,0
688595,2016.0,2,2,0,0,0,0
688595,2017.0,7,3,0,0,0,0
688595,2018.0,5,2,0,0,0,0
688595,2019.0,8,6,0,0,0,0
688595,2021.0,1,1,0,0,0,0
688595,2023.0,1,0,0,0,0,0
688595,2024.0,2,2,0,0,0,0
688596,2020.0,7,0,0,0,0,0
688597,2025.0,1,1,1,1,1,1
688599,2017.0,1,1,0,0,0,0
688599,2019.0,1,1,0,0,0,0
688599,2022.0,1,1,0,0,0,0
688603,2023.0,4,4,0,0,0,0
688606,2022.0,21,8,0,0,0,0
688606,2023.0,35,1,0,0,0,0
688606,2024.0,33,6,0,0,0,0
688607,2012.0,3,3,0,0,0,0
688607,2013.0,3,3,0,0,0,0
688607,2015.0,1,1,0,0,0,0
688607,2016.0,1,1,0,0,0,0
688607,2017.0,2,2,0,0,0,0
688607,2018.0,2,2,0,0,0,0
688607,2020.0,1,1,0,0,0,0
688609,2012.0,2,2,0,0,0,0
688609,2013.0,2,2,0,0,0,0
688609,2014.0,1,1,0,0,0,0
688609,2017.0,2,1,0,0,0,0
688609,2019.0,2,2,0,0,0,0
688609,2020.0,1,0,0,0,0,0
688609,2021.0,2,2,0,0,0,0
688609,2022.0,2,2,0,0,0,0
688609,2024.0,1,1,0,0,0,0
688616,2017.0,2,2,0,0,0,0
688616,2018.0,1,1,0,0,0,0
688619,2017.0,1,1,0,0,0,0
688619,2018.0,1,1,0,0,0,0
688619,2023.0,3,3,1,1,1,1
688619,2024.0,28,27,5,6,5,6
688625,2019.0,2,2,0,0,0,0
688626,2019.0,2,2,0,0,0,0
688626,2024.0,1,0,0,0,0,0
688628,2009.0,2,2,0,0,0,0
688628,2010.0,1,1,0,0,0,0
688628,2015.0,3,3,0,0,0,0
688628,2016.0,1,1,0,0,0,0
688628,2017.0,2,2,0,0,0,0
688628,2018.0,5,2,0,0,0,0
688628,2019.0,8,4,0,0,0,0
688628,2020.0,2,2,0,0,0,0
688628,2021.0,5,0,0,0,0,0
688628,2022.0,2,1,0,0,0,0
688628,2023.0,11,3,0,0,0,0
688628,2024.0,8,8,0,0,0,0
688628,2025.0,1,1,0,0,0,0
688630,2017.0,1,1,0,0,0,0
688630,2023.0,2,2,0,0,0,0
688636,2015.0,6,0,0,1,0,0
688636,2017.0,6,0,0,0,0,0
688636,2018.0,4,1,0,0,0,0
688636,2019.0,3,0,0,0,0,0
688636,2020.0,5,1,0,0,0,0
688636,2021.0,1,1,0,0,0,0
688636,2022.0,3,3,1,1,1,1
688636,2023.0,2,2,0,0,0,0
688636,2024.0,3,3,0,1,0,1
688638,2011.0,1,1,0,0,0,0
688638,2012.0,1,1,0,0,0,0
688638,2013.0,1,1,0,0,0,0
688638,2017.0,2,2,0,0,0,0
688638,2018.0,4,3,0,0,0,0
688638,2019.0,2,1,0,0,0,0
688638,2020.0,11,0,0,0,0,0
688638,2021.0,4,4,0,0,0,0
688638,2022.0,15,10,0,0,0,0
688638,2023.0,42,23,0,0,0,0
688638,2024.0,12,0,0,0,0,0
688638,2025.0,2,1,0,0,0,0
688639,2013.0,1,1,0,0,0,0
688639,2014.0,1,1,0,0,0,0
688639,2015.0,3,3,0,0,0,0
688639,2016.0,3,3,0,0,0,0
688639,2017.0,8,2,0,0,0,0
688639,2018.0,3,2,0,0,0,0
688639,2019.0,5,4,0,0,0,0
688639,2020.0,1,0,0,0,0,0
688639,2021.0,11,2,0,0,0,0
688639,2022.0,18,14,0,0,0,0
688639,2023.0,1,1,0,0,0,0
688639,2025.0,4,3,0,0,0,0
688646,2020.0,1,1,0,0,0,0
688653,2008.0,1,1,0,0,0,0
688653,2014.0,1,1,0,0,0,0
688653,2015.0,1,1,0,0,0,0
688653,2016.0,1,1,0,0,0,0
688653,2018.0,1,1,0,0,0,0
688658,2022.0,3,3,0,0,0,0
688658,2024.0,2,2,0,0,0,0
688658,2025.0,3,3,0,0,0,0
688659,2023.0,1,0,0,0,0,0
688662,2013.0,1,1,0,0,0,0
688662,2014.0,2,1,0,0,0,0
688662,2015.0,3,0,0,0,0,0
688662,2016.0,5,5,0,0,0,0
688662,2017.0,1,1,0,0,0,0
688662,2018.0,3,3,0,0,0,0
688662,2019.0,2,0,0,0,0,0
688662,2021.0,13,1,0,0,0,0
688662,2022.0,15,3,0,0,0,0
688662,2023.0,2,1,0,0,0,0
688662,2024.0,9,1,0,0,0,0
688665,2014.0,1,1,0,0,0,0
688665,2018.0,1,1,0,0,0,0
688665,2019.0,2,2,0,0,0,0
688667,2008.0,1,1,0,0,0,0
688667,2010.0,2,2,0,0,0,0
688667,2012.0,1,0,0,0,0,0
688667,2013.0,2,1,0,0,0,0
688667,2014.0,2,1,0,0,0,0
688676,2021.0,11,1,0,1,0,0
688676,2022.0,2,0,0,0,0,0
688679,2022.0,1,0,0,0,0,0
688680,2012.0,1,0,0,0,0,0
688683,2019.0,1,1,0,0,0,0
688685,2018.0,1,0,0,0,0,0
688685,2019.0,4,4,0,0,0,0
688685,2022.0,4,0,0,0,0,0
688685,2023.0,3,0,0,0,0,0
688687,2009.0,1,1,0,0,0,0
688687,2023.0,1,1,0,0,0,0
688690,2012.0,1,1,0,0,0,0
688690,2020.0,1,1,0,0,0,0
688690,2022.0,1,1,0,0,0,0
688696,2013.0,1,1,0,0,0,0
688698,2011.0,1,0,0,0,0,0
688698,2012.0,2,0,0,0,0,0
688698,2013.0,1,1,0,0,0,0
688698,2014.0,2,0,0,0,0,0
688698,2015.0,1,0,0,0,0,0
688698,2016.0,5,4,0,0,0,0
688698,2017.0,4,4,0,0,0,0
688698,2018.0,3,3,0,0,0,0
688698,2019.0,3,3,0,0,0,0
688698,2020.0,15,4,0,0,0,0
688698,2021.0,26,10,0,0,0,0
688698,2022.0,19,7,0,0,0,0
688698,2023.0,18,9,0,0,0,0
688698,2024.0,20,8,0,0,0,0
688698,2025.0,4,1,0,0,0,0
688699,2012.0,1,1,0,0,0,0
688699,2013.0,3,2,0,0,0,0
688699,2014.0,2,1,0,0,0,0
688699,2015.0,5,5,0,0,0,0
688699,2016.0,6,6,0,0,0,0
688699,2017.0,2,2,0,0,0,0
688699,2018.0,4,2,0,0,0,0
688699,2019.0,2,2,0,0,0,0
688699,2020.0,1,1,0,0,0,0
688699,2021.0,3,3,0,0,0,0
688699,2022.0,4,2,0,0,0,0
688699,2024.0,2,1,0,0,0,0
688699,2025.0,1,1,0,0,0,0
688701,2021.0,9,0,0,0,0,0
688701,2022.0,8,1,0,0,0,0
688701,2023.0,2,1,0,0,0,0
688701,2024.0,8,5,0,0,0,0
688716,2010.0,1,1,0,0,0,0
688716,2023.0,7,7,0,0,0,0
688717,2021.0,1,1,0,0,0,0
688717,2024.0,7,7,0,0,0,0
688719,2009.0,1,1,0,0,0,0
688719,2010.0,1,1,0,0,0,0
688719,2011.0,1,1,0,0,0,0
688719,2013.0,1,1,0,0,0,0
688719,2014.0,4,4,0,0,0,0
688719,2016.0,3,3,0,0,0,0
688719,2017.0,3,3,0,0,0,0
688719,2019.0,1,1,0,0,0,0
688719,2021.0,2,2,0,0,0,0
688719,2022.0,5,5,0,0,0,0
688719,2023.0,1,1,0,0,0,0
688719,2024.0,1,1,0,0,0,0
688720,2018.0,1,1,0,0,0,0
688720,2020.0,1,1,0,0,0,0
688720,2021.0,3,3,0,0,0,0
688726,2015.0,1,1,0,0,0,0
688726,2024.0,1,1,0,0,0,0
688733,2014.0,1,1,0,0,0,0
688733,2024.0,6,6,0,0,0,0
688737,2020.0,2,2,0,0,0,0
688737,2021.0,2,2,0,0,0,0
688758,2023.0,1,1,0,0,0,0
688766,2025.0,1,1,0,0,0,0
688767,2021.0,33,1,0,0,0,0
688767,2022.0,14,5,0,0,0,0
688767,2023.0,9,1,0,0,0,0
688767,2024.0,10,8,0,0,0,0
688772,2013.0,1,0,0,0,0,0
688772,2015.0,1,0,0,0,0,0
688772,2016.0,1,1,0,0,0,0
688772,2017.0,4,1,0,0,0,0
688772,2020.0,3,3,0,0,0,0
688772,2021.0,3,3,0,0,0,0
688772,2022.0,1,1,0,0,0,0
688772,2023.0,3,3,0,0,0,0
688772,2024.0,2,2,0,0,0,0
688776,2022.0,12,4,0,0,0,0
688776,2023.0,1,0,0,0,0,0
688776,2024.0,9,5,0,0,0,0
688779,2020.0,1,1,0,0,0,0
688789,2020.0,1,1,0,0,0,0
688789,2021.0,4,3,0,0,0,0
688789,2022.0,5,2,0,0,0,0
688789,2023.0,4,4,0,0,0,0
688789,2024.0,2,1,0,0,0,0
688793,2024.0,4,0,0,0,0,0
688799,2007.0,2,2,0,0,0,0
688799,2013.0,1,1,0,0,0,0
688799,2014.0,1,1,0,0,0,0
688799,2015.0,1,1,0,0,0,0
688799,2016.0,2,2,0,0,0,0
688799,2018.0,4,4,0,0,0,0
688799,2019.0,2,2,0,0,0,0
688799,2020.0,2,2,0,0,0,0
688799,2021.0,1,1,0,0,0,0
688799,2022.0,1,1,0,0,0,0
688819,2020.0,2,0,0,0,0,0
688819,2022.0,1,0,0,0,0,0
832317,2017.0,1,1,0,0,0,0
920001,2012.0,1,1,0,0,0,0
920001,2020.0,1,1,0,0,0,0
920001,2021.0,2,2,0,0,0,0
920001,2022.0,3,2,0,0,0,0
920001,2023.0,1,1,0,0,0,0
920001,2024.0,1,1,0,0,0,0
920008,2024.0,3,3,0,0,0,0
920010,2021.0,1,0,0,0,0,0
920010,2022.0,1,1,0,0,0,0
920014,2018.0,1,1,0,0,0,0
920014,2019.0,1,1,0,0,0,0
920021,2020.0,4,0,0,0,0,0
920039,2019.0,5,0,0,0,0,0
920039,2020.0,2,0,0,0,0,0
920039,2022.0,1,1,0,0,0,0
920039,2023.0,4,4,0,3,0,3
920039,2024.0,3,3,1,2,1,2
920047,2004.0,1,1,0,0,0,0
920047,2008.0,1,1,0,0,0,0
920047,2009.0,1,1,0,0,0,0
920047,2010.0,1,1,0,0,0,0
920047,2011.0,1,1,0,0,0,0
920047,2018.0,1,1,0,0,0,0
920047,2019.0,6,2,0,0,0,0
920047,2021.0,2,2,0,0,0,0
920047,2022.0,3,3,0,0,0,0
920057,2012.0,1,1,0,0,0,0
920057,2017.0,1,1,0,0,0,0
920057,2021.0,1,0,0,0,0,0
920057,2022.0,13,2,0,0,0,0
920062,2017.0,1,1,0,0,0,0
920066,2015.0,2,0,0,0,0,0
920066,2016.0,2,2,0,0,0,0
920066,2020.0,2,0,0,0,0,0
920066,2021.0,1,1,0,0,0,0
920066,2022.0,3,3,0,0,0,0
920066,2023.0,1,0,0,0,0,0
920066,2024.0,3,3,0,0,0,0
920075,2018.0,2,0,0,0,0,0
920075,2020.0,1,0,0,0,0,0
920077,2009.0,1,1,0,0,0,0
920077,2019.0,2,1,0,0,0,0
920077,2020.0,3,0,0,0,0,0
920077,2021.0,5,1,0,0,0,0
920077,2022.0,9,4,0,0,0,0
920077,2023.0,6,4,0,0,0,0
920077,2024.0,11,8,0,0,0,0
920087,2023.0,4,2,0,0,0,0
920087,2024.0,4,0,0,0,0,0
920090,2015.0,5,0,0,0,0,0
920090,2017.0,5,4,0,0,0,0
920090,2018.0,9,0,0,0,0,0
920090,2019.0,2,0,0,0,0,0
920090,2020.0,3,0,0,0,0,0
920090,2021.0,4,0,0,0,0,0
920090,2022.0,6,1,0,0,0,0
920090,2024.0,1,1,0,1,0,1
920092,2017.0,3,3,0,0,0,0
920092,2018.0,2,2,0,0,0,0
920092,2019.0,3,3,0,1,0,1
920092,2021.0,2,0,0,0,0,0
920092,2022.0,3,0,0,0,0,0
920092,2023.0,9,0,0,0,0,0
920092,2024.0,10,5,0,0,0,0
920116,2024.0,6,6,0,2,0,2
920116,2025.0,11,9,1,3,1,3
920122,2022.0,21,1,0,0,0,0
920122,2023.0,14,1,0,0,0,0
920122,2024.0,22,7,0,0,0,0
920123,2015.0,1,1,0,0,0,0
920123,2023.0,1,1,0,0,0,0
920130,2016.0,1,1,0,0,0,0
920130,2021.0,1,1,0,0,0,0
920130,2023.0,18,13,0,1,0,1
920130,2024.0,19,6,0,1,0,1
920139,2018.0,7,7,0,0,0,0
920139,2019.0,7,7,0,0,0,0
920139,2020.0,8,8,0,0,0,0
920139,2021.0,11,11,0,0,0,0
920145,2017.0,1,0,0,0,0,0
920146,2017.0,1,1,0,0,0,0
920146,2018.0,1,0,0,0,0,0
920146,2019.0,3,0,0,0,0,0
920149,2024.0,28,5,0,0,0,0
920152,2015.0,1,0,0,0,0,0
920152,2017.0,8,6,0,0,0,0
920152,2018.0,8,2,0,0,0,0
920152,2019.0,8,5,0,0,0,0
920152,2020.0,7,5,0,0,0,0
920152,2021.0,7,2,0,0,0,0
920152,2022.0,4,3,0,0,0,0
920152,2023.0,8,4,0,0,0,0
920152,2024.0,2,2,0,0,0,0
920163,2018.0,1,1,0,0,0,0
920163,2019.0,3,0,0,0,0,0
920163,2020.0,4,1,0,0,0,0
920163,2021.0,8,2,0,0,0,0
920163,2022.0,4,3,0,0,0,0
920163,2023.0,2,2,0,0,0,0
920163,2024.0,1,1,0,0,0,0
920167,2017.0,1,1,0,0,0,0
920167,2019.0,1,1,0,0,0,0
920169,2022.0,1,0,0,0,0,0
920171,2022.0,3,3,0,0,0,0
920171,2023.0,4,1,0,1,0,1
920171,2024.0,1,1,0,0,0,0
920174,2015.0,1,1,0,0,0,0
920174,2016.0,2,2,0,0,0,0
920174,2018.0,4,4,0,0,0,0
920174,2019.0,1,1,0,0,0,0
920179,2018.0,1,0,0,0,0,0
920179,2023.0,5,1,0,0,0,0
920179,2024.0,3,3,0,0,0,0
920184,2018.0,1,0,0,0,0,0
920184,2023.0,3,3,0,0,0,0
920185,2016.0,1,1,0,0,0,0
920195,2024.0,4,2,0,0,0,0
920199,2014.0,3,0,0,0,0,0
920199,2015.0,1,0,0,0,0,0
920204,2019.0,1,0,0,0,0,0
920204,2023.0,9,4,0,1,0,1
920204,2024.0,5,3,0,0,0,0
920208,2019.0,1,1,0,0,0,0
920208,2020.0,1,1,0,0,0,0
920208,2021.0,3,3,0,1,0,1
920208,2022.0,2,1,0,0,0,0
920208,2023.0,9,3,0,1,0,1
920208,2024.0,9,9,0,0,0,0
920208,2025.0,1,1,0,0,0,0
920225,2013.0,1,1,0,0,0,0
920225,2014.0,1,1,0,0,0,0
920230,2012.0,1,1,0,0,0,0
920230,2015.0,10,0,0,0,0,0
920230,2016.0,1,1,0,0,0,0
920230,2018.0,1,1,0,0,0,0
920230,2019.0,8,0,0,0,0,0
920230,2021.0,10,0,0,0,0,0
920230,2022.0,1,1,0,0,0,0
920230,2023.0,10,2,0,0,0,0
920230,2025.0,1,1,0,0,0,0
920237,2017.0,5,3,0,0,0,0
920237,2018.0,4,0,0,0,0,0
920237,2021.0,4,1,0,0,0,0
920237,2022.0,2,0,0,0,0,0
920237,2024.0,8,8,0,0,0,0
920239,2014.0,1,1,0,0,0,0
920239,2019.0,1,1,0,0,0,0
920260,2017.0,2,1,0,0,0,0
920260,2018.0,7,2,0,0,0,0
920263,2008.0,1,0,0,0,0,0
920263,2012.0,2,0,0,0,0,0
920263,2014.0,3,1,0,0,0,0
920263,2015.0,2,0,0,0,0,0
920263,2016.0,1,1,0,0,0,0
920263,2017.0,4,1,0,0,0,0
920266,2012.0,1,1,0,0,0,0
920266,2016.0,2,2,0,0,0,0
920267,2016.0,2,0,0,0,0,0
920267,2017.0,1,0,0,0,0,0
920267,2019.0,1,1,0,0,0,0
920271,2017.0,1,0,0,0,0,0
920271,2019.0,2,0,0,0,0,0
920271,2020.0,10,0,0,0,0,0
920271,2021.0,6,0,0,0,0,0
920271,2022.0,10,0,0,0,0,0
920271,2023.0,18,0,0,0,0,0
920271,2024.0,12,5,0,0,0,0
920275,2013.0,1,1,0,0,0,0
920275,2022.0,1,1,0,0,0,0
920278,2021.0,1,1,0,0,0,0
920278,2022.0,1,1,0,0,0,0
920278,2023.0,1,1,0,0,0,0
920284,2020.0,1,0,0,0,0,0
920299,2022.0,6,3,0,1,0,1
920299,2023.0,1,1,1,1,1,1
920299,2024.0,6,3,0,0,0,0
920305,2014.0,3,0,0,0,0,0
920305,2015.0,1,0,0,0,0,0
920305,2021.0,7,5,0,0,0,0
920305,2022.0,5,5,1,2,1,2
920305,2023.0,26,24,6,7,6,7
920305,2024.0,16,15,2,3,2,3
920344,2010.0,1,1,0,0,0,0
920344,2012.0,5,5,0,0,0,0
920344,2013.0,9,9,0,0,0,0
920344,2014.0,4,4,0,0,0,0
920344,2015.0,4,4,0,0,0,0
920344,2018.0,1,1,0,0,0,0
920344,2020.0,1,1,0,0,0,0
920344,2022.0,2,2,0,0,0,0
920344,2023.0,1,1,0,0,0,0
920346,2017.0,7,0,0,0,0,0
920346,2018.0,8,1,0,0,0,0
920346,2019.0,3,0,0,0,0,0
920367,2012.0,1,1,0,0,0,0
920367,2015.0,1,1,0,0,0,0
920368,2020.0,1,1,0,0,0,0
920375,2019.0,1,1,0,0,0,0
920378,2010.0,1,1,0,0,0,0
920378,2012.0,3,1,0,0,0,0
920378,2013.0,5,1,0,0,0,0
920378,2014.0,1,0,0,0,0,0
920378,2015.0,4,3,0,0,0,0
920378,2017.0,1,1,0,0,0,0
920378,2020.0,1,1,0,0,0,0
920378,2021.0,4,1,0,0,0,0
920378,2022.0,1,1,0,0,0,0
920378,2023.0,2,2,0,0,0,0
920378,2024.0,6,6,0,0,0,0
920396,2023.0,8,8,0,0,0,0
920396,2024.0,2,2,0,0,0,0
920415,2021.0,7,7,0,0,0,0
920419,2023.0,3,2,0,0,0,0
920419,2024.0,1,1,0,0,0,0
920425,2024.0,2,2,0,0,0,0
920427,2020.0,5,1,0,0,0,0
920427,2021.0,2,0,0,0,0,0
920427,2022.0,6,1,0,0,0,0
920427,2023.0,15,0,0,0,0,0
920427,2024.0,5,1,0,0,0,0
920433,2013.0,1,0,0,0,0,0
920433,2014.0,1,0,0,0,0,0
920433,2016.0,3,2,0,0,0,0
920433,2017.0,1,0,0,0,0,0
920433,2019.0,1,1,0,0,0,0
920433,2024.0,1,1,0,0,0,0
920454,2020.0,3,0,0,0,0,0
920471,2020.0,1,1,0,0,0,0
920478,2014.0,1,1,0,0,0,0
920478,2018.0,1,1,0,0,0,0
920478,2020.0,2,1,0,0,0,0
920478,2023.0,2,2,0,0,0,0
920478,2024.0,3,3,0,0,0,0
920489,2017.0,1,1,0,0,0,0
920491,2016.0,1,0,0,0,0,0
920491,2018.0,9,9,0,0,0,0
920493,2023.0,3,2,0,2,0,1
920493,2024.0,3,3,0,1,0,1
920505,2022.0,1,1,0,0,0,0
920505,2024.0,1,1,0,0,0,0
920508,2018.0,1,1,0,0,0,0
920508,2019.0,2,2,0,0,0,0
920519,2014.0,1,1,0,0,0,0
920523,2018.0,2,0,0,0,0,0
920523,2019.0,8,3,0,0,0,0
920523,2020.0,7,0,0,0,0,0
920523,2021.0,4,0,0,0,0,0
920523,2022.0,1,1,0,0,0,0
920527,2020.0,3,2,0,0,0,0
920547,2007.0,2,2,0,0,0,0
920547,2011.0,2,2,0,0,0,0
920547,2012.0,2,2,0,0,0,0
920547,2018.0,1,1,0,0,0,0
920547,2021.0,8,6,0,0,0,0
920547,2022.0,1,1,0,0,0,0
920547,2024.0,3,1,0,0,0,0
920564,2017.0,4,1,0,2,0,1
920564,2018.0,2,0,0,0,0,0
920564,2019.0,2,0,0,0,0,0
920566,2007.0,1,1,0,0,0,0
920566,2011.0,1,1,0,0,0,0
920566,2013.0,1,1,0,0,0,0
920566,2015.0,1,1,0,0,0,0
920566,2016.0,1,1,0,0,0,0
920571,2022.0,1,0,0,0,0,0
920576,2023.0,1,1,0,0,0,0
920580,2017.0,4,1,0,0,0,0
920580,2018.0,2,2,0,0,0,0
920580,2019.0,2,0,0,0,0,0
920580,2020.0,3,0,0,0,0,0
920580,2021.0,3,1,0,0,0,0
920580,2022.0,3,1,0,0,0,0
920580,2023.0,2,2,0,0,0,0
920580,2024.0,3,0,0,0,0,0
920580,2025.0,2,0,0,0,0,0
920593,2021.0,1,0,0,0,0,0
920599,2007.0,1,1,0,0,0,0
920599,2011.0,3,3,0,0,0,0
920599,2012.0,1,0,0,0,0,0
920599,2016.0,1,0,0,0,0,0
920599,2020.0,1,1,0,0,0,0
920634,2017.0,3,0,0,0,0,0
920634,2018.0,2,0,0,0,0,0
920634,2022.0,4,4,0,0,0,0
920634,2023.0,3,3,0,0,0,0
920639,2020.0,3,0,0,0,0,0
920639,2021.0,2,1,0,0,0,0
920641,2018.0,1,1,0,0,0,0
920651,2023.0,1,1,0,0,0,0
920651,2024.0,1,1,0,0,0,0
920656,2015.0,1,1,0,0,0,0
920656,2016.0,1,1,0,0,0,0
920656,2017.0,1,1,0,0,0,0
920656,2023.0,3,3,0,0,0,0
920662,2011.0,4,2,0,0,0,0
920662,2017.0,1,1,0,0,0,0
920662,2018.0,4,4,0,0,0,0
920663,2013.0,1,1,0,0,0,0
920670,2020.0,1,1,0,1,0,1
920670,2021.0,5,5,0,1,0,1
920670,2022.0,2,1,0,0,0,0
920670,2024.0,2,2,0,0,0,0
920670,2025.0,5,3,0,0,0,0
920680,2013.0,1,1,0,0,0,0
920680,2014.0,1,1,0,0,0,0
920680,2016.0,2,2,0,0,0,0
920680,2021.0,1,1,0,0,0,0
920680,2022.0,1,1,0,0,0,0
920680,2023.0,1,1,0,0,0,0
920682,2021.0,1,0,0,0,0,0
920682,2024.0,1,0,0,0,0,0
920689,2013.0,1,1,0,0,0,0
920689,2014.0,1,1,0,0,0,0
920689,2015.0,1,0,0,0,0,0
920689,2016.0,1,0,0,0,0,0
920689,2018.0,2,1,0,0,0,0
920689,2019.0,1,0,0,0,0,0
920689,2020.0,4,4,0,0,0,0
920689,2023.0,1,1,0,0,0,0
920689,2024.0,3,3,0,0,0,0
920693,2023.0,1,1,0,0,0,0
920701,2024.0,1,1,0,0,0,0
920703,2024.0,3,0,0,0,0,0
920717,2023.0,2,2,0,0,0,0
920717,2024.0,9,9,0,0,0,0
920717,2025.0,1,1,0,0,0,0
920719,2016.0,1,1,0,0,0,0
920725,2018.0,8,0,0,0,0,0
920725,2024.0,1,1,0,0,0,0
920729,2012.0,1,1,0,0,0,0
920729,2013.0,1,1,0,0,0,0
920729,2020.0,1,0,0,0,0,0
920729,2021.0,1,0,0,0,0,0
920735,2007.0,1,1,0,0,0,0
920735,2011.0,3,3,0,0,0,0
920735,2012.0,1,0,0,0,0,0
920735,2016.0,1,0,0,0,0,0
920735,2020.0,2,2,0,0,0,0
920735,2022.0,1,1,0,0,0,0
920735,2023.0,1,1,0,0,0,0
920748,2023.0,1,1,0,0,0,0
920753,2023.0,15,1,0,0,0,0
920753,2024.0,10,1,0,0,0,0
920781,2018.0,1,0,0,0,0,0
920781,2021.0,1,0,0,0,0,0
920799,2019.0,2,2,0,0,0,0
920799,2020.0,2,2,0,0,0,0
920799,2022.0,3,3,0,1,0,1
920799,2024.0,1,1,0,0,0,0
920806,2023.0,29,8,0,0,0,0
920806,2024.0,14,1,0,0,0,0
920810,2009.0,1,1,0,0,0,0
920810,2011.0,1,0,0,0,0,0
920810,2012.0,2,2,0,0,0,0
920810,2016.0,1,1,0,0,0,0
920810,2017.0,7,2,0,0,0,0
920810,2018.0,5,3,0,0,0,0
920810,2020.0,4,0,0,0,0,0
920810,2022.0,4,0,0,0,0,0
920832,2023.0,2,2,0,0,0,0
920839,2024.0,1,0,0,0,0,0
920855,2017.0,2,1,0,0,0,0
920855,2018.0,35,0,0,0,0,0
920855,2019.0,2,0,0,0,0,0
920855,2020.0,9,0,0,0,0,0
920855,2021.0,15,2,0,0,0,0
920855,2022.0,6,2,0,0,0,0
920855,2023.0,13,4,0,0,0,0
920855,2024.0,8,4,0,0,0,0
920857,2024.0,4,0,0,0,0,0
920873,2011.0,1,0,0,0,0,0
920873,2013.0,3,0,0,0,0,0
920873,2014.0,1,0,0,0,0,0
920873,2015.0,1,0,0,0,0,0
920873,2017.0,5,1,0,0,0,0
920873,2018.0,16,0,0,0,0,0
920873,2019.0,3,1,0,0,0,0
920873,2020.0,11,0,0,0,0,0
920873,2021.0,27,0,0,0,0,0
920873,2022.0,5,0,0,0,0,0
920873,2023.0,1,0,0,0,0,0
920873,2024.0,15,2,0,0,0,0
920879,2018.0,3,3,0,0,0,0
920879,2019.0,1,1,0,0,0,0
920892,2018.0,4,4,0,0,0,0
920892,2023.0,1,1,0,0,0,0
920892,2024.0,3,3,0,0,0,0
920896,2015.0,6,0,0,0,0,0
920896,2016.0,1,0,0,0,0,0
920896,2022.0,6,4,0,0,0,0
920896,2023.0,2,2,0,0,0,0
920896,2024.0,2,0,0,0,0,0
920906,2022.0,1,1,0,0,0,0
920924,2017.0,4,0,0,0,0,0
920924,2018.0,3,0,0,0,0,0
920924,2020.0,3,0,0,0,0,0
920924,2021.0,2,2,0,0,0,0
920924,2022.0,1,1,0,0,0,0
920924,2023.0,5,2,0,0,0,0
920924,2024.0,6,5,0,1,0,1
920932,2012.0,3,3,0,0,0,0
920932,2014.0,3,2,0,0,0,0
920932,2016.0,1,1,0,0,0,0
920932,2017.0,1,1,0,0,0,0
920932,2020.0,1,1,0,0,0,0
920932,2022.0,2,2,0,0,0,0
920932,2023.0,2,2,0,0,0,0
920942,2016.0,1,1,0,0,0,0
920942,2024.0,1,0,0,0,0,0
920943,2017.0,1,1,0,0,0,0
920943,2018.0,11,0,0,0,0,0
920943,2019.0,13,1,0,0,0,0
920943,2020.0,12,0,0,0,0,0
920943,2021.0,1,0,0,0,0,0
920943,2022.0,4,3,0,0,0,0
920943,2023.0,2,1,0,0,0,0
920943,2024.0,7,7,0,0,0,0
920953,2024.0,7,5,0,0,0,0
920961,2015.0,1,1,0,0,0,0
920964,2015.0,1,1,0,0,0,0
920964,2017.0,1,1,0,0,0,0
920970,2023.0,2,2,0,0,0,0
920970,2024.0,5,0,0,0,0,0
920971,2011.0,1,1,0,0,0,0
920971,2017.0,1,1,0,0,0,0
920976,2023.0,32,6,0,0,0,0
920982,2013.0,1,1,0,0,0,0
920985,2018.0,5,0,0,0,0,0
920992,2020.0,1,0,0,0,0,0
