city,year,total_patents,top20_patents,top20_firm_share_total,top20_firm_share_top20,top20_government_share_total,top20_government_share_top20,top20_hospital_share_total,top20_hospital_share_top20,top20_individual_share_total,top20_individual_share_top20,top20_other_share_total,top20_other_share_top20,top20_research_share_total,top20_research_share_top20,top20_univ_share_total,top20_univ_share_top20
七台河,2008,10,10,0.0,0.0,0.0,0.0,0.0,0.0,1.0,1.0,0.0,0.0,0.0,0.0,0.0,0.0
七台河,2009,18,18,0.1111111111111111,0.1111111111111111,0.0,0.0,0.0,0.0,0.8888888888888888,0.8888888888888888,0.0,0.0,0.0,0.0,0.0,0.0
七台河,2010,14,14,0.07142857142857142,0.07142857142857142,0.0,0.0,0.0,0.0,0.8571428571428571,0.8571428571428571,0.07142857142857142,0.07142857142857142,0.0,0.0,0.0,0.0
七台河,2011,20,20,0.2,0.2,0.0,0.0,0.0,0.0,0.75,0.75,0.05,0.05,0.0,0.0,0.0,0.0
七台河,2012,23,23,0.17391304347826086,0.17391304347826086,0.0,0.0,0.0,0.0,0.782608695652174,0.782608695652174,0.043478260869565216,0.043478260869565216,0.0,0.0,0.0,0.0
七台河,2013,76,74,0.6052631578947368,0.6216216216216216,0.0,0.0,0.0,0.0,0.3684210526315789,0.3783783783783784,0.0,0.0,0.0,0.0,0.0,0.0
七台河,2014,23,23,0.2608695652173913,0.2608695652173913,0.0,0.0,0.0,0.0,0.7391304347826086,0.7391304347826086,0.0,0.0,0.0,0.0,0.0,0.0
七台河,2015,83,75,0.6144578313253012,0.68,0.0,0.0,0.0,0.0,0.27710843373493976,0.30666666666666664,0.012048192771084338,0.013333333333333334,0.0,0.0,0.0,0.0
七台河,2016,34,34,0.20588235294117646,0.20588235294117646,0.0,0.0,0.0,0.0,0.7941176470588235,0.7941176470588235,0.0,0.0,0.0,0.0,0.0,0.0
七台河,2017,23,23,0.5652173913043478,0.5652173913043478,0.0,0.0,0.0,0.0,0.391304347826087,0.391304347826087,0.0,0.0,0.043478260869565216,0.043478260869565216,0.0,0.0
七台河,2018,45,45,0.4888888888888889,0.4888888888888889,0.0,0.0,0.0,0.0,0.4888888888888889,0.4888888888888889,0.0,0.0,0.022222222222222223,0.022222222222222223,0.0,0.0
七台河,2019,56,51,0.7321428571428571,0.803921568627451,0.0,0.0,0.0,0.0,0.14285714285714285,0.1568627450980392,0.0,0.0,0.03571428571428571,0.0392156862745098,0.0,0.0
七台河,2020,55,44,0.3090909090909091,0.38636363636363635,0.0,0.0,0.0,0.0,0.45454545454545453,0.5681818181818182,0.01818181818181818,0.022727272727272728,0.01818181818181818,0.022727272727272728,0.0,0.0
七台河,2021,91,79,0.4835164835164835,0.5569620253164557,0.0,0.0,0.0,0.0,0.37362637362637363,0.43037974683544306,0.01098901098901099,0.012658227848101266,0.0,0.0,0.0,0.0
七台河,2022,50,39,0.56,0.717948717948718,0.0,0.0,0.0,0.0,0.2,0.2564102564102564,0.0,0.0,0.02,0.02564102564102564,0.0,0.0
七台河,2023,68,53,0.6176470588235294,0.7924528301886793,0.0,0.0,0.014705882352941176,0.018867924528301886,0.1323529411764706,0.16981132075471697,0.014705882352941176,0.018867924528301886,0.0,0.0,0.0,0.0
万宁,2008,6,6,0.3333333333333333,0.3333333333333333,0.0,0.0,0.0,0.0,0.16666666666666666,0.16666666666666666,0.0,0.0,0.5,0.5,0.0,0.0
万宁,2009,5,5,0.0,0.0,0.0,0.0,0.0,0.0,0.6,0.6,0.0,0.0,0.4,0.4,0.0,0.0
万宁,2010,9,9,0.0,0.0,0.0,0.0,0.0,0.0,0.0,0.0,0.0,0.0,1.0,1.0,0.0,0.0
万宁,2011,13,13,0.0,0.0,0.0,0.0,0.0,0.0,0.15384615384615385,0.15384615384615385,0.0,0.0,0.8461538461538461,0.8461538461538461,0.0,0.0
万宁,2012,32,32,0.0,0.0,0.0,0.0,0.0,0.0,0.59375,0.59375,0.0,0.0,0.40625,0.40625,0.0,0.0
万宁,2013,22,22,0.0,0.0,0.0,0.0,0.0,0.0,0.18181818181818182,0.18181818181818182,0.0,0.0,0.8181818181818182,0.8181818181818182,0.0,0.0
万宁,2014,22,22,0.0,0.0,0.0,0.0,0.0,0.0,0.18181818181818182,0.18181818181818182,0.0,0.0,0.8181818181818182,0.8181818181818182,0.0,0.0
万宁,2015,30,30,0.0,0.0,0.0,0.0,0.03333333333333333,0.03333333333333333,0.3,0.3,0.0,0.0,0.6666666666666666,0.6666666666666666,0.0,0.0
万宁,2016,21,21,0.0,0.0,0.0,0.0,0.09523809523809523,0.09523809523809523,0.14285714285714285,0.14285714285714285,0.0,0.0,0.7619047619047619,0.7619047619047619,0.0,0.0
万宁,2017,11,11,0.09090909090909091,0.09090909090909091,0.0,0.0,0.0,0.0,0.09090909090909091,0.09090909090909091,0.0,0.0,0.8181818181818182,0.8181818181818182,0.0,0.0
万宁,2018,21,21,0.23809523809523808,0.23809523809523808,0.0,0.0,0.047619047619047616,0.047619047619047616,0.38095238095238093,0.38095238095238093,0.0,0.0,0.3333333333333333,0.3333333333333333,0.0,0.0
万宁,2019,31,31,0.25806451612903225,0.25806451612903225,0.0,0.0,0.03225806451612903,0.03225806451612903,0.25806451612903225,0.25806451612903225,0.0,0.0,0.45161290322580644,0.45161290322580644,0.0,0.0
万宁,2020,35,35,0.3142857142857143,0.3142857142857143,0.0,0.0,0.0,0.0,0.14285714285714285,0.14285714285714285,0.0,0.0,0.5428571428571428,0.5428571428571428,0.0,0.0
万宁,2021,35,35,0.4,0.4,0.0,0.0,0.0,0.0,0.2857142857142857,0.2857142857142857,0.0,0.0,0.3142857142857143,0.3142857142857143,0.0,0.0
万宁,2022,59,59,0.22033898305084745,0.22033898305084745,0.0,0.0,0.0,0.0,0.06779661016949153,0.06779661016949153,0.0,0.0,0.711864406779661,0.711864406779661,0.0,0.0
万宁,2023,63,61,0.5079365079365079,0.5245901639344263,0.0,0.0,0.015873015873015872,0.01639344262295082,0.06349206349206349,0.06557377049180328,0.0,0.0,0.38095238095238093,0.39344262295081966,0.0,0.0
三亚,2008,4,4,0.25,0.25,0.0,0.0,0.0,0.0,0.75,0.75,0.0,0.0,0.0,0.0,0.0,0.0
三亚,2009,11,11,0.18181818181818182,0.18181818181818182,0.0,0.0,0.0,0.0,0.5454545454545454,0.5454545454545454,0.0,0.0,0.2727272727272727,0.2727272727272727,0.0,0.0
三亚,2010,14,14,0.21428571428571427,0.21428571428571427,0.0,0.0,0.0,0.0,0.35714285714285715,0.35714285714285715,0.0,0.0,0.42857142857142855,0.42857142857142855,0.0,0.0
三亚,2011,7,7,0.14285714285714285,0.14285714285714285,0.0,0.0,0.0,0.0,0.7142857142857143,0.7142857142857143,0.0,0.0,0.14285714285714285,0.14285714285714285,0.0,0.0
三亚,2012,27,27,0.5925925925925926,0.5925925925925926,0.0,0.0,0.0,0.0,0.2222222222222222,0.2222222222222222,0.0,0.0,0.1111111111111111,0.1111111111111111,0.07407407407407407,0.07407407407407407
三亚,2013,44,44,0.6363636363636364,0.6363636363636364,0.0,0.0,0.0,0.0,0.18181818181818182,0.18181818181818182,0.0,0.0,0.045454545454545456,0.045454545454545456,0.13636363636363635,0.13636363636363635
三亚,2014,50,46,0.56,0.6086956521739131,0.0,0.0,0.04,0.043478260869565216,0.18,0.1956521739130435,0.0,0.0,0.1,0.10869565217391304,0.04,0.043478260869565216
三亚,2015,56,53,0.5,0.5283018867924528,0.0,0.0,0.0,0.0,0.14285714285714285,0.1509433962264151,0.0,0.0,0.21428571428571427,0.22641509433962265,0.08928571428571429,0.09433962264150944
三亚,2016,52,46,0.40384615384615385,0.45652173913043476,0.0,0.0,0.0,0.0,0.17307692307692307,0.1956521739130435,0.038461538461538464,0.043478260869565216,0.17307692307692307,0.1956521739130435,0.09615384615384616,0.10869565217391304
三亚,2017,101,79,0.21782178217821782,0.27848101265822783,0.0,0.0,0.0297029702970297,0.0379746835443038,0.0594059405940594,0.0759493670886076,0.0,0.0,0.33663366336633666,0.43037974683544306,0.13861386138613863,0.17721518987341772
三亚,2018,156,122,0.15384615384615385,0.19672131147540983,0.0,0.0,0.02564102564102564,0.03278688524590164,0.16025641025641027,0.20491803278688525,0.0,0.0,0.2564102564102564,0.32786885245901637,0.1858974358974359,0.23770491803278687
三亚,2019,198,144,0.3383838383838384,0.4652777777777778,0.0,0.0,0.010101010101010102,0.013888888888888888,0.050505050505050504,0.06944444444444445,0.0,0.0,0.17676767676767677,0.24305555555555555,0.15151515151515152,0.20833333333333334
三亚,2020,359,240,0.35097493036211697,0.525,0.0,0.0,0.025069637883008356,0.0375,0.06963788300835655,0.10416666666666667,0.0,0.0,0.12813370473537605,0.19166666666666668,0.0947075208913649,0.14166666666666666
三亚,2021,446,261,0.3071748878923767,0.524904214559387,0.0,0.0,0.01569506726457399,0.02681992337164751,0.0,0.0,0.017937219730941704,0.03065134099616858,0.13901345291479822,0.23754789272030652,0.10538116591928251,0.18007662835249041
三亚,2022,715,344,0.13006993006993006,0.2703488372093023,0.0,0.0,0.026573426573426574,0.055232558139534885,0.0,0.0,0.0,0.0,0.2083916083916084,0.4331395348837209,0.11608391608391608,0.24127906976744187
三亚,2023,1478,889,0.07171853856562922,0.11923509561304838,0.0,0.0,0.03247631935047361,0.05399325084364454,0.0,0.0,0.0,0.0,0.3497970230040595,0.5815523059617548,0.14749661705006767,0.2452193475815523
三明,2008,31,28,0.41935483870967744,0.4642857142857143,0.0,0.0,0.0,0.0,0.4838709677419355,0.5357142857142857,0.0,0.0,0.0,0.0,0.0,0.0
三明,2009,63,38,0.3968253968253968,0.6578947368421053,0.0,0.0,0.0,0.0,0.19047619047619047,0.3157894736842105,0.0,0.0,0.0,0.0,0.015873015873015872,0.02631578947368421
三明,2010,89,58,0.5730337078651685,0.8793103448275862,0.0,0.0,0.0,0.0,0.056179775280898875,0.08620689655172414,0.0,0.0,0.0,0.0,0.02247191011235955,0.034482758620689655
三明,2011,138,73,0.32608695652173914,0.6164383561643836,0.0,0.0,0.0,0.0,0.16666666666666666,0.3150684931506849,0.0,0.0,0.0,0.0,0.036231884057971016,0.0684931506849315
三明,2012,145,72,0.4206896551724138,0.8472222222222222,0.0,0.0,0.0,0.0,0.041379310344827586,0.08333333333333333,0.0,0.0,0.0,0.0,0.034482758620689655,0.06944444444444445
三明,2013,144,67,0.2986111111111111,0.6417910447761194,0.0,0.0,0.0,0.0,0.08333333333333333,0.1791044776119403,0.0,0.0,0.013888888888888888,0.029850746268656716,0.06944444444444445,0.14925373134328357
三明,2014,224,90,0.27232142857142855,0.6777777777777778,0.0,0.0,0.0,0.0,0.049107142857142856,0.12222222222222222,0.0,0.0,0.008928571428571428,0.022222222222222223,0.07142857142857142,0.17777777777777778
三明,2015,253,129,0.1976284584980237,0.3875968992248062,0.0,0.0,0.0,0.0,0.16205533596837945,0.3178294573643411,0.0,0.0,0.015810276679841896,0.031007751937984496,0.13438735177865613,0.26356589147286824
三明,2016,514,228,0.22178988326848248,0.5,0.0,0.0,0.0,0.0,0.14591439688715954,0.32894736842105265,0.0,0.0,0.007782101167315175,0.017543859649122806,0.06809338521400778,0.15350877192982457
三明,2017,531,230,0.17890772128060264,0.41304347826086957,0.0,0.0,0.0,0.0,0.1544256120527307,0.3565217391304348,0.02448210922787194,0.05652173913043478,0.011299435028248588,0.02608695652173913,0.064030131826742,0.14782608695652175
三明,2018,690,301,0.2855072463768116,0.654485049833887,0.0,0.0,0.0,0.0,0.050724637681159424,0.11627906976744186,0.0,0.0,0.0,0.0,0.1,0.2292358803986711
三明,2019,625,291,0.264,0.5670103092783505,0.0,0.0,0.0,0.0,0.0096,0.020618556701030927,0.0,0.0,0.0256,0.054982817869415807,0.1664,0.35738831615120276
三明,2020,852,303,0.19718309859154928,0.5544554455445545,0.0,0.0,0.0,0.0,0.0,0.0,0.0,0.0,0.008215962441314555,0.0231023102310231,0.15023474178403756,0.42244224422442245
三明,2021,682,279,0.17595307917888564,0.43010752688172044,0.0,0.0,0.0,0.0,0.0,0.0,0.0,0.0,0.0,0.0,0.23313782991202345,0.5698924731182796
三明,2022,822,315,0.22262773722627738,0.580952380952381,0.0,0.0,0.0,0.0,0.0,0.0,0.0072992700729927005,0.01904761904761905,0.0170316301703163,0.044444444444444446,0.1362530413625304,0.35555555555555557
三明,2023,815,307,0.2687116564417178,0.7133550488599348,0.0,0.0,0.0,0.0,0.0,0.0,0.0,0.0,0.01717791411042945,0.04560260586319218,0.09079754601226994,0.24104234527687296
三沙,2017,8,8,0.25,0.25,0.0,0.0,0.0,0.0,0.75,0.75,0.0,0.0,0.0,0.0,0.0,0.0
三沙,2020,7,7,0.8571428571428571,0.8571428571428571,0.0,0.0,0.0,0.0,0.0,0.0,0.0,0.0,0.0,0.0,0.14285714285714285,0.14285714285714285
三沙,2021,12,12,0.9166666666666666,0.9166666666666666,0.0,0.0,0.0,0.0,0.08333333333333333,0.08333333333333333,0.0,0.0,0.0,0.0,0.0,0.0
三沙,2022,24,24,0.7916666666666666,0.7916666666666666,0.0,0.0,0.0,0.0,0.08333333333333333,0.08333333333333333,0.08333333333333333,0.08333333333333333,0.041666666666666664,0.041666666666666664,0.0,0.0
三沙,2023,22,22,0.9090909090909091,0.9090909090909091,0.0,0.0,0.0,0.0,0.0,0.0,0.09090909090909091,0.09090909090909091,0.0,0.0,0.0,0.0
三门峡,2008,40,33,0.45,0.5454545454545454,0.0,0.0,0.0,0.0,0.3,0.36363636363636365,0.0,0.0,0.075,0.09090909090909091,0.0,0.0
三门峡,2009,55,43,0.6181818181818182,0.7906976744186046,0.0,0.0,0.0,0.0,0.16363636363636364,0.20930232558139536,0.0,0.0,0.0,0.0,0.0,0.0
三门峡,2010,71,51,0.4788732394366197,0.6666666666666666,0.0,0.0,0.0,0.0,0.19718309859154928,0.27450980392156865,0.028169014084507043,0.0392156862745098,0.014084507042253521,0.0196078431372549,0.0,0.0
三门峡,2011,85,53,0.35294117647058826,0.5660377358490566,0.0,0.0,0.0,0.0,0.23529411764705882,0.37735849056603776,0.0,0.0,0.03529411764705882,0.05660377358490566,0.0,0.0
三门峡,2012,85,50,0.49411764705882355,0.84,0.0,0.0,0.0,0.0,0.09411764705882353,0.16,0.0,0.0,0.0,0.0,0.0,0.0
三门峡,2013,144,97,0.5,0.7422680412371134,0.0,0.0,0.0,0.0,0.0763888888888889,0.1134020618556701,0.09722222222222222,0.14432989690721648,0.0,0.0,0.0,0.0
三门峡,2014,145,95,0.5586206896551724,0.8526315789473684,0.0,0.0,0.0,0.0,0.09655172413793103,0.14736842105263157,0.0,0.0,0.0,0.0,0.0,0.0
三门峡,2015,135,80,0.4962962962962963,0.8375,0.0,0.0,0.0,0.0,0.07407407407407407,0.125,0.0,0.0,0.0,0.0,0.022222222222222223,0.0375
三门峡,2016,196,126,0.5,0.7777777777777778,0.0,0.0,0.0,0.0,0.14285714285714285,0.2222222222222222,0.0,0.0,0.0,0.0,0.0,0.0
三门峡,2017,186,121,0.521505376344086,0.8016528925619835,0.0,0.0,0.0,0.0,0.10752688172043011,0.1652892561983471,0.0,0.0,0.0,0.0,0.021505376344086023,0.03305785123966942
三门峡,2018,211,101,0.41232227488151657,0.8613861386138614,0.0,0.0,0.0,0.0,0.037914691943127965,0.07920792079207921,0.0,0.0,0.02843601895734597,0.0594059405940594,0.0,0.0
三门峡,2019,242,123,0.4628099173553719,0.9105691056910569,0.0,0.0,0.0,0.0,0.045454545454545456,0.08943089430894309,0.0,0.0,0.0,0.0,0.0,0.0
三门峡,2020,254,117,0.4015748031496063,0.8717948717948718,0.0,0.0,0.0,0.0,0.027559055118110236,0.05982905982905983,0.0,0.0,0.0,0.0,0.031496062992125984,0.06837606837606838
三门峡,2021,372,157,0.32526881720430106,0.7707006369426752,0.0,0.0,0.016129032258064516,0.03821656050955414,0.010752688172043012,0.025477707006369428,0.0,0.0,0.0,0.0,0.06989247311827956,0.16560509554140126
三门峡,2022,443,229,0.3182844243792325,0.6157205240174672,0.0,0.0,0.14672686230248308,0.2838427947598253,0.013544018058690745,0.026200873362445413,0.0,0.0,0.0,0.0,0.03837471783295711,0.07423580786026202
三门峡,2023,356,170,0.43258426966292135,0.9058823529411765,0.0,0.0,0.014044943820224719,0.029411764705882353,0.011235955056179775,0.023529411764705882,0.0,0.0,0.0,0.0,0.019662921348314606,0.041176470588235294
上海,2008,16701,5305,0.07364828453386024,0.23185673892554196,0.0,0.0,0.0,0.0,0.0,0.0,0.0,0.0,0.02766301419076702,0.08708765315739868,0.21633435123645292,0.6810556079170593
上海,2009,20792,6397,0.10653135821469796,0.34625605752696575,0.0,0.0,0.0,0.0,0.0,0.0,0.0,0.0,0.02111388995767603,0.06862591839924966,0.18002116198537899,0.5851180240737845
上海,2010,23722,7054,0.09463788887952113,0.31825914374822795,0.0,0.0,0.0,0.0,0.0,0.0,0.0,0.0,0.015513025883146446,0.05216898213779416,0.18721018463873199,0.6295718741139779
上海,2011,28269,8379,0.10258587144929074,0.3461033536221506,0.0,0.0,0.0,0.0,0.0,0.0,0.0,0.0,0.01977431108281156,0.06671440506026972,0.17404223707948635,0.5871822413175797
上海,2012,30906,8778,0.10732543842619556,0.3778765094554568,0.0,0.0,0.0,0.0,0.0,0.0,0.0,0.0,0.0141720054358377,0.04989747095010253,0.16252507603701546,0.5722260195944406
上海,2013,38207,11202,0.1122830894862198,0.38296732726298877,0.0,0.0,0.0,0.0,0.0,0.0,0.0,0.0,0.019629910749339126,0.06695232994108195,0.16127934671657027,0.5500803427959293
上海,2014,37102,11591,0.12729771979947171,0.4074713139504788,0.0,0.0,0.0,0.0,0.0,0.0,0.0,0.0,0.006279984906474045,0.02010180312311276,0.17883132984744757,0.5724268829264084
上海,2015,42680,12074,0.11166822867853796,0.3947324830213682,0.0,0.0,0.0,0.0,0.0,0.0,0.0,0.0,0.0,0.0,0.17122774133083413,0.6052675169786318
上海,2016,50774,13162,0.09002639146019617,0.34728764625436864,0.0,0.0,0.0,0.0,0.0,0.0,0.0,0.0,0.0,0.0,0.16920077204868633,0.6527123537456314
上海,2017,58615,12603,0.08717904973129745,0.4054590176941998,0.0,0.0,0.0,0.0,0.0,0.0,0.0,0.0,0.0,0.0,0.12783417214023715,0.5945409823058002
上海,2018,65624,12569,0.04659880531512861,0.24329700055692577,0.0,0.0,0.0,0.0,0.0,0.0,0.0,0.0,0.0,0.0,0.14493173229306353,0.7567029994430742
上海,2019,79595,14759,0.044047992964382186,0.2375499695101294,0.0,0.0,0.0,0.0,0.0,0.0,0.0,0.0,0.0,0.0,0.14137822727558264,0.7624500304898706
上海,2020,96389,16205,0.05679071263318428,0.33779697624190064,0.0,0.0,0.0,0.0,0.0,0.0,0.0,0.0,0.004886449698617062,0.029065103363159518,0.10644368133293218,0.6331379203949399
上海,2021,112474,19806,0.06100076462115689,0.34641017873371704,0.0,0.0,0.0,0.0,0.0,0.0,0.0,0.0,0.0,0.0,0.11509326599925317,0.653589821266283
上海,2022,103728,18629,0.056850609285824465,0.316549465886521,0.0,0.0,0.0,0.0,0.0,0.0,0.0,0.0,0.0,0.0,0.12274409995372512,0.683450534113479
上海,2023,110974,19455,0.05406671833041974,0.3084040092521203,0.0,0.0,0.0,0.0,0.0,0.0,0.0,0.0,0.0,0.0,0.12124461585596626,0.6915959907478797
上饶,2008,42,30,0.14285714285714285,0.2,0.0,0.0,0.0,0.0,0.5714285714285714,0.8,0.0,0.0,0.0,0.0,0.0,0.0
上饶,2009,56,33,0.17857142857142858,0.30303030303030304,0.0,0.0,0.0,0.0,0.375,0.6363636363636364,0.0,0.0,0.0,0.0,0.03571428571428571,0.06060606060606061
上饶,2010,76,53,0.15789473684210525,0.22641509433962265,0.0,0.0,0.0,0.0,0.5394736842105263,0.7735849056603774,0.0,0.0,0.0,0.0,0.0,0.0
上饶,2011,71,43,0.2112676056338028,0.3488372093023256,0.0,0.0,0.0,0.0,0.38028169014084506,0.627906976744186,0.0,0.0,0.0,0.0,0.014084507042253521,0.023255813953488372
上饶,2012,107,68,0.45794392523364486,0.7205882352941176,0.0,0.0,0.0,0.0,0.1308411214953271,0.20588235294117646,0.0,0.0,0.009345794392523364,0.014705882352941176,0.037383177570093455,0.058823529411764705
上饶,2013,154,99,0.4805194805194805,0.7474747474747475,0.0,0.0,0.0,0.0,0.1038961038961039,0.16161616161616163,0.0,0.0,0.0,0.0,0.05844155844155844,0.09090909090909091
上饶,2014,200,107,0.38,0.7102803738317757,0.0,0.0,0.0,0.0,0.13,0.24299065420560748,0.0,0.0,0.0,0.0,0.025,0.04672897196261682
上饶,2015,181,91,0.425414364640884,0.8461538461538461,0.0,0.0,0.0,0.0,0.06077348066298342,0.12087912087912088,0.0,0.0,0.0,0.0,0.016574585635359115,0.03296703296703297
上饶,2016,215,113,0.413953488372093,0.7876106194690266,0.0,0.0,0.0,0.0,0.06976744186046512,0.13274336283185842,0.013953488372093023,0.02654867256637168,0.0,0.0,0.027906976744186046,0.05309734513274336
上饶,2017,573,296,0.45898778359511344,0.8885135135135135,0.0,0.0,0.0,0.0,0.04013961605584642,0.0777027027027027,0.0,0.0,0.0,0.0,0.017452006980802792,0.033783783783783786
上饶,2018,812,423,0.4544334975369458,0.8723404255319149,0.0,0.0,0.0,0.0,0.02832512315270936,0.054373522458628844,0.0,0.0,0.0,0.0,0.038177339901477834,0.07328605200945626
上饶,2019,1128,753,0.6223404255319149,0.9322709163346613,0.0,0.0,0.0,0.0,0.020390070921985817,0.03054448871181939,0.0,0.0,0.013297872340425532,0.0199203187250996,0.01152482269503546,0.017264276228419653
上饶,2020,1236,460,0.34385113268608414,0.9239130434782609,0.0,0.0,0.0,0.0,0.006472491909385114,0.017391304347826087,0.0,0.0,0.006472491909385114,0.017391304347826087,0.015372168284789644,0.041304347826086954
上饶,2021,1116,351,0.26433691756272404,0.8404558404558404,0.0,0.0,0.0,0.0,0.00985663082437276,0.03133903133903134,0.0,0.0,0.011648745519713262,0.037037037037037035,0.02867383512544803,0.09116809116809117
上饶,2022,987,348,0.3292806484295846,0.9339080459770115,0.0,0.0,0.0,0.0,0.0,0.0,0.0070921985815602835,0.020114942528735632,0.0,0.0,0.016210739614994935,0.04597701149425287
上饶,2023,2052,452,0.20955165692007796,0.9513274336283186,0.0,0.0,0.0,0.0,0.0,0.0,0.0,0.0,0.0,0.0,0.010721247563352826,0.048672566371681415
东方,2008,3,3,0.0,0.0,0.0,0.0,0.0,0.0,1.0,1.0,0.0,0.0,0.0,0.0,0.0,0.0
东方,2010,1,1,0.0,0.0,0.0,0.0,0.0,0.0,1.0,1.0,0.0,0.0,0.0,0.0,0.0,0.0
东方,2011,2,2,1.0,1.0,0.0,0.0,0.0,0.0,0.0,0.0,0.0,0.0,0.0,0.0,0.0,0.0
东方,2012,5,5,1.0,1.0,0.0,0.0,0.0,0.0,0.0,0.0,0.0,0.0,0.0,0.0,0.0,0.0
东方,2013,4,4,1.0,1.0,0.0,0.0,0.0,0.0,0.0,0.0,0.0,0.0,0.0,0.0,0.0,0.0
东方,2014,1,1,1.0,1.0,0.0,0.0,0.0,0.0,0.0,0.0,0.0,0.0,0.0,0.0,0.0,0.0
东方,2015,4,4,1.0,1.0,0.0,0.0,0.0,0.0,0.0,0.0,0.0,0.0,0.0,0.0,0.0,0.0
东方,2016,11,11,0.9090909090909091,0.9090909090909091,0.0,0.0,0.0,0.0,0.09090909090909091,0.09090909090909091,0.0,0.0,0.0,0.0,0.0,0.0
东方,2017,18,18,0.7777777777777778,0.7777777777777778,0.0,0.0,0.0,0.0,0.2222222222222222,0.2222222222222222,0.0,0.0,0.0,0.0,0.0,0.0
东方,2018,22,22,0.3181818181818182,0.3181818181818182,0.0,0.0,0.0,0.0,0.6818181818181818,0.6818181818181818,0.0,0.0,0.0,0.0,0.0,0.0
东方,2019,19,19,0.5789473684210527,0.5789473684210527,0.0,0.0,0.0,0.0,0.42105263157894735,0.42105263157894735,0.0,0.0,0.0,0.0,0.0,0.0
东方,2020,32,32,0.78125,0.78125,0.0,0.0,0.0,0.0,0.21875,0.21875,0.0,0.0,0.0,0.0,0.0,0.0
东方,2021,38,38,0.7631578947368421,0.7631578947368421,0.0,0.0,0.0,0.0,0.21052631578947367,0.21052631578947367,0.02631578947368421,0.02631578947368421,0.0,0.0,0.0,0.0
东方,2022,55,55,0.9090909090909091,0.9090909090909091,0.0,0.0,0.0,0.0,0.09090909090909091,0.09090909090909091,0.0,0.0,0.0,0.0,0.0,0.0
东方,2023,95,91,0.9578947368421052,1.0,0.0,0.0,0.0,0.0,0.0,0.0,0.0,0.0,0.0,0.0,0.0,0.0
东莞,2008,1067,223,0.1640112464854733,0.7847533632286996,0.0,0.0,0.0,0.0,0.03655107778819119,0.17488789237668162,0.0,0.0,0.0,0.0,0.008434864104967198,0.04035874439461883
东莞,2009,1494,329,0.20281124497991967,0.9209726443768997,0.0,0.0,0.0,0.0,0.01740294511378849,0.0790273556231003,0.0,0.0,0.0,0.0,0.0,0.0
东莞,2010,4123,1137,0.10890128547174388,0.39489885664028146,0.0,0.0,0.0,0.0,0.16686878486538928,0.6051011433597185,0.0,0.0,0.0,0.0,0.0,0.0
东莞,2011,2585,716,0.24758220502901354,0.8938547486033519,0.0,0.0,0.0,0.0,0.021663442940038684,0.0782122905027933,0.0,0.0,0.007736943907156673,0.027932960893854747,0.0,0.0
东莞,2012,5227,2362,0.3701932274727377,0.81922099915326,0.0,0.0,0.0,0.0,0.08169121867227855,0.18077900084674006,0.0,0.0,0.0,0.0,0.0,0.0
东莞,2013,6300,2920,0.4138095238095238,0.8928082191780822,0.0,0.0,0.0,0.0,0.04507936507936508,0.09726027397260274,0.0,0.0,0.004603174603174603,0.00993150684931507,0.0,0.0
东莞,2014,6852,2302,0.3201984821949796,0.9530842745438749,0.0,0.0,0.0,0.0,0.009778166958552248,0.029105125977410946,0.0,0.0,0.0,0.0,0.005983654407472271,0.017810599478714162
东莞,2015,10536,5828,0.5321753986332574,0.962079615648593,0.0,0.0,0.0,0.0,0.016135155656795748,0.02916952642415923,0.0,0.0,0.0,0.0,0.004840546697038725,0.008750857927247769
东莞,2016,16738,9062,0.519894850041821,0.9602736702714633,0.0,0.0,0.0,0.0,0.0,0.0,0.004361333492651452,0.008055616861619952,0.0,0.0,0.01714661249850639,0.03167071286691679
东莞,2017,23268,12853,0.5228210417741104,0.9464716408620556,0.0,0.0,0.0,0.0,0.0,0.0,0.010572460030943786,0.01913950050571851,0.0,0.0,0.018996046071858345,0.03438885863222594
东莞,2018,26057,14129,0.495068503665042,0.9130157831410574,0.0,0.0,0.0,0.0,0.0,0.0,0.0,0.0,0.0030701922707909585,0.005662113383820511,0.04409563648923514,0.08132210347512209
东莞,2019,24458,12237,0.47894349497097066,0.9572607665277437,0.0,0.0,0.0,0.0,0.0,0.0,0.0,0.0,0.0,0.0,0.021383596369286124,0.04273923347225627
东莞,2020,26826,13990,0.4987325728770596,0.956325947105075,0.0,0.0,0.0,0.0,0.0,0.0,0.0,0.0,0.009207485275479012,0.017655468191565403,0.013568925669126966,0.02601858470335954
东莞,2021,26698,13412,0.47505431118435837,0.9456456904264837,0.0,0.0,0.0,0.0,0.0,0.0,0.003146303093864709,0.006263048016701462,0.005318750468199865,0.010587533552042947,0.018840362573975578,0.03750372800477184
东莞,2022,23902,11778,0.4651911973893398,0.9440482255051792,0.0,0.0,0.0,0.0,0.0,0.0,0.003472512760438457,0.007047036848361352,0.00719605053970379,0.014603498047206656,0.016902351267676346,0.034301239599252846
东莞,2023,23327,8506,0.3399065460625027,0.9321655302139666,0.0,0.0,0.0,0.0,0.0,0.0,0.0030008145067947013,0.008229485069362802,0.005915891456252411,0.016223841993886667,0.015818579328674927,0.04338114272278392
东营,2008,664,260,0.13855421686746988,0.35384615384615387,0.0,0.0,0.0,0.0,0.14457831325301204,0.36923076923076925,0.0,0.0,0.030120481927710843,0.07692307692307693,0.0783132530120482,0.2
东营,2009,447,238,0.27740492170022374,0.5210084033613446,0.0,0.0,0.0,0.0,0.035794183445190156,0.06722689075630252,0.0,0.0,0.0447427293064877,0.08403361344537816,0.174496644295302,0.3277310924369748
东营,2010,364,202,0.18681318681318682,0.33663366336633666,0.0,0.0,0.0,0.0,0.08241758241758242,0.1485148514851485,0.0,0.0,0.0,0.0,0.2857142857142857,0.5148514851485149
东营,2011,358,164,0.20949720670391062,0.4573170731707317,0.0,0.0,0.0,0.0,0.05865921787709497,0.12804878048780488,0.0,0.0,0.0,0.0,0.18994413407821228,0.4146341463414634
东营,2012,396,117,0.25252525252525254,0.8547008547008547,0.0,0.0,0.0,0.0,0.020202020202020204,0.06837606837606838,0.0,0.0,0.0,0.0,0.022727272727272728,0.07692307692307693
东营,2013,697,296,0.3500717360114778,0.8243243243243243,0.0,0.0,0.0,0.0,0.06169296987087518,0.14527027027027026,0.0,0.0,0.0,0.0,0.01291248206599713,0.030405405405405407
东营,2014,713,267,0.34642356241234223,0.9250936329588015,0.0,0.0,0.0,0.0,0.021037868162692847,0.056179775280898875,0.0,0.0,0.0,0.0,0.0070126227208976155,0.018726591760299626
东营,2015,1174,624,0.4889267461669506,0.9198717948717948,0.0,0.0,0.0,0.0,0.03151618398637138,0.05929487179487179,0.0,0.0,0.0,0.0,0.011073253833049404,0.020833333333333332
东营,2016,1107,539,0.4561878952122855,0.9369202226345084,0.0,0.0,0.0,0.0,0.018066847335140017,0.03710575139146568,0.0,0.0,0.006323396567299007,0.012987012987012988,0.006323396567299007,0.012987012987012988
东营,2017,1243,536,0.37811745776347544,0.8768656716417911,0.0,0.0,0.0,0.0,0.028962188254223652,0.06716417910447761,0.0,0.0,0.0,0.0,0.02413515687851971,0.055970149253731345
东营,2018,1610,642,0.30372670807453417,0.7616822429906542,0.0,0.0,0.0,0.0,0.05093167701863354,0.1277258566978193,0.0,0.0,0.0,0.0,0.044099378881987575,0.11059190031152648
东营,2019,1769,733,0.3657433578292821,0.8826739427012278,0.0,0.0,0.0,0.0,0.0,0.0,0.0,0.0,0.0,0.0,0.04861503674392312,0.11732605729877217
东营,2020,2495,1030,0.36192384769539077,0.8766990291262136,0.0,0.0,0.0,0.0,0.0,0.0,0.0,0.0,0.0,0.0,0.05090180360721443,0.12330097087378641
东营,2021,3209,1404,0.3571205983172328,0.8162393162393162,0.0,0.0,0.0,0.0,0.0,0.0,0.0,0.0,0.0,0.0,0.08039887815518854,0.18376068376068377
东营,2022,3147,1263,0.3260247855100095,0.8123515439429929,0.0,0.0,0.0,0.0,0.0,0.0,0.0,0.0,0.0,0.0,0.07530981887511916,0.1876484560570071
东营,2023,3111,1064,0.25618772099003534,0.7490601503759399,0.0,0.0,0.0,0.0,0.0,0.0,0.0,0.0,0.0,0.0,0.085824493731919,0.25093984962406013
中卫,2008,4,4,0.5,0.5,0.0,0.0,0.0,0.0,0.5,0.5,0.0,0.0,0.0,0.0,0.0,0.0
中卫,2009,7,7,0.5714285714285714,0.5714285714285714,0.0,0.0,0.0,0.0,0.42857142857142855,0.42857142857142855,0.0,0.0,0.0,0.0,0.0,0.0
中卫,2010,17,17,0.7647058823529411,0.7647058823529411,0.0,0.0,0.0,0.0,0.23529411764705882,0.23529411764705882,0.0,0.0,0.0,0.0,0.0,0.0
中卫,2011,31,31,0.6774193548387096,0.6774193548387096,0.0,0.0,0.0,0.0,0.3225806451612903,0.3225806451612903,0.0,0.0,0.0,0.0,0.0,0.0
中卫,2012,78,78,0.7051282051282052,0.7051282051282052,0.0,0.0,0.0,0.0,0.2948717948717949,0.2948717948717949,0.0,0.0,0.0,0.0,0.0,0.0
中卫,2013,49,49,0.8775510204081632,0.8775510204081632,0.0,0.0,0.0,0.0,0.12244897959183673,0.12244897959183673,0.0,0.0,0.0,0.0,0.0,0.0
中卫,2014,76,72,0.8289473684210527,0.875,0.0,0.0,0.0,0.0,0.09210526315789473,0.09722222222222222,0.02631578947368421,0.027777777777777776,0.0,0.0,0.0,0.0
中卫,2015,95,76,0.49473684210526314,0.618421052631579,0.0,0.0,0.0,0.0,0.30526315789473685,0.3815789473684211,0.0,0.0,0.0,0.0,0.0,0.0
中卫,2016,275,221,0.6072727272727273,0.755656108597285,0.0,0.0,0.0,0.0,0.19636363636363635,0.24434389140271492,0.0,0.0,0.0,0.0,0.0,0.0
中卫,2017,199,159,0.7185929648241206,0.89937106918239,0.0,0.0,0.0,0.0,0.08040201005025126,0.10062893081761007,0.0,0.0,0.0,0.0,0.0,0.0
中卫,2018,244,158,0.4959016393442623,0.7658227848101266,0.0,0.0,0.0,0.0,0.15163934426229508,0.23417721518987342,0.0,0.0,0.0,0.0,0.0,0.0
中卫,2019,171,112,0.5672514619883041,0.8660714285714286,0.0,0.0,0.0,0.0,0.08771929824561403,0.13392857142857142,0.0,0.0,0.0,0.0,0.0,0.0
中卫,2020,202,117,0.5198019801980198,0.8974358974358975,0.0,0.0,0.0,0.0,0.0594059405940594,0.10256410256410256,0.0,0.0,0.0,0.0,0.0,0.0
中卫,2021,255,149,0.5215686274509804,0.8926174496644296,0.0,0.0,0.0,0.0,0.06274509803921569,0.10738255033557047,0.0,0.0,0.0,0.0,0.0,0.0
中卫,2022,241,157,0.6514522821576764,1.0,0.0,0.0,0.0,0.0,0.0,0.0,0.0,0.0,0.0,0.0,0.0,0.0
中卫,2023,213,139,0.6525821596244131,1.0,0.0,0.0,0.0,0.0,0.0,0.0,0.0,0.0,0.0,0.0,0.0,0.0
中山,2008,513,194,0.1442495126705653,0.38144329896907214,0.0,0.0,0.0,0.0,0.21052631578947367,0.5567010309278351,0.0,0.0,0.0,0.0,0.023391812865497075,0.061855670103092786
中山,2009,607,181,0.19934102141680396,0.6685082872928176,0.0,0.0,0.0,0.0,0.08401976935749589,0.281767955801105,0.0,0.0,0.0,0.0,0.014827018121911038,0.049723756906077346
中山,2010,917,245,0.2050163576881134,0.7673469387755102,0.0,0.0,0.0,0.0,0.05452562704471101,0.20408163265306123,0.0,0.0,0.0,0.0,0.007633587786259542,0.02857142857142857
中山,2011,1155,356,0.22510822510822512,0.7303370786516854,0.0,0.0,0.0,0.0,0.070995670995671,0.2303370786516854,0.0,0.0,0.0,0.0,0.012121212121212121,0.03932584269662921
中山,2012,1656,449,0.19504830917874397,0.7193763919821826,0.0,0.0,0.0,0.0,0.07608695652173914,0.2806236080178174,0.0,0.0,0.0,0.0,0.0,0.0
中山,2013,2388,675,0.2282244556113903,0.8074074074074075,0.0,0.0,0.0,0.0,0.05443886097152429,0.1925925925925926,0.0,0.0,0.0,0.0,0.0,0.0
中山,2014,2899,756,0.2218006209037599,0.8505291005291006,0.0,0.0,0.0,0.0,0.027250776129699898,0.10449735449735449,0.0,0.0,0.0,0.0,0.011728182131769576,0.04497354497354497
中山,2015,4178,924,0.12829104834849211,0.5800865800865801,0.0,0.0,0.0,0.0,0.06701771182383916,0.30303030303030304,0.0,0.0,0.0,0.0,0.02584968884633796,0.11688311688311688
中山,2016,6149,1347,0.151081476662872,0.6896807720861173,0.0,0.0,0.0,0.0,0.04797528053342007,0.21900519673348182,0.008944543828264758,0.04083147735708983,0.0,0.0,0.011058708733127337,0.050482553823311065
中山,2017,8555,1790,0.13991817650496785,0.6687150837988827,0.0,0.0,0.0,0.0,0.04313267095265926,0.20614525139664805,0.009585037989479836,0.04581005586592179,0.0,0.0,0.016598480420806545,0.07932960893854749
中山,2018,8167,1594,0.1640749357169095,0.8406524466750314,0.0,0.0,0.0,0.0,0.004897759275131627,0.025094102885821833,0.0,0.0,0.0,0.0,0.026203012121954205,0.1342534504391468
中山,2019,6818,1859,0.22205925491346437,0.8144163528778914,0.0,0.0,0.0,0.0,0.0,0.0,0.0,0.0,0.0,0.0,0.05060134936931651,0.18558364712210865
中山,2020,7428,2122,0.23747980613893377,0.8312912346842601,0.0,0.0,0.0,0.0,0.0,0.0,0.0,0.0,0.006462035541195477,0.022620169651272386,0.041733979536887456,0.1460885956644675
中山,2021,6597,1921,0.2625435804153403,0.9016137428422697,0.0,0.0,0.0,0.0,0.0,0.0,0.0,0.0,0.006518114294376232,0.022384174908901613,0.02213127179020767,0.07600208224882873
中山,2022,5717,1498,0.23141507783802695,0.883177570093458,0.0,0.0,0.0,0.0,0.0,0.0,0.0,0.0,0.0,0.0,0.030610460031485046,0.11682242990654206
中山,2023,5907,1359,0.2026409344845099,0.8807947019867549,0.0,0.0,0.0052480108346030134,0.022810890360559236,0.0,0.0,0.0,0.0,0.0,0.0,0.022177078042999832,0.0963944076526858
临夏,2017,1,1,1.0,1.0,0.0,0.0,0.0,0.0,0.0,0.0,0.0,0.0,0.0,0.0,0.0,0.0
临夏,2019,2,2,1.0,1.0,0.0,0.0,0.0,0.0,0.0,0.0,0.0,0.0,0.0,0.0,0.0,0.0
临夏,2020,2,2,1.0,1.0,0.0,0.0,0.0,0.0,0.0,0.0,0.0,0.0,0.0,0.0,0.0,0.0
临夏,2021,3,3,1.0,1.0,0.0,0.0,0.0,0.0,0.0,0.0,0.0,0.0,0.0,0.0,0.0,0.0
临夏,2022,8,8,0.75,0.75,0.0,0.0,0.0,0.0,0.125,0.125,0.125,0.125,0.0,0.0,0.0,0.0
临夏,2023,15,15,0.6666666666666666,0.6666666666666666,0.0,0.0,0.0,0.0,0.2,0.2,0.06666666666666667,0.06666666666666667,0.06666666666666667,0.06666666666666667,0.0,0.0
临夏回族自治州,2008,6,6,0.5,0.5,0.0,0.0,0.0,0.0,0.5,0.5,0.0,0.0,0.0,0.0,0.0,0.0
临夏回族自治州,2009,11,11,0.8181818181818182,0.8181818181818182,0.0,0.0,0.0,0.0,0.18181818181818182,0.18181818181818182,0.0,0.0,0.0,0.0,0.0,0.0
临夏回族自治州,2010,16,16,0.25,0.25,0.0,0.0,0.0,0.0,0.75,0.75,0.0,0.0,0.0,0.0,0.0,0.0
临夏回族自治州,2011,10,10,0.6,0.6,0.0,0.0,0.0,0.0,0.4,0.4,0.0,0.0,0.0,0.0,0.0,0.0
临夏回族自治州,2012,11,11,0.5454545454545454,0.5454545454545454,0.0,0.0,0.0,0.0,0.45454545454545453,0.45454545454545453,0.0,0.0,0.0,0.0,0.0,0.0
临夏回族自治州,2013,25,25,0.44,0.44,0.0,0.0,0.0,0.0,0.52,0.52,0.04,0.04,0.0,0.0,0.0,0.0
临夏回族自治州,2014,20,20,0.5,0.5,0.0,0.0,0.0,0.0,0.5,0.5,0.0,0.0,0.0,0.0,0.0,0.0
临夏回族自治州,2015,24,24,0.8333333333333334,0.8333333333333334,0.0,0.0,0.0,0.0,0.16666666666666666,0.16666666666666666,0.0,0.0,0.0,0.0,0.0,0.0
临夏回族自治州,2016,29,29,0.7586206896551724,0.7586206896551724,0.0,0.0,0.0,0.0,0.20689655172413793,0.20689655172413793,0.034482758620689655,0.034482758620689655,0.0,0.0,0.0,0.0
临夏回族自治州,2017,32,31,0.4375,0.45161290322580644,0.0,0.0,0.03125,0.03225806451612903,0.4375,0.45161290322580644,0.0,0.0,0.0625,0.06451612903225806,0.0,0.0
临夏回族自治州,2018,18,18,0.6666666666666666,0.6666666666666666,0.0,0.0,0.05555555555555555,0.05555555555555555,0.16666666666666666,0.16666666666666666,0.0,0.0,0.1111111111111111,0.1111111111111111,0.0,0.0
临夏回族自治州,2019,37,35,0.5675675675675675,0.6,0.0,0.0,0.0,0.0,0.32432432432432434,0.34285714285714286,0.05405405405405406,0.05714285714285714,0.0,0.0,0.0,0.0
临夏回族自治州,2020,33,33,0.6363636363636364,0.6363636363636364,0.0,0.0,0.030303030303030304,0.030303030303030304,0.30303030303030304,0.30303030303030304,0.030303030303030304,0.030303030303030304,0.0,0.0,0.0,0.0
临夏回族自治州,2021,67,52,0.5671641791044776,0.7307692307692307,0.0,0.0,0.029850746268656716,0.038461538461538464,0.1044776119402985,0.1346153846153846,0.029850746268656716,0.038461538461538464,0.04477611940298507,0.057692307692307696,0.0,0.0
临夏回族自治州,2022,59,43,0.5254237288135594,0.7209302325581395,0.0,0.0,0.03389830508474576,0.046511627906976744,0.13559322033898305,0.18604651162790697,0.01694915254237288,0.023255813953488372,0.0,0.0,0.01694915254237288,0.023255813953488372
临夏回族自治州,2023,25,25,0.48,0.48,0.0,0.0,0.12,0.12,0.24,0.24,0.12,0.12,0.04,0.04,0.0,0.0
临汾,2008,207,172,0.06280193236714976,0.0755813953488372,0.0,0.0,0.0,0.0,0.7536231884057971,0.9069767441860465,0.0,0.0,0.0,0.0,0.014492753623188406,0.01744186046511628
临汾,2009,111,76,0.1891891891891892,0.27631578947368424,0.0,0.0,0.0,0.0,0.46846846846846846,0.6842105263157895,0.0,0.0,0.0,0.0,0.02702702702702703,0.039473684210526314
临汾,2010,137,89,0.23357664233576642,0.3595505617977528,0.0,0.0,0.0,0.0,0.3722627737226277,0.5730337078651685,0.0,0.0,0.0,0.0,0.043795620437956206,0.06741573033707865
临汾,2011,187,103,0.24598930481283424,0.44660194174757284,0.0,0.0,0.0,0.0,0.2620320855614973,0.47572815533980584,0.0,0.0,0.0213903743315508,0.038834951456310676,0.0213903743315508,0.038834951456310676
临汾,2012,231,98,0.19913419913419914,0.46938775510204084,0.0,0.0,0.0,0.0,0.22510822510822512,0.5306122448979592,0.0,0.0,0.0,0.0,0.0,0.0
临汾,2013,342,142,0.10526315789473684,0.2535211267605634,0.0,0.0,0.0,0.0,0.2777777777777778,0.6690140845070423,0.0,0.0,0.0,0.0,0.03216374269005848,0.07746478873239436
临汾,2014,470,191,0.06382978723404255,0.15706806282722513,0.0,0.0,0.0,0.0,0.2680851063829787,0.6596858638743456,0.0,0.0,0.06170212765957447,0.1518324607329843,0.01276595744680851,0.031413612565445025
临汾,2015,529,227,0.15500945179584122,0.36123348017621143,0.0,0.0,0.0,0.0,0.21361058601134217,0.4977973568281938,0.022684310018903593,0.05286343612334802,0.01890359168241966,0.04405286343612335,0.01890359168241966,0.04405286343612335
临汾,2016,567,213,0.10934744268077601,0.29107981220657275,0.0,0.0,0.0,0.0,0.19223985890652556,0.5117370892018779,0.01763668430335097,0.046948356807511735,0.01763668430335097,0.046948356807511735,0.03880070546737213,0.10328638497652583
临汾,2017,817,218,0.17258261933904528,0.6467889908256881,0.0,0.0,0.0,0.0,0.051407588739290085,0.1926605504587156,0.0,0.0,0.012239902080783354,0.045871559633027525,0.030599755201958383,0.11467889908256881
临汾,2018,750,209,0.18266666666666667,0.6555023923444976,0.0,0.0,0.0,0.0,0.012,0.0430622009569378,0.02266666666666667,0.08133971291866028,0.012,0.0430622009569378,0.04933333333333333,0.17703349282296652
临汾,2019,225,120,0.3377777777777778,0.6333333333333333,0.0,0.0,0.0,0.0,0.035555555555555556,0.06666666666666667,0.0,0.0,0.035555555555555556,0.06666666666666667,0.12444444444444444,0.23333333333333334
临汾,2020,309,156,0.343042071197411,0.6794871794871795,0.0,0.0,0.0,0.0,0.05177993527508091,0.10256410256410256,0.0,0.0,0.042071197411003236,0.08333333333333333,0.06796116504854369,0.1346153846153846
临汾,2021,354,160,0.3672316384180791,0.8125,0.0,0.0,0.0,0.0,0.03954802259887006,0.0875,0.0,0.0,0.014124293785310734,0.03125,0.031073446327683617,0.06875
临汾,2022,261,126,0.4329501915708812,0.8968253968253969,0.0,0.0,0.007662835249042145,0.015873015873015872,0.007662835249042145,0.015873015873015872,0.011494252873563218,0.023809523809523808,0.022988505747126436,0.047619047619047616,0.0,0.0
临汾,2023,377,192,0.4827586206896552,0.9479166666666666,0.0,0.0,0.0,0.0,0.0,0.0,0.0,0.0,0.026525198938992044,0.052083333333333336,0.0,0.0
临沂,2008,378,201,0.4365079365079365,0.8208955223880597,0.0,0.0,0.0,0.0,0.08465608465608465,0.15920398009950248,0.010582010582010581,0.01990049751243781,0.0,0.0,0.0,0.0
临沂,2009,341,166,0.375366568914956,0.7710843373493976,0.0,0.0,0.0,0.0,0.11143695014662756,0.2289156626506024,0.0,0.0,0.0,0.0,0.0,0.0
临沂,2010,497,193,0.2837022132796781,0.7305699481865285,0.0,0.0,0.0,0.0,0.10462776659959759,0.2694300518134715,0.0,0.0,0.0,0.0,0.0,0.0
临沂,2011,647,256,0.3075734157650695,0.77734375,0.0,0.0,0.0,0.0,0.07418856259659969,0.1875,0.0,0.0,0.0,0.0,0.013910355486862442,0.03515625
临沂,2012,807,275,0.2094175960346964,0.6145454545454545,0.0,0.0,0.0,0.0,0.11028500619578686,0.3236363636363636,0.0,0.0,0.0,0.0,0.021065675340768277,0.06181818181818182
临沂,2013,1143,307,0.1968503937007874,0.7328990228013029,0.0,0.0,0.0,0.0,0.06036745406824147,0.2247557003257329,0.0,0.0,0.0,0.0,0.011373578302712161,0.04234527687296417
临沂,2014,1441,424,0.10825815405968078,0.36792452830188677,0.0,0.0,0.0,0.0,0.12421929215822346,0.4221698113207547,0.0,0.0,0.0,0.0,0.06176266481609993,0.2099056603773585
临沂,2015,2650,850,0.1920754716981132,0.5988235294117648,0.0,0.0,0.0,0.0,0.08150943396226415,0.2541176470588235,0.0,0.0,0.0,0.0,0.04716981132075472,0.14705882352941177
临沂,2016,2038,488,0.13886162904808635,0.5799180327868853,0.0,0.0,0.0,0.0,0.049558390578999016,0.2069672131147541,0.0,0.0,0.0,0.0,0.05103042198233562,0.21311475409836064
临沂,2017,2100,573,0.20333333333333334,0.7452006980802792,0.0,0.0,0.0,0.0,0.004761904761904762,0.017452006980802792,0.005714285714285714,0.020942408376963352,0.0,0.0,0.05904761904761905,0.2164048865619546
临沂,2018,2264,591,0.1877208480565371,0.7191201353637902,0.0,0.0,0.0,0.0,0.0,0.0,0.0,0.0,0.00530035335689046,0.02030456852791878,0.06802120141342756,0.26057529610829105
临沂,2019,2213,810,0.27428829643018526,0.7493827160493827,0.0,0.0,0.0,0.0,0.0,0.0,0.0,0.0,0.0,0.0,0.09173068233167646,0.2506172839506173
临沂,2020,3094,1147,0.31803490627020037,0.8578901482127289,0.0,0.0,0.0,0.0,0.0,0.0,0.0,0.0,0.008726567550096962,0.023539668700959023,0.04395604395604396,0.11857018308631212
临沂,2021,3280,901,0.19817073170731708,0.7214206437291898,0.0,0.0,0.0,0.0,0.0,0.0,0.01097560975609756,0.03995560488346282,0.0,0.0,0.06554878048780488,0.2386237513873474
临沂,2022,3342,949,0.19778575703171752,0.6965226554267651,0.0,0.0,0.0,0.0,0.0,0.0,0.009874326750448833,0.03477344573234984,0.008976660682226212,0.03161222339304531,0.06732495511669659,0.23709167544783982
临沂,2023,3966,991,0.1669188098840141,0.6680121089808274,0.0,0.0,0.0,0.0,0.0,0.0,0.008572869389813415,0.034308779011099896,0.018658598083711547,0.07467204843592332,0.055723651033787194,0.22300706357214933
临沧,2008,6,6,0.6666666666666666,0.6666666666666666,0.0,0.0,0.0,0.0,0.3333333333333333,0.3333333333333333,0.0,0.0,0.0,0.0,0.0,0.0
临沧,2009,10,10,0.4,0.4,0.0,0.0,0.0,0.0,0.6,0.6,0.0,0.0,0.0,0.0,0.0,0.0
临沧,2010,11,11,0.36363636363636365,0.36363636363636365,0.0,0.0,0.0,0.0,0.6363636363636364,0.6363636363636364,0.0,0.0,0.0,0.0,0.0,0.0
临沧,2011,15,15,0.5333333333333333,0.5333333333333333,0.0,0.0,0.0,0.0,0.4666666666666667,0.4666666666666667,0.0,0.0,0.0,0.0,0.0,0.0
临沧,2012,11,11,0.7272727272727273,0.7272727272727273,0.0,0.0,0.0,0.0,0.18181818181818182,0.18181818181818182,0.09090909090909091,0.09090909090909091,0.0,0.0,0.0,0.0
临沧,2013,19,19,0.631578947368421,0.631578947368421,0.0,0.0,0.0,0.0,0.3684210526315789,0.3684210526315789,0.0,0.0,0.0,0.0,0.0,0.0
临沧,2014,40,40,0.525,0.525,0.0,0.0,0.0,0.0,0.15,0.15,0.325,0.325,0.0,0.0,0.0,0.0
临沧,2015,45,40,0.7555555555555555,0.85,0.0,0.0,0.0,0.0,0.08888888888888889,0.1,0.044444444444444446,0.05,0.0,0.0,0.0,0.0
临沧,2016,72,57,0.7638888888888888,0.9649122807017544,0.0,0.0,0.0,0.0,0.027777777777777776,0.03508771929824561,0.0,0.0,0.0,0.0,0.0,0.0
临沧,2017,75,51,0.5866666666666667,0.8627450980392157,0.0,0.0,0.0,0.0,0.05333333333333334,0.0784313725490196,0.04,0.058823529411764705,0.0,0.0,0.0,0.0
临沧,2018,65,58,0.7846153846153846,0.8793103448275862,0.0,0.0,0.015384615384615385,0.017241379310344827,0.03076923076923077,0.034482758620689655,0.03076923076923077,0.034482758620689655,0.0,0.0,0.03076923076923077,0.034482758620689655
临沧,2019,74,71,0.8108108108108109,0.8450704225352113,0.0,0.0,0.04054054054054054,0.04225352112676056,0.10810810810810811,0.11267605633802817,0.0,0.0,0.0,0.0,0.0,0.0
临沧,2020,88,82,0.8181818181818182,0.8780487804878049,0.0,0.0,0.0,0.0,0.09090909090909091,0.0975609756097561,0.0,0.0,0.0,0.0,0.022727272727272728,0.024390243902439025
临沧,2021,91,72,0.6263736263736264,0.7916666666666666,0.0,0.0,0.0,0.0,0.12087912087912088,0.1527777777777778,0.02197802197802198,0.027777777777777776,0.0,0.0,0.02197802197802198,0.027777777777777776
临沧,2022,117,89,0.5897435897435898,0.7752808988764045,0.0,0.0,0.0,0.0,0.1111111111111111,0.14606741573033707,0.0,0.0,0.02564102564102564,0.033707865168539325,0.03418803418803419,0.0449438202247191
临沧,2023,108,84,0.6944444444444444,0.8928571428571429,0.0,0.0,0.0,0.0,0.046296296296296294,0.05952380952380952,0.0,0.0,0.037037037037037035,0.047619047619047616,0.0,0.0
临高,2017,1,1,1.0,1.0,0.0,0.0,0.0,0.0,0.0,0.0,0.0,0.0,0.0,0.0,0.0,0.0
临高,2022,1,1,1.0,1.0,0.0,0.0,0.0,0.0,0.0,0.0,0.0,0.0,0.0,0.0,0.0,0.0
临高,2023,13,13,1.0,1.0,0.0,0.0,0.0,0.0,0.0,0.0,0.0,0.0,0.0,0.0,0.0,0.0
临高县,2010,10,10,0.0,0.0,0.0,0.0,0.0,0.0,1.0,1.0,0.0,0.0,0.0,0.0,0.0,0.0
临高县,2011,8,8,0.125,0.125,0.0,0.0,0.0,0.0,0.875,0.875,0.0,0.0,0.0,0.0,0.0,0.0
临高县,2016,26,26,0.23076923076923078,0.23076923076923078,0.0,0.0,0.0,0.0,0.7692307692307693,0.7692307692307693,0.0,0.0,0.0,0.0,0.0,0.0
临高县,2017,3,3,0.3333333333333333,0.3333333333333333,0.0,0.0,0.0,0.0,0.6666666666666666,0.6666666666666666,0.0,0.0,0.0,0.0,0.0,0.0
临高县,2018,4,4,0.75,0.75,0.0,0.0,0.0,0.0,0.25,0.25,0.0,0.0,0.0,0.0,0.0,0.0
临高县,2019,6,6,0.8333333333333334,0.8333333333333334,0.0,0.0,0.0,0.0,0.16666666666666666,0.16666666666666666,0.0,0.0,0.0,0.0,0.0,0.0
临高县,2020,3,3,1.0,1.0,0.0,0.0,0.0,0.0,0.0,0.0,0.0,0.0,0.0,0.0,0.0,0.0
临高县,2021,15,15,0.4,0.4,0.0,0.0,0.0,0.0,0.6,0.6,0.0,0.0,0.0,0.0,0.0,0.0
临高县,2022,9,9,0.5555555555555556,0.5555555555555556,0.0,0.0,0.0,0.0,0.3333333333333333,0.3333333333333333,0.1111111111111111,0.1111111111111111,0.0,0.0,0.0,0.0
临高县,2023,12,12,0.9166666666666666,0.9166666666666666,0.0,0.0,0.0,0.0,0.0,0.0,0.08333333333333333,0.08333333333333333,0.0,0.0,0.0,0.0
丹东,2008,129,70,0.5116279069767442,0.9428571428571428,0.0,0.0,0.0,0.0,0.031007751937984496,0.05714285714285714,0.0,0.0,0.0,0.0,0.0,0.0
丹东,2009,159,80,0.41509433962264153,0.825,0.0,0.0,0.0,0.0,0.0880503144654088,0.175,0.0,0.0,0.0,0.0,0.0,0.0
丹东,2010,158,79,0.4177215189873418,0.8354430379746836,0.0,0.0,0.0,0.0,0.05063291139240506,0.10126582278481013,0.0,0.0,0.0,0.0,0.03164556962025317,0.06329113924050633
丹东,2011,155,83,0.36129032258064514,0.6746987951807228,0.0,0.0,0.0,0.0,0.0967741935483871,0.18072289156626506,0.0,0.0,0.05161290322580645,0.0963855421686747,0.025806451612903226,0.04819277108433735
丹东,2012,269,149,0.3828996282527881,0.6912751677852349,0.0,0.0,0.0,0.0,0.13011152416356878,0.2348993288590604,0.0,0.0,0.0,0.0,0.040892193308550186,0.0738255033557047
丹东,2013,343,146,0.3206997084548105,0.7534246575342466,0.0,0.0,0.0,0.0,0.05539358600583091,0.13013698630136986,0.029154518950437316,0.0684931506849315,0.0,0.0,0.02040816326530612,0.04794520547945205
丹东,2014,390,161,0.30256410256410254,0.7329192546583851,0.0,0.0,0.0,0.0,0.06923076923076923,0.16770186335403728,0.0,0.0,0.0,0.0,0.041025641025641026,0.09937888198757763
丹东,2015,361,192,0.3961218836565097,0.7447916666666666,0.0,0.0,0.0,0.0,0.0443213296398892,0.08333333333333333,0.0,0.0,0.0,0.0,0.09141274238227147,0.171875
丹东,2016,540,257,0.2740740740740741,0.5758754863813229,0.0,0.0,0.0,0.0,0.06666666666666667,0.14007782101167315,0.0,0.0,0.0,0.0,0.13518518518518519,0.2840466926070039
丹东,2017,376,206,0.30319148936170215,0.5533980582524272,0.0,0.0,0.0,0.0,0.09840425531914894,0.1796116504854369,0.0,0.0,0.0,0.0,0.14627659574468085,0.2669902912621359
丹东,2018,382,210,0.32460732984293195,0.5904761904761905,0.0,0.0,0.0,0.0,0.049738219895287955,0.09047619047619047,0.0,0.0,0.0,0.0,0.17539267015706805,0.319047619047619
丹东,2019,454,244,0.32158590308370044,0.5983606557377049,0.0,0.0,0.0,0.0,0.037444933920704845,0.06967213114754098,0.0,0.0,0.0,0.0,0.17841409691629956,0.3319672131147541
丹东,2020,428,227,0.3598130841121495,0.6784140969162996,0.0,0.0,0.0,0.0,0.011682242990654205,0.022026431718061675,0.0,0.0,0.009345794392523364,0.01762114537444934,0.14953271028037382,0.28193832599118945
丹东,2021,387,215,0.3152454780361757,0.5674418604651162,0.0,0.0,0.0,0.0,0.06459948320413436,0.11627906976744186,0.0,0.0,0.01808785529715762,0.03255813953488372,0.15762273901808785,0.2837209302325581
丹东,2022,365,231,0.5123287671232877,0.8095238095238095,0.0,0.0,0.0,0.0,0.0,0.0,0.0,0.0,0.0,0.0,0.12054794520547946,0.19047619047619047
丹东,2023,394,240,0.5203045685279187,0.8541666666666666,0.0,0.0,0.0,0.0,0.012690355329949238,0.020833333333333332,0.0,0.0,0.030456852791878174,0.05,0.04568527918781726,0.075
丽水,2008,100,65,0.11,0.16923076923076924,0.0,0.0,0.0,0.0,0.52,0.8,0.02,0.03076923076923077,0.0,0.0,0.0,0.0
丽水,2009,98,48,0.2755102040816326,0.5625,0.0,0.0,0.0,0.0,0.21428571428571427,0.4375,0.0,0.0,0.0,0.0,0.0,0.0
丽水,2010,160,61,0.23125,0.6065573770491803,0.0,0.0,0.0,0.0,0.11875,0.3114754098360656,0.0125,0.03278688524590164,0.0,0.0,0.01875,0.04918032786885246
丽水,2011,150,73,0.14666666666666667,0.3013698630136986,0.0,0.0,0.0,0.0,0.28,0.5753424657534246,0.02,0.0410958904109589,0.02,0.0410958904109589,0.02,0.0410958904109589
丽水,2012,321,147,0.205607476635514,0.4489795918367347,0.0,0.0,0.0,0.0,0.205607476635514,0.4489795918367347,0.009345794392523364,0.02040816326530612,0.021806853582554516,0.047619047619047616,0.01557632398753894,0.034013605442176874
丽水,2013,423,149,0.18912529550827423,0.5369127516778524,0.0,0.0,0.0,0.0,0.03309692671394799,0.09395973154362416,0.0,0.0,0.02364066193853428,0.06711409395973154,0.10638297872340426,0.30201342281879195
丽水,2014,446,155,0.19282511210762332,0.5548387096774193,0.0,0.0,0.017937219730941704,0.05161290322580645,0.026905829596412557,0.07741935483870968,0.0,0.0,0.03811659192825112,0.10967741935483871,0.07174887892376682,0.2064516129032258
丽水,2015,864,378,0.09953703703703703,0.2275132275132275,0.0,0.0,0.010416666666666666,0.023809523809523808,0.26157407407407407,0.5978835978835979,0.0,0.0,0.0,0.0,0.06597222222222222,0.15079365079365079
丽水,2016,1267,514,0.06787687450670876,0.16731517509727625,0.0,0.0,0.042620363062352014,0.10505836575875487,0.21783741120757696,0.5369649805447471,0.0,0.0,0.018153117600631413,0.04474708171206226,0.05919494869771113,0.14591439688715954
丽水,2017,2163,479,0.09061488673139159,0.4091858037578288,0.0,0.0,0.009246417013407305,0.04175365344467641,0.10355987055016182,0.46764091858037576,0.0,0.0,0.0,0.0,0.018030513176144243,0.081419624217119
丽水,2018,3036,605,0.07509881422924901,0.3768595041322314,0.0,0.0,0.016798418972332016,0.08429752066115702,0.07312252964426877,0.3669421487603306,0.014163372859025032,0.07107438016528926,0.0,0.0,0.020092226613965744,0.10082644628099173
丽水,2019,1922,407,0.13631633714880334,0.6437346437346437,0.0,0.0,0.026014568158168574,0.12285012285012285,0.01664932362122789,0.07862407862407862,0.0,0.0,0.0,0.0,0.032778355879292405,0.1547911547911548
丽水,2020,2964,581,0.1612685560053981,0.8227194492254734,0.0,0.0,0.009784075573549258,0.04991394148020654,0.0,0.0,0.0,0.0,0.0,0.0,0.02496626180836707,0.12736660929432014
丽水,2021,2004,555,0.16117764471057885,0.581981981981982,0.0,0.0,0.04890219560878244,0.17657657657657658,0.006986027944111776,0.025225225225225224,0.0,0.0,0.008483033932135729,0.03063063063063063,0.05139720558882235,0.18558558558558558
丽水,2022,1780,581,0.24382022471910111,0.7469879518072289,0.0,0.0,0.015730337078651686,0.04819277108433735,0.0,0.0,0.0,0.0,0.009550561797752809,0.029259896729776247,0.05730337078651685,0.17555938037865748
丽水,2023,1890,481,0.2164021164021164,0.8503118503118503,0.0,0.0,0.0,0.0,0.0,0.0,0.0,0.0,0.018518518518518517,0.07276507276507277,0.019576719576719578,0.07692307692307693
丽江,2008,16,16,0.1875,0.1875,0.0,0.0,0.0,0.0,0.375,0.375,0.0,0.0,0.4375,0.4375,0.0,0.0
丽江,2009,12,12,0.16666666666666666,0.16666666666666666,0.0,0.0,0.0,0.0,0.5,0.5,0.0,0.0,0.3333333333333333,0.3333333333333333,0.0,0.0
丽江,2010,34,34,0.7352941176470589,0.7352941176470589,0.0,0.0,0.0,0.0,0.058823529411764705,0.058823529411764705,0.0,0.0,0.20588235294117646,0.20588235294117646,0.0,0.0
丽江,2011,32,32,0.875,0.875,0.0,0.0,0.0,0.0,0.09375,0.09375,0.0,0.0,0.03125,0.03125,0.0,0.0
丽江,2012,22,22,0.5454545454545454,0.5454545454545454,0.0,0.0,0.0,0.0,0.22727272727272727,0.22727272727272727,0.0,0.0,0.22727272727272727,0.22727272727272727,0.0,0.0
丽江,2013,59,56,0.6779661016949152,0.7142857142857143,0.0,0.0,0.0,0.0,0.2033898305084746,0.21428571428571427,0.01694915254237288,0.017857142857142856,0.05084745762711865,0.05357142857142857,0.0,0.0
丽江,2014,69,54,0.6666666666666666,0.8518518518518519,0.0,0.0,0.0,0.0,0.057971014492753624,0.07407407407407407,0.0,0.0,0.057971014492753624,0.07407407407407407,0.0,0.0
丽江,2015,68,52,0.4852941176470588,0.6346153846153846,0.0,0.0,0.0,0.0,0.20588235294117646,0.2692307692307692,0.029411764705882353,0.038461538461538464,0.04411764705882353,0.057692307692307696,0.0,0.0
丽江,2016,98,55,0.41836734693877553,0.7454545454545455,0.0,0.0,0.0,0.0,0.02040816326530612,0.03636363636363636,0.07142857142857142,0.12727272727272726,0.05102040816326531,0.09090909090909091,0.0,0.0
丽江,2017,65,37,0.46153846153846156,0.8108108108108109,0.0,0.0,0.0,0.0,0.046153846153846156,0.08108108108108109,0.0,0.0,0.06153846153846154,0.10810810810810811,0.0,0.0
丽江,2018,76,62,0.42105263157894735,0.5161290322580645,0.0,0.0,0.0,0.0,0.18421052631578946,0.22580645161290322,0.05263157894736842,0.06451612903225806,0.15789473684210525,0.1935483870967742,0.0,0.0
丽江,2019,71,52,0.5633802816901409,0.7692307692307693,0.0,0.0,0.0,0.0,0.07042253521126761,0.09615384615384616,0.056338028169014086,0.07692307692307693,0.04225352112676056,0.057692307692307696,0.0,0.0
丽江,2020,87,69,0.5517241379310345,0.6956521739130435,0.0,0.0,0.0,0.0,0.14942528735632185,0.18840579710144928,0.034482758620689655,0.043478260869565216,0.05747126436781609,0.07246376811594203,0.0,0.0
丽江,2021,115,86,0.5652173913043478,0.7558139534883721,0.0,0.0,0.0,0.0,0.14782608695652175,0.19767441860465115,0.017391304347826087,0.023255813953488372,0.017391304347826087,0.023255813953488372,0.0,0.0
丽江,2022,99,68,0.494949494949495,0.7205882352941176,0.0,0.0,0.0,0.0,0.0,0.0,0.09090909090909091,0.1323529411764706,0.08080808080808081,0.11764705882352941,0.020202020202020204,0.029411764705882353
丽江,2023,111,83,0.5765765765765766,0.7710843373493976,0.0,0.0,0.0,0.0,0.009009009009009009,0.012048192771084338,0.07207207207207207,0.0963855421686747,0.09009009009009009,0.12048192771084337,0.0,0.0
乌兰察布,2008,7,7,0.42857142857142855,0.42857142857142855,0.0,0.0,0.0,0.0,0.5714285714285714,0.5714285714285714,0.0,0.0,0.0,0.0,0.0,0.0
乌兰察布,2009,9,9,0.4444444444444444,0.4444444444444444,0.0,0.0,0.0,0.0,0.5555555555555556,0.5555555555555556,0.0,0.0,0.0,0.0,0.0,0.0
乌兰察布,2010,18,18,0.4444444444444444,0.4444444444444444,0.0,0.0,0.0,0.0,0.5555555555555556,0.5555555555555556,0.0,0.0,0.0,0.0,0.0,0.0
乌兰察布,2011,60,60,0.85,0.85,0.0,0.0,0.0,0.0,0.15,0.15,0.0,0.0,0.0,0.0,0.0,0.0
乌兰察布,2012,79,79,0.0379746835443038,0.0379746835443038,0.0,0.0,0.0,0.0,0.9620253164556962,0.9620253164556962,0.0,0.0,0.0,0.0,0.0,0.0
乌兰察布,2013,18,18,0.1111111111111111,0.1111111111111111,0.0,0.0,0.0,0.0,0.8333333333333334,0.8333333333333334,0.0,0.0,0.0,0.0,0.05555555555555555,0.05555555555555555
乌兰察布,2014,19,19,0.5263157894736842,0.5263157894736842,0.0,0.0,0.0,0.0,0.42105263157894735,0.42105263157894735,0.0,0.0,0.0,0.0,0.05263157894736842,0.05263157894736842
乌兰察布,2015,28,26,0.39285714285714285,0.4230769230769231,0.0,0.0,0.0,0.0,0.5,0.5384615384615384,0.03571428571428571,0.038461538461538464,0.0,0.0,0.0,0.0
乌兰察布,2016,37,35,0.5405405405405406,0.5714285714285714,0.0,0.0,0.0,0.0,0.2702702702702703,0.2857142857142857,0.08108108108108109,0.08571428571428572,0.05405405405405406,0.05714285714285714,0.0,0.0
乌兰察布,2017,73,59,0.4794520547945205,0.5932203389830508,0.0,0.0,0.0,0.0,0.2191780821917808,0.2711864406779661,0.0684931506849315,0.0847457627118644,0.0410958904109589,0.05084745762711865,0.0,0.0
乌兰察布,2018,82,63,0.5975609756097561,0.7777777777777778,0.0,0.0,0.0,0.0,0.10975609756097561,0.14285714285714285,0.036585365853658534,0.047619047619047616,0.024390243902439025,0.031746031746031744,0.0,0.0
乌兰察布,2019,111,67,0.5675675675675675,0.9402985074626866,0.0,0.0,0.0,0.0,0.036036036036036036,0.05970149253731343,0.0,0.0,0.0,0.0,0.0,0.0
乌兰察布,2020,211,117,0.3886255924170616,0.7008547008547008,0.0,0.0,0.0,0.0,0.15165876777251186,0.27350427350427353,0.0,0.0,0.014218009478672985,0.02564102564102564,0.0,0.0
乌兰察布,2021,167,89,0.41916167664670656,0.7865168539325843,0.0,0.0,0.0,0.0,0.07784431137724551,0.14606741573033707,0.0,0.0,0.03592814371257485,0.06741573033707865,0.0,0.0
乌兰察布,2022,134,69,0.47761194029850745,0.927536231884058,0.0,0.0,0.0,0.0,0.0,0.0,0.0,0.0,0.03731343283582089,0.07246376811594203,0.0,0.0
乌兰察布,2023,246,157,0.5813008130081301,0.910828025477707,0.0,0.0,0.0,0.0,0.0,0.0,0.0,0.0,0.028455284552845527,0.044585987261146494,0.028455284552845527,0.044585987261146494
乌海,2008,5,5,0.4,0.4,0.0,0.0,0.0,0.0,0.6,0.6,0.0,0.0,0.0,0.0,0.0,0.0
乌海,2009,11,11,0.2727272727272727,0.2727272727272727,0.0,0.0,0.0,0.0,0.7272727272727273,0.7272727272727273,0.0,0.0,0.0,0.0,0.0,0.0
乌海,2010,15,15,0.4,0.4,0.0,0.0,0.0,0.0,0.5333333333333333,0.5333333333333333,0.0,0.0,0.0,0.0,0.06666666666666667,0.06666666666666667
乌海,2011,12,12,0.5833333333333334,0.5833333333333334,0.0,0.0,0.0,0.0,0.4166666666666667,0.4166666666666667,0.0,0.0,0.0,0.0,0.0,0.0
乌海,2012,12,12,0.75,0.75,0.0,0.0,0.0,0.0,0.25,0.25,0.0,0.0,0.0,0.0,0.0,0.0
乌海,2013,21,21,0.6190476190476191,0.6190476190476191,0.0,0.0,0.0,0.0,0.38095238095238093,0.38095238095238093,0.0,0.0,0.0,0.0,0.0,0.0
乌海,2014,24,24,0.5833333333333334,0.5833333333333334,0.0,0.0,0.0,0.0,0.4166666666666667,0.4166666666666667,0.0,0.0,0.0,0.0,0.0,0.0
乌海,2015,28,27,0.5357142857142857,0.5555555555555556,0.0,0.0,0.0,0.0,0.32142857142857145,0.3333333333333333,0.10714285714285714,0.1111111111111111,0.0,0.0,0.0,0.0
乌海,2016,48,46,0.6041666666666666,0.6304347826086957,0.0,0.0,0.0,0.0,0.22916666666666666,0.2391304347826087,0.0,0.0,0.125,0.13043478260869565,0.0,0.0
乌海,2017,51,51,0.6666666666666666,0.6666666666666666,0.0,0.0,0.0,0.0,0.3333333333333333,0.3333333333333333,0.0,0.0,0.0,0.0,0.0,0.0
乌海,2018,54,44,0.46296296296296297,0.5681818181818182,0.0,0.0,0.0,0.0,0.3333333333333333,0.4090909090909091,0.0,0.0,0.018518518518518517,0.022727272727272728,0.0,0.0
乌海,2019,102,69,0.5686274509803921,0.8405797101449275,0.0,0.0,0.029411764705882353,0.043478260869565216,0.0784313725490196,0.11594202898550725,0.0,0.0,0.0,0.0,0.0,0.0
乌海,2020,131,96,0.6946564885496184,0.9479166666666666,0.0,0.0,0.0,0.0,0.03816793893129771,0.052083333333333336,0.0,0.0,0.0,0.0,0.0,0.0
乌海,2021,159,105,0.5471698113207547,0.8285714285714286,0.0,0.0,0.0,0.0,0.11320754716981132,0.17142857142857143,0.0,0.0,0.0,0.0,0.0,0.0
乌海,2022,189,127,0.6507936507936508,0.968503937007874,0.0,0.0,0.0,0.0,0.021164021164021163,0.031496062992125984,0.0,0.0,0.0,0.0,0.0,0.0
乌海,2023,244,192,0.7868852459016393,1.0,0.0,0.0,0.0,0.0,0.0,0.0,0.0,0.0,0.0,0.0,0.0,0.0
乌鲁木齐,2008,198,114,0.10101010101010101,0.17543859649122806,0.0,0.0,0.0,0.0,0.030303030303030304,0.05263157894736842,0.015151515151515152,0.02631578947368421,0.29797979797979796,0.5175438596491229,0.13131313131313133,0.22807017543859648
乌鲁木齐,2009,339,221,0.13569321533923304,0.2081447963800905,0.0,0.0,0.0,0.0,0.05309734513274336,0.08144796380090498,0.011799410029498525,0.01809954751131222,0.23893805309734514,0.3665158371040724,0.21238938053097345,0.3257918552036199
乌鲁木齐,2010,493,254,0.08316430020283976,0.16141732283464566,0.0,0.0,0.0,0.0,0.056795131845841784,0.11023622047244094,0.008113590263691683,0.015748031496062992,0.1926977687626775,0.37401574803149606,0.1744421906693712,0.33858267716535434
乌鲁木齐,2011,589,295,0.15619694397283532,0.31186440677966104,0.0,0.0,0.0,0.0,0.0,0.0,0.011884550084889643,0.023728813559322035,0.19185059422750425,0.38305084745762713,0.14091680814940577,0.28135593220338984
乌鲁木齐,2012,740,337,0.10675675675675676,0.2344213649851632,0.0,0.0,0.008108108108108109,0.017804154302670624,0.04594594594594595,0.10089020771513353,0.006756756756756757,0.01483679525222552,0.15135135135135136,0.3323442136498516,0.13648648648648648,0.2997032640949555
乌鲁木齐,2013,1047,491,0.1346704871060172,0.28716904276985744,0.0,0.0,0.0,0.0,0.01623686723973257,0.034623217922606926,0.0066857688634192934,0.014256619144602852,0.1451766953199618,0.3095723014256619,0.166189111747851,0.3543788187372709
乌鲁木齐,2014,1044,465,0.17624521072796934,0.3956989247311828,0.0,0.0,0.0,0.0,0.045019157088122604,0.1010752688172043,0.0,0.0,0.11302681992337164,0.2537634408602151,0.1111111111111111,0.24946236559139784
乌鲁木齐,2015,1348,594,0.1847181008902077,0.41919191919191917,0.0,0.0,0.010385756676557863,0.02356902356902357,0.025222551928783383,0.05723905723905724,0.0,0.0,0.09272997032640949,0.21043771043771045,0.12759643916913946,0.2895622895622896
乌鲁木齐,2016,1631,760,0.1863887185775598,0.4,0.0,0.0,0.015328019619865114,0.03289473684210526,0.0,0.0,0.0,0.0,0.13856529736358061,0.29736842105263156,0.12568976088289394,0.26973684210526316
乌鲁木齐,2017,1729,779,0.18392134181607867,0.40821566110397944,0.0,0.0,0.0,0.0,0.01098901098901099,0.024390243902439025,0.022556390977443608,0.05006418485237484,0.10179294389820706,0.22593068035943517,0.13128976286871025,0.2913992297817715
乌鲁木齐,2018,1808,842,0.27323008849557523,0.5866983372921615,0.0,0.0,0.0,0.0,0.0,0.0,0.009402654867256638,0.020190023752969122,0.0586283185840708,0.12589073634204276,0.12444690265486726,0.2672209026128266
乌鲁木齐,2019,2090,1051,0.24545454545454545,0.48810656517602286,0.0,0.0,0.0,0.0,0.0,0.0,0.019617224880382776,0.0390104662226451,0.08181818181818182,0.16270218839200762,0.15598086124401914,0.31018078020932444
乌鲁木齐,2020,2200,1041,0.23454545454545456,0.4956772334293948,0.0,0.0,0.022727272727272728,0.04803073967339097,0.0,0.0,0.031818181818181815,0.06724303554274735,0.06454545454545454,0.13640730067243034,0.11954545454545455,0.2526416906820365
乌鲁木齐,2021,2710,1415,0.24649446494464944,0.47208480565371025,0.0,0.0,0.04206642066420664,0.08056537102473499,0.0,0.0,0.02988929889298893,0.05724381625441696,0.07564575645756458,0.14487632508833923,0.12804428044280441,0.24522968197879857
乌鲁木齐,2022,2892,1556,0.2690179806362379,0.5,0.0,0.0,0.03803596127247579,0.07069408740359898,0.0,0.0,0.02074688796680498,0.038560411311053984,0.06708160442600276,0.12467866323907455,0.14315352697095435,0.2660668380462725
乌鲁木齐,2023,3645,1946,0.22496570644718794,0.42137718396711205,0.0,0.0,0.02633744855967078,0.04933196300102775,0.0,0.0,0.0,0.0,0.07599451303155007,0.1423432682425488,0.20658436213991768,0.3869475847893114
乐东,2018,1,1,0.0,0.0,0.0,0.0,0.0,0.0,1.0,1.0,0.0,0.0,0.0,0.0,0.0,0.0
乐东,2021,1,1,1.0,1.0,0.0,0.0,0.0,0.0,0.0,0.0,0.0,0.0,0.0,0.0,0.0,0.0
乐东,2022,6,6,0.8333333333333334,0.8333333333333334,0.0,0.0,0.0,0.0,0.16666666666666666,0.16666666666666666,0.0,0.0,0.0,0.0,0.0,0.0
乐东,2023,9,9,0.8888888888888888,0.8888888888888888,0.0,0.0,0.0,0.0,0.1111111111111111,0.1111111111111111,0.0,0.0,0.0,0.0,0.0,0.0
乐东黎族自治县,2010,1,1,0.0,0.0,0.0,0.0,0.0,0.0,1.0,1.0,0.0,0.0,0.0,0.0,0.0,0.0
乐东黎族自治县,2011,4,4,0.0,0.0,0.0,0.0,0.0,0.0,0.75,0.75,0.0,0.0,0.25,0.25,0.0,0.0
乐东黎族自治县,2012,3,3,0.0,0.0,0.0,0.0,0.0,0.0,1.0,1.0,0.0,0.0,0.0,0.0,0.0,0.0
乐东黎族自治县,2013,1,1,0.0,0.0,0.0,0.0,0.0,0.0,1.0,1.0,0.0,0.0,0.0,0.0,0.0,0.0
乐东黎族自治县,2014,5,5,0.2,0.2,0.0,0.0,0.0,0.0,0.6,0.6,0.0,0.0,0.2,0.2,0.0,0.0
乐东黎族自治县,2015,4,4,0.25,0.25,0.0,0.0,0.0,0.0,0.75,0.75,0.0,0.0,0.0,0.0,0.0,0.0
乐东黎族自治县,2016,2,2,0.0,0.0,0.0,0.0,0.0,0.0,1.0,1.0,0.0,0.0,0.0,0.0,0.0,0.0
乐东黎族自治县,2017,4,4,0.0,0.0,0.0,0.0,0.0,0.0,1.0,1.0,0.0,0.0,0.0,0.0,0.0,0.0
乐东黎族自治县,2018,3,3,0.0,0.0,0.0,0.0,0.0,0.0,1.0,1.0,0.0,0.0,0.0,0.0,0.0,0.0
乐东黎族自治县,2019,10,10,0.1,0.1,0.0,0.0,0.0,0.0,0.3,0.3,0.0,0.0,0.6,0.6,0.0,0.0
乐东黎族自治县,2020,15,15,0.6666666666666666,0.6666666666666666,0.0,0.0,0.0,0.0,0.26666666666666666,0.26666666666666666,0.0,0.0,0.06666666666666667,0.06666666666666667,0.0,0.0
乐东黎族自治县,2021,20,20,0.45,0.45,0.0,0.0,0.0,0.0,0.55,0.55,0.0,0.0,0.0,0.0,0.0,0.0
乐东黎族自治县,2022,24,24,0.7916666666666666,0.7916666666666666,0.0,0.0,0.0,0.0,0.20833333333333334,0.20833333333333334,0.0,0.0,0.0,0.0,0.0,0.0
乐东黎族自治县,2023,8,8,0.75,0.75,0.0,0.0,0.0,0.0,0.25,0.25,0.0,0.0,0.0,0.0,0.0,0.0
乐山,2008,56,46,0.5892857142857143,0.717391304347826,0.0,0.0,0.0,0.0,0.23214285714285715,0.2826086956521739,0.0,0.0,0.0,0.0,0.0,0.0
乐山,2009,77,56,0.4155844155844156,0.5714285714285714,0.0,0.0,0.0,0.0,0.24675324675324675,0.3392857142857143,0.012987012987012988,0.017857142857142856,0.0,0.0,0.05194805194805195,0.07142857142857142
乐山,2010,63,48,0.3968253968253968,0.5208333333333334,0.0,0.0,0.0,0.0,0.25396825396825395,0.3333333333333333,0.0,0.0,0.0,0.0,0.1111111111111111,0.14583333333333334
乐山,2011,125,84,0.648,0.9642857142857143,0.0,0.0,0.0,0.0,0.024,0.03571428571428571,0.0,0.0,0.0,0.0,0.0,0.0
乐山,2012,150,94,0.54,0.8617021276595744,0.0,0.0,0.0,0.0,0.05333333333333334,0.0851063829787234,0.0,0.0,0.0,0.0,0.03333333333333333,0.05319148936170213
乐山,2013,257,146,0.4591439688715953,0.8082191780821918,0.0,0.0,0.0,0.0,0.05058365758754864,0.08904109589041095,0.0,0.0,0.023346303501945526,0.0410958904109589,0.03501945525291829,0.06164383561643835
乐山,2014,233,135,0.5364806866952789,0.9259259259259259,0.0,0.0,0.0,0.0,0.0,0.0,0.0,0.0,0.0,0.0,0.04291845493562232,0.07407407407407407
乐山,2015,299,173,0.47491638795986624,0.8208092485549133,0.0,0.0,0.0,0.0,0.05351170568561873,0.09248554913294797,0.010033444816053512,0.017341040462427744,0.0,0.0,0.04013377926421405,0.06936416184971098
乐山,2016,441,222,0.4013605442176871,0.7972972972972973,0.0,0.0,0.0,0.0,0.06349206349206349,0.12612612612612611,0.0,0.0,0.0,0.0,0.03854875283446712,0.07657657657657657
乐山,2017,718,371,0.4554317548746518,0.8814016172506739,0.0,0.0,0.0,0.0,0.020891364902506964,0.04043126684636118,0.0,0.0,0.0,0.0,0.0403899721448468,0.07816711590296496
乐山,2018,629,267,0.34181240063593005,0.8052434456928839,0.0,0.0,0.0,0.0,0.01589825119236884,0.03745318352059925,0.0,0.0,0.0,0.0,0.06677265500794913,0.15730337078651685
乐山,2019,457,218,0.3435448577680525,0.7201834862385321,0.0,0.0,0.010940919037199124,0.022935779816513763,0.0175054704595186,0.03669724770642202,0.0,0.0,0.0,0.0,0.1050328227571116,0.22018348623853212
乐山,2020,430,201,0.3209302325581395,0.6865671641791045,0.0,0.0,0.020930232558139535,0.04477611940298507,0.046511627906976744,0.09950248756218906,0.0,0.0,0.0,0.0,0.07906976744186046,0.1691542288557214
乐山,2021,404,187,0.3712871287128713,0.8021390374331551,0.0,0.0,0.0,0.0,0.012376237623762377,0.026737967914438502,0.0,0.0,0.0,0.0,0.07920792079207921,0.1711229946524064
乐山,2022,451,231,0.37028824833702884,0.7229437229437229,0.0,0.0,0.019955654101995565,0.03896103896103896,0.011086474501108648,0.021645021645021644,0.011086474501108648,0.021645021645021644,0.0,0.0,0.09977827050997783,0.19480519480519481
乐山,2023,585,323,0.4495726495726496,0.8142414860681114,0.0,0.0,0.0,0.0,0.0,0.0,0.0,0.0,0.0,0.0,0.10256410256410256,0.18575851393188855
九江,2008,53,38,0.2641509433962264,0.3684210526315789,0.0,0.0,0.0,0.0,0.3584905660377358,0.5,0.0,0.0,0.0,0.0,0.09433962264150944,0.13157894736842105
九江,2009,79,46,0.25316455696202533,0.43478260869565216,0.0,0.0,0.0,0.0,0.17721518987341772,0.30434782608695654,0.0,0.0,0.05063291139240506,0.08695652173913043,0.10126582278481013,0.17391304347826086
九江,2010,118,73,0.423728813559322,0.684931506849315,0.0,0.0,0.0,0.0,0.11864406779661017,0.1917808219178082,0.0,0.0,0.01694915254237288,0.0273972602739726,0.059322033898305086,0.0958904109589041
九江,2011,103,71,0.5048543689320388,0.7323943661971831,0.0,0.0,0.0,0.0,0.07766990291262135,0.11267605633802817,0.0,0.0,0.0,0.0,0.10679611650485436,0.15492957746478872
九江,2012,132,78,0.4393939393939394,0.7435897435897436,0.0,0.0,0.0,0.0,0.12121212121212122,0.20512820512820512,0.0,0.0,0.015151515151515152,0.02564102564102564,0.015151515151515152,0.02564102564102564
九江,2013,163,81,0.32515337423312884,0.654320987654321,0.0,0.0,0.0,0.0,0.03680981595092025,0.07407407407407407,0.0,0.0,0.0736196319018405,0.14814814814814814,0.06134969325153374,0.12345679012345678
九江,2014,200,109,0.34,0.6238532110091743,0.0,0.0,0.0,0.0,0.11,0.2018348623853211,0.0,0.0,0.035,0.06422018348623854,0.06,0.11009174311926606
九江,2015,243,130,0.3333333333333333,0.6230769230769231,0.0,0.0,0.0,0.0,0.0411522633744856,0.07692307692307693,0.0,0.0,0.03292181069958848,0.06153846153846154,0.12757201646090535,0.23846153846153847
九江,2016,445,219,0.31235955056179776,0.634703196347032,0.0,0.0,0.0,0.0,0.08764044943820225,0.1780821917808219,0.0,0.0,0.015730337078651686,0.0319634703196347,0.07640449438202247,0.1552511415525114
九江,2017,593,244,0.16863406408094436,0.4098360655737705,0.0,0.0,0.0,0.0,0.17706576728499157,0.430327868852459,0.0,0.0,0.021922428330522766,0.05327868852459016,0.04384485666104553,0.10655737704918032
九江,2018,871,385,0.17221584385763491,0.38961038961038963,0.0,0.0,0.0,0.0,0.08725602755453502,0.1974025974025974,0.0,0.0,0.06544202066590127,0.14805194805194805,0.11710677382319173,0.2649350649350649
九江,2019,1105,423,0.2425339366515837,0.6335697399527187,0.0,0.0,0.0,0.0,0.0,0.0,0.0,0.0,0.06968325791855204,0.18203309692671396,0.07058823529411765,0.18439716312056736
九江,2020,1716,549,0.18473193473193472,0.5774134790528234,0.0,0.0,0.0,0.0,0.0,0.0,0.0,0.0,0.05303030303030303,0.1657559198542805,0.08216783216783216,0.2568306010928962
九江,2021,1686,524,0.17259786476868327,0.5553435114503816,0.0,0.0,0.0,0.0,0.0,0.0,0.0,0.0,0.05397390272835113,0.1736641221374046,0.08422301304863583,0.27099236641221375
九江,2022,1927,650,0.1842241826673586,0.5461538461538461,0.0,0.0,0.0,0.0,0.0,0.0,0.0,0.0,0.048261546445251685,0.14307692307692307,0.10482615464452517,0.31076923076923074
九江,2023,1928,596,0.20072614107883818,0.6493288590604027,0.0,0.0,0.0,0.0,0.0,0.0,0.0,0.0,0.06483402489626557,0.20973154362416108,0.043568464730290454,0.14093959731543623
云林县,2020,5,5,0.6,0.6,0.0,0.0,0.0,0.0,0.2,0.2,0.0,0.0,0.0,0.0,0.2,0.2
云林县,2021,3,3,0.3333333333333333,0.3333333333333333,0.0,0.0,0.0,0.0,0.6666666666666666,0.6666666666666666,0.0,0.0,0.0,0.0,0.0,0.0
云林县,2022,5,5,1.0,1.0,0.0,0.0,0.0,0.0,0.0,0.0,0.0,0.0,0.0,0.0,0.0,0.0
云林县,2023,6,6,0.6666666666666666,0.6666666666666666,0.0,0.0,0.0,0.0,0.3333333333333333,0.3333333333333333,0.0,0.0,0.0,0.0,0.0,0.0
云浮,2008,14,14,0.35714285714285715,0.35714285714285715,0.0,0.0,0.0,0.0,0.6428571428571429,0.6428571428571429,0.0,0.0,0.0,0.0,0.0,0.0
云浮,2009,22,22,0.3181818181818182,0.3181818181818182,0.0,0.0,0.0,0.0,0.6818181818181818,0.6818181818181818,0.0,0.0,0.0,0.0,0.0,0.0
云浮,2010,40,35,0.425,0.4857142857142857,0.0,0.0,0.0,0.0,0.45,0.5142857142857142,0.0,0.0,0.0,0.0,0.0,0.0
云浮,2011,47,43,0.6170212765957447,0.6744186046511628,0.0,0.0,0.0,0.0,0.2978723404255319,0.32558139534883723,0.0,0.0,0.0,0.0,0.0,0.0
云浮,2012,52,51,0.7692307692307693,0.7843137254901961,0.0,0.0,0.0,0.0,0.21153846153846154,0.21568627450980393,0.0,0.0,0.0,0.0,0.0,0.0
云浮,2013,79,69,0.759493670886076,0.8695652173913043,0.0,0.0,0.0,0.0,0.11392405063291139,0.13043478260869565,0.0,0.0,0.0,0.0,0.0,0.0
云浮,2014,67,59,0.6716417910447762,0.7627118644067796,0.0,0.0,0.0,0.0,0.208955223880597,0.23728813559322035,0.0,0.0,0.0,0.0,0.0,0.0
云浮,2015,103,84,0.4854368932038835,0.5952380952380952,0.0,0.0,0.0,0.0,0.3300970873786408,0.40476190476190477,0.0,0.0,0.0,0.0,0.0,0.0
云浮,2016,191,129,0.5392670157068062,0.7984496124031008,0.0,0.0,0.0,0.0,0.13612565445026178,0.20155038759689922,0.0,0.0,0.0,0.0,0.0,0.0
云浮,2017,296,167,0.3614864864864865,0.6407185628742516,0.0,0.0,0.0,0.0,0.1858108108108108,0.32934131736526945,0.0,0.0,0.016891891891891893,0.029940119760479042,0.0,0.0
云浮,2018,318,155,0.3805031446540881,0.7806451612903226,0.0,0.0,0.0,0.0,0.1069182389937107,0.21935483870967742,0.0,0.0,0.0,0.0,0.0,0.0
云浮,2019,272,134,0.3897058823529412,0.7910447761194029,0.0,0.0,0.0,0.0,0.10294117647058823,0.208955223880597,0.0,0.0,0.0,0.0,0.0,0.0
云浮,2020,402,183,0.31094527363184077,0.6830601092896175,0.0,0.0,0.0,0.0,0.14427860696517414,0.31693989071038253,0.0,0.0,0.0,0.0,0.0,0.0
云浮,2021,331,145,0.3716012084592145,0.8482758620689655,0.0,0.0,0.0,0.0,0.06646525679758308,0.15172413793103448,0.0,0.0,0.0,0.0,0.0,0.0
云浮,2022,290,171,0.5413793103448276,0.9181286549707602,0.0,0.0,0.0,0.0,0.013793103448275862,0.023391812865497075,0.0,0.0,0.017241379310344827,0.029239766081871343,0.017241379310344827,0.029239766081871343
云浮,2023,381,212,0.5406824146981627,0.9716981132075472,0.0,0.0,0.0,0.0,0.0,0.0,0.0,0.0,0.015748031496062992,0.02830188679245283,0.0,0.0
五家渠,2011,2,2,0.5,0.5,0.0,0.0,0.0,0.0,0.5,0.5,0.0,0.0,0.0,0.0,0.0,0.0
五家渠,2012,1,1,1.0,1.0,0.0,0.0,0.0,0.0,0.0,0.0,0.0,0.0,0.0,0.0,0.0,0.0
五家渠,2013,9,9,0.5555555555555556,0.5555555555555556,0.0,0.0,0.0,0.0,0.4444444444444444,0.4444444444444444,0.0,0.0,0.0,0.0,0.0,0.0
五家渠,2014,2,2,1.0,1.0,0.0,0.0,0.0,0.0,0.0,0.0,0.0,0.0,0.0,0.0,0.0,0.0
五家渠,2015,1,1,0.0,0.0,0.0,0.0,0.0,0.0,0.0,0.0,0.0,0.0,1.0,1.0,0.0,0.0
五家渠,2016,5,5,0.4,0.4,0.0,0.0,0.0,0.0,0.4,0.4,0.0,0.0,0.0,0.0,0.2,0.2
五家渠,2017,27,27,0.5925925925925926,0.5925925925925926,0.0,0.0,0.0,0.0,0.07407407407407407,0.07407407407407407,0.0,0.0,0.2962962962962963,0.2962962962962963,0.037037037037037035,0.037037037037037035
五家渠,2018,9,9,0.8888888888888888,0.8888888888888888,0.0,0.0,0.0,0.0,0.1111111111111111,0.1111111111111111,0.0,0.0,0.0,0.0,0.0,0.0
五家渠,2019,12,12,0.8333333333333334,0.8333333333333334,0.0,0.0,0.0,0.0,0.16666666666666666,0.16666666666666666,0.0,0.0,0.0,0.0,0.0,0.0
五家渠,2020,25,25,0.88,0.88,0.0,0.0,0.0,0.0,0.08,0.08,0.0,0.0,0.04,0.04,0.0,0.0
五家渠,2021,19,19,0.8421052631578947,0.8421052631578947,0.0,0.0,0.0,0.0,0.15789473684210525,0.15789473684210525,0.0,0.0,0.0,0.0,0.0,0.0
五家渠,2022,21,21,0.8571428571428571,0.8571428571428571,0.0,0.0,0.0,0.0,0.14285714285714285,0.14285714285714285,0.0,0.0,0.0,0.0,0.0,0.0
五家渠,2023,25,25,0.92,0.92,0.0,0.0,0.04,0.04,0.0,0.0,0.0,0.0,0.04,0.04,0.0,0.0
五指山,2008,1,1,0.0,0.0,0.0,0.0,0.0,0.0,1.0,1.0,0.0,0.0,0.0,0.0,0.0,0.0
五指山,2009,2,2,0.0,0.0,0.0,0.0,0.0,0.0,1.0,1.0,0.0,0.0,0.0,0.0,0.0,0.0
五指山,2010,3,3,0.6666666666666666,0.6666666666666666,0.0,0.0,0.0,0.0,0.3333333333333333,0.3333333333333333,0.0,0.0,0.0,0.0,0.0,0.0
五指山,2012,2,2,1.0,1.0,0.0,0.0,0.0,0.0,0.0,0.0,0.0,0.0,0.0,0.0,0.0,0.0
五指山,2013,1,1,1.0,1.0,0.0,0.0,0.0,0.0,0.0,0.0,0.0,0.0,0.0,0.0,0.0,0.0
五指山,2014,4,4,0.75,0.75,0.0,0.0,0.0,0.0,0.25,0.25,0.0,0.0,0.0,0.0,0.0,0.0
五指山,2015,1,1,1.0,1.0,0.0,0.0,0.0,0.0,0.0,0.0,0.0,0.0,0.0,0.0,0.0,0.0
五指山,2016,5,5,0.0,0.0,0.0,0.0,0.0,0.0,1.0,1.0,0.0,0.0,0.0,0.0,0.0,0.0
五指山,2017,3,3,1.0,1.0,0.0,0.0,0.0,0.0,0.0,0.0,0.0,0.0,0.0,0.0,0.0,0.0
五指山,2018,3,3,1.0,1.0,0.0,0.0,0.0,0.0,0.0,0.0,0.0,0.0,0.0,0.0,0.0,0.0
五指山,2019,6,6,0.5,0.5,0.0,0.0,0.0,0.0,0.5,0.5,0.0,0.0,0.0,0.0,0.0,0.0
五指山,2020,10,10,0.7,0.7,0.0,0.0,0.0,0.0,0.2,0.2,0.1,0.1,0.0,0.0,0.0,0.0
五指山,2021,23,23,0.782608695652174,0.782608695652174,0.0,0.0,0.0,0.0,0.21739130434782608,0.21739130434782608,0.0,0.0,0.0,0.0,0.0,0.0
五指山,2022,13,13,0.9230769230769231,0.9230769230769231,0.0,0.0,0.0,0.0,0.07692307692307693,0.07692307692307693,0.0,0.0,0.0,0.0,0.0,0.0
五指山,2023,12,12,0.6666666666666666,0.6666666666666666,0.0,0.0,0.25,0.25,0.0,0.0,0.0,0.0,0.0,0.0,0.08333333333333333,0.08333333333333333
亳州,2008,49,43,0.1836734693877551,0.20930232558139536,0.0,0.0,0.0,0.0,0.6938775510204082,0.7906976744186046,0.0,0.0,0.0,0.0,0.0,0.0
亳州,2009,60,47,0.23333333333333334,0.2978723404255319,0.0,0.0,0.0,0.0,0.55,0.7021276595744681,0.0,0.0,0.0,0.0,0.0,0.0
亳州,2010,96,70,0.21875,0.3,0.0,0.0,0.0,0.0,0.5104166666666666,0.7,0.0,0.0,0.0,0.0,0.0,0.0
亳州,2011,98,63,0.22448979591836735,0.3492063492063492,0.0,0.0,0.0,0.0,0.41836734693877553,0.6507936507936508,0.0,0.0,0.0,0.0,0.0,0.0
亳州,2012,311,185,0.1414790996784566,0.23783783783783785,0.0,0.0,0.0,0.0,0.4533762057877814,0.7621621621621621,0.0,0.0,0.0,0.0,0.0,0.0
亳州,2013,661,261,0.05597579425113464,0.1417624521072797,0.0,0.0,0.0,0.0,0.3388804841149773,0.8582375478927203,0.0,0.0,0.0,0.0,0.0,0.0
亳州,2014,607,273,0.21252059308072488,0.4725274725274725,0.0,0.0,0.0,0.0,0.18780889621087316,0.4175824175824176,0.04942339373970346,0.10989010989010989,0.0,0.0,0.0,0.0
亳州,2015,678,307,0.2153392330383481,0.4755700325732899,0.0,0.0,0.0,0.0,0.2374631268436578,0.5244299674267101,0.0,0.0,0.0,0.0,0.0,0.0
亳州,2016,1247,637,0.39775461106655974,0.7786499215070644,0.0,0.0,0.0,0.0,0.10104250200481155,0.1978021978021978,0.012028869286287089,0.023547880690737835,0.0,0.0,0.0,0.0
亳州,2017,2077,621,0.11458834857968224,0.3832528180354267,0.0,0.0,0.0,0.0,0.17236398651901783,0.5764895330112721,0.0,0.0,0.0,0.0,0.01203659123736158,0.040257648953301126
亳州,2018,3095,618,0.11276252019386107,0.5647249190938511,0.0,0.0,0.0,0.0,0.07269789983844911,0.3640776699029126,0.0,0.0,0.0,0.0,0.014216478190630048,0.07119741100323625
亳州,2019,1918,663,0.2732012513034411,0.7903469079939668,0.0,0.0,0.0,0.0,0.0,0.0,0.0,0.0,0.0,0.0,0.07247132429614181,0.2096530920060332
亳州,2020,2253,543,0.22237017310252996,0.9226519337016574,0.0,0.0,0.0,0.0,0.007989347536617843,0.03314917127071823,0.0,0.0,0.0,0.0,0.010652463382157125,0.04419889502762431
亳州,2021,1920,397,0.18072916666666666,0.8740554156171285,0.0,0.0,0.0,0.0,0.009895833333333333,0.04785894206549118,0.0,0.0,0.0,0.0,0.016145833333333335,0.07808564231738035
亳州,2022,1250,305,0.216,0.8852459016393442,0.0,0.0,0.0,0.0,0.0,0.0,0.0136,0.05573770491803279,0.0,0.0,0.0144,0.05901639344262295
亳州,2023,870,276,0.28045977011494255,0.8840579710144928,0.0,0.0,0.0,0.0,0.0,0.0,0.0,0.0,0.0,0.0,0.0367816091954023,0.11594202898550725
仙桃,2008,33,31,0.696969696969697,0.7419354838709677,0.0,0.0,0.0,0.0,0.24242424242424243,0.25806451612903225,0.0,0.0,0.0,0.0,0.0,0.0
仙桃,2009,40,40,0.9,0.9,0.0,0.0,0.0,0.0,0.1,0.1,0.0,0.0,0.0,0.0,0.0,0.0
仙桃,2010,38,35,0.7894736842105263,0.8571428571428571,0.0,0.0,0.0,0.0,0.13157894736842105,0.14285714285714285,0.0,0.0,0.0,0.0,0.0,0.0
仙桃,2011,29,29,0.7931034482758621,0.7931034482758621,0.0,0.0,0.0,0.0,0.20689655172413793,0.20689655172413793,0.0,0.0,0.0,0.0,0.0,0.0
仙桃,2012,85,74,0.4588235294117647,0.527027027027027,0.0,0.0,0.0,0.0,0.4117647058823529,0.47297297297297297,0.0,0.0,0.0,0.0,0.0,0.0
仙桃,2013,108,73,0.4074074074074074,0.6027397260273972,0.0,0.0,0.0,0.0,0.26851851851851855,0.3972602739726027,0.0,0.0,0.0,0.0,0.0,0.0
仙桃,2014,115,77,0.4260869565217391,0.6363636363636364,0.0,0.0,0.0,0.0,0.24347826086956523,0.36363636363636365,0.0,0.0,0.0,0.0,0.0,0.0
仙桃,2015,84,60,0.36904761904761907,0.5166666666666667,0.0,0.0,0.0,0.0,0.34523809523809523,0.48333333333333334,0.0,0.0,0.0,0.0,0.0,0.0
仙桃,2016,277,176,0.5415162454873647,0.8522727272727273,0.0,0.0,0.0,0.0,0.07942238267148015,0.125,0.01444043321299639,0.022727272727272728,0.0,0.0,0.0,0.0
仙桃,2017,476,334,0.6407563025210085,0.9131736526946108,0.0,0.0,0.0,0.0,0.06092436974789916,0.08682634730538923,0.0,0.0,0.0,0.0,0.0,0.0
仙桃,2018,233,151,0.44206008583690987,0.6821192052980133,0.0,0.0,0.0,0.0,0.1888412017167382,0.2913907284768212,0.017167381974248927,0.026490066225165563,0.0,0.0,0.0,0.0
仙桃,2019,163,95,0.5644171779141104,0.968421052631579,0.0,0.0,0.0,0.0,0.018404907975460124,0.031578947368421054,0.0,0.0,0.0,0.0,0.0,0.0
仙桃,2020,235,132,0.43829787234042555,0.7803030303030303,0.0,0.0,0.0,0.0,0.12340425531914893,0.2196969696969697,0.0,0.0,0.0,0.0,0.0,0.0
仙桃,2021,169,94,0.48520710059171596,0.8723404255319149,0.0,0.0,0.0,0.0,0.07100591715976332,0.1276595744680851,0.0,0.0,0.0,0.0,0.0,0.0
仙桃,2022,135,72,0.4962962962962963,0.9305555555555556,0.0,0.0,0.0,0.0,0.037037037037037035,0.06944444444444445,0.0,0.0,0.0,0.0,0.0,0.0
仙桃,2023,185,123,0.5945945945945946,0.8943089430894309,0.0,0.0,0.0,0.0,0.07027027027027027,0.10569105691056911,0.0,0.0,0.0,0.0,0.0,0.0
伊春,2008,24,24,0.0,0.0,0.0,0.0,0.0,0.0,1.0,1.0,0.0,0.0,0.0,0.0,0.0,0.0
伊春,2009,18,18,0.1111111111111111,0.1111111111111111,0.0,0.0,0.0,0.0,0.8888888888888888,0.8888888888888888,0.0,0.0,0.0,0.0,0.0,0.0
伊春,2010,25,25,0.12,0.12,0.0,0.0,0.0,0.0,0.84,0.84,0.0,0.0,0.04,0.04,0.0,0.0
伊春,2011,23,23,0.2608695652173913,0.2608695652173913,0.0,0.0,0.0,0.0,0.6521739130434783,0.6521739130434783,0.08695652173913043,0.08695652173913043,0.0,0.0,0.0,0.0
伊春,2012,54,46,0.6111111111111112,0.717391304347826,0.0,0.0,0.0,0.0,0.2037037037037037,0.2391304347826087,0.037037037037037035,0.043478260869565216,0.0,0.0,0.0,0.0
伊春,2013,132,122,0.8181818181818182,0.8852459016393442,0.0,0.0,0.0,0.0,0.09848484848484848,0.10655737704918032,0.0,0.0,0.007575757575757576,0.00819672131147541,0.0,0.0
伊春,2014,115,98,0.7913043478260869,0.9285714285714286,0.0,0.0,0.0,0.0,0.034782608695652174,0.04081632653061224,0.017391304347826087,0.02040816326530612,0.0,0.0,0.008695652173913044,0.01020408163265306
伊春,2015,195,180,0.841025641025641,0.9111111111111111,0.0,0.0,0.0,0.0,0.06666666666666667,0.07222222222222222,0.0,0.0,0.005128205128205128,0.005555555555555556,0.010256410256410256,0.011111111111111112
伊春,2016,50,40,0.32,0.4,0.0,0.0,0.0,0.0,0.28,0.35,0.0,0.0,0.2,0.25,0.0,0.0
伊春,2017,62,56,0.41935483870967744,0.4642857142857143,0.0,0.0,0.0,0.0,0.27419354838709675,0.30357142857142855,0.016129032258064516,0.017857142857142856,0.1935483870967742,0.21428571428571427,0.0,0.0
伊春,2018,108,89,0.17592592592592593,0.21348314606741572,0.0,0.0,0.0,0.0,0.5925925925925926,0.7191011235955056,0.0,0.0,0.05555555555555555,0.06741573033707865,0.0,0.0
伊春,2019,64,53,0.375,0.4528301886792453,0.0,0.0,0.0,0.0,0.34375,0.41509433962264153,0.015625,0.018867924528301886,0.09375,0.11320754716981132,0.0,0.0
伊春,2020,185,131,0.21081081081081082,0.29770992366412213,0.0,0.0,0.0,0.0,0.4486486486486487,0.6335877862595419,0.0,0.0,0.04864864864864865,0.06870229007633588,0.0,0.0
伊春,2021,122,87,0.27049180327868855,0.3793103448275862,0.0,0.0,0.0,0.0,0.30327868852459017,0.42528735632183906,0.0,0.0,0.13934426229508196,0.19540229885057472,0.0,0.0
伊春,2022,77,71,0.6623376623376623,0.7183098591549296,0.0,0.0,0.0,0.0,0.12987012987012986,0.14084507042253522,0.0,0.0,0.12987012987012986,0.14084507042253522,0.0,0.0
伊春,2023,140,123,0.7785714285714286,0.8861788617886179,0.0,0.0,0.014285714285714285,0.016260162601626018,0.02142857142857143,0.024390243902439025,0.007142857142857143,0.008130081300813009,0.05714285714285714,0.06504065040650407,0.0,0.0
伊犁,2017,4,4,1.0,1.0,0.0,0.0,0.0,0.0,0.0,0.0,0.0,0.0,0.0,0.0,0.0,0.0
伊犁,2018,15,15,0.8666666666666667,0.8666666666666667,0.0,0.0,0.0,0.0,0.13333333333333333,0.13333333333333333,0.0,0.0,0.0,0.0,0.0,0.0
伊犁,2019,21,21,0.9523809523809523,0.9523809523809523,0.0,0.0,0.0,0.0,0.047619047619047616,0.047619047619047616,0.0,0.0,0.0,0.0,0.0,0.0
伊犁,2020,19,19,1.0,1.0,0.0,0.0,0.0,0.0,0.0,0.0,0.0,0.0,0.0,0.0,0.0,0.0
伊犁,2021,28,28,0.9285714285714286,0.9285714285714286,0.03571428571428571,0.03571428571428571,0.0,0.0,0.03571428571428571,0.03571428571428571,0.0,0.0,0.0,0.0,0.0,0.0
伊犁,2022,45,33,0.6222222222222222,0.8484848484848485,0.0,0.0,0.0,0.0,0.022222222222222223,0.030303030303030304,0.0,0.0,0.022222222222222223,0.030303030303030304,0.06666666666666667,0.09090909090909091
伊犁,2023,137,100,0.6423357664233577,0.88,0.0,0.0,0.0,0.0,0.0,0.0,0.0,0.0,0.0364963503649635,0.05,0.051094890510948905,0.07
伊犁哈萨克自治州,2008,9,9,0.1111111111111111,0.1111111111111111,0.0,0.0,0.0,0.0,0.7777777777777778,0.7777777777777778,0.1111111111111111,0.1111111111111111,0.0,0.0,0.0,0.0
伊犁哈萨克自治州,2009,18,18,0.16666666666666666,0.16666666666666666,0.0,0.0,0.0,0.0,0.6111111111111112,0.6111111111111112,0.2222222222222222,0.2222222222222222,0.0,0.0,0.0,0.0
伊犁哈萨克自治州,2010,23,23,0.17391304347826086,0.17391304347826086,0.0,0.0,0.0,0.0,0.7391304347826086,0.7391304347826086,0.08695652173913043,0.08695652173913043,0.0,0.0,0.0,0.0
伊犁哈萨克自治州,2011,33,33,0.45454545454545453,0.45454545454545453,0.0,0.0,0.0,0.0,0.45454545454545453,0.45454545454545453,0.09090909090909091,0.09090909090909091,0.0,0.0,0.0,0.0
伊犁哈萨克自治州,2012,50,42,0.58,0.6904761904761905,0.0,0.0,0.0,0.0,0.24,0.2857142857142857,0.0,0.0,0.0,0.0,0.02,0.023809523809523808
伊犁哈萨克自治州,2013,69,45,0.2028985507246377,0.3111111111111111,0.0,0.0,0.0,0.0,0.37681159420289856,0.5777777777777777,0.0,0.0,0.0,0.0,0.07246376811594203,0.1111111111111111
伊犁哈萨克自治州,2014,77,57,0.38961038961038963,0.5263157894736842,0.0,0.0,0.0,0.0,0.2857142857142857,0.38596491228070173,0.0,0.0,0.05194805194805195,0.07017543859649122,0.012987012987012988,0.017543859649122806
伊犁哈萨克自治州,2015,80,48,0.2875,0.4791666666666667,0.0,0.0,0.0,0.0,0.175,0.2916666666666667,0.1125,0.1875,0.025,0.041666666666666664,0.0,0.0
伊犁哈萨克自治州,2016,136,100,0.4485294117647059,0.61,0.0,0.0,0.0,0.0,0.16911764705882354,0.23,0.04411764705882353,0.06,0.0,0.0,0.07352941176470588,0.1
伊犁哈萨克自治州,2017,175,112,0.4514285714285714,0.7053571428571429,0.0,0.0,0.0,0.0,0.05714285714285714,0.08928571428571429,0.011428571428571429,0.017857142857142856,0.0,0.0,0.12,0.1875
伊犁哈萨克自治州,2018,135,92,0.4740740740740741,0.6956521739130435,0.0,0.0,0.0,0.0,0.1111111111111111,0.16304347826086957,0.0,0.0,0.0,0.0,0.0962962962962963,0.14130434782608695
伊犁哈萨克自治州,2019,167,114,0.6227544910179641,0.9122807017543859,0.0,0.0,0.0,0.0,0.023952095808383235,0.03508771929824561,0.0,0.0,0.0,0.0,0.03592814371257485,0.05263157894736842
伊犁哈萨克自治州,2020,187,124,0.42780748663101603,0.6451612903225806,0.0,0.0,0.0,0.0,0.17647058823529413,0.2661290322580645,0.0,0.0,0.0,0.0,0.058823529411764705,0.08870967741935484
伊犁哈萨克自治州,2021,153,102,0.49019607843137253,0.7352941176470589,0.0,0.0,0.0,0.0,0.058823529411764705,0.08823529411764706,0.026143790849673203,0.0392156862745098,0.013071895424836602,0.0196078431372549,0.0784313725490196,0.11764705882352941
伊犁哈萨克自治州,2022,166,96,0.4397590361445783,0.7604166666666666,0.0,0.0,0.018072289156626505,0.03125,0.018072289156626505,0.03125,0.0,0.0,0.018072289156626505,0.03125,0.08433734939759036,0.14583333333333334
伊犁哈萨克自治州,2023,190,140,0.6052631578947368,0.8214285714285714,0.0,0.0,0.0,0.0,0.0,0.0,0.0,0.0,0.021052631578947368,0.02857142857142857,0.11052631578947368,0.15
佛山,2008,1494,627,0.36211512717536815,0.8628389154704944,0.0,0.0,0.0,0.0,0.05756358768406961,0.1371610845295056,0.0,0.0,0.0,0.0,0.0,0.0
佛山,2009,1737,619,0.31318364997121473,0.8788368336025848,0.0,0.0,0.0,0.0,0.04317789291882556,0.12116316639741519,0.0,0.0,0.0,0.0,0.0,0.0
佛山,2010,1993,683,0.2870045158053186,0.8374816983894583,0.0,0.0,0.0,0.0,0.05569493226292022,0.16251830161054173,0.0,0.0,0.0,0.0,0.0,0.0
佛山,2011,2539,726,0.228042536431666,0.7975206611570248,0.0,0.0,0.0,0.0,0.04883812524615991,0.17079889807162535,0.0,0.0,0.0,0.0,0.009058684521465145,0.03168044077134986
佛山,2012,2941,864,0.2543352601156069,0.8657407407407407,0.0,0.0,0.0,0.0,0.033321999319959196,0.11342592592592593,0.0,0.0,0.0,0.0,0.006120367222033322,0.020833333333333332
佛山,2013,4477,1404,0.2930533839624749,0.9344729344729344,0.0,0.0,0.0,0.0,0.015635470180924725,0.04985754985754986,0.0,0.0,0.0,0.0,0.004914004914004914,0.01566951566951567
佛山,2014,6879,2384,0.33115278383485974,0.9555369127516778,0.0,0.0,0.0,0.0,0.015409216455880215,0.044463087248322146,0.0,0.0,0.0,0.0,0.0,0.0
佛山,2015,10628,4160,0.3392924350771547,0.8668269230769231,0.0,0.0,0.0,0.0,0.04083552879187053,0.10432692307692308,0.0,0.0,0.011290929619872036,0.028846153846153848,0.0,0.0
佛山,2016,16761,5323,0.26675019390251176,0.8399398835243284,0.0,0.0,0.0,0.0,0.011097189905136926,0.034942701484125496,0.0,0.0,0.007935087405286081,0.024985910201014466,0.03180001193246226,0.10013150479053165
佛山,2017,28501,8423,0.2630434019858952,0.8900629229490681,0.0,0.0,0.0,0.0,0.0,0.0,0.00417529209501421,0.014127982903953461,0.0,0.0,0.028314795972071156,0.09580909414697851
佛山,2018,32327,9341,0.2311071240758499,0.7998073011454876,0.0,0.0,0.0,0.0,0.0,0.0,0.0,0.0,0.0,0.0,0.05784638228106536,0.20019269885451235
佛山,2019,19163,7148,0.3081459061733549,0.8261052042529379,0.0,0.0,0.0,0.0,0.0,0.0,0.0,0.0,0.00615769973386213,0.01650811415780638,0.058706883055888955,0.15738668158925573
佛山,2020,20542,7343,0.3029889981501314,0.8476099686776521,0.0,0.0,0.0,0.0,0.0,0.0,0.0,0.0,0.011732061143024048,0.03282037314449135,0.04274169993184695,0.11956965817785646
佛山,2021,20024,5814,0.24555533359968038,0.8457172342621259,0.0,0.0,0.0,0.0,0.0,0.0,0.0,0.0,0.01757890531362365,0.06054351565187478,0.027217339192968436,0.09373925008599931
佛山,2022,18432,5457,0.2253689236111111,0.7612241158145501,0.0,0.0,0.0,0.0,0.0,0.0,0.0,0.0,0.03895399305555555,0.13157412497709364,0.03173828125,0.10720175920835624
佛山,2023,20081,5543,0.21537772023305612,0.7802633952733177,0.0,0.0,0.0,0.0,0.0,0.0,0.0,0.0,0.03321547731686669,0.12033195020746888,0.027438872566107265,0.09940465451921342
佳木斯,2008,29,26,0.06896551724137931,0.07692307692307693,0.0,0.0,0.034482758620689655,0.038461538461538464,0.5862068965517241,0.6538461538461539,0.034482758620689655,0.038461538461538464,0.0,0.0,0.1724137931034483,0.19230769230769232
佳木斯,2009,41,34,0.17073170731707318,0.20588235294117646,0.0,0.0,0.0,0.0,0.5121951219512195,0.6176470588235294,0.0,0.0,0.0,0.0,0.14634146341463414,0.17647058823529413
佳木斯,2010,57,52,0.15789473684210525,0.17307692307692307,0.0,0.0,0.0,0.0,0.5263157894736842,0.5769230769230769,0.017543859649122806,0.019230769230769232,0.0,0.0,0.21052631578947367,0.23076923076923078
佳木斯,2011,66,50,0.09090909090909091,0.12,0.0,0.0,0.0,0.0,0.25757575757575757,0.34,0.015151515151515152,0.02,0.030303030303030304,0.04,0.36363636363636365,0.48
佳木斯,2012,55,40,0.23636363636363636,0.325,0.0,0.0,0.0,0.0,0.2727272727272727,0.375,0.0,0.0,0.03636363636363636,0.05,0.18181818181818182,0.25
佳木斯,2013,78,57,0.21794871794871795,0.2982456140350877,0.0,0.0,0.0,0.0,0.21794871794871795,0.2982456140350877,0.02564102564102564,0.03508771929824561,0.02564102564102564,0.03508771929824561,0.24358974358974358,0.3333333333333333
佳木斯,2014,137,104,0.4744525547445255,0.625,0.0,0.0,0.0,0.0,0.058394160583941604,0.07692307692307693,0.0,0.0,0.014598540145985401,0.019230769230769232,0.2116788321167883,0.27884615384615385
佳木斯,2015,116,78,0.22413793103448276,0.3333333333333333,0.0,0.0,0.0,0.0,0.23275862068965517,0.34615384615384615,0.0,0.0,0.017241379310344827,0.02564102564102564,0.19827586206896552,0.2948717948717949
佳木斯,2016,168,118,0.20833333333333334,0.2966101694915254,0.0,0.0,0.0,0.0,0.17261904761904762,0.2457627118644068,0.0,0.0,0.011904761904761904,0.01694915254237288,0.30952380952380953,0.4406779661016949
佳木斯,2017,221,166,0.16289592760180996,0.21686746987951808,0.0,0.0,0.03619909502262444,0.04819277108433735,0.3031674208144796,0.4036144578313253,0.0,0.0,0.03167420814479638,0.04216867469879518,0.2171945701357466,0.2891566265060241
佳木斯,2018,309,231,0.17475728155339806,0.23376623376623376,0.009708737864077669,0.012987012987012988,0.061488673139158574,0.08225108225108226,0.0744336569579288,0.09956709956709957,0.009708737864077669,0.012987012987012988,0.012944983818770227,0.017316017316017316,0.4045307443365696,0.5411255411255411
佳木斯,2019,268,194,0.1417910447761194,0.1958762886597938,0.0,0.0,0.029850746268656716,0.041237113402061855,0.11194029850746269,0.15463917525773196,0.041044776119402986,0.05670103092783505,0.011194029850746268,0.015463917525773196,0.3880597014925373,0.5360824742268041
佳木斯,2020,363,251,0.2396694214876033,0.3466135458167331,0.0,0.0,0.011019283746556474,0.01593625498007968,0.08264462809917356,0.11952191235059761,0.0,0.0,0.0440771349862259,0.06374501992031872,0.3140495867768595,0.4541832669322709
佳木斯,2021,461,340,0.19305856832971802,0.26176470588235295,0.0,0.0,0.0,0.0,0.07158351409978309,0.09705882352941177,0.0,0.0,0.039045553145336226,0.052941176470588235,0.43383947939262474,0.5882352941176471
佳木斯,2022,396,323,0.17929292929292928,0.21981424148606812,0.0,0.0,0.0,0.0,0.030303030303030304,0.03715170278637771,0.0,0.0,0.05808080808080808,0.07120743034055728,0.547979797979798,0.6718266253869969
佳木斯,2023,498,388,0.1465863453815261,0.18814432989690721,0.0,0.0,0.04417670682730924,0.05670103092783505,0.0,0.0,0.0,0.0,0.04819277108433735,0.061855670103092786,0.5401606425702812,0.6932989690721649
保亭,2020,1,1,0.0,0.0,0.0,0.0,0.0,0.0,1.0,1.0,0.0,0.0,0.0,0.0,0.0,0.0
保亭,2022,1,1,1.0,1.0,0.0,0.0,0.0,0.0,0.0,0.0,0.0,0.0,0.0,0.0,0.0,0.0
保亭黎族苗族自治县,2014,1,1,0.0,0.0,0.0,0.0,0.0,0.0,1.0,1.0,0.0,0.0,0.0,0.0,0.0,0.0
保亭黎族苗族自治县,2015,1,1,0.0,0.0,0.0,0.0,0.0,0.0,1.0,1.0,0.0,0.0,0.0,0.0,0.0,0.0
保亭黎族苗族自治县,2016,5,5,0.0,0.0,0.0,0.0,0.0,0.0,1.0,1.0,0.0,0.0,0.0,0.0,0.0,0.0
保亭黎族苗族自治县,2017,1,1,1.0,1.0,0.0,0.0,0.0,0.0,0.0,0.0,0.0,0.0,0.0,0.0,0.0,0.0
保亭黎族苗族自治县,2018,2,2,0.5,0.5,0.0,0.0,0.0,0.0,0.5,0.5,0.0,0.0,0.0,0.0,0.0,0.0
保亭黎族苗族自治县,2019,2,2,0.5,0.5,0.0,0.0,0.0,0.0,0.5,0.5,0.0,0.0,0.0,0.0,0.0,0.0
保亭黎族苗族自治县,2020,8,8,0.625,0.625,0.0,0.0,0.0,0.0,0.375,0.375,0.0,0.0,0.0,0.0,0.0,0.0
保亭黎族苗族自治县,2021,5,5,0.4,0.4,0.0,0.0,0.0,0.0,0.6,0.6,0.0,0.0,0.0,0.0,0.0,0.0
保亭黎族苗族自治县,2022,7,7,1.0,1.0,0.0,0.0,0.0,0.0,0.0,0.0,0.0,0.0,0.0,0.0,0.0,0.0
保定,2008,247,159,0.25101214574898784,0.389937106918239,0.0,0.0,0.0,0.0,0.10121457489878542,0.15723270440251572,0.0,0.0,0.0,0.0,0.291497975708502,0.4528301886792453
保定,2009,353,243,0.3371104815864023,0.4897119341563786,0.0,0.0,0.0,0.0,0.07932011331444759,0.11522633744855967,0.0,0.0,0.0,0.0,0.2719546742209632,0.3950617283950617
保定,2010,474,326,0.33544303797468356,0.48773006134969327,0.0,0.0,0.0,0.0,0.052742616033755275,0.07668711656441718,0.0,0.0,0.014767932489451477,0.02147239263803681,0.2848101265822785,0.41411042944785276
保定,2011,743,521,0.414535666218035,0.5911708253358925,0.0,0.0,0.0,0.0,0.021534320323014805,0.030710172744721688,0.010767160161507403,0.015355086372360844,0.0,0.0,0.2543741588156124,0.362763915547025
保定,2012,995,712,0.4994974874371859,0.6980337078651685,0.0,0.0,0.0,0.0,0.02814070351758794,0.03932584269662921,0.01407035175879397,0.019662921348314606,0.011055276381909548,0.01544943820224719,0.1628140703517588,0.22752808988764045
保定,2013,1565,1190,0.5003194888178913,0.6579831932773109,0.0,0.0,0.0,0.0,0.005750798722044728,0.007563025210084034,0.005750798722044728,0.007563025210084034,0.0076677316293929714,0.010084033613445379,0.24089456869009584,0.3168067226890756
保定,2014,1294,944,0.4574961360123648,0.6271186440677966,0.0,0.0,0.0,0.0,0.0,0.0,0.005409582689335394,0.007415254237288136,0.012364760432766615,0.01694915254237288,0.2542503863987635,0.3485169491525424
保定,2015,1446,917,0.2939142461964039,0.46346782988004365,0.0,0.0,0.0,0.0,0.014522821576763486,0.022900763358778626,0.0,0.0,0.006224066390041493,0.009814612868047983,0.31950207468879666,0.5038167938931297
保定,2016,1895,1135,0.26068601583113454,0.4352422907488987,0.0,0.0,0.0,0.0,0.04063324538258575,0.06784140969162995,0.0,0.0,0.01108179419525066,0.018502202643171806,0.28654353562005275,0.47841409691629955
保定,2017,2522,1370,0.27636796193497226,0.5087591240875913,0.0,0.0,0.0,0.0,0.033703409992069784,0.06204379562043796,0.006344171292624901,0.01167883211678832,0.005947660586835844,0.010948905109489052,0.22085646312450435,0.4065693430656934
保定,2018,2698,1427,0.30911786508524836,0.5844428871758934,0.0,0.0,0.0,0.0,0.015567086730911787,0.02943237561317449,0.005189028910303929,0.009810791871058164,0.004818383988139363,0.009110021023125438,0.19421793921423278,0.3672039243167484
保定,2019,2875,1546,0.3130434782608696,0.5821474773609314,0.0,0.0,0.0,0.0,0.0,0.0,0.0,0.0,0.006956521739130435,0.0129366106080207,0.2177391304347826,0.4049159120310479
保定,2020,3401,1611,0.3037341958247574,0.6412166356300435,0.0,0.0,0.0,0.0,0.004998529844163481,0.010552451893234015,0.00911496618641576,0.019242706393544383,0.00558659217877095,0.011793916821849782,0.15024992649220817,0.31719428926132837
保定,2021,5024,2926,0.41679936305732485,0.7156527682843472,0.0,0.0,0.0,0.0,0.0,0.0,0.0,0.0,0.0,0.0,0.16560509554140126,0.2843472317156528
保定,2022,5336,3361,0.4883808095952024,0.775364474858673,0.0,0.0,0.0,0.0,0.0,0.0,0.0,0.0,0.0,0.0,0.14149175412293852,0.22463552514132698
保定,2023,6800,4225,0.47352941176470587,0.762130177514793,0.0,0.0,0.0,0.0,0.0,0.0,0.0,0.0,0.0075,0.012071005917159764,0.14029411764705882,0.22579881656804734
保山,2008,8,8,0.125,0.125,0.0,0.0,0.0,0.0,0.875,0.875,0.0,0.0,0.0,0.0,0.0,0.0
保山,2009,20,20,0.35,0.35,0.0,0.0,0.0,0.0,0.6,0.6,0.05,0.05,0.0,0.0,0.0,0.0
保山,2010,25,25,0.2,0.2,0.0,0.0,0.0,0.0,0.6,0.6,0.12,0.12,0.08,0.08,0.0,0.0
保山,2011,28,28,0.5357142857142857,0.5357142857142857,0.0,0.0,0.0,0.0,0.32142857142857145,0.32142857142857145,0.03571428571428571,0.03571428571428571,0.07142857142857142,0.07142857142857142,0.03571428571428571,0.03571428571428571
保山,2012,41,34,0.5853658536585366,0.7058823529411765,0.0,0.0,0.0,0.0,0.17073170731707318,0.20588235294117646,0.0,0.0,0.07317073170731707,0.08823529411764706,0.0,0.0
保山,2013,49,44,0.5510204081632653,0.6136363636363636,0.0,0.0,0.0,0.0,0.20408163265306123,0.22727272727272727,0.08163265306122448,0.09090909090909091,0.04081632653061224,0.045454545454545456,0.02040816326530612,0.022727272727272728
保山,2014,64,44,0.53125,0.7727272727272727,0.0,0.0,0.0,0.0,0.109375,0.1590909090909091,0.046875,0.06818181818181818,0.0,0.0,0.0,0.0
保山,2015,66,41,0.5454545454545454,0.8780487804878049,0.0,0.0,0.0,0.0,0.0,0.0,0.015151515151515152,0.024390243902439025,0.030303030303030304,0.04878048780487805,0.030303030303030304,0.04878048780487805
保山,2016,78,43,0.48717948717948717,0.8837209302325582,0.0,0.0,0.0,0.0,0.05128205128205128,0.09302325581395349,0.0,0.0,0.0,0.0,0.01282051282051282,0.023255813953488372
保山,2017,86,59,0.5116279069767442,0.7457627118644068,0.0,0.0,0.0,0.0,0.12790697674418605,0.1864406779661017,0.046511627906976744,0.06779661016949153,0.0,0.0,0.0,0.0
保山,2018,81,60,0.4444444444444444,0.6,0.0,0.0,0.0,0.0,0.12345679012345678,0.16666666666666666,0.09876543209876543,0.13333333333333333,0.07407407407407407,0.1,0.0,0.0
保山,2019,93,75,0.5698924731182796,0.7066666666666667,0.0,0.0,0.0,0.0,0.043010752688172046,0.05333333333333334,0.043010752688172046,0.05333333333333334,0.15053763440860216,0.18666666666666668,0.0,0.0
保山,2020,99,65,0.23232323232323232,0.35384615384615387,0.0,0.0,0.0,0.0,0.30303030303030304,0.46153846153846156,0.0707070707070707,0.1076923076923077,0.020202020202020204,0.03076923076923077,0.030303030303030304,0.046153846153846156
保山,2021,137,102,0.45255474452554745,0.6078431372549019,0.0,0.0,0.0,0.0,0.16058394160583941,0.21568627450980393,0.0,0.0,0.13138686131386862,0.17647058823529413,0.0,0.0
保山,2022,121,79,0.39669421487603307,0.6075949367088608,0.0,0.0,0.0,0.0,0.12396694214876033,0.189873417721519,0.01652892561983471,0.02531645569620253,0.06611570247933884,0.10126582278481013,0.049586776859504134,0.0759493670886076
保山,2023,202,141,0.3910891089108911,0.5602836879432624,0.0,0.0,0.0,0.0,0.019801980198019802,0.028368794326241134,0.0,0.0,0.2524752475247525,0.3617021276595745,0.034653465346534656,0.04964539007092199
信阳,2008,43,32,0.13953488372093023,0.1875,0.0,0.0,0.0,0.0,0.5348837209302325,0.71875,0.0,0.0,0.0,0.0,0.06976744186046512,0.09375
信阳,2009,37,35,0.40540540540540543,0.42857142857142855,0.0,0.0,0.0,0.0,0.5405405405405406,0.5714285714285714,0.0,0.0,0.0,0.0,0.0,0.0
信阳,2010,38,35,0.5263157894736842,0.5714285714285714,0.0,0.0,0.0,0.0,0.2631578947368421,0.2857142857142857,0.0,0.0,0.0,0.0,0.13157894736842105,0.14285714285714285
信阳,2011,92,65,0.4891304347826087,0.6923076923076923,0.0,0.0,0.0,0.0,0.14130434782608695,0.2,0.010869565217391304,0.015384615384615385,0.021739130434782608,0.03076923076923077,0.043478260869565216,0.06153846153846154
信阳,2012,154,121,0.5974025974025974,0.7603305785123967,0.0,0.0,0.0,0.0,0.12337662337662338,0.15702479338842976,0.0,0.0,0.0,0.0,0.06493506493506493,0.08264462809917356
信阳,2013,154,128,0.577922077922078,0.6953125,0.0,0.0,0.0,0.0,0.11688311688311688,0.140625,0.012987012987012988,0.015625,0.0,0.0,0.12337662337662338,0.1484375
信阳,2014,159,101,0.3836477987421384,0.6039603960396039,0.0,0.0,0.0,0.0,0.0440251572327044,0.06930693069306931,0.0,0.0,0.025157232704402517,0.039603960396039604,0.18238993710691823,0.2871287128712871
信阳,2015,184,131,0.27717391304347827,0.3893129770992366,0.0,0.0,0.0,0.0,0.10869565217391304,0.15267175572519084,0.010869565217391304,0.015267175572519083,0.0,0.0,0.31521739130434784,0.44274809160305345
信阳,2016,310,225,0.23548387096774193,0.3244444444444444,0.0,0.0,0.0,0.0,0.035483870967741936,0.04888888888888889,0.0,0.0,0.00967741935483871,0.013333333333333334,0.44516129032258067,0.6133333333333333
信阳,2017,376,276,0.18882978723404256,0.2572463768115942,0.0,0.0,0.0,0.0,0.08244680851063829,0.11231884057971014,0.0,0.0,0.0,0.0,0.4627659574468085,0.6304347826086957
信阳,2018,536,368,0.10820895522388059,0.15760869565217392,0.0,0.0,0.0,0.0,0.10634328358208955,0.15489130434782608,0.0,0.0,0.016791044776119403,0.024456521739130436,0.4552238805970149,0.6630434782608695
信阳,2019,456,284,0.11842105263157894,0.19014084507042253,0.0,0.0,0.0,0.0,0.08771929824561403,0.14084507042253522,0.0,0.0,0.006578947368421052,0.01056338028169014,0.4100877192982456,0.6584507042253521
信阳,2020,677,284,0.11521418020679468,0.2746478873239437,0.0,0.0,0.0,0.0,0.0620384047267356,0.14788732394366197,0.0,0.0,0.0,0.0,0.24224519940915806,0.5774647887323944
信阳,2021,813,349,0.1070110701107011,0.2492836676217765,0.0,0.0,0.03198031980319803,0.07449856733524356,0.03198031980319803,0.07449856733524356,0.006150061500615006,0.014326647564469915,0.0,0.0,0.2521525215252153,0.5873925501432665
信阳,2022,695,383,0.1669064748201439,0.3028720626631854,0.0,0.0,0.034532374100719423,0.06266318537859007,0.0,0.0,0.0,0.0,0.010071942446043165,0.018276762402088774,0.339568345323741,0.6161879895561357
信阳,2023,633,352,0.19747235387045814,0.35511363636363635,0.0,0.0,0.0,0.0,0.0,0.0,0.0,0.0,0.014218009478672985,0.02556818181818182,0.344391785150079,0.6193181818181818
儋州,2008,6,6,0.0,0.0,0.0,0.0,0.0,0.0,1.0,1.0,0.0,0.0,0.0,0.0,0.0,0.0
儋州,2009,3,3,0.0,0.0,0.0,0.0,0.0,0.0,1.0,1.0,0.0,0.0,0.0,0.0,0.0,0.0
儋州,2010,2,2,0.0,0.0,0.0,0.0,0.0,0.0,1.0,1.0,0.0,0.0,0.0,0.0,0.0,0.0
儋州,2011,4,4,0.5,0.5,0.0,0.0,0.0,0.0,0.0,0.0,0.0,0.0,0.5,0.5,0.0,0.0
儋州,2012,11,11,0.6363636363636364,0.6363636363636364,0.0,0.0,0.0,0.0,0.2727272727272727,0.2727272727272727,0.0,0.0,0.09090909090909091,0.09090909090909091,0.0,0.0
儋州,2013,6,6,0.5,0.5,0.0,0.0,0.0,0.0,0.5,0.5,0.0,0.0,0.0,0.0,0.0,0.0
儋州,2014,6,6,0.0,0.0,0.0,0.0,0.0,0.0,0.8333333333333334,0.8333333333333334,0.0,0.0,0.16666666666666666,0.16666666666666666,0.0,0.0
儋州,2015,5,5,0.2,0.2,0.0,0.0,0.0,0.0,0.4,0.4,0.0,0.0,0.4,0.4,0.0,0.0
儋州,2016,8,8,0.625,0.625,0.0,0.0,0.0,0.0,0.25,0.25,0.0,0.0,0.125,0.125,0.0,0.0
儋州,2017,68,67,0.4117647058823529,0.417910447761194,0.0,0.0,0.0,0.0,0.1323529411764706,0.13432835820895522,0.0,0.0,0.4117647058823529,0.417910447761194,0.029411764705882353,0.029850746268656716
儋州,2018,124,109,0.43548387096774194,0.4954128440366973,0.0,0.0,0.0,0.0,0.14516129032258066,0.1651376146788991,0.0,0.0,0.29838709677419356,0.3394495412844037,0.0,0.0
儋州,2019,90,81,0.5888888888888889,0.654320987654321,0.0,0.0,0.011111111111111112,0.012345679012345678,0.07777777777777778,0.08641975308641975,0.0,0.0,0.2222222222222222,0.24691358024691357,0.0,0.0
儋州,2020,85,65,0.611764705882353,0.8,0.0,0.0,0.0,0.0,0.07058823529411765,0.09230769230769231,0.047058823529411764,0.06153846153846154,0.03529411764705882,0.046153846153846156,0.0,0.0
儋州,2021,127,86,0.6141732283464567,0.9069767441860465,0.0,0.0,0.0,0.0,0.047244094488188976,0.06976744186046512,0.015748031496062992,0.023255813953488372,0.0,0.0,0.0,0.0
儋州,2022,107,73,0.5046728971962616,0.7397260273972602,0.0,0.0,0.0,0.0,0.14018691588785046,0.2054794520547945,0.0,0.0,0.037383177570093455,0.0547945205479452,0.0,0.0
儋州,2023,141,100,0.6524822695035462,0.92,0.0,0.0,0.014184397163120567,0.02,0.0,0.0,0.0,0.0,0.0425531914893617,0.06,0.0,0.0
克孜勒苏,2018,1,1,1.0,1.0,0.0,0.0,0.0,0.0,0.0,0.0,0.0,0.0,0.0,0.0,0.0,0.0
克孜勒苏,2020,4,4,1.0,1.0,0.0,0.0,0.0,0.0,0.0,0.0,0.0,0.0,0.0,0.0,0.0,0.0
克孜勒苏,2021,2,2,1.0,1.0,0.0,0.0,0.0,0.0,0.0,0.0,0.0,0.0,0.0,0.0,0.0,0.0
克孜勒苏,2022,4,4,1.0,1.0,0.0,0.0,0.0,0.0,0.0,0.0,0.0,0.0,0.0,0.0,0.0,0.0
克孜勒苏,2023,24,24,0.9583333333333334,0.9583333333333334,0.0,0.0,0.041666666666666664,0.041666666666666664,0.0,0.0,0.0,0.0,0.0,0.0,0.0,0.0
克孜勒苏柯尔克孜自治州,2008,1,1,0.0,0.0,0.0,0.0,0.0,0.0,1.0,1.0,0.0,0.0,0.0,0.0,0.0,0.0
克孜勒苏柯尔克孜自治州,2011,1,1,0.0,0.0,0.0,0.0,0.0,0.0,1.0,1.0,0.0,0.0,0.0,0.0,0.0,0.0
克孜勒苏柯尔克孜自治州,2012,1,1,0.0,0.0,0.0,0.0,0.0,0.0,1.0,1.0,0.0,0.0,0.0,0.0,0.0,0.0
克孜勒苏柯尔克孜自治州,2013,2,2,0.0,0.0,0.0,0.0,0.0,0.0,0.0,0.0,1.0,1.0,0.0,0.0,0.0,0.0
克孜勒苏柯尔克孜自治州,2015,2,2,0.5,0.5,0.0,0.0,0.0,0.0,0.5,0.5,0.0,0.0,0.0,0.0,0.0,0.0
克孜勒苏柯尔克孜自治州,2016,7,7,0.2857142857142857,0.2857142857142857,0.0,0.0,0.14285714285714285,0.14285714285714285,0.14285714285714285,0.14285714285714285,0.42857142857142855,0.42857142857142855,0.0,0.0,0.0,0.0
克孜勒苏柯尔克孜自治州,2017,15,15,0.8,0.8,0.0,0.0,0.06666666666666667,0.06666666666666667,0.06666666666666667,0.06666666666666667,0.06666666666666667,0.06666666666666667,0.0,0.0,0.0,0.0
克孜勒苏柯尔克孜自治州,2018,5,5,1.0,1.0,0.0,0.0,0.0,0.0,0.0,0.0,0.0,0.0,0.0,0.0,0.0,0.0
克孜勒苏柯尔克孜自治州,2019,8,8,0.625,0.625,0.0,0.0,0.0,0.0,0.0,0.0,0.375,0.375,0.0,0.0,0.0,0.0
克孜勒苏柯尔克孜自治州,2020,16,16,0.8125,0.8125,0.0,0.0,0.0,0.0,0.0625,0.0625,0.125,0.125,0.0,0.0,0.0,0.0
克孜勒苏柯尔克孜自治州,2021,23,23,0.8695652173913043,0.8695652173913043,0.0,0.0,0.0,0.0,0.0,0.0,0.13043478260869565,0.13043478260869565,0.0,0.0,0.0,0.0
克孜勒苏柯尔克孜自治州,2022,37,37,0.9459459459459459,0.9459459459459459,0.0,0.0,0.02702702702702703,0.02702702702702703,0.0,0.0,0.02702702702702703,0.02702702702702703,0.0,0.0,0.0,0.0
克孜勒苏柯尔克孜自治州,2023,43,43,0.9767441860465116,0.9767441860465116,0.0,0.0,0.023255813953488372,0.023255813953488372,0.0,0.0,0.0,0.0,0.0,0.0,0.0,0.0
克拉玛依,2008,36,36,0.2777777777777778,0.2777777777777778,0.0,0.0,0.0,0.0,0.2222222222222222,0.2222222222222222,0.0,0.0,0.5,0.5,0.0,0.0
克拉玛依,2009,56,45,0.42857142857142855,0.5333333333333333,0.017857142857142856,0.022222222222222223,0.017857142857142856,0.022222222222222223,0.19642857142857142,0.24444444444444444,0.0,0.0,0.14285714285714285,0.17777777777777778,0.0,0.0
克拉玛依,2010,60,60,0.8333333333333334,0.8333333333333334,0.0,0.0,0.0,0.0,0.16666666666666666,0.16666666666666666,0.0,0.0,0.0,0.0,0.0,0.0
克拉玛依,2011,88,79,0.8181818181818182,0.9113924050632911,0.0,0.0,0.0,0.0,0.07954545454545454,0.08860759493670886,0.0,0.0,0.0,0.0,0.0,0.0
克拉玛依,2012,77,68,0.8181818181818182,0.9264705882352942,0.0,0.0,0.0,0.0,0.06493506493506493,0.07352941176470588,0.0,0.0,0.0,0.0,0.0,0.0
克拉玛依,2013,127,102,0.6535433070866141,0.8137254901960784,0.0,0.0,0.0,0.0,0.13385826771653545,0.16666666666666666,0.015748031496062992,0.0196078431372549,0.0,0.0,0.0,0.0
克拉玛依,2014,163,124,0.7116564417177914,0.9354838709677419,0.0,0.0,0.0,0.0,0.03680981595092025,0.04838709677419355,0.012269938650306749,0.016129032258064516,0.0,0.0,0.0,0.0
克拉玛依,2015,195,149,0.7025641025641025,0.9194630872483222,0.0,0.0,0.0,0.0,0.015384615384615385,0.020134228187919462,0.046153846153846156,0.06040268456375839,0.0,0.0,0.0,0.0
克拉玛依,2016,140,78,0.5,0.8974358974358975,0.0,0.0,0.0,0.0,0.02857142857142857,0.05128205128205128,0.0,0.0,0.02857142857142857,0.05128205128205128,0.0,0.0
克拉玛依,2017,163,92,0.44171779141104295,0.782608695652174,0.0,0.0,0.0,0.0,0.12269938650306748,0.21739130434782608,0.0,0.0,0.0,0.0,0.0,0.0
克拉玛依,2018,181,115,0.4972375690607735,0.782608695652174,0.0,0.0,0.0,0.0,0.13812154696132597,0.21739130434782608,0.0,0.0,0.0,0.0,0.0,0.0
克拉玛依,2019,185,102,0.5297297297297298,0.9607843137254902,0.0,0.0,0.0,0.0,0.021621621621621623,0.0392156862745098,0.0,0.0,0.0,0.0,0.0,0.0
克拉玛依,2020,228,121,0.4780701754385965,0.9008264462809917,0.0,0.0,0.0,0.0,0.05263157894736842,0.09917355371900827,0.0,0.0,0.0,0.0,0.0,0.0
克拉玛依,2021,232,141,0.5732758620689655,0.9432624113475178,0.0,0.0,0.0,0.0,0.034482758620689655,0.05673758865248227,0.0,0.0,0.0,0.0,0.0,0.0
克拉玛依,2022,227,153,0.6431718061674009,0.954248366013072,0.0,0.0,0.013215859030837005,0.0196078431372549,0.0,0.0,0.0,0.0,0.0,0.0,0.01762114537444934,0.026143790849673203
克拉玛依,2023,394,207,0.5253807106598984,1.0,0.0,0.0,0.0,0.0,0.0,0.0,0.0,0.0,0.0,0.0,0.0,0.0
六安,2008,27,27,0.3333333333333333,0.3333333333333333,0.0,0.0,0.0,0.0,0.6296296296296297,0.6296296296296297,0.037037037037037035,0.037037037037037035,0.0,0.0,0.0,0.0
六安,2009,66,35,0.24242424242424243,0.45714285714285713,0.0,0.0,0.0,0.0,0.25757575757575757,0.4857142857142857,0.030303030303030304,0.05714285714285714,0.0,0.0,0.0,0.0
六安,2010,118,60,0.2711864406779661,0.5333333333333333,0.0,0.0,0.0,0.0,0.22033898305084745,0.43333333333333335,0.01694915254237288,0.03333333333333333,0.0,0.0,0.0,0.0
六安,2011,183,75,0.30601092896174864,0.7466666666666667,0.0,0.0,0.0,0.0,0.10382513661202186,0.25333333333333335,0.0,0.0,0.0,0.0,0.0,0.0
六安,2012,394,128,0.18781725888324874,0.578125,0.0,0.0,0.030456852791878174,0.09375,0.1065989847715736,0.328125,0.0,0.0,0.0,0.0,0.0,0.0
六安,2013,758,217,0.22691292875989447,0.7926267281105991,0.0,0.0,0.017150395778364115,0.059907834101382486,0.025065963060686015,0.08755760368663594,0.0,0.0,0.0,0.0,0.017150395778364115,0.059907834101382486
六安,2014,972,240,0.1368312757201646,0.5541666666666667,0.0,0.0,0.0,0.0,0.08127572016460906,0.32916666666666666,0.0,0.0,0.0,0.0,0.02880658436213992,0.11666666666666667
六安,2015,1344,263,0.0744047619047619,0.38022813688212925,0.0,0.0,0.011904761904761904,0.060836501901140684,0.06696428571428571,0.34220532319391633,0.01711309523809524,0.08745247148288973,0.0,0.0,0.025297619047619048,0.12927756653992395
六安,2016,2014,489,0.11916583912611718,0.49079754601226994,0.0,0.0,0.0,0.0,0.0858987090367428,0.3537832310838446,0.0,0.0,0.0,0.0,0.03773584905660377,0.1554192229038855
六安,2017,3261,582,0.11254216498006746,0.6305841924398625,0.0,0.0,0.0,0.0,0.034958601655933765,0.1958762886597938,0.0061330880098129405,0.03436426116838488,0.0,0.0,0.02483900643974241,0.13917525773195877
六安,2018,3422,590,0.13004091174751609,0.7542372881355932,0.0,0.0,0.0,0.0,0.014319111630625365,0.08305084745762711,0.0,0.0,0.0,0.0,0.028053769725306838,0.16271186440677965
六安,2019,2906,681,0.1899518238128011,0.8105726872246696,0.0,0.0,0.0,0.0,0.0,0.0,0.0,0.0,0.0,0.0,0.04439091534755678,0.1894273127753304
六安,2020,3695,534,0.11014884979702301,0.7621722846441947,0.0,0.0,0.0,0.0,0.010825439783491205,0.0749063670411985,0.0,0.0,0.0,0.0,0.02354533152909337,0.16292134831460675
六安,2021,2981,567,0.14458235491445823,0.7601410934744268,0.0,0.0,0.0,0.0,0.0,0.0,0.0,0.0,0.005031868500503187,0.026455026455026454,0.04059040590405904,0.21340388007054673
六安,2022,2554,556,0.1601409553641347,0.7356115107913669,0.0,0.0,0.0,0.0,0.0,0.0,0.0,0.0,0.0074393108848864525,0.0341726618705036,0.050117462803445575,0.2302158273381295
六安,2023,2662,661,0.18181818181818182,0.7322239031770046,0.0,0.0,0.0,0.0,0.0,0.0,0.0,0.0,0.006386175807663411,0.025718608169440244,0.06010518407212622,0.24205748865355523
六盘水,2008,10,10,0.0,0.0,0.0,0.0,0.0,0.0,1.0,1.0,0.0,0.0,0.0,0.0,0.0,0.0
六盘水,2009,21,21,0.14285714285714285,0.14285714285714285,0.0,0.0,0.0,0.0,0.8571428571428571,0.8571428571428571,0.0,0.0,0.0,0.0,0.0,0.0
六盘水,2010,13,13,0.23076923076923078,0.23076923076923078,0.0,0.0,0.0,0.0,0.7692307692307693,0.7692307692307693,0.0,0.0,0.0,0.0,0.0,0.0
六盘水,2011,41,41,0.2926829268292683,0.2926829268292683,0.0,0.0,0.0,0.0,0.6829268292682927,0.6829268292682927,0.0,0.0,0.0,0.0,0.024390243902439025,0.024390243902439025
六盘水,2012,71,62,0.647887323943662,0.7419354838709677,0.0,0.0,0.0,0.0,0.19718309859154928,0.22580645161290322,0.0,0.0,0.0,0.0,0.028169014084507043,0.03225806451612903
六盘水,2013,70,60,0.6714285714285714,0.7833333333333333,0.0,0.0,0.02857142857142857,0.03333333333333333,0.08571428571428572,0.1,0.0,0.0,0.0,0.0,0.07142857142857142,0.08333333333333333
六盘水,2014,103,83,0.6019417475728155,0.7469879518072289,0.0,0.0,0.0,0.0,0.08737864077669903,0.10843373493975904,0.05825242718446602,0.07228915662650602,0.0,0.0,0.05825242718446602,0.07228915662650602
六盘水,2015,125,98,0.64,0.8163265306122449,0.0,0.0,0.0,0.0,0.0,0.0,0.032,0.04081632653061224,0.024,0.030612244897959183,0.088,0.11224489795918367
六盘水,2016,182,135,0.45054945054945056,0.6074074074074074,0.0,0.0,0.0,0.0,0.08241758241758242,0.1111111111111111,0.016483516483516484,0.022222222222222223,0.0,0.0,0.19230769230769232,0.25925925925925924
六盘水,2017,261,172,0.3831417624521073,0.5813953488372093,0.0,0.0,0.0,0.0,0.18773946360153257,0.28488372093023256,0.01532567049808429,0.023255813953488372,0.0,0.0,0.07279693486590039,0.11046511627906977
六盘水,2018,392,247,0.4744897959183674,0.7530364372469636,0.0,0.0,0.017857142857142856,0.02834008097165992,0.05102040816326531,0.08097165991902834,0.03316326530612245,0.05263157894736842,0.0,0.0,0.05357142857142857,0.08502024291497975
六盘水,2019,293,179,0.4641638225255973,0.7597765363128491,0.0,0.0,0.0,0.0,0.034129692832764506,0.055865921787709494,0.013651877133105802,0.0223463687150838,0.0,0.0,0.09897610921501707,0.16201117318435754
六盘水,2020,376,234,0.4175531914893617,0.6709401709401709,0.0,0.0,0.0398936170212766,0.0641025641025641,0.05053191489361702,0.0811965811965812,0.0,0.0,0.0,0.0,0.11436170212765957,0.18376068376068377
六盘水,2021,300,193,0.49333333333333335,0.7668393782383419,0.0,0.0,0.0,0.0,0.03666666666666667,0.05699481865284974,0.0,0.0,0.013333333333333334,0.02072538860103627,0.1,0.15544041450777202
六盘水,2022,334,204,0.36826347305389223,0.6029411764705882,0.0,0.0,0.0,0.0,0.0,0.0,0.029940119760479042,0.049019607843137254,0.0,0.0,0.2125748502994012,0.3480392156862745
六盘水,2023,443,282,0.2686230248306998,0.4219858156028369,0.0,0.0,0.06997742663656885,0.1099290780141844,0.0,0.0,0.01805869074492099,0.028368794326241134,0.0,0.0,0.2799097065462754,0.4397163120567376
兰州,2008,578,405,0.11418685121107267,0.16296296296296298,0.0,0.0,0.0,0.0,0.04498269896193772,0.06419753086419754,0.0,0.0,0.25432525951557095,0.362962962962963,0.28719723183391005,0.40987654320987654
兰州,2009,715,478,0.08671328671328671,0.1297071129707113,0.0,0.0,0.0,0.0,0.009790209790209791,0.014644351464435146,0.008391608391608392,0.012552301255230125,0.24055944055944056,0.3598326359832636,0.3230769230769231,0.48326359832635984
兰州,2010,841,499,0.06777645659928656,0.11422845691382766,0.0,0.0,0.0,0.0,0.009512485136741973,0.01603206412825651,0.03210463733650416,0.05410821643286573,0.1807372175980975,0.3046092184368738,0.3032104637336504,0.5110220440881763
兰州,2011,1125,653,0.030222222222222223,0.05206738131699847,0.0,0.0,0.0,0.0,0.008888888888888889,0.015313935681470138,0.011555555555555555,0.019908116385911178,0.19644444444444445,0.33843797856049007,0.3333333333333333,0.5742725880551302
兰州,2012,1343,725,0.06626954579300075,0.12275862068965518,0.0,0.0,0.0,0.0,0.007446016381236039,0.013793103448275862,0.0,0.0,0.16530156366344007,0.3062068965517241,0.30081906180193596,0.5572413793103448
兰州,2013,1622,960,0.040073982737361284,0.06770833333333333,0.0,0.0,0.0,0.0,0.02281134401972873,0.03854166666666667,0.0,0.0,0.20900123304562268,0.353125,0.3199753390875462,0.540625
兰州,2014,1921,1105,0.04060385216033316,0.07058823529411765,0.0,0.0,0.0,0.0,0.026028110359187923,0.04524886877828054,0.0,0.0,0.20718375845913586,0.3601809954751131,0.30140551795939613,0.5239819004524887
兰州,2015,2190,1109,0.04794520547945205,0.09467989179440937,0.0,0.0,0.0,0.0,0.0073059360730593605,0.014427412082957619,0.0,0.0,0.21643835616438356,0.42741208295761945,0.23470319634703196,0.46348061316501354
兰州,2016,2356,1467,0.03862478777589134,0.06203135650988412,0.0,0.0,0.0,0.0,0.011884550084889643,0.0190865712338105,0.0,0.0,0.23938879456706283,0.38445807770961143,0.33276740237691,0.534423994546694
兰州,2017,2770,1737,0.07220216606498195,0.11514104778353483,0.0,0.0,0.0,0.0,0.0,0.0,0.0,0.0,0.22093862815884477,0.35233160621761656,0.33393501805054154,0.5325273459988485
兰州,2018,3487,2076,0.049039288786922854,0.08236994219653179,0.0,0.0,0.0,0.0,0.0,0.0,0.0,0.0,0.21279036420992256,0.35741811175337185,0.33352451964439345,0.5602119460500964
兰州,2019,4294,2411,0.03423381462505822,0.06097055163832435,0.0,0.0,0.006520726595249185,0.011613438407299876,0.0,0.0,0.0,0.0,0.19422449930135072,0.34591455827457485,0.3265020959478342,0.5815014516798009
兰州,2020,4153,2383,0.03924873585359981,0.06840117498950903,0.0,0.0,0.0,0.0,0.0,0.0,0.0,0.0,0.20996869732723333,0.365925304238355,0.3245846376113653,0.565673520772136
兰州,2021,4560,2726,0.0412280701754386,0.06896551724137931,0.0,0.0,0.0,0.0,0.0,0.0,0.0,0.0,0.243640350877193,0.4075568598679384,0.31293859649122807,0.5234776228906823
兰州,2022,5486,3394,0.06853809697411593,0.1107837360047142,0.0,0.0,0.0,0.0,0.0,0.0,0.0,0.0,0.25391906671527525,0.41043017088980555,0.2962085308056872,0.47878609310548026
兰州,2023,6302,4126,0.05537924468422723,0.08458555501696559,0.0,0.0,0.0,0.0,0.0,0.0,0.0,0.0,0.2435734687400825,0.3720310227823558,0.3557600761662964,0.5433834222006786
兴安,2016,7,7,1.0,1.0,0.0,0.0,0.0,0.0,0.0,0.0,0.0,0.0,0.0,0.0,0.0,0.0
兴安,2017,2,2,1.0,1.0,0.0,0.0,0.0,0.0,0.0,0.0,0.0,0.0,0.0,0.0,0.0,0.0
兴安,2018,3,3,0.3333333333333333,0.3333333333333333,0.0,0.0,0.0,0.0,0.6666666666666666,0.6666666666666666,0.0,0.0,0.0,0.0,0.0,0.0
兴安,2019,1,1,0.0,0.0,0.0,0.0,0.0,0.0,1.0,1.0,0.0,0.0,0.0,0.0,0.0,0.0
兴安,2020,3,3,0.3333333333333333,0.3333333333333333,0.0,0.0,0.0,0.0,0.3333333333333333,0.3333333333333333,0.3333333333333333,0.3333333333333333,0.0,0.0,0.0,0.0
兴安,2021,4,4,1.0,1.0,0.0,0.0,0.0,0.0,0.0,0.0,0.0,0.0,0.0,0.0,0.0,0.0
兴安,2022,12,12,0.75,0.75,0.0,0.0,0.0,0.0,0.25,0.25,0.0,0.0,0.0,0.0,0.0,0.0
兴安,2023,25,25,0.68,0.68,0.0,0.0,0.0,0.0,0.08,0.08,0.04,0.04,0.2,0.2,0.0,0.0
兴安盟,2008,9,9,0.0,0.0,0.0,0.0,0.0,0.0,1.0,1.0,0.0,0.0,0.0,0.0,0.0,0.0
兴安盟,2009,13,13,0.0,0.0,0.0,0.0,0.0,0.0,1.0,1.0,0.0,0.0,0.0,0.0,0.0,0.0
兴安盟,2010,7,7,0.0,0.0,0.0,0.0,0.0,0.0,1.0,1.0,0.0,0.0,0.0,0.0,0.0,0.0
兴安盟,2011,9,9,0.0,0.0,0.0,0.0,0.0,0.0,1.0,1.0,0.0,0.0,0.0,0.0,0.0,0.0
兴安盟,2012,12,12,0.3333333333333333,0.3333333333333333,0.0,0.0,0.0,0.0,0.6666666666666666,0.6666666666666666,0.0,0.0,0.0,0.0,0.0,0.0
兴安盟,2013,9,9,0.3333333333333333,0.3333333333333333,0.0,0.0,0.0,0.0,0.6666666666666666,0.6666666666666666,0.0,0.0,0.0,0.0,0.0,0.0
兴安盟,2014,19,19,0.21052631578947367,0.21052631578947367,0.0,0.0,0.0,0.0,0.7894736842105263,0.7894736842105263,0.0,0.0,0.0,0.0,0.0,0.0
兴安盟,2015,16,16,0.4375,0.4375,0.0,0.0,0.0,0.0,0.5625,0.5625,0.0,0.0,0.0,0.0,0.0,0.0
兴安盟,2016,34,34,0.3235294117647059,0.3235294117647059,0.0,0.0,0.0,0.0,0.6764705882352942,0.6764705882352942,0.0,0.0,0.0,0.0,0.0,0.0
兴安盟,2017,42,41,0.2619047619047619,0.2682926829268293,0.0,0.0,0.0,0.0,0.6904761904761905,0.7073170731707317,0.0,0.0,0.023809523809523808,0.024390243902439025,0.0,0.0
兴安盟,2018,46,39,0.3695652173913043,0.4358974358974359,0.0,0.0,0.0,0.0,0.4782608695652174,0.5641025641025641,0.0,0.0,0.0,0.0,0.0,0.0
兴安盟,2019,77,62,0.24675324675324675,0.3064516129032258,0.0,0.0,0.012987012987012988,0.016129032258064516,0.5324675324675324,0.6612903225806451,0.0,0.0,0.012987012987012988,0.016129032258064516,0.0,0.0
兴安盟,2020,100,85,0.24,0.2823529411764706,0.0,0.0,0.0,0.0,0.58,0.6823529411764706,0.03,0.03529411764705882,0.0,0.0,0.0,0.0
兴安盟,2021,56,42,0.39285714285714285,0.5238095238095238,0.0,0.0,0.017857142857142856,0.023809523809523808,0.3392857142857143,0.4523809523809524,0.0,0.0,0.0,0.0,0.0,0.0
兴安盟,2022,55,41,0.38181818181818183,0.5121951219512195,0.0,0.0,0.0,0.0,0.2909090909090909,0.3902439024390244,0.0,0.0,0.07272727272727272,0.0975609756097561,0.0,0.0
兴安盟,2023,46,44,0.5652173913043478,0.5909090909090909,0.0,0.0,0.0,0.0,0.13043478260869565,0.13636363636363635,0.0,0.0,0.2608695652173913,0.2727272727272727,0.0,0.0
内江,2008,19,19,0.2631578947368421,0.2631578947368421,0.0,0.0,0.0,0.0,0.6842105263157895,0.6842105263157895,0.0,0.0,0.0,0.0,0.05263157894736842,0.05263157894736842
内江,2009,37,37,0.16216216216216217,0.16216216216216217,0.0,0.0,0.0,0.0,0.8108108108108109,0.8108108108108109,0.02702702702702703,0.02702702702702703,0.0,0.0,0.0,0.0
内江,2010,67,52,0.373134328358209,0.4807692307692308,0.0,0.0,0.0,0.0,0.40298507462686567,0.5192307692307693,0.0,0.0,0.0,0.0,0.0,0.0
内江,2011,64,51,0.515625,0.6470588235294118,0.0,0.0,0.0,0.0,0.265625,0.3333333333333333,0.0,0.0,0.015625,0.0196078431372549,0.0,0.0
内江,2012,80,63,0.6625,0.8412698412698413,0.0,0.0,0.0,0.0,0.075,0.09523809523809523,0.0,0.0,0.0375,0.047619047619047616,0.0125,0.015873015873015872
内江,2013,141,90,0.49645390070921985,0.7777777777777778,0.0,0.0,0.0,0.0,0.10638297872340426,0.16666666666666666,0.0,0.0,0.02127659574468085,0.03333333333333333,0.014184397163120567,0.022222222222222223
内江,2014,138,85,0.463768115942029,0.7529411764705882,0.0,0.0,0.0,0.0,0.11594202898550725,0.18823529411764706,0.0,0.0,0.0,0.0,0.036231884057971016,0.058823529411764705
内江,2015,277,223,0.5956678700361011,0.7399103139013453,0.0,0.0,0.0,0.0,0.1299638989169675,0.16143497757847533,0.0,0.0,0.0,0.0,0.07942238267148015,0.09865470852017937
内江,2016,269,173,0.4944237918215613,0.7687861271676301,0.0,0.0,0.0,0.0,0.08178438661710037,0.12716763005780346,0.0,0.0,0.0,0.0,0.06691449814126393,0.10404624277456648
内江,2017,521,314,0.3896353166986564,0.6464968152866242,0.0,0.0,0.0,0.0,0.15738963531669867,0.2611464968152866,0.0,0.0,0.0,0.0,0.05566218809980806,0.09235668789808917
内江,2018,578,345,0.40657439446366783,0.6811594202898551,0.0,0.0,0.0,0.0,0.10380622837370242,0.17391304347826086,0.0,0.0,0.0,0.0,0.08650519031141868,0.14492753623188406
内江,2019,437,292,0.43249427917620137,0.6472602739726028,0.0,0.0,0.0,0.0,0.08695652173913043,0.13013698630136986,0.0,0.0,0.016018306636155607,0.023972602739726026,0.13272311212814644,0.19863013698630136
内江,2020,425,225,0.2447058823529412,0.4622222222222222,0.0,0.0,0.0,0.0,0.14823529411764705,0.28,0.0,0.0,0.018823529411764704,0.035555555555555556,0.11764705882352941,0.2222222222222222
内江,2021,704,516,0.6590909090909091,0.8992248062015504,0.0,0.0,0.0,0.0,0.019886363636363636,0.027131782945736434,0.0,0.0,0.0,0.0,0.05397727272727273,0.07364341085271318
内江,2022,344,215,0.49127906976744184,0.786046511627907,0.0,0.0,0.00872093023255814,0.013953488372093023,0.0,0.0,0.0,0.0,0.011627906976744186,0.018604651162790697,0.11337209302325581,0.1813953488372093
内江,2023,354,225,0.4350282485875706,0.6844444444444444,0.0,0.0,0.014124293785310734,0.022222222222222223,0.0,0.0,0.014124293785310734,0.022222222222222223,0.0423728813559322,0.06666666666666667,0.12994350282485875,0.20444444444444446
凉山,2017,3,3,0.3333333333333333,0.3333333333333333,0.0,0.0,0.0,0.0,0.3333333333333333,0.3333333333333333,0.0,0.0,0.3333333333333333,0.3333333333333333,0.0,0.0
凉山,2018,2,2,0.5,0.5,0.0,0.0,0.0,0.0,0.5,0.5,0.0,0.0,0.0,0.0,0.0,0.0
凉山,2019,7,7,0.5714285714285714,0.5714285714285714,0.0,0.0,0.0,0.0,0.42857142857142855,0.42857142857142855,0.0,0.0,0.0,0.0,0.0,0.0
凉山,2020,9,9,0.6666666666666666,0.6666666666666666,0.0,0.0,0.0,0.0,0.2222222222222222,0.2222222222222222,0.0,0.0,0.0,0.0,0.1111111111111111,0.1111111111111111
凉山,2021,18,18,0.7777777777777778,0.7777777777777778,0.0,0.0,0.0,0.0,0.16666666666666666,0.16666666666666666,0.05555555555555555,0.05555555555555555,0.0,0.0,0.0,0.0
凉山,2022,57,51,0.5614035087719298,0.6274509803921569,0.0,0.0,0.017543859649122806,0.0196078431372549,0.017543859649122806,0.0196078431372549,0.21052631578947367,0.23529411764705882,0.05263157894736842,0.058823529411764705,0.03508771929824561,0.0392156862745098
凉山,2023,213,158,0.49295774647887325,0.6645569620253164,0.0,0.0,0.0,0.0,0.0,0.0,0.046948356807511735,0.06329113924050633,0.046948356807511735,0.06329113924050633,0.15492957746478872,0.2088607594936709
凉山彝族自治州,2008,20,20,0.15,0.15,0.0,0.0,0.0,0.0,0.85,0.85,0.0,0.0,0.0,0.0,0.0,0.0
凉山彝族自治州,2009,35,35,0.0,0.0,0.0,0.0,0.0,0.0,0.8285714285714286,0.8285714285714286,0.08571428571428572,0.08571428571428572,0.0,0.0,0.08571428571428572,0.08571428571428572
凉山彝族自治州,2010,35,35,0.5142857142857142,0.5142857142857142,0.0,0.0,0.0,0.0,0.34285714285714286,0.34285714285714286,0.11428571428571428,0.11428571428571428,0.0,0.0,0.02857142857142857,0.02857142857142857
凉山彝族自治州,2011,57,57,0.5789473684210527,0.5789473684210527,0.0,0.0,0.0,0.0,0.42105263157894735,0.42105263157894735,0.0,0.0,0.0,0.0,0.0,0.0
凉山彝族自治州,2012,95,85,0.5894736842105263,0.6588235294117647,0.0,0.0,0.0,0.0,0.29473684210526313,0.32941176470588235,0.010526315789473684,0.011764705882352941,0.0,0.0,0.0,0.0
凉山彝族自治州,2013,123,89,0.6422764227642277,0.8876404494382022,0.0,0.0,0.0,0.0,0.024390243902439025,0.033707865168539325,0.024390243902439025,0.033707865168539325,0.0,0.0,0.032520325203252036,0.0449438202247191
凉山彝族自治州,2014,126,101,0.6507936507936508,0.8118811881188119,0.0,0.0,0.0,0.0,0.07142857142857142,0.0891089108910891,0.015873015873015872,0.019801980198019802,0.023809523809523808,0.0297029702970297,0.03968253968253968,0.04950495049504951
凉山彝族自治州,2015,126,95,0.5396825396825397,0.7157894736842105,0.0,0.0,0.015873015873015872,0.021052631578947368,0.09523809523809523,0.12631578947368421,0.05555555555555555,0.07368421052631578,0.0,0.0,0.047619047619047616,0.06315789473684211
凉山彝族自治州,2016,262,210,0.4083969465648855,0.5095238095238095,0.0,0.0,0.0,0.0,0.1183206106870229,0.14761904761904762,0.0,0.0,0.007633587786259542,0.009523809523809525,0.26717557251908397,0.3333333333333333
凉山彝族自治州,2017,336,253,0.28869047619047616,0.383399209486166,0.0,0.0,0.0,0.0,0.4226190476190476,0.5612648221343873,0.011904761904761904,0.015810276679841896,0.0,0.0,0.02976190476190476,0.039525691699604744
凉山彝族自治州,2018,428,191,0.18691588785046728,0.418848167539267,0.0,0.0,0.0,0.0,0.19158878504672897,0.4293193717277487,0.014018691588785047,0.031413612565445025,0.0,0.0,0.053738317757009345,0.12041884816753927
凉山彝族自治州,2019,236,156,0.4872881355932203,0.7371794871794872,0.0,0.0,0.01694915254237288,0.02564102564102564,0.05084745762711865,0.07692307692307693,0.025423728813559324,0.038461538461538464,0.0,0.0,0.08050847457627118,0.12179487179487179
凉山彝族自治州,2020,286,188,0.4755244755244755,0.723404255319149,0.0,0.0,0.0,0.0,0.08391608391608392,0.1276595744680851,0.024475524475524476,0.03723404255319149,0.0,0.0,0.07342657342657342,0.11170212765957446
凉山彝族自治州,2021,289,191,0.47058823529411764,0.7120418848167539,0.0,0.0,0.031141868512110725,0.04712041884816754,0.02422145328719723,0.03664921465968586,0.06228373702422145,0.09424083769633508,0.0,0.0,0.0726643598615917,0.1099476439790576
凉山彝族自治州,2022,309,206,0.34627831715210355,0.5194174757281553,0.0,0.0,0.042071197411003236,0.06310679611650485,0.012944983818770227,0.019417475728155338,0.06796116504854369,0.10194174757281553,0.016181229773462782,0.024271844660194174,0.18122977346278318,0.27184466019417475
凉山彝族自治州,2023,321,233,0.4392523364485981,0.6051502145922747,0.0,0.0,0.018691588785046728,0.02575107296137339,0.0,0.0,0.01557632398753894,0.02145922746781116,0.040498442367601244,0.055793991416309016,0.2118380062305296,0.2918454935622318
包头,2008,128,91,0.3359375,0.4725274725274725,0.0,0.0,0.0,0.0,0.203125,0.2857142857142857,0.0,0.0,0.0234375,0.03296703296703297,0.1484375,0.2087912087912088
包头,2009,148,90,0.31756756756756754,0.5222222222222223,0.0,0.0,0.0,0.0,0.11486486486486487,0.18888888888888888,0.0,0.0,0.0,0.0,0.17567567567567569,0.28888888888888886
包头,2010,156,106,0.3974358974358974,0.5849056603773585,0.0,0.0,0.0,0.0,0.08333333333333333,0.12264150943396226,0.0,0.0,0.03205128205128205,0.04716981132075472,0.16666666666666666,0.24528301886792453
包头,2011,307,231,0.511400651465798,0.6796536796536796,0.0,0.0,0.0,0.0,0.05537459283387622,0.0735930735930736,0.006514657980456026,0.008658008658008658,0.0,0.0,0.1791530944625407,0.23809523809523808
包头,2012,382,308,0.5968586387434555,0.7402597402597403,0.0,0.0,0.0,0.0,0.031413612565445025,0.03896103896103896,0.0,0.0,0.007853403141361256,0.00974025974025974,0.17015706806282724,0.21103896103896103
包头,2013,645,527,0.4868217054263566,0.5958254269449715,0.0,0.0,0.006201550387596899,0.007590132827324478,0.040310077519379844,0.04933586337760911,0.0,0.0,0.05426356589147287,0.06641366223908918,0.22945736434108527,0.2808349146110057
包头,2014,541,430,0.48613678373382624,0.6116279069767442,0.0,0.0,0.0,0.0,0.018484288354898338,0.023255813953488372,0.0,0.0,0.09981515711645102,0.12558139534883722,0.19038817005545286,0.23953488372093024
包头,2015,633,480,0.5165876777251185,0.68125,0.0,0.0,0.0,0.0,0.037914691943127965,0.05,0.0,0.0,0.045813586097946286,0.06041666666666667,0.1579778830963665,0.20833333333333334
包头,2016,718,544,0.47493036211699163,0.6268382352941176,0.0,0.0,0.0,0.0,0.037604456824512536,0.04963235294117647,0.0,0.0,0.09749303621169916,0.12867647058823528,0.14763231197771587,0.1948529411764706
包头,2017,801,563,0.45068664169787764,0.6412078152753108,0.0,0.0,0.0,0.0,0.006242197253433208,0.008880994671403197,0.0,0.0,0.06741573033707865,0.09591474245115453,0.17852684144818975,0.2539964476021314
包头,2018,1066,765,0.50093808630394,0.6980392156862745,0.0,0.0,0.0,0.0,0.006566604127579738,0.009150326797385621,0.012195121951219513,0.01699346405228758,0.03377110694183865,0.047058823529411764,0.16416510318949343,0.22875816993464052
包头,2019,1077,733,0.4076137418755803,0.5989085948158254,0.0,0.0,0.0,0.0,0.01021355617455896,0.015006821282401092,0.0,0.0,0.07613741875580315,0.11186903137789904,0.18662952646239556,0.2742155525238745
包头,2020,1256,850,0.49522292993630573,0.731764705882353,0.0,0.0,0.0,0.0,0.009554140127388535,0.01411764705882353,0.009554140127388535,0.01411764705882353,0.08996815286624203,0.13294117647058823,0.07245222929936306,0.10705882352941176
包头,2021,1340,836,0.46044776119402986,0.7380382775119617,0.0,0.0,0.0,0.0,0.007462686567164179,0.011961722488038277,0.0,0.0,0.04029850746268657,0.0645933014354067,0.11567164179104478,0.1854066985645933
包头,2022,1696,1186,0.5336084905660378,0.7630691399662732,0.0,0.0,0.0,0.0,0.0,0.0,0.006485849056603774,0.00927487352445194,0.07134433962264151,0.10202360876897133,0.08785377358490566,0.12563237774030353
包头,2023,2304,1681,0.5629340277777778,0.7715645449137418,0.0,0.0,0.0,0.0,0.0,0.0,0.0,0.0,0.061197916666666664,0.08387864366448543,0.10546875,0.14455681142177276
北京,2008,25774,8039,0.13172189027702336,0.42231620848364226,0.0,0.0,0.0,0.0,0.0,0.0,0.0,0.0,0.022425700318150072,0.0718994899863167,0.15775587801660587,0.5057843015300411
北京,2009,26822,8976,0.14059354261427187,0.42012032085561496,0.0,0.0,0.0,0.0,0.0,0.0,0.0,0.0,0.012638878532547908,0.03776737967914438,0.1814182387592275,0.5421122994652406
北京,2010,32289,11333,0.1415962092353433,0.40342363010676785,0.0,0.0,0.0,0.0,0.0,0.0,0.0,0.0,0.026727368453652946,0.07614929850877968,0.1826628263495308,0.5204270713844524
北京,2011,39919,13609,0.15944788196097096,0.46770519509148356,0.0,0.0,0.0,0.0,0.0,0.0,0.0,0.0,0.0283574237831609,0.08318024836505254,0.15311004784688995,0.4491145565434639
北京,2012,47597,17099,0.19083135491732672,0.5312006550090649,0.0,0.0,0.0,0.0,0.0,0.0,0.0,0.0,0.033762632098661684,0.09398210421662086,0.13465134357207387,0.3748172407743143
北京,2013,67149,28152,0.29750256891390786,0.70961210571185,0.0,0.0,0.0,0.0,0.0,0.0,0.0,0.0,0.0,0.0,0.12174418085153911,0.29038789428815004
北京,2014,73218,32275,0.34572099756890384,0.784291247095275,0.0,0.0,0.0,0.0,0.0,0.0,0.0,0.0,0.0,0.0,0.09508590783687071,0.21570875290472502
北京,2015,82195,31782,0.2965143865198613,0.7668491599018312,0.0,0.0,0.0,0.0,0.0,0.0,0.0,0.0,0.009635622604781314,0.024919765905229374,0.08051584646268022,0.2082310741929394
北京,2016,96374,32340,0.23615290431029115,0.7037414965986395,0.0,0.0,0.0,0.0,0.0,0.0,0.0,0.0,0.008300994044036773,0.024737167594310452,0.09111378587585864,0.27152133580705007
北京,2017,104378,31263,0.19977389871428844,0.6669865336020215,0.0,0.0,0.0,0.0,0.0,0.0,0.0,0.0,0.0,0.0,0.09974324091283604,0.33301346639797846
北京,2018,123308,34569,0.18909559801472736,0.6745060603430819,0.0,0.0,0.0,0.0,0.0,0.0,0.0,0.0,0.0,0.0,0.09125117591721543,0.32549393965691803
北京,2019,143531,39422,0.19698880381241682,0.7172137385216376,0.0,0.0,0.0,0.0,0.0,0.0,0.0,0.0,0.0,0.0,0.07766963234423226,0.28278626147836233
北京,2020,178317,52640,0.23620294195169278,0.8001329787234043,0.0,0.0,0.0,0.0,0.0,0.0,0.0,0.0,0.007329643275739274,0.0248290273556231,0.051672022297369294,0.17503799392097263
北京,2021,215386,66183,0.23693276257509774,0.7710741429067888,0.0,0.0,0.0,0.0,0.0,0.0,0.0,0.0,0.0,0.0,0.07034347636336624,0.22892585709321125
北京,2022,223000,67843,0.22429596412556055,0.7372610291408104,0.0,0.0,0.0,0.0,0.0,0.0,0.0,0.0,0.0,0.0,0.07993273542600897,0.2627389708591896
北京,2023,235310,67565,0.20624707832221326,0.7183008954340265,0.0,0.0,0.0,0.0,0.0,0.0,0.0,0.0,0.0,0.0,0.08088479027665632,0.2816991045659735
北屯,2021,1,1,1.0,1.0,0.0,0.0,0.0,0.0,0.0,0.0,0.0,0.0,0.0,0.0,0.0,0.0
北屯,2022,4,4,0.25,0.25,0.0,0.0,0.0,0.0,0.75,0.75,0.0,0.0,0.0,0.0,0.0,0.0
北屯,2023,2,2,0.5,0.5,0.0,0.0,0.0,0.0,0.5,0.5,0.0,0.0,0.0,0.0,0.0,0.0
北海,2008,27,27,0.18518518518518517,0.18518518518518517,0.0,0.0,0.0,0.0,0.8148148148148148,0.8148148148148148,0.0,0.0,0.0,0.0,0.0,0.0
北海,2009,43,40,0.3488372093023256,0.375,0.0,0.0,0.0,0.0,0.5813953488372093,0.625,0.0,0.0,0.0,0.0,0.0,0.0
北海,2010,43,39,0.4186046511627907,0.46153846153846156,0.0,0.0,0.0,0.0,0.27906976744186046,0.3076923076923077,0.046511627906976744,0.05128205128205128,0.16279069767441862,0.1794871794871795,0.0,0.0
北海,2011,84,58,0.23809523809523808,0.3448275862068966,0.0,0.0,0.0,0.0,0.39285714285714285,0.5689655172413793,0.03571428571428571,0.05172413793103448,0.023809523809523808,0.034482758620689655,0.0,0.0
北海,2012,277,161,0.20216606498194944,0.34782608695652173,0.0,0.0,0.0,0.0,0.2888086642599278,0.4968944099378882,0.04693140794223827,0.08074534161490683,0.04332129963898917,0.07453416149068323,0.0,0.0
北海,2013,795,341,0.32075471698113206,0.7478005865102639,0.0,0.0,0.0,0.0,0.07924528301886792,0.18475073313782991,0.0,0.0,0.028930817610062894,0.06744868035190615,0.0,0.0
北海,2014,469,194,0.19829424307036247,0.4793814432989691,0.0,0.0,0.0,0.0,0.19402985074626866,0.4690721649484536,0.010660980810234541,0.02577319587628866,0.010660980810234541,0.02577319587628866,0.0,0.0
北海,2015,817,282,0.18849449204406366,0.5460992907801419,0.0,0.0,0.0,0.0,0.15667074663402691,0.45390070921985815,0.0,0.0,0.0,0.0,0.0,0.0
北海,2016,1914,1120,0.5626959247648903,0.9616071428571429,0.0,0.0,0.0,0.0,0.02246603970741902,0.038392857142857145,0.0,0.0,0.0,0.0,0.0,0.0
北海,2017,1118,444,0.313953488372093,0.7905405405405406,0.0,0.0,0.0,0.0,0.08318425760286226,0.20945945945945946,0.0,0.0,0.0,0.0,0.0,0.0
北海,2018,1212,611,0.41089108910891087,0.8150572831423896,0.0,0.0,0.0,0.0,0.09323432343234324,0.18494271685761046,0.0,0.0,0.0,0.0,0.0,0.0
北海,2019,334,204,0.5299401197604791,0.8676470588235294,0.0,0.0,0.0,0.0,0.020958083832335328,0.03431372549019608,0.04491017964071856,0.07352941176470588,0.014970059880239521,0.024509803921568627,0.0,0.0
北海,2020,423,222,0.4066193853427896,0.7747747747747747,0.0,0.0,0.0,0.0,0.037825059101654845,0.07207207207207207,0.037825059101654845,0.07207207207207207,0.028368794326241134,0.05405405405405406,0.014184397163120567,0.02702702702702703
北海,2021,512,307,0.529296875,0.8827361563517915,0.0,0.0,0.0,0.0,0.0,0.0,0.048828125,0.08143322475570032,0.009765625,0.016286644951140065,0.01171875,0.019543973941368076
北海,2022,308,194,0.5454545454545454,0.865979381443299,0.0,0.0,0.0,0.0,0.0,0.0,0.032467532467532464,0.05154639175257732,0.022727272727272728,0.03608247422680412,0.02922077922077922,0.04639175257731959
北海,2023,293,195,0.5767918088737202,0.8666666666666667,0.0,0.0,0.0,0.0,0.0,0.0,0.05460750853242321,0.08205128205128205,0.023890784982935155,0.035897435897435895,0.010238907849829351,0.015384615384615385
十堰,2008,72,36,0.3333333333333333,0.6666666666666666,0.0,0.0,0.0,0.0,0.1388888888888889,0.2777777777777778,0.0,0.0,0.0,0.0,0.027777777777777776,0.05555555555555555
十堰,2009,72,41,0.3333333333333333,0.5853658536585366,0.0,0.0,0.0,0.0,0.1388888888888889,0.24390243902439024,0.0,0.0,0.027777777777777776,0.04878048780487805,0.06944444444444445,0.12195121951219512
十堰,2010,95,44,0.3473684210526316,0.75,0.0,0.0,0.0,0.0,0.05263157894736842,0.11363636363636363,0.021052631578947368,0.045454545454545456,0.0,0.0,0.042105263157894736,0.09090909090909091
十堰,2011,144,62,0.2638888888888889,0.6129032258064516,0.0,0.0,0.013888888888888888,0.03225806451612903,0.0625,0.14516129032258066,0.013888888888888888,0.03225806451612903,0.0,0.0,0.0763888888888889,0.1774193548387097
十堰,2012,183,90,0.31693989071038253,0.6444444444444445,0.0,0.0,0.0,0.0,0.1366120218579235,0.2777777777777778,0.0,0.0,0.0,0.0,0.03825136612021858,0.07777777777777778
十堰,2013,421,190,0.2992874109263658,0.6631578947368421,0.0,0.0,0.04513064133016627,0.1,0.057007125890736345,0.12631578947368421,0.0,0.0,0.0,0.0,0.0498812351543943,0.11052631578947368
十堰,2014,501,179,0.21756487025948104,0.6089385474860335,0.0,0.0,0.023952095808383235,0.0670391061452514,0.015968063872255488,0.0446927374301676,0.011976047904191617,0.0335195530726257,0.0,0.0,0.08782435129740519,0.24581005586592178
十堰,2015,700,292,0.21428571428571427,0.5136986301369864,0.0,0.0,0.024285714285714285,0.05821917808219178,0.09285714285714286,0.2226027397260274,0.0,0.0,0.0,0.0,0.08571428571428572,0.2054794520547945
十堰,2016,1219,482,0.2871205906480722,0.7261410788381742,0.0,0.0,0.015586546349466776,0.03941908713692946,0.06480721903199343,0.16390041493775934,0.0,0.0,0.0,0.0,0.02789171452009844,0.07053941908713693
十堰,2017,1786,721,0.3079507278835386,0.7628294036061026,0.0,0.0,0.0,0.0,0.04591265397536394,0.11373092926490985,0.014557670772676373,0.036061026352288486,0.0,0.0,0.03527435610302351,0.08737864077669903
十堰,2018,1823,704,0.33077345035655514,0.8565340909090909,0.0,0.0,0.0,0.0,0.010422380691168404,0.026988636363636364,0.00877674163466813,0.022727272727272728,0.0,0.0,0.036204059243006036,0.09375
十堰,2019,1645,504,0.2480243161094225,0.8095238095238095,0.0,0.0,0.0,0.0,0.00911854103343465,0.02976190476190476,0.0,0.0,0.0,0.0,0.049240121580547115,0.16071428571428573
十堰,2020,1717,575,0.2952824694234129,0.8817391304347826,0.0,0.0,0.0,0.0,0.0,0.0,0.0,0.0,0.0,0.0,0.039603960396039604,0.11826086956521739
十堰,2021,918,488,0.4738562091503268,0.8913934426229508,0.0,0.0,0.015250544662309368,0.028688524590163935,0.0,0.0,0.0,0.0,0.0,0.0,0.042483660130718956,0.07991803278688525
十堰,2022,1676,1257,0.7004773269689738,0.933969769291965,0.0,0.0,0.0065632458233890216,0.008750994431185362,0.0,0.0,0.0,0.0,0.00477326968973747,0.006364359586316627,0.03818615751789976,0.05091487669053302
十堰,2023,1972,1491,0.6886409736308317,0.9107981220657277,0.0,0.0,0.010141987829614604,0.01341381623071764,0.0,0.0,0.0,0.0,0.0035496957403651115,0.004694835680751174,0.0537525354969574,0.07109322602280349
南京,2008,4475,2537,0.11039106145251397,0.19471817106819078,0.0,0.0,0.0,0.0,0.0,0.0,0.0,0.0,0.016536312849162012,0.029168309026409146,0.44,0.7761135199054001
南京,2009,5705,3089,0.05030674846625767,0.09291032696665588,0.0,0.0,0.0,0.0,0.010341805433829974,0.019100032372936226,0.0,0.0,0.03102541630148992,0.05730009711880868,0.44978089395267307,0.8306895435415992
南京,2010,6821,3882,0.06523970092361824,0.11463163317877383,0.0,0.0,0.0,0.0,0.0,0.0,0.0,0.0,0.03914382055417094,0.0687789799072643,0.4647412402873479,0.8165893869139619
南京,2011,9949,5080,0.05106040808121419,0.1,0.0,0.0,0.0,0.0,0.009649210975977485,0.01889763779527559,0.0,0.0,0.028143532013267664,0.05511811023622047,0.4217509297416826,0.8259842519685039
南京,2012,13997,5916,0.04043723655068943,0.09567275185936444,0.0,0.0,0.0,0.0,0.03622204758162463,0.08569979716024341,0.0,0.0,0.01171679645638351,0.027721433400946585,0.33428591841108807,0.7909060175794456
南京,2013,18657,8298,0.03135552339604438,0.07049891540130152,0.0,0.0,0.01071983705847671,0.024102193299590263,0.02958675028139572,0.06652205350686913,0.0,0.0,0.011738221579032,0.02639190166305134,0.36136570724124994,0.8124849361291877
南京,2014,23138,8524,0.005834557870170283,0.015837634913186297,0.0,0.0,0.0,0.0,0.025499178840003456,0.0692163303613327,0.0,0.0,0.01037254732474717,0.028155795401220086,0.3266920217823494,0.8867902393242609
南京,2015,23088,9445,0.02533783783783784,0.06193753308628904,0.0,0.0,0.0,0.0,0.014076576576576577,0.03440974060349391,0.0,0.0,0.01126126126126126,0.02752779248279513,0.3584112959112959,0.876124933827422
南京,2016,26728,11734,0.039771026638730916,0.0905914436679734,0.0,0.0,0.0,0.0,0.0,0.0,0.0,0.0,0.009503142771625261,0.021646497358104654,0.3897410954803951,0.8877620589739219
南京,2017,38637,13913,0.043429872919740146,0.12060662689570904,0.0,0.0,0.0,0.0,0.0,0.0,0.0,0.0,0.009032792401066336,0.02508445338891684,0.3076325801692678,0.8543089197153741
南京,2018,43299,15791,0.012910228873646042,0.035399911341903616,0.0,0.0,0.0,0.0,0.0,0.0,0.0,0.0,0.012979514538441997,0.03558989297701222,0.33880690085221365,0.9290101956810841
南京,2019,45663,18060,0.020103803955062085,0.05083056478405316,0.0,0.0,0.0,0.0,0.0,0.0,0.0,0.0,0.006307075750607713,0.015946843853820596,0.36909532882202223,0.9332225913621263
南京,2020,54844,17099,0.023302457880533877,0.07474121293642903,0.0,0.0,0.0,0.0,0.0,0.0,0.0,0.0,0.005050689227627452,0.016199777764781566,0.28342206987090657,0.9090590092987894
南京,2021,59082,20243,0.03427439829389662,0.1000345798547646,0.0,0.0,0.0,0.0,0.0,0.0,0.0,0.0,0.0,0.0,0.3083511052435598,0.8999654201452354
南京,2022,59193,24808,0.028043856537090534,0.06691389874234117,0.0,0.0,0.0,0.0,0.0,0.0,0.0,0.0,0.01204534319936479,0.028740728797162204,0.3790144104877266,0.9043453724604966
南京,2023,58693,23645,0.02628933603666536,0.0652569253541975,0.0,0.0,0.0,0.0,0.0,0.0,0.0,0.0,0.019167532755183753,0.04757876929583421,0.35740207520487965,0.8871643053499683
南充,2008,52,29,0.17307692307692307,0.3103448275862069,0.0,0.0,0.0,0.0,0.38461538461538464,0.6896551724137931,0.0,0.0,0.0,0.0,0.0,0.0
南充,2009,48,43,0.10416666666666667,0.11627906976744186,0.0,0.0,0.0,0.0,0.6875,0.7674418604651163,0.020833333333333332,0.023255813953488372,0.0,0.0,0.08333333333333333,0.09302325581395349
南充,2010,94,65,0.07446808510638298,0.1076923076923077,0.0,0.0,0.02127659574468085,0.03076923076923077,0.4787234042553192,0.6923076923076923,0.0,0.0,0.031914893617021274,0.046153846153846156,0.0851063829787234,0.12307692307692308
南充,2011,99,52,0.2828282828282828,0.5384615384615384,0.0,0.0,0.0,0.0,0.1919191919191919,0.36538461538461536,0.0,0.0,0.0,0.0,0.050505050505050504,0.09615384615384616
南充,2012,143,75,0.16783216783216784,0.32,0.0,0.0,0.0,0.0,0.2727272727272727,0.52,0.0,0.0,0.0,0.0,0.08391608391608392,0.16
南充,2013,187,96,0.20320855614973263,0.3958333333333333,0.0,0.0,0.0,0.0,0.21390374331550802,0.4166666666666667,0.0,0.0,0.0481283422459893,0.09375,0.0481283422459893,0.09375
南充,2014,229,168,0.20087336244541484,0.27380952380952384,0.0,0.0,0.0,0.0,0.37554585152838427,0.5119047619047619,0.0,0.0,0.034934497816593885,0.047619047619047616,0.1222707423580786,0.16666666666666666
南充,2015,289,160,0.16262975778546712,0.29375,0.0,0.0,0.0,0.0,0.3460207612456747,0.625,0.0,0.0,0.01730103806228374,0.03125,0.02768166089965398,0.05
南充,2016,246,124,0.1991869918699187,0.3951612903225806,0.0,0.0,0.0,0.0,0.12195121951219512,0.24193548387096775,0.06910569105691057,0.13709677419354838,0.06910569105691057,0.13709677419354838,0.044715447154471545,0.08870967741935484
南充,2017,531,237,0.2222222222222222,0.4978902953586498,0.0,0.0,0.0,0.0,0.04143126177024482,0.09282700421940929,0.08286252354048965,0.18565400843881857,0.035781544256120526,0.08016877637130802,0.064030131826742,0.14345991561181434
南充,2018,602,289,0.3106312292358804,0.6470588235294118,0.0,0.0,0.023255813953488372,0.04844290657439446,0.024916943521594685,0.05190311418685121,0.04152823920265781,0.08650519031141868,0.02823920265780731,0.058823529411764705,0.05149501661129568,0.10726643598615918
南充,2019,409,198,0.2078239608801956,0.4292929292929293,0.0,0.0,0.07334963325183375,0.15151515151515152,0.04156479217603912,0.08585858585858586,0.0,0.0,0.029339853300733496,0.06060606060606061,0.13202933985330073,0.2727272727272727
南充,2020,513,221,0.14814814814814814,0.3438914027149321,0.0,0.0,0.08576998050682261,0.19909502262443438,0.08187134502923976,0.19004524886877827,0.0,0.0,0.01364522417153996,0.03167420814479638,0.10136452241715399,0.23529411764705882
南充,2021,570,297,0.156140350877193,0.2996632996632997,0.0,0.0,0.15964912280701754,0.3063973063973064,0.02280701754385965,0.04377104377104377,0.0,0.0,0.03684210526315789,0.0707070707070707,0.1456140350877193,0.27946127946127947
南充,2022,572,375,0.20104895104895104,0.30666666666666664,0.0,0.0,0.16083916083916083,0.24533333333333332,0.012237762237762238,0.018666666666666668,0.0,0.0,0.04195804195804196,0.064,0.2395104895104895,0.36533333333333334
南充,2023,558,348,0.2060931899641577,0.33045977011494254,0.0,0.0,0.1111111111111111,0.1781609195402299,0.0,0.0,0.0,0.0,0.08243727598566308,0.13218390804597702,0.22401433691756273,0.35919540229885055
南宁,2008,327,162,0.14984709480122324,0.30246913580246915,0.0,0.0,0.0,0.0,0.06422018348623854,0.12962962962962962,0.01529051987767584,0.030864197530864196,0.045871559633027525,0.09259259259259259,0.22018348623853212,0.4444444444444444
南宁,2009,435,215,0.135632183908046,0.2744186046511628,0.0,0.0,0.0,0.0,0.0735632183908046,0.14883720930232558,0.0,0.0,0.041379310344827586,0.08372093023255814,0.24367816091954023,0.4930232558139535
南宁,2010,577,296,0.06759098786828423,0.13175675675675674,0.0,0.0,0.0,0.0,0.02772963604852686,0.05405405405405406,0.006932409012131715,0.013513513513513514,0.07105719237435008,0.13851351351351351,0.3396880415944541,0.6621621621621622
南宁,2011,813,395,0.14760147601476015,0.3037974683544304,0.0,0.0,0.0,0.0,0.017220172201722016,0.035443037974683546,0.015990159901599015,0.03291139240506329,0.07995079950799508,0.16455696202531644,0.22509225092250923,0.46329113924050636
南宁,2012,1594,722,0.08030112923462986,0.1772853185595568,0.0,0.0,0.0,0.0,0.043914680050188205,0.09695290858725762,0.006273525721455458,0.013850415512465374,0.08971141781681305,0.19806094182825484,0.2327478042659975,0.5138504155124654
南宁,2013,3201,1523,0.09278350515463918,0.19500984898227183,0.0,0.0,0.0,0.0,0.0,0.0,0.005935645110902843,0.01247537754432042,0.05529522024367385,0.11621799080761655,0.3217744454857857,0.6762967826657912
南宁,2014,5266,2707,0.0848841625522218,0.16512744735869966,0.0,0.0,0.0,0.0,0.03342195214584125,0.06501662356852604,0.009874667679453095,0.01920945696342815,0.04234713254842385,0.0823790173623938,0.34352449677174324,0.6682674547469524
南宁,2015,7413,2987,0.06461621475785782,0.16036156678942082,0.0,0.0,0.0,0.0,0.024821259948738704,0.06160026782725142,0.015648185619857008,0.038834951456310676,0.0191555375691353,0.047539337127552726,0.2786995818157291,0.6916638767994644
南宁,2016,11579,4733,0.0623542620260817,0.15254595394041834,0.0,0.0,0.0,0.0,0.04784523706710424,0.117050496513839,0.0,0.0,0.014163571983763711,0.034650327487851254,0.2843941618447189,0.6957532220578914
南宁,2017,10043,2863,0.09090909090909091,0.31889626266154386,0.0,0.0,0.0,0.0,0.01394005775166783,0.0488997555012225,0.0,0.0,0.029572836801752465,0.10373733845616487,0.1506521955590959,0.5284666433810689
南宁,2018,5410,2081,0.05804066543438078,0.15088899567515618,0.0,0.0,0.0,0.0,0.006284658040665434,0.016338298894762134,0.009796672828096119,0.025468524747717443,0.08761552680221811,0.22777510812109564,0.22292051756007394,0.5795290725612686
南宁,2019,5015,2331,0.06879361914257229,0.148005148005148,0.0,0.0,0.0,0.0,0.0,0.0,0.0,0.0,0.14596211365902292,0.31402831402831405,0.250049850448654,0.5379665379665379
南宁,2020,5244,2343,0.08123569794050343,0.18181818181818182,0.0,0.0,0.007437070938215103,0.016645326504481434,0.0,0.0,0.0,0.0,0.15598779557589626,0.34912505335040545,0.20213577421815407,0.45241143832693126
南宁,2021,5799,2696,0.12588377306432144,0.2707715133531157,0.0,0.0,0.0,0.0,0.0,0.0,0.0,0.0,0.170891533022935,0.36758160237388726,0.16813243662700467,0.361646884272997
南宁,2022,6173,3052,0.11210108537178033,0.22673656618610746,0.0,0.0,0.008423780981694476,0.01703800786369594,0.0,0.0,0.0,0.0,0.17754738376802204,0.35910878112712974,0.1963388951887251,0.39711664482306686
南宁,2023,6991,3919,0.14032327277928766,0.25031895891809136,0.0,0.0,0.0,0.0,0.0,0.0,0.008296381061364612,0.014799693799438633,0.19939922757831496,0.35570298545547335,0.21255900443427264,0.37917836182699666
南平,2008,63,30,0.031746031746031744,0.06666666666666667,0.0,0.0,0.0,0.0,0.4444444444444444,0.9333333333333333,0.0,0.0,0.0,0.0,0.0,0.0
南平,2009,54,33,0.35185185185185186,0.5757575757575758,0.0,0.0,0.0,0.0,0.25925925925925924,0.42424242424242425,0.0,0.0,0.0,0.0,0.0,0.0
南平,2010,52,28,0.23076923076923078,0.42857142857142855,0.0,0.0,0.0,0.0,0.3076923076923077,0.5714285714285714,0.0,0.0,0.0,0.0,0.0,0.0
南平,2011,119,76,0.5630252100840336,0.881578947368421,0.0,0.0,0.0,0.0,0.07563025210084033,0.11842105263157894,0.0,0.0,0.0,0.0,0.0,0.0
南平,2012,142,76,0.352112676056338,0.6578947368421053,0.0,0.0,0.0,0.0,0.18309859154929578,0.34210526315789475,0.0,0.0,0.0,0.0,0.0,0.0
南平,2013,192,96,0.3697916666666667,0.7395833333333334,0.0,0.0,0.0,0.0,0.13020833333333334,0.2604166666666667,0.0,0.0,0.0,0.0,0.0,0.0
南平,2014,269,137,0.38661710037174724,0.7591240875912408,0.0,0.0,0.0,0.0,0.12267657992565056,0.24087591240875914,0.0,0.0,0.0,0.0,0.0,0.0
南平,2015,499,288,0.342685370741483,0.59375,0.0,0.0,0.0,0.0,0.22244488977955912,0.3854166666666667,0.0,0.0,0.0,0.0,0.012024048096192385,0.020833333333333332
南平,2016,564,296,0.15780141843971632,0.30067567567567566,0.0,0.0,0.0,0.0,0.32092198581560283,0.6114864864864865,0.0,0.0,0.0,0.0,0.04609929078014184,0.08783783783783784
南平,2017,532,282,0.33646616541353386,0.6347517730496454,0.0,0.0,0.0,0.0,0.16541353383458646,0.3120567375886525,0.0,0.0,0.0,0.0,0.02819548872180451,0.05319148936170213
南平,2018,491,182,0.28716904276985744,0.7747252747252747,0.0,0.0,0.014256619144602852,0.038461538461538464,0.024439918533604887,0.06593406593406594,0.014256619144602852,0.038461538461538464,0.0,0.0,0.03054989816700611,0.08241758241758242
南平,2019,443,182,0.30248306997742663,0.7362637362637363,0.0,0.0,0.01580135440180587,0.038461538461538464,0.03611738148984198,0.08791208791208792,0.0,0.0,0.0,0.0,0.056433408577878104,0.13736263736263737
南平,2020,597,246,0.30318257956448913,0.7357723577235772,0.0,0.0,0.0,0.0,0.05695142378559464,0.13821138211382114,0.008375209380234505,0.02032520325203252,0.0,0.0,0.04355108877721943,0.10569105691056911
南平,2021,629,230,0.2543720190779014,0.6956521739130435,0.0,0.0,0.0,0.0,0.05564387917329094,0.15217391304347827,0.0,0.0,0.0,0.0,0.05564387917329094,0.15217391304347827
南平,2022,568,209,0.25528169014084506,0.69377990430622,0.0,0.0,0.0,0.0,0.0,0.0,0.0,0.0,0.0,0.0,0.11267605633802817,0.3062200956937799
南平,2023,574,263,0.3588850174216028,0.7832699619771863,0.0,0.0,0.0,0.0,0.0,0.0,0.0,0.0,0.0,0.0,0.09930313588850175,0.21673003802281368
南投县,2019,2,2,0.5,0.5,0.0,0.0,0.0,0.0,0.5,0.5,0.0,0.0,0.0,0.0,0.0,0.0
南投县,2020,4,4,0.0,0.0,0.0,0.0,0.0,0.0,1.0,1.0,0.0,0.0,0.0,0.0,0.0,0.0
南投县,2021,8,8,0.375,0.375,0.0,0.0,0.0,0.0,0.625,0.625,0.0,0.0,0.0,0.0,0.0,0.0
南投县,2022,11,11,0.9090909090909091,0.9090909090909091,0.0,0.0,0.0,0.0,0.09090909090909091,0.09090909090909091,0.0,0.0,0.0,0.0,0.0,0.0
南投县,2023,27,27,0.7037037037037037,0.7037037037037037,0.0,0.0,0.0,0.0,0.2962962962962963,0.2962962962962963,0.0,0.0,0.0,0.0,0.0,0.0
南昌,2008,469,268,0.21961620469083157,0.3843283582089552,0.0,0.0,0.0,0.0,0.02771855010660981,0.048507462686567165,0.0,0.0,0.014925373134328358,0.026119402985074626,0.3091684434968017,0.5410447761194029
南昌,2009,735,414,0.19863945578231293,0.3526570048309179,0.0,0.0,0.0,0.0,0.01904761904761905,0.033816425120772944,0.0,0.0,0.0,0.0,0.345578231292517,0.6135265700483091
南昌,2010,890,528,0.16741573033707866,0.2821969696969697,0.0,0.0,0.0,0.0,0.019101123595505618,0.032196969696969696,0.0,0.0,0.016853932584269662,0.028409090909090908,0.3898876404494382,0.6571969696969697
南昌,2011,1135,716,0.19559471365638767,0.3100558659217877,0.0,0.0,0.0,0.0,0.016740088105726872,0.02653631284916201,0.0,0.0,0.014096916299559472,0.0223463687150838,0.40440528634361234,0.6410614525139665
南昌,2012,1299,818,0.1762894534257121,0.27995110024449876,0.0,0.0,0.0,0.0,0.022324865280985373,0.035452322738386305,0.0,0.0,0.025404157043879907,0.040342298288508556,0.40569668976135487,0.6442542787286064
南昌,2013,1959,1278,0.24093925472179684,0.36932707355242567,0.0,0.0,0.0,0.0,0.014803471158754467,0.02269170579029734,0.0,0.0,0.0,0.0,0.39663093415007655,0.607981220657277
南昌,2014,2140,1318,0.19766355140186917,0.3209408194233687,0.0,0.0,0.0,0.0,0.04252336448598131,0.06904400606980274,0.0,0.0,0.008411214953271028,0.013657056145675266,0.36728971962616824,0.5963581183611533
南昌,2015,2931,1787,0.1467076083248038,0.24062674874090656,0.0,0.0,0.0,0.0,0.08938928693278744,0.14661443760492446,0.0,0.0,0.02012964858410099,0.03301622831561276,0.3534629819174343,0.5797425853385563
南昌,2016,3651,2090,0.1983018351136675,0.3464114832535885,0.0,0.0,0.0,0.0,0.008490824431662557,0.014832535885167464,0.0,0.0,0.03204601479046836,0.05598086124401914,0.33360723089564503,0.5827751196172248
南昌,2017,5230,2705,0.19063097514340344,0.36857670979667284,0.0,0.0,0.0,0.0,0.0,0.0,0.0,0.0,0.023326959847036328,0.04510166358595194,0.30325047801147226,0.5863216266173752
南昌,2018,6711,2891,0.11637609894203546,0.27014873746108614,0.0,0.0,0.0,0.0,0.0,0.0,0.0,0.0,0.0,0.0,0.31440917895991655,0.7298512625389139
南昌,2019,6027,2733,0.11299153807864609,0.2491767288693743,0.0,0.0,0.0,0.0,0.0,0.0,0.0,0.0,0.006968641114982578,0.015367727771679473,0.33349925335988057,0.7354555433589463
南昌,2020,8882,3355,0.10875928844854763,0.2879284649776453,0.0,0.0,0.005516775501013285,0.014605067064083458,0.0,0.0,0.0,0.0,0.0,0.0,0.26345417698716506,0.6974664679582713
南昌,2021,7825,3484,0.17584664536741215,0.3949483352468427,0.0,0.0,0.0,0.0,0.0,0.0,0.0,0.0,0.0,0.0,0.26939297124600636,0.6050516647531573
南昌,2022,9134,4206,0.20253996058681847,0.439847836424156,0.0,0.0,0.008430041602802715,0.01830718021873514,0.0,0.0,0.0,0.0,0.0,0.0,0.24950733523100505,0.5418449833571088
南昌,2023,10703,5417,0.20087825843221527,0.3968986523906221,0.0,0.0,0.01382789871998505,0.02732139560642422,0.0,0.0,0.0,0.0,0.0,0.0,0.29141362234887414,0.5757799520029536
南通,2008,1408,522,0.24857954545454544,0.6704980842911877,0.0,0.0,0.0,0.0,0.09375,0.25287356321839083,0.0,0.0,0.011363636363636364,0.03065134099616858,0.017045454545454544,0.04597701149425287
南通,2009,2574,689,0.19696969696969696,0.7358490566037735,0.0,0.0,0.0,0.0,0.04856254856254856,0.18142235123367198,0.0,0.0,0.006604506604506605,0.02467343976777939,0.01554001554001554,0.05805515239477504
南通,2010,5620,1197,0.18096085409252669,0.849624060150376,0.0,0.0,0.0,0.0,0.012277580071174377,0.05764411027568922,0.008362989323843417,0.03926482873851295,0.0,0.0,0.011387900355871887,0.053467000835421885
南通,2011,7420,1936,0.20444743935309972,0.7835743801652892,0.0,0.0,0.0,0.0,0.042048517520215635,0.16115702479338842,0.0,0.0,0.0,0.0,0.014420485175202157,0.05526859504132232
南通,2012,6573,1463,0.11745017495816218,0.5276828434723172,0.0,0.0,0.0,0.0,0.08200212992545261,0.3684210526315789,0.0,0.0,0.0,0.0,0.023124904914042295,0.1038961038961039
南通,2013,6919,1173,0.11677988148576383,0.6888320545609549,0.0,0.0,0.0,0.0,0.011562364503540975,0.06820119352088662,0.0,0.0,0.0,0.0,0.04119092354386472,0.24296675191815856
南通,2014,6985,1223,0.1136721546170365,0.6492232215862633,0.0,0.0,0.0,0.0,0.0,0.0,0.0,0.0,0.0071581961345740875,0.04088307440719542,0.05425912670007158,0.3098937040065413
南通,2015,7139,1342,0.09945370500070037,0.5290611028315947,0.0,0.0,0.0,0.0,0.004202269225381706,0.022354694485842028,0.0,0.0,0.01078582434514638,0.05737704918032787,0.07353971144417985,0.39120715350223545
南通,2016,7468,1485,0.10471344402785217,0.5265993265993266,0.0,0.0,0.0,0.0,0.0,0.0,0.0,0.0,0.024638457418318157,0.12390572390572391,0.06949651847884307,0.34949494949494947
南通,2017,13543,2188,0.09835339289669941,0.6087751371115173,0.0,0.0,0.0,0.0,0.01417706564276748,0.08775137111517367,0.0,0.0,0.006719338403603337,0.041590493601462525,0.0423096802776342,0.26188299817184646
南通,2018,13237,2331,0.07803883055072902,0.44315744315744315,0.0,0.0,0.01737553826395709,0.09867009867009867,0.006874669487043892,0.03903903903903904,0.0,0.0,0.012011785147692076,0.0682110682110682,0.06179647956485609,0.3509223509223509
南通,2019,10156,2086,0.06784166994879874,0.3302972195589645,0.0,0.0,0.02776683733753446,0.13518696069031638,0.0,0.0,0.0,0.0,0.0041354864119732175,0.020134228187919462,0.10565183142969672,0.5143815915627996
南通,2020,10781,2299,0.04702717744179575,0.22053066550674205,0.0,0.0,0.025136814766719227,0.11787733797303175,0.0,0.0,0.0,0.0,0.0034319636397365737,0.016093953892996955,0.13764956868565068,0.6454980426272292
南通,2021,15160,2505,0.03509234828496042,0.212375249500998,0.0,0.0,0.032519788918205804,0.1968063872255489,0.0,0.0,0.0,0.0,0.00237467018469657,0.01437125748502994,0.09525065963060686,0.5764471057884232
南通,2022,20512,2843,0.03939157566302652,0.2842068237776996,0.0,0.0,0.013991809672386895,0.10094970102004924,0.0,0.0,0.0,0.0,0.0,0.0,0.08521840873634945,0.6148434752022511
南通,2023,20215,2999,0.04283947563690329,0.2887629209736579,0.0,0.0,0.008953747217412811,0.06035345115038346,0.0,0.0,0.0021271333168439276,0.014338112704234745,0.0,0.0,0.09443482562453624,0.6365455151717239
南阳,2008,212,95,0.37264150943396224,0.8315789473684211,0.0,0.0,0.0,0.0,0.05188679245283019,0.11578947368421053,0.0,0.0,0.0,0.0,0.02358490566037736,0.05263157894736842
南阳,2009,242,113,0.38016528925619836,0.8141592920353983,0.0,0.0,0.0,0.0,0.06198347107438017,0.13274336283185842,0.0,0.0,0.012396694214876033,0.02654867256637168,0.012396694214876033,0.02654867256637168
南阳,2010,374,229,0.5748663101604278,0.9388646288209607,0.0,0.0,0.0,0.0,0.0374331550802139,0.0611353711790393,0.0,0.0,0.0,0.0,0.0,0.0
南阳,2011,359,186,0.4568245125348189,0.8817204301075269,0.0,0.0,0.0,0.0,0.033426183844011144,0.06451612903225806,0.0,0.0,0.013927576601671309,0.026881720430107527,0.013927576601671309,0.026881720430107527
南阳,2012,372,186,0.3709677419354839,0.7419354838709677,0.0,0.0,0.0,0.0,0.03763440860215054,0.07526881720430108,0.0,0.0,0.0,0.0,0.0913978494623656,0.1827956989247312
南阳,2013,568,290,0.3503521126760563,0.6862068965517242,0.0,0.0,0.0,0.0,0.02112676056338028,0.041379310344827586,0.07042253521126761,0.13793103448275862,0.0,0.0,0.06866197183098592,0.13448275862068965
南阳,2014,645,388,0.34418604651162793,0.5721649484536082,0.0,0.0,0.0,0.0,0.12403100775193798,0.20618556701030927,0.015503875968992248,0.02577319587628866,0.0,0.0,0.11782945736434108,0.1958762886597938
南阳,2015,862,491,0.2482598607888631,0.43584521384928715,0.0,0.0,0.0,0.0,0.06844547563805105,0.12016293279022404,0.013921113689095127,0.024439918533604887,0.0,0.0,0.23897911832946636,0.4195519348268839
南阳,2016,976,515,0.20799180327868852,0.3941747572815534,0.0,0.0,0.0,0.0,0.05635245901639344,0.10679611650485436,0.015368852459016393,0.02912621359223301,0.0,0.0,0.24795081967213115,0.46990291262135925
南阳,2017,1308,601,0.14296636085626913,0.31114808652246256,0.0,0.0,0.0389908256880734,0.08485856905158069,0.12003058103975535,0.2612312811980033,0.0,0.0,0.0,0.0,0.15749235474006115,0.3427620632279534
南阳,2018,1531,626,0.12932723709993468,0.31629392971246006,0.0,0.0,0.033964728935336384,0.08306709265175719,0.0953625081645983,0.23322683706070288,0.009797517962116264,0.023961661341853034,0.0,0.0,0.1404310907903331,0.34345047923322686
南阳,2019,1257,601,0.18536197295147175,0.3876871880199667,0.0,0.0,0.05409705648369133,0.11314475873544093,0.0,0.0,0.007955449482895784,0.016638935108153077,0.0,0.0,0.2307080350039777,0.4825291181364393
南阳,2020,1459,659,0.18985606579849212,0.4203338391502276,0.0,0.0,0.06648389307745031,0.1471927162367223,0.0,0.0,0.0,0.0,0.0,0.0,0.19533927347498287,0.4324734446130501
南阳,2021,1971,857,0.1872146118721461,0.4305717619603267,0.0,0.0,0.07864028411973617,0.1808634772462077,0.0,0.0,0.0,0.0,0.0,0.0,0.1689497716894977,0.3885647607934656
南阳,2022,1899,763,0.1395471300684571,0.3473132372214941,0.0,0.0,0.11374407582938388,0.28309305373525556,0.0,0.0,0.0,0.0,0.0,0.0,0.1484992101105845,0.36959370904325034
南阳,2023,1507,617,0.23291307232913072,0.5688816855753647,0.0,0.0,0.012607830126078301,0.03079416531604538,0.0,0.0,0.0,0.0,0.0,0.0,0.1639017916390179,0.40032414910858993
博尔塔拉,2017,3,3,0.3333333333333333,0.3333333333333333,0.0,0.0,0.0,0.0,0.6666666666666666,0.6666666666666666,0.0,0.0,0.0,0.0,0.0,0.0
博尔塔拉,2018,4,4,0.75,0.75,0.0,0.0,0.0,0.0,0.25,0.25,0.0,0.0,0.0,0.0,0.0,0.0
博尔塔拉,2019,4,4,1.0,1.0,0.0,0.0,0.0,0.0,0.0,0.0,0.0,0.0,0.0,0.0,0.0,0.0
博尔塔拉,2020,3,3,0.3333333333333333,0.3333333333333333,0.0,0.0,0.0,0.0,0.6666666666666666,0.6666666666666666,0.0,0.0,0.0,0.0,0.0,0.0
博尔塔拉,2021,5,5,0.4,0.4,0.0,0.0,0.0,0.0,0.6,0.6,0.0,0.0,0.0,0.0,0.0,0.0
博尔塔拉,2022,10,10,0.7,0.7,0.0,0.0,0.0,0.0,0.1,0.1,0.2,0.2,0.0,0.0,0.0,0.0
博尔塔拉,2023,12,12,0.5833333333333334,0.5833333333333334,0.0,0.0,0.0,0.0,0.16666666666666666,0.16666666666666666,0.25,0.25,0.0,0.0,0.0,0.0
博尔塔拉蒙古自治州,2008,4,4,0.0,0.0,0.0,0.0,0.0,0.0,1.0,1.0,0.0,0.0,0.0,0.0,0.0,0.0
博尔塔拉蒙古自治州,2009,4,4,0.25,0.25,0.0,0.0,0.0,0.0,0.75,0.75,0.0,0.0,0.0,0.0,0.0,0.0
博尔塔拉蒙古自治州,2010,5,5,0.0,0.0,0.0,0.0,0.0,0.0,1.0,1.0,0.0,0.0,0.0,0.0,0.0,0.0
博尔塔拉蒙古自治州,2011,13,13,0.38461538461538464,0.38461538461538464,0.0,0.0,0.0,0.0,0.6153846153846154,0.6153846153846154,0.0,0.0,0.0,0.0,0.0,0.0
博尔塔拉蒙古自治州,2012,25,25,0.12,0.12,0.08,0.08,0.0,0.0,0.76,0.76,0.04,0.04,0.0,0.0,0.0,0.0
博尔塔拉蒙古自治州,2013,27,27,0.2222222222222222,0.2222222222222222,0.07407407407407407,0.07407407407407407,0.0,0.0,0.37037037037037035,0.37037037037037035,0.3333333333333333,0.3333333333333333,0.0,0.0,0.0,0.0
博尔塔拉蒙古自治州,2014,25,25,0.56,0.56,0.0,0.0,0.0,0.0,0.44,0.44,0.0,0.0,0.0,0.0,0.0,0.0
博尔塔拉蒙古自治州,2015,28,28,0.25,0.25,0.0,0.0,0.0,0.0,0.6785714285714286,0.6785714285714286,0.07142857142857142,0.07142857142857142,0.0,0.0,0.0,0.0
博尔塔拉蒙古自治州,2016,49,40,0.4897959183673469,0.6,0.0,0.0,0.0,0.0,0.30612244897959184,0.375,0.02040816326530612,0.025,0.0,0.0,0.0,0.0
博尔塔拉蒙古自治州,2017,58,46,0.5172413793103449,0.6521739130434783,0.0,0.0,0.0,0.0,0.1896551724137931,0.2391304347826087,0.08620689655172414,0.10869565217391304,0.0,0.0,0.0,0.0
博尔塔拉蒙古自治州,2018,47,47,0.44680851063829785,0.44680851063829785,0.0,0.0,0.0,0.0,0.425531914893617,0.425531914893617,0.1276595744680851,0.1276595744680851,0.0,0.0,0.0,0.0
博尔塔拉蒙古自治州,2019,28,28,0.5,0.5,0.0,0.0,0.0,0.0,0.5,0.5,0.0,0.0,0.0,0.0,0.0,0.0
博尔塔拉蒙古自治州,2020,29,29,0.3793103448275862,0.3793103448275862,0.0,0.0,0.034482758620689655,0.034482758620689655,0.5172413793103449,0.5172413793103449,0.06896551724137931,0.06896551724137931,0.0,0.0,0.0,0.0
博尔塔拉蒙古自治州,2021,15,15,0.5333333333333333,0.5333333333333333,0.0,0.0,0.06666666666666667,0.06666666666666667,0.4,0.4,0.0,0.0,0.0,0.0,0.0,0.0
博尔塔拉蒙古自治州,2022,42,36,0.5,0.5833333333333334,0.0,0.0,0.0,0.0,0.23809523809523808,0.2777777777777778,0.11904761904761904,0.1388888888888889,0.0,0.0,0.0,0.0
博尔塔拉蒙古自治州,2023,31,31,0.7741935483870968,0.7741935483870968,0.0,0.0,0.0,0.0,0.1935483870967742,0.1935483870967742,0.03225806451612903,0.03225806451612903,0.0,0.0,0.0,0.0
厦门,2008,816,450,0.16911764705882354,0.30666666666666664,0.0,0.0,0.0,0.0,0.05024509803921569,0.09111111111111111,0.0,0.0,0.0,0.0,0.3321078431372549,0.6022222222222222
厦门,2009,1197,596,0.2581453634085213,0.5184563758389261,0.0,0.0,0.0,0.0,0.0,0.0,0.0,0.0,0.010025062656641603,0.020134228187919462,0.2297410192147034,0.46140939597315433
厦门,2010,1376,717,0.2136627906976744,0.4100418410041841,0.0,0.0,0.005813953488372093,0.011157601115760111,0.01308139534883721,0.02510460251046025,0.0,0.0,0.03197674418604651,0.061366806136680614,0.2565406976744186,0.49232914923291493
厦门,2011,1852,858,0.21544276457883368,0.46503496503496505,0.0,0.0,0.007019438444924406,0.015151515151515152,0.007019438444924406,0.015151515151515152,0.008099352051835854,0.017482517482517484,0.02591792656587473,0.055944055944055944,0.19978401727861772,0.43123543123543123
厦门,2012,2314,976,0.18409680207433016,0.4364754098360656,0.0,0.0,0.0,0.0,0.007346585998271392,0.017418032786885244,0.0,0.0,0.014693171996542784,0.03483606557377049,0.2156439066551426,0.5112704918032787
厦门,2013,2885,1361,0.19722703639514733,0.4180749448934607,0.0,0.0,0.0,0.0,0.007972270363951473,0.01689933872152829,0.0,0.0,0.038128249566724434,0.08082292432035268,0.22842287694974003,0.4842027920646583
厦门,2014,3571,1530,0.15569868384206104,0.3633986928104575,0.0,0.0,0.009521142537104453,0.022222222222222223,0.04060487258471016,0.09477124183006536,0.0,0.0,0.023522822738728646,0.054901960784313725,0.19910389246709606,0.4647058823529412
厦门,2015,3977,1681,0.15790797083228564,0.3735871505056514,0.0,0.0,0.0,0.0,0.0057832537088257484,0.013682331945270671,0.009052049283379432,0.021415823914336704,0.024390243902439025,0.05770374776918501,0.2255468946442042,0.5336109458655562
厦门,2016,5187,1981,0.1970310391363023,0.5159010600706714,0.0,0.0,0.0,0.0,0.0,0.0,0.0,0.0,0.02062849431270484,0.05401312468450278,0.1642567958357432,0.43008581524482586
厦门,2017,6488,2236,0.1501233045622688,0.43559928443649376,0.0,0.0,0.0,0.0,0.0038532675709001232,0.011180679785330949,0.0,0.0,0.018958076448828607,0.055008944543828264,0.1717016029593095,0.49821109123434704
厦门,2018,8840,2838,0.16266968325791856,0.5066948555320648,0.0,0.0,0.0,0.0,0.008597285067873304,0.026779422128259338,0.0,0.0,0.0058823529411764705,0.018322762508809022,0.14389140271493212,0.44820295983086683
厦门,2019,10127,3189,0.1634245087390145,0.5189714644089056,0.0,0.0,0.0,0.0,0.0,0.0,0.0,0.0,0.01333070010862052,0.04233301975540922,0.1381455514960008,0.43869551583568517
厦门,2020,12091,3578,0.16020180299396244,0.5413638904415875,0.0,0.0,0.0,0.0,0.0,0.0,0.0,0.0,0.013729220081052021,0.046394633873672445,0.12199156397320321,0.41224147568474007
厦门,2021,12674,3554,0.1306611961495976,0.46595385481148,0.0,0.0,0.0,0.0,0.0,0.0,0.0,0.0,0.018857503550575982,0.06724817107484525,0.13089790121508602,0.46679797411367474
厦门,2022,13216,4363,0.1352905569007264,0.40980976392390556,0.0,0.0,0.0,0.0,0.0,0.0,0.0,0.0,0.02557506053268765,0.0774696309878524,0.16926452784503632,0.512720605088242
厦门,2023,12974,4350,0.13581008170186526,0.4050574712643678,0.0,0.0,0.0,0.0,0.0,0.0,0.0,0.0,0.029905965777709265,0.08919540229885058,0.16956990904886696,0.5057471264367817
双河,2018,1,1,1.0,1.0,0.0,0.0,0.0,0.0,0.0,0.0,0.0,0.0,0.0,0.0,0.0,0.0
双河,2021,1,1,1.0,1.0,0.0,0.0,0.0,0.0,0.0,0.0,0.0,0.0,0.0,0.0,0.0,0.0
双河,2023,7,7,1.0,1.0,0.0,0.0,0.0,0.0,0.0,0.0,0.0,0.0,0.0,0.0,0.0,0.0
双鸭山,2008,15,15,0.26666666666666666,0.26666666666666666,0.0,0.0,0.0,0.0,0.7333333333333333,0.7333333333333333,0.0,0.0,0.0,0.0,0.0,0.0
双鸭山,2009,19,19,0.2631578947368421,0.2631578947368421,0.0,0.0,0.0,0.0,0.7368421052631579,0.7368421052631579,0.0,0.0,0.0,0.0,0.0,0.0
双鸭山,2010,33,33,0.48484848484848486,0.48484848484848486,0.0,0.0,0.0,0.0,0.48484848484848486,0.48484848484848486,0.030303030303030304,0.030303030303030304,0.0,0.0,0.0,0.0
双鸭山,2011,97,93,0.7216494845360825,0.7526881720430108,0.0,0.0,0.0,0.0,0.2268041237113402,0.23655913978494625,0.010309278350515464,0.010752688172043012,0.0,0.0,0.0,0.0
双鸭山,2012,77,71,0.6233766233766234,0.676056338028169,0.0,0.0,0.0,0.0,0.2727272727272727,0.29577464788732394,0.025974025974025976,0.028169014084507043,0.0,0.0,0.0,0.0
双鸭山,2013,73,60,0.589041095890411,0.7166666666666667,0.0,0.0,0.0,0.0,0.2328767123287671,0.2833333333333333,0.0,0.0,0.0,0.0,0.0,0.0
双鸭山,2014,79,70,0.7088607594936709,0.8,0.0,0.0,0.0,0.0,0.16455696202531644,0.18571428571428572,0.012658227848101266,0.014285714285714285,0.0,0.0,0.0,0.0
双鸭山,2015,46,36,0.41304347826086957,0.5277777777777778,0.0,0.0,0.0,0.0,0.3695652173913043,0.4722222222222222,0.0,0.0,0.0,0.0,0.0,0.0
双鸭山,2016,70,52,0.4142857142857143,0.5576923076923077,0.0,0.0,0.0,0.0,0.3142857142857143,0.4230769230769231,0.014285714285714285,0.019230769230769232,0.0,0.0,0.0,0.0
双鸭山,2017,62,37,0.2903225806451613,0.4864864864864865,0.0,0.0,0.0,0.0,0.3064516129032258,0.5135135135135135,0.0,0.0,0.0,0.0,0.0,0.0
双鸭山,2018,50,37,0.32,0.43243243243243246,0.0,0.0,0.0,0.0,0.42,0.5675675675675675,0.0,0.0,0.0,0.0,0.0,0.0
双鸭山,2019,88,63,0.23863636363636365,0.3333333333333333,0.0,0.0,0.0,0.0,0.4772727272727273,0.6666666666666666,0.0,0.0,0.0,0.0,0.0,0.0
双鸭山,2020,87,65,0.3793103448275862,0.5076923076923077,0.0,0.0,0.0,0.0,0.367816091954023,0.49230769230769234,0.0,0.0,0.0,0.0,0.0,0.0
双鸭山,2021,90,64,0.3,0.421875,0.0,0.0,0.0,0.0,0.4111111111111111,0.578125,0.0,0.0,0.0,0.0,0.0,0.0
双鸭山,2022,75,51,0.48,0.7058823529411765,0.0,0.0,0.0,0.0,0.2,0.29411764705882354,0.0,0.0,0.0,0.0,0.0,0.0
双鸭山,2023,96,81,0.6666666666666666,0.7901234567901234,0.0,0.0,0.041666666666666664,0.04938271604938271,0.08333333333333333,0.09876543209876543,0.052083333333333336,0.06172839506172839,0.0,0.0,0.0,0.0
可克达拉,2020,1,1,1.0,1.0,0.0,0.0,0.0,0.0,0.0,0.0,0.0,0.0,0.0,0.0,0.0,0.0
可克达拉,2021,1,1,0.0,0.0,0.0,0.0,0.0,0.0,1.0,1.0,0.0,0.0,0.0,0.0,0.0,0.0
可克达拉,2022,5,5,0.8,0.8,0.0,0.0,0.0,0.0,0.0,0.0,0.0,0.0,0.2,0.2,0.0,0.0
可克达拉,2023,14,14,0.9285714285714286,0.9285714285714286,0.0,0.0,0.0,0.0,0.0,0.0,0.0,0.0,0.07142857142857142,0.07142857142857142,0.0,0.0
台中,2016,4,4,0.5,0.5,0.0,0.0,0.0,0.0,0.5,0.5,0.0,0.0,0.0,0.0,0.0,0.0
台中,2017,1,1,1.0,1.0,0.0,0.0,0.0,0.0,0.0,0.0,0.0,0.0,0.0,0.0,0.0,0.0
台中,2018,15,15,1.0,1.0,0.0,0.0,0.0,0.0,0.0,0.0,0.0,0.0,0.0,0.0,0.0,0.0
台中,2019,46,46,0.8695652173913043,0.8695652173913043,0.0,0.0,0.021739130434782608,0.021739130434782608,0.10869565217391304,0.10869565217391304,0.0,0.0,0.0,0.0,0.0,0.0
台中,2020,157,138,0.8471337579617835,0.9637681159420289,0.0,0.0,0.0,0.0,0.01910828025477707,0.021739130434782608,0.0,0.0,0.0,0.0,0.012738853503184714,0.014492753623188406
台中,2021,173,126,0.6936416184971098,0.9523809523809523,0.0,0.0,0.0,0.0,0.03468208092485549,0.047619047619047616,0.0,0.0,0.0,0.0,0.0,0.0
台中,2022,147,88,0.5782312925170068,0.9659090909090909,0.0,0.0,0.0,0.0,0.02040816326530612,0.03409090909090909,0.0,0.0,0.0,0.0,0.0,0.0
台中,2023,406,224,0.5270935960591133,0.9553571428571429,0.0,0.0,0.0,0.0,0.012315270935960592,0.022321428571428572,0.012315270935960592,0.022321428571428572,0.0,0.0,0.0,0.0
台北,2014,1,1,1.0,1.0,0.0,0.0,0.0,0.0,0.0,0.0,0.0,0.0,0.0,0.0,0.0,0.0
台北,2015,2,2,1.0,1.0,0.0,0.0,0.0,0.0,0.0,0.0,0.0,0.0,0.0,0.0,0.0,0.0
台北,2016,11,11,0.9090909090909091,0.9090909090909091,0.0,0.0,0.0,0.0,0.0,0.0,0.0,0.0,0.09090909090909091,0.09090909090909091,0.0,0.0
台北,2017,13,13,0.8461538461538461,0.8461538461538461,0.0,0.0,0.0,0.0,0.15384615384615385,0.15384615384615385,0.0,0.0,0.0,0.0,0.0,0.0
台北,2018,26,26,0.7307692307692307,0.7307692307692307,0.0,0.0,0.0,0.0,0.15384615384615385,0.15384615384615385,0.038461538461538464,0.038461538461538464,0.07692307692307693,0.07692307692307693,0.0,0.0
台北,2019,86,48,0.4883720930232558,0.875,0.0,0.0,0.0,0.0,0.023255813953488372,0.041666666666666664,0.03488372093023256,0.0625,0.011627906976744186,0.020833333333333332,0.0,0.0
台北,2020,276,160,0.5543478260869565,0.95625,0.0,0.0,0.0,0.0,0.014492753623188406,0.025,0.0,0.0,0.0,0.0,0.010869565217391304,0.01875
台北,2021,315,184,0.5714285714285714,0.9782608695652174,0.0,0.0,0.0,0.0,0.012698412698412698,0.021739130434782608,0.0,0.0,0.0,0.0,0.0,0.0
台北,2022,394,224,0.5609137055837563,0.9866071428571429,0.0,0.0,0.0,0.0,0.0,0.0,0.007614213197969543,0.013392857142857142,0.0,0.0,0.0,0.0
台北,2023,800,413,0.49625,0.9612590799031477,0.0,0.0,0.0,0.0,0.0,0.0,0.01125,0.021791767554479417,0.0,0.0,0.00875,0.01694915254237288
台南,2016,2,2,1.0,1.0,0.0,0.0,0.0,0.0,0.0,0.0,0.0,0.0,0.0,0.0,0.0,0.0
台南,2017,2,2,0.5,0.5,0.0,0.0,0.0,0.0,0.5,0.5,0.0,0.0,0.0,0.0,0.0,0.0
台南,2018,5,5,1.0,1.0,0.0,0.0,0.0,0.0,0.0,0.0,0.0,0.0,0.0,0.0,0.0,0.0
台南,2019,18,18,0.7222222222222222,0.7222222222222222,0.0,0.0,0.0,0.0,0.2222222222222222,0.2222222222222222,0.05555555555555555,0.05555555555555555,0.0,0.0,0.0,0.0
台南,2020,52,43,0.6346153846153846,0.7674418604651163,0.0,0.0,0.0,0.0,0.11538461538461539,0.13953488372093023,0.038461538461538464,0.046511627906976744,0.0,0.0,0.038461538461538464,0.046511627906976744
台南,2021,79,55,0.5822784810126582,0.8363636363636363,0.0,0.0,0.0,0.0,0.0379746835443038,0.05454545454545454,0.02531645569620253,0.03636363636363636,0.0,0.0,0.05063291139240506,0.07272727272727272
台南,2022,106,73,0.5660377358490566,0.821917808219178,0.0,0.0,0.0,0.0,0.10377358490566038,0.1506849315068493,0.0,0.0,0.0,0.0,0.018867924528301886,0.0273972602739726
台南,2023,179,105,0.553072625698324,0.9428571428571428,0.0,0.0,0.0,0.0,0.0111731843575419,0.01904761904761905,0.0,0.0,0.0,0.0,0.0223463687150838,0.0380952380952381
台州,2008,701,185,0.16547788873038516,0.6270270270270271,0.0,0.0,0.0,0.0,0.09843081312410841,0.372972972972973,0.0,0.0,0.0,0.0,0.0,0.0
台州,2009,897,271,0.2329988851727982,0.7712177121771218,0.0,0.0,0.0,0.0,0.06354515050167224,0.21033210332103322,0.0,0.0,0.0,0.0,0.005574136008918618,0.01845018450184502
台州,2010,1019,361,0.2914622178606477,0.8227146814404432,0.0,0.0,0.0,0.0,0.06280667320902845,0.1772853185595568,0.0,0.0,0.0,0.0,0.0,0.0
台州,2011,1260,468,0.29444444444444445,0.7927350427350427,0.0,0.0,0.0,0.0,0.048412698412698414,0.13034188034188035,0.0,0.0,0.01746031746031746,0.04700854700854701,0.011111111111111112,0.029914529914529916
台州,2012,1443,395,0.21621621621621623,0.789873417721519,0.0,0.0,0.0,0.0,0.02494802494802495,0.09113924050632911,0.0,0.0,0.009009009009009009,0.03291139240506329,0.02356202356202356,0.08607594936708861
台州,2013,2075,565,0.2125301204819277,0.7805309734513274,0.0,0.0,0.0,0.0,0.03566265060240964,0.13097345132743363,0.0,0.0,0.006265060240963855,0.023008849557522124,0.01783132530120482,0.06548672566371681
台州,2014,1919,446,0.19906201146430433,0.8565022421524664,0.0,0.0,0.0,0.0,0.006253256904637832,0.026905829596412557,0.0,0.0,0.009900990099009901,0.042600896860986545,0.017196456487754037,0.07399103139013453
台州,2015,2559,639,0.18913638139898398,0.7574334898278561,0.0,0.0,0.0,0.0,0.035169988276670575,0.14084507042253522,0.0,0.0,0.008597108245408363,0.03442879499217527,0.016803438843298164,0.06729264475743349
台州,2016,3714,797,0.11873990306946688,0.5533249686323714,0.0,0.0,0.0,0.0,0.07485191168551426,0.34880803011292344,0.0,0.0,0.01103931071620894,0.05144291091593475,0.00996230479267636,0.04642409033877039
台州,2017,6086,962,0.12898455471574105,0.816008316008316,0.0,0.0,0.0,0.0,0.0034505422280644103,0.02182952182952183,0.0,0.0,0.008379888268156424,0.05301455301455302,0.01725271114032205,0.10914760914760915
台州,2018,7692,1109,0.10543421736869475,0.7312894499549143,0.0,0.0,0.0,0.0,0.0075403016120644826,0.05229936880072137,0.0,0.0,0.010270410816432657,0.07123534715960325,0.02093083723348934,0.14517583408476104
台州,2019,6797,1333,0.13447109018684714,0.6856714178544636,0.0,0.0,0.0,0.0,0.009268795056642637,0.047261815453863466,0.0,0.0,0.011181403560394291,0.05701425356339085,0.0411946446961895,0.21005251312828208
台州,2020,9476,1359,0.10004221190375685,0.6975717439293598,0.0,0.0,0.0,0.0,0.0,0.0,0.0,0.0,0.010552975939214858,0.07358351729212656,0.03281975517095821,0.2288447387785136
台州,2021,6992,1492,0.15717963386727687,0.7365951742627346,0.0,0.0,0.0,0.0,0.0,0.0,0.0,0.0,0.015446224256292907,0.07238605898123325,0.04076086956521739,0.19101876675603216
台州,2022,5972,1358,0.16929002009377092,0.7444771723122239,0.0,0.0,0.0,0.0,0.0,0.0,0.0,0.0,0.02494976557267247,0.10972017673048601,0.03315472203616879,0.14580265095729014
台州,2023,5159,1131,0.1781352975382826,0.812555260831123,0.0,0.0,0.0,0.0,0.0,0.0,0.0,0.0,0.02015894553207986,0.09195402298850575,0.02093428959100601,0.09549071618037135
台湾省,2008,11445,4619,0.3601572739187418,0.89240095258714,0.0,0.0,0.0,0.0,0.0,0.0,0.0,0.0,0.04342507645259939,0.10759904741285993,0.0,0.0
台湾省,2009,10368,4352,0.375,0.8933823529411765,0.0,0.0,0.0,0.0,0.0,0.0,0.0,0.0,0.044753086419753084,0.10661764705882353,0.0,0.0
台湾省,2010,10626,4193,0.3468849990589121,0.8790841879322681,0.0,0.0,0.0,0.0,0.0,0.0,0.00639939770374553,0.016217505366086335,0.041313758705063056,0.1046983067016456,0.0,0.0
台湾省,2011,11059,4480,0.368478162582512,0.9095982142857143,0.0,0.0,0.0,0.0,0.0,0.0,0.0,0.0,0.03662175603580794,0.09040178571428571,0.0,0.0
台湾省,2012,10722,4429,0.3698936765528819,0.8954617295100474,0.0,0.0,0.0,0.0,0.0,0.0,0.0,0.0,0.04318224211900765,0.10453827048995258,0.0,0.0
台湾省,2013,11423,4222,0.32618401470716973,0.8825201326385599,0.0,0.0,0.0,0.0,0.0,0.0,0.00927952376783682,0.02510658455708195,0.034141644051475094,0.09237328280435812,0.0,0.0
台湾省,2014,10375,3530,0.3028433734939759,0.8900849858356941,0.0,0.0,0.0,0.0,0.0,0.0,0.008289156626506025,0.024362606232294616,0.029108433734939758,0.08555240793201133,0.0,0.0
台湾省,2015,9753,3426,0.31549266892238287,0.8981319322825453,0.0,0.0,0.0,0.0,0.0,0.0,0.006049420691069414,0.017221249270286048,0.02973444068491746,0.0846468184471687,0.0,0.0
台湾省,2016,10032,3529,0.3159888357256778,0.8982714650042505,0.0,0.0,0.0,0.0,0.0,0.0,0.007874800637958533,0.022385945026919808,0.027910685805422646,0.0793425899688297,0.0,0.0
台湾省,2017,11107,4017,0.3322229224813181,0.9185959671396564,0.0,0.0,0.0,0.0,0.0,0.0,0.0,0.0,0.02944089313045827,0.08140403286034353,0.0,0.0
台湾省,2018,11397,4178,0.3402649820128104,0.9281953087601723,0.0,0.0,0.0,0.0,0.0,0.0,0.0,0.0,0.026322716504343247,0.07180469123982768,0.0,0.0
台湾省,2019,11157,4498,0.3802097337994084,0.9430858159181859,0.0,0.0,0.0,0.0,0.0,0.0,0.0,0.0,0.022945236174598906,0.05691418408181414,0.0,0.0
台湾省,2020,10594,4349,0.3877666603737965,0.9445849620602438,0.0,0.0,0.0,0.0,0.0,0.0,0.0,0.0,0.022748725693788937,0.055415037939756266,0.0,0.0
台湾省,2021,10349,4900,0.45173446709827036,0.9540816326530612,0.0,0.0,0.0,0.0,0.0,0.0,0.0,0.0,0.02174123103681515,0.04591836734693878,0.0,0.0
台湾省,2022,7170,3767,0.5104602510460251,0.9715954340323865,0.0,0.0,0.0,0.0,0.0,0.0,0.0,0.0,0.01492329149232915,0.028404565967613486,0.0,0.0
台湾省,2023,1548,1057,0.6828165374677002,1.0,0.0,0.0,0.0,0.0,0.0,0.0,0.0,0.0,0.0,0.0,0.0,0.0
合肥,2008,866,523,0.09584295612009237,0.1586998087954111,0.0,0.0,0.0,0.0,0.04734411085450346,0.07839388145315487,0.0,0.0,0.11778290993071594,0.1950286806883365,0.34295612009237875,0.5678776290630975
合肥,2009,1345,725,0.08252788104089219,0.15310344827586206,0.0,0.0,0.0,0.0,0.011895910780669145,0.022068965517241378,0.020074349442379184,0.037241379310344824,0.12193308550185873,0.22620689655172413,0.3026022304832714,0.5613793103448276
合肥,2010,1988,935,0.12625754527162977,0.26844919786096255,0.0,0.0,0.0,0.0,0.05835010060362173,0.12406417112299466,0.0,0.0,0.07243460764587525,0.15401069518716579,0.21327967806841047,0.453475935828877
合肥,2011,3300,1838,0.25545454545454543,0.4586507072905332,0.0,0.0,0.0,0.0,0.018484848484848486,0.033188248095756254,0.0,0.0,0.09,0.16158868335146898,0.19303030303030302,0.34657236126224156
合肥,2012,4522,2221,0.22047766475011057,0.4488968932913102,0.0,0.0,0.0,0.0,0.017691287041132243,0.03601981089599279,0.0,0.0,0.06479433878814683,0.1319225574065736,0.18819106590004422,0.38316073840612336
合肥,2013,7713,3237,0.22442629327110075,0.5347544022242817,0.0,0.0,0.0,0.0,0.0,0.0,0.0,0.0,0.04874886555166602,0.11615693543404387,0.14650589913133671,0.3490886623416744
合肥,2014,11880,3728,0.1718855218855219,0.5477467811158798,0.0,0.0,0.0,0.0,0.0,0.0,0.0,0.0,0.04048821548821549,0.1290236051502146,0.10143097643097643,0.3232296137339056
合肥,2015,15050,4480,0.16551495016611295,0.5560267857142858,0.0,0.0,0.0,0.0,0.0,0.0,0.0,0.0,0.03548172757475083,0.11919642857142858,0.09667774086378737,0.3247767857142857
合肥,2016,23724,5038,0.10032035069971337,0.4724096863834855,0.0,0.0,0.0,0.0,0.0,0.0,0.0,0.0,0.02242454897993593,0.1055974593092497,0.08961389310402967,0.4219928543072648
合肥,2017,34817,6452,0.09779705316368441,0.5277433353998761,0.0,0.0,0.0,0.0,0.0,0.0,0.0,0.0,0.018640319384208865,0.10058896466212028,0.06887440043656834,0.3716676999380037
合肥,2018,36750,7792,0.10152380952380953,0.4788244353182752,0.0,0.0,0.0,0.0,0.0,0.0,0.0,0.0,0.020462585034013606,0.09650924024640657,0.09004081632653062,0.42466632443531827
合肥,2019,26773,7717,0.11287491129122623,0.39160295451600363,0.0,0.0,0.0,0.0,0.0,0.0,0.0,0.0,0.027378328913457588,0.09498509783594661,0.14798491017069434,0.5134119476480498
合肥,2020,30276,8563,0.13793103448275862,0.48767955155903303,0.0,0.0,0.0,0.0,0.0,0.0,0.0,0.0,0.02318668252080856,0.08198061427069953,0.12171356850310477,0.43033983417026744
合肥,2021,31745,12245,0.19817294062057017,0.5137607186606779,0.0,0.0,0.0,0.0,0.0,0.0,0.0,0.0,0.03134351866435659,0.08125765618619844,0.1562135769412506,0.40498162515312375
合肥,2022,35344,14352,0.18172815753734722,0.4475334448160535,0.0,0.0,0.0,0.0,0.0,0.0,0.0,0.0,0.03236758714350385,0.07971014492753623,0.1919703485740154,0.47275641025641024
合肥,2023,39362,15964,0.20344494690310452,0.501628664495114,0.0,0.0,0.0,0.0,0.0,0.0,0.0,0.0,0.019917687109394847,0.04911049862189927,0.18220618870992328,0.44926083688298674
吉安,2008,41,35,0.14634146341463414,0.17142857142857143,0.0,0.0,0.0,0.0,0.7073170731707317,0.8285714285714286,0.0,0.0,0.0,0.0,0.0,0.0
吉安,2009,51,30,0.0784313725490196,0.13333333333333333,0.0,0.0,0.0,0.0,0.47058823529411764,0.8,0.0,0.0,0.0,0.0,0.0392156862745098,0.06666666666666667
吉安,2010,61,36,0.2786885245901639,0.4722222222222222,0.0,0.0,0.0,0.0,0.3114754098360656,0.5277777777777778,0.0,0.0,0.0,0.0,0.0,0.0
吉安,2011,106,55,0.3018867924528302,0.5818181818181818,0.0,0.0,0.0,0.0,0.16981132075471697,0.32727272727272727,0.0,0.0,0.018867924528301886,0.03636363636363636,0.02830188679245283,0.05454545454545454
吉安,2012,90,52,0.36666666666666664,0.6346153846153846,0.0,0.0,0.0,0.0,0.13333333333333333,0.23076923076923078,0.0,0.0,0.022222222222222223,0.038461538461538464,0.05555555555555555,0.09615384615384616
吉安,2013,166,109,0.536144578313253,0.8165137614678899,0.0,0.0,0.0,0.0,0.10843373493975904,0.1651376146788991,0.0,0.0,0.0,0.0,0.012048192771084338,0.01834862385321101
吉安,2014,265,131,0.3433962264150943,0.6946564885496184,0.0,0.0,0.0,0.0,0.08679245283018867,0.17557251908396945,0.0,0.0,0.0,0.0,0.06415094339622641,0.1297709923664122
吉安,2015,232,122,0.3275862068965517,0.6229508196721312,0.017241379310344827,0.03278688524590164,0.0,0.0,0.1336206896551724,0.2540983606557377,0.0,0.0,0.0,0.0,0.04741379310344827,0.09016393442622951
吉安,2016,348,204,0.4827586206896552,0.8235294117647058,0.0,0.0,0.0,0.0,0.05459770114942529,0.09313725490196079,0.0,0.0,0.0,0.0,0.04885057471264368,0.08333333333333333
吉安,2017,581,258,0.1927710843373494,0.43410852713178294,0.0,0.0,0.0,0.0,0.22203098106712565,0.5,0.0,0.0,0.0,0.0,0.029259896729776247,0.06589147286821706
吉安,2018,729,300,0.30315500685871055,0.7366666666666667,0.0,0.0,0.0,0.0,0.05486968449931413,0.13333333333333333,0.0,0.0,0.0,0.0,0.053497942386831275,0.13
吉安,2019,618,235,0.2524271844660194,0.6638297872340425,0.0,0.0,0.0,0.0,0.02912621359223301,0.07659574468085106,0.0,0.0,0.0,0.0,0.09870550161812297,0.25957446808510637
吉安,2020,1663,412,0.20204449789536982,0.8155339805825242,0.0,0.0,0.0,0.0,0.0,0.0,0.0,0.0,0.0,0.0,0.045700541190619365,0.18446601941747573
吉安,2021,1418,335,0.1847672778561354,0.7820895522388059,0.0,0.0,0.0,0.0,0.0,0.0,0.0,0.0,0.0,0.0,0.05148095909732017,0.21791044776119403
吉安,2022,1987,468,0.19174635128334172,0.8141025641025641,0.0,0.0,0.0,0.0,0.0,0.0,0.0,0.0,0.0,0.0,0.043784599899345744,0.1858974358974359
吉安,2023,2774,559,0.1643835616438356,0.815742397137746,0.0,0.0,0.0,0.0,0.0,0.0,0.0,0.0,0.0,0.0,0.03713049747656813,0.18425760286225404
吉林,2008,150,78,0.15333333333333332,0.2948717948717949,0.0,0.0,0.0,0.0,0.16,0.3076923076923077,0.0,0.0,0.02666666666666667,0.05128205128205128,0.18,0.34615384615384615
吉林,2009,169,89,0.20118343195266272,0.38202247191011235,0.0,0.0,0.0,0.0,0.15976331360946747,0.30337078651685395,0.0,0.0,0.0,0.0,0.16568047337278108,0.3146067415730337
吉林,2010,232,123,0.2629310344827586,0.4959349593495935,0.0,0.0,0.0,0.0,0.04310344827586207,0.08130081300813008,0.0,0.0,0.01293103448275862,0.024390243902439025,0.21120689655172414,0.3983739837398374
吉林,2011,289,151,0.21453287197231835,0.4105960264900662,0.0,0.0,0.0,0.0,0.05190311418685121,0.09933774834437085,0.0,0.0,0.02422145328719723,0.046357615894039736,0.23183391003460208,0.44370860927152317
吉林,2012,324,172,0.1882716049382716,0.3546511627906977,0.0,0.0,0.0,0.0,0.11419753086419752,0.21511627906976744,0.0,0.0,0.0,0.0,0.22839506172839505,0.43023255813953487
吉林,2013,411,234,0.14841849148418493,0.2606837606837607,0.0,0.0,0.0,0.0,0.08759124087591241,0.15384615384615385,0.0,0.0,0.0,0.0,0.3333333333333333,0.5854700854700855
吉林,2014,513,304,0.14814814814814814,0.25,0.0,0.0,0.0,0.0,0.031189083820662766,0.05263157894736842,0.0,0.0,0.0,0.0,0.41325536062378165,0.6973684210526315
吉林,2015,548,316,0.072992700729927,0.12658227848101267,0.0,0.0,0.0,0.0,0.11313868613138686,0.1962025316455696,0.0,0.0,0.0,0.0,0.3905109489051095,0.6772151898734177
吉林,2016,655,413,0.11755725190839694,0.1864406779661017,0.0,0.0,0.0,0.0,0.03358778625954199,0.053268765133171914,0.0,0.0,0.007633587786259542,0.012106537530266344,0.4717557251908397,0.7481840193704601
吉林,2017,701,456,0.08701854493580599,0.1337719298245614,0.0,0.0,0.0,0.0,0.03566333808844508,0.05482456140350877,0.0,0.0,0.014265335235378032,0.021929824561403508,0.5135520684736091,0.7894736842105263
吉林,2018,794,530,0.06423173803526448,0.09622641509433963,0.0,0.0,0.0,0.0,0.055415617128463476,0.0830188679245283,0.0,0.0,0.006297229219143577,0.009433962264150943,0.5415617128463476,0.8113207547169812
吉林,2019,876,583,0.11986301369863013,0.18010291595197256,0.0,0.0,0.0,0.0,0.014840182648401826,0.022298456260720412,0.0,0.0,0.02511415525114155,0.03773584905660377,0.5057077625570776,0.7598627787307033
吉林,2020,1000,657,0.098,0.1491628614916286,0.0,0.0,0.0,0.0,0.018,0.0273972602739726,0.0,0.0,0.013,0.0197869101978691,0.528,0.8036529680365296
吉林,2021,1136,773,0.08362676056338028,0.12289780077619664,0.0,0.0,0.0,0.0,0.020246478873239437,0.029754204398447608,0.0,0.0,0.02640845070422535,0.03880983182406209,0.5501760563380281,0.8085381630012937
吉林,2022,1105,803,0.08597285067873303,0.11830635118306351,0.0,0.0,0.016289592760180997,0.0224159402241594,0.007239819004524887,0.009962640099626401,0.0,0.0,0.013574660633484163,0.0186799501867995,0.6036199095022624,0.8306351183063512
吉林,2023,1337,1046,0.07180254300673149,0.09177820267686425,0.0,0.0,0.0,0.0,0.008975317875841436,0.011472275334608031,0.0,0.0,0.015706806282722512,0.020076481835564052,0.6858638743455497,0.8766730401529637
吐鲁番,2008,5,5,0.2,0.2,0.0,0.0,0.0,0.0,0.4,0.4,0.4,0.4,0.0,0.0,0.0,0.0
吐鲁番,2009,16,16,0.5,0.5,0.0,0.0,0.0,0.0,0.5,0.5,0.0,0.0,0.0,0.0,0.0,0.0
吐鲁番,2010,16,16,0.5,0.5,0.0,0.0,0.0,0.0,0.4375,0.4375,0.0625,0.0625,0.0,0.0,0.0,0.0
吐鲁番,2011,29,29,0.3103448275862069,0.3103448275862069,0.0,0.0,0.0,0.0,0.6896551724137931,0.6896551724137931,0.0,0.0,0.0,0.0,0.0,0.0
吐鲁番,2012,23,23,0.391304347826087,0.391304347826087,0.0,0.0,0.0,0.0,0.391304347826087,0.391304347826087,0.21739130434782608,0.21739130434782608,0.0,0.0,0.0,0.0
吐鲁番,2013,22,22,0.2727272727272727,0.2727272727272727,0.0,0.0,0.2727272727272727,0.2727272727272727,0.22727272727272727,0.22727272727272727,0.09090909090909091,0.09090909090909091,0.09090909090909091,0.09090909090909091,0.045454545454545456,0.045454545454545456
吐鲁番,2014,25,25,0.64,0.64,0.0,0.0,0.08,0.08,0.2,0.2,0.0,0.0,0.08,0.08,0.0,0.0
吐鲁番,2015,27,27,0.6296296296296297,0.6296296296296297,0.0,0.0,0.0,0.0,0.07407407407407407,0.07407407407407407,0.25925925925925924,0.25925925925925924,0.0,0.0,0.037037037037037035,0.037037037037037035
吐鲁番,2016,33,33,0.7272727272727273,0.7272727272727273,0.0,0.0,0.0,0.0,0.15151515151515152,0.15151515151515152,0.12121212121212122,0.12121212121212122,0.0,0.0,0.0,0.0
吐鲁番,2017,89,87,0.7415730337078652,0.7586206896551724,0.0,0.0,0.0,0.0,0.06741573033707865,0.06896551724137931,0.0449438202247191,0.04597701149425287,0.12359550561797752,0.12643678160919541,0.0,0.0
吐鲁番,2018,25,25,0.56,0.56,0.0,0.0,0.0,0.0,0.2,0.2,0.08,0.08,0.16,0.16,0.0,0.0
吐鲁番,2019,34,34,0.5588235294117647,0.5588235294117647,0.0,0.0,0.0,0.0,0.17647058823529413,0.17647058823529413,0.08823529411764706,0.08823529411764706,0.17647058823529413,0.17647058823529413,0.0,0.0
吐鲁番,2020,46,45,0.6521739130434783,0.6666666666666666,0.0,0.0,0.0,0.0,0.2608695652173913,0.26666666666666666,0.021739130434782608,0.022222222222222223,0.043478260869565216,0.044444444444444446,0.0,0.0
吐鲁番,2021,56,52,0.7678571428571429,0.8269230769230769,0.0,0.0,0.0,0.0,0.03571428571428571,0.038461538461538464,0.08928571428571429,0.09615384615384616,0.03571428571428571,0.038461538461538464,0.0,0.0
吐鲁番,2022,81,77,0.8395061728395061,0.8831168831168831,0.0,0.0,0.0,0.0,0.04938271604938271,0.05194805194805195,0.04938271604938271,0.05194805194805195,0.012345679012345678,0.012987012987012988,0.0,0.0
吐鲁番,2023,102,86,0.7450980392156863,0.8837209302325582,0.0,0.0,0.0,0.0,0.0,0.0,0.00980392156862745,0.011627906976744186,0.08823529411764706,0.10465116279069768,0.0,0.0
吕梁,2008,47,40,0.2765957446808511,0.325,0.0,0.0,0.0,0.0,0.46808510638297873,0.55,0.0,0.0,0.10638297872340426,0.125,0.0,0.0
吕梁,2009,75,69,0.12,0.13043478260869565,0.0,0.0,0.0,0.0,0.7333333333333333,0.7971014492753623,0.0,0.0,0.06666666666666667,0.07246376811594203,0.0,0.0
吕梁,2010,128,108,0.0390625,0.046296296296296294,0.0,0.0,0.0,0.0,0.7578125,0.8981481481481481,0.015625,0.018518518518518517,0.03125,0.037037037037037035,0.0,0.0
吕梁,2011,234,156,0.0,0.0,0.0,0.0,0.0,0.0,0.6666666666666666,1.0,0.0,0.0,0.0,0.0,0.0,0.0
吕梁,2012,277,171,0.0,0.0,0.0,0.0,0.0,0.0,0.6173285198555957,1.0,0.0,0.0,0.0,0.0,0.0,0.0
吕梁,2013,513,362,0.03313840155945419,0.04696132596685083,0.0,0.0,0.0,0.0,0.672514619883041,0.9530386740331491,0.0,0.0,0.0,0.0,0.0,0.0
吕梁,2014,150,103,0.11333333333333333,0.1650485436893204,0.0,0.0,0.0,0.0,0.5133333333333333,0.7475728155339806,0.006666666666666667,0.009708737864077669,0.013333333333333334,0.019417475728155338,0.04,0.05825242718446602
吕梁,2015,111,72,0.16216216216216217,0.25,0.0,0.0,0.0,0.0,0.3963963963963964,0.6111111111111112,0.0,0.0,0.02702702702702703,0.041666666666666664,0.06306306306306306,0.09722222222222222
吕梁,2016,92,57,0.30434782608695654,0.49122807017543857,0.0,0.0,0.0,0.0,0.13043478260869565,0.21052631578947367,0.0,0.0,0.043478260869565216,0.07017543859649122,0.14130434782608695,0.22807017543859648
吕梁,2017,195,101,0.1282051282051282,0.24752475247524752,0.0,0.0,0.0,0.0,0.3384615384615385,0.6534653465346535,0.0,0.0,0.0,0.0,0.05128205128205128,0.09900990099009901
吕梁,2018,232,134,0.09051724137931035,0.15671641791044777,0.0,0.0,0.0,0.0,0.22844827586206898,0.39552238805970147,0.0,0.0,0.03017241379310345,0.05223880597014925,0.22844827586206898,0.39552238805970147
吕梁,2019,224,167,0.20089285714285715,0.2694610778443114,0.0,0.0,0.0,0.0,0.10267857142857142,0.1377245508982036,0.013392857142857142,0.017964071856287425,0.049107142857142856,0.0658682634730539,0.3794642857142857,0.5089820359281437
吕梁,2020,278,176,0.2697841726618705,0.42613636363636365,0.0,0.0,0.0,0.0,0.07553956834532374,0.11931818181818182,0.0,0.0,0.02877697841726619,0.045454545454545456,0.2589928057553957,0.4090909090909091
吕梁,2021,376,163,0.2047872340425532,0.4723926380368098,0.0,0.0,0.0,0.0,0.0398936170212766,0.09202453987730061,0.010638297872340425,0.024539877300613498,0.02925531914893617,0.06748466257668712,0.14893617021276595,0.34355828220858897
吕梁,2022,269,149,0.30855018587360594,0.5570469798657718,0.0,0.0,0.0,0.0,0.0,0.0,0.007434944237918215,0.013422818791946308,0.06691449814126393,0.12080536912751678,0.17100371747211895,0.3087248322147651
吕梁,2023,374,211,0.32887700534759357,0.5829383886255924,0.0,0.0,0.0374331550802139,0.06635071090047394,0.0,0.0,0.0,0.0,0.026737967914438502,0.04739336492890995,0.1711229946524064,0.3033175355450237
吴忠,2008,16,16,0.25,0.25,0.0,0.0,0.0,0.0,0.75,0.75,0.0,0.0,0.0,0.0,0.0,0.0
吴忠,2009,4,4,0.25,0.25,0.0,0.0,0.0,0.0,0.75,0.75,0.0,0.0,0.0,0.0,0.0,0.0
吴忠,2010,16,16,0.5,0.5,0.0,0.0,0.0,0.0,0.5,0.5,0.0,0.0,0.0,0.0,0.0,0.0
吴忠,2011,20,20,0.8,0.8,0.0,0.0,0.0,0.0,0.2,0.2,0.0,0.0,0.0,0.0,0.0,0.0
吴忠,2012,100,88,0.87,0.9886363636363636,0.0,0.0,0.0,0.0,0.01,0.011363636363636364,0.0,0.0,0.0,0.0,0.0,0.0
吴忠,2013,130,84,0.5923076923076923,0.9166666666666666,0.0,0.0,0.0,0.0,0.03076923076923077,0.047619047619047616,0.0,0.0,0.023076923076923078,0.03571428571428571,0.0,0.0
吴忠,2014,99,71,0.6666666666666666,0.9295774647887324,0.0,0.0,0.0,0.0,0.050505050505050504,0.07042253521126761,0.0,0.0,0.0,0.0,0.0,0.0
吴忠,2015,161,117,0.6894409937888198,0.9487179487179487,0.0,0.0,0.0,0.0,0.037267080745341616,0.05128205128205128,0.0,0.0,0.0,0.0,0.0,0.0
吴忠,2016,219,155,0.680365296803653,0.9612903225806452,0.0,0.0,0.0,0.0,0.0273972602739726,0.03870967741935484,0.0,0.0,0.0,0.0,0.0,0.0
吴忠,2017,251,135,0.43824701195219123,0.8148148148148148,0.0,0.0,0.043824701195219126,0.08148148148148149,0.055776892430278883,0.1037037037037037,0.0,0.0,0.0,0.0,0.0,0.0
吴忠,2018,285,125,0.3894736842105263,0.888,0.0,0.0,0.0,0.0,0.04912280701754386,0.112,0.0,0.0,0.0,0.0,0.0,0.0
吴忠,2019,252,143,0.5674603174603174,1.0,0.0,0.0,0.0,0.0,0.0,0.0,0.0,0.0,0.0,0.0,0.0,0.0
吴忠,2020,319,167,0.5235109717868338,1.0,0.0,0.0,0.0,0.0,0.0,0.0,0.0,0.0,0.0,0.0,0.0,0.0
吴忠,2021,315,134,0.4095238095238095,0.9626865671641791,0.0,0.0,0.0,0.0,0.015873015873015872,0.03731343283582089,0.0,0.0,0.0,0.0,0.0,0.0
吴忠,2022,295,148,0.4915254237288136,0.9797297297297297,0.0,0.0,0.0,0.0,0.010169491525423728,0.02027027027027027,0.0,0.0,0.0,0.0,0.0,0.0
吴忠,2023,358,161,0.44972067039106145,1.0,0.0,0.0,0.0,0.0,0.0,0.0,0.0,0.0,0.0,0.0,0.0,0.0
周口,2008,68,45,0.27941176470588236,0.4222222222222222,0.0,0.0,0.0,0.0,0.36764705882352944,0.5555555555555556,0.0,0.0,0.014705882352941176,0.022222222222222223,0.0,0.0
周口,2009,61,37,0.16393442622950818,0.2702702702702703,0.0,0.0,0.0,0.0,0.4426229508196721,0.7297297297297297,0.0,0.0,0.0,0.0,0.0,0.0
周口,2010,58,43,0.46551724137931033,0.627906976744186,0.0,0.0,0.0,0.0,0.25862068965517243,0.3488372093023256,0.0,0.0,0.0,0.0,0.017241379310344827,0.023255813953488372
周口,2011,131,94,0.2748091603053435,0.3829787234042553,0.0,0.0,0.0,0.0,0.44274809160305345,0.6170212765957447,0.0,0.0,0.0,0.0,0.0,0.0
周口,2012,158,126,0.569620253164557,0.7142857142857143,0.0,0.0,0.0,0.0,0.21518987341772153,0.2698412698412698,0.0,0.0,0.0,0.0,0.012658227848101266,0.015873015873015872
周口,2013,162,113,0.36419753086419754,0.5221238938053098,0.0,0.0,0.0,0.0,0.29012345679012347,0.415929203539823,0.0,0.0,0.0,0.0,0.043209876543209874,0.061946902654867256
周口,2014,170,104,0.3764705882352941,0.6153846153846154,0.0,0.0,0.0,0.0,0.21176470588235294,0.34615384615384615,0.0,0.0,0.0,0.0,0.023529411764705882,0.038461538461538464
周口,2015,195,110,0.28205128205128205,0.5,0.0,0.0,0.0,0.0,0.16923076923076924,0.3,0.0,0.0,0.02564102564102564,0.045454545454545456,0.08717948717948718,0.15454545454545454
周口,2016,246,141,0.23577235772357724,0.41134751773049644,0.0,0.0,0.0,0.0,0.15447154471544716,0.2695035460992908,0.0,0.0,0.0,0.0,0.18292682926829268,0.3191489361702128
周口,2017,314,153,0.15605095541401273,0.3202614379084967,0.0,0.0,0.0,0.0,0.24203821656050956,0.49673202614379086,0.0,0.0,0.0,0.0,0.08917197452229299,0.1830065359477124
周口,2018,402,187,0.11940298507462686,0.25668449197860965,0.0,0.0,0.0,0.0,0.14427860696517414,0.31016042780748665,0.0,0.0,0.0,0.0,0.20149253731343283,0.43315508021390375
周口,2019,450,220,0.12,0.24545454545454545,0.0,0.0,0.0,0.0,0.1288888888888889,0.2636363636363636,0.0,0.0,0.0,0.0,0.24,0.4909090909090909
周口,2020,502,163,0.11752988047808766,0.3619631901840491,0.0,0.0,0.0,0.0,0.11155378486055777,0.34355828220858897,0.0,0.0,0.0,0.0,0.09561752988047809,0.294478527607362
周口,2021,668,200,0.08083832335329341,0.27,0.0,0.0,0.019461077844311378,0.065,0.06437125748502993,0.215,0.005988023952095809,0.02,0.0,0.0,0.12874251497005987,0.43
周口,2022,530,168,0.0830188679245283,0.2619047619047619,0.0,0.0,0.07169811320754717,0.2261904761904762,0.005660377358490566,0.017857142857142856,0.0,0.0,0.0,0.0,0.15660377358490565,0.49404761904761907
周口,2023,484,212,0.25413223140495866,0.5801886792452831,0.0,0.0,0.0,0.0,0.012396694214876033,0.02830188679245283,0.0,0.0,0.008264462809917356,0.018867924528301886,0.16322314049586778,0.37264150943396224
呼伦贝尔,2008,36,36,0.027777777777777776,0.027777777777777776,0.0,0.0,0.0,0.0,0.9722222222222222,0.9722222222222222,0.0,0.0,0.0,0.0,0.0,0.0
呼伦贝尔,2009,38,30,0.0,0.0,0.0,0.0,0.0,0.0,0.7631578947368421,0.9666666666666667,0.0,0.0,0.02631578947368421,0.03333333333333333,0.0,0.0
呼伦贝尔,2010,17,17,0.17647058823529413,0.17647058823529413,0.0,0.0,0.0,0.0,0.8235294117647058,0.8235294117647058,0.0,0.0,0.0,0.0,0.0,0.0
呼伦贝尔,2011,37,34,0.05405405405405406,0.058823529411764705,0.0,0.0,0.0,0.0,0.8378378378378378,0.9117647058823529,0.02702702702702703,0.029411764705882353,0.0,0.0,0.0,0.0
呼伦贝尔,2012,36,36,0.0,0.0,0.0,0.0,0.0,0.0,1.0,1.0,0.0,0.0,0.0,0.0,0.0,0.0
呼伦贝尔,2013,47,39,0.19148936170212766,0.23076923076923078,0.0,0.0,0.0,0.0,0.6382978723404256,0.7692307692307693,0.0,0.0,0.0,0.0,0.0,0.0
呼伦贝尔,2014,65,45,0.4153846153846154,0.6,0.0,0.0,0.015384615384615385,0.022222222222222223,0.24615384615384617,0.35555555555555557,0.0,0.0,0.015384615384615385,0.022222222222222223,0.0,0.0
呼伦贝尔,2015,74,64,0.527027027027027,0.609375,0.0,0.0,0.0,0.0,0.2972972972972973,0.34375,0.0,0.0,0.04054054054054054,0.046875,0.0,0.0
呼伦贝尔,2016,95,75,0.5473684210526316,0.6933333333333334,0.0,0.0,0.0,0.0,0.23157894736842105,0.29333333333333333,0.0,0.0,0.010526315789473684,0.013333333333333334,0.0,0.0
呼伦贝尔,2017,106,71,0.22641509433962265,0.3380281690140845,0.0,0.0,0.0,0.0,0.44339622641509435,0.6619718309859155,0.0,0.0,0.0,0.0,0.0,0.0
呼伦贝尔,2018,114,70,0.2982456140350877,0.4857142857142857,0.0,0.0,0.0,0.0,0.3157894736842105,0.5142857142857142,0.0,0.0,0.0,0.0,0.0,0.0
呼伦贝尔,2019,195,133,0.3282051282051282,0.48120300751879697,0.0,0.0,0.0,0.0,0.3333333333333333,0.48872180451127817,0.0,0.0,0.0,0.0,0.020512820512820513,0.03007518796992481
呼伦贝尔,2020,235,157,0.5234042553191489,0.7834394904458599,0.0,0.0,0.0,0.0,0.08936170212765958,0.1337579617834395,0.0,0.0,0.0,0.0,0.05531914893617021,0.08280254777070063
呼伦贝尔,2021,318,239,0.6823899371069182,0.9079497907949791,0.0,0.0,0.0,0.0,0.025157232704402517,0.03347280334728033,0.0,0.0,0.0,0.0,0.0440251572327044,0.058577405857740586
呼伦贝尔,2022,610,527,0.8360655737704918,0.967741935483871,0.0,0.0,0.0,0.0,0.0,0.0,0.0,0.0,0.0,0.0,0.027868852459016394,0.03225806451612903
呼伦贝尔,2023,1095,993,0.891324200913242,0.9828801611278952,0.0,0.0,0.0,0.0,0.0,0.0,0.0,0.0,0.0,0.0,0.015525114155251141,0.017119838872104734
呼和浩特,2008,334,282,0.7005988023952096,0.8297872340425532,0.0,0.0,0.0,0.0,0.03293413173652695,0.03900709219858156,0.005988023952095809,0.0070921985815602835,0.014970059880239521,0.01773049645390071,0.08982035928143713,0.10638297872340426
呼和浩特,2009,314,258,0.6146496815286624,0.748062015503876,0.0,0.0,0.0,0.0,0.054140127388535034,0.06589147286821706,0.01592356687898089,0.01937984496124031,0.028662420382165606,0.03488372093023256,0.10828025477707007,0.13178294573643412
呼和浩特,2010,402,306,0.39303482587064675,0.5163398692810458,0.0,0.0,0.0,0.0,0.14427860696517414,0.1895424836601307,0.009950248756218905,0.013071895424836602,0.05472636815920398,0.0718954248366013,0.15920398009950248,0.20915032679738563
呼和浩特,2011,482,339,0.3921161825726141,0.5575221238938053,0.0,0.0,0.0,0.0,0.1078838174273859,0.15339233038348082,0.03941908713692946,0.05604719764011799,0.035269709543568464,0.05014749262536873,0.12863070539419086,0.18289085545722714
呼和浩特,2012,429,272,0.36596736596736595,0.5772058823529411,0.0,0.0,0.0,0.0,0.06060606060606061,0.09558823529411764,0.0,0.0,0.018648018648018648,0.029411764705882353,0.1888111888111888,0.2977941176470588
呼和浩特,2013,722,475,0.278393351800554,0.4231578947368421,0.0,0.0,0.0,0.0,0.02631578947368421,0.04,0.037396121883656507,0.056842105263157895,0.04016620498614958,0.061052631578947365,0.2756232686980609,0.4189473684210526
呼和浩特,2014,605,357,0.2644628099173554,0.4481792717086835,0.0,0.0,0.0,0.0,0.03140495867768595,0.05322128851540616,0.009917355371900827,0.01680672268907563,0.03140495867768595,0.05322128851540616,0.2528925619834711,0.42857142857142855
呼和浩特,2015,698,430,0.34097421203438394,0.5534883720930233,0.0,0.0,0.0,0.0,0.03868194842406877,0.06279069767441861,0.0,0.0,0.04727793696275072,0.07674418604651163,0.18911174785100288,0.30697674418604654
呼和浩特,2016,892,563,0.32623318385650224,0.5168738898756661,0.0,0.0,0.007847533632286996,0.012433392539964476,0.0,0.0,0.0,0.0,0.04596412556053812,0.07282415630550622,0.25112107623318386,0.3978685612788632
呼和浩特,2017,1021,641,0.29774730656219395,0.47425897035881437,0.0,0.0,0.0,0.0,0.040156709108716944,0.06396255850234009,0.0,0.0,0.04995102840352596,0.07956318252730109,0.23996082272282077,0.38221528861154447
呼和浩特,2018,1558,941,0.2811296534017972,0.46546227417640806,0.0,0.0,0.0,0.0,0.007702182284980745,0.012752391073326248,0.0,0.0,0.05263157894736842,0.0871413390010627,0.2625160462130937,0.434643995749203
呼和浩特,2019,1975,1188,0.26329113924050634,0.4377104377104377,0.0,0.0,0.0,0.0,0.021772151898734177,0.0361952861952862,0.0,0.0,0.07189873417721519,0.11952861952861953,0.24455696202531646,0.4065656565656566
呼和浩特,2020,2295,1373,0.2222222222222222,0.37144938091769847,0.0,0.0,0.0,0.0,0.0,0.0,0.008278867102396514,0.013838310269482883,0.11851851851851852,0.19810633648943918,0.24923747276688454,0.4166059723233795
呼和浩特,2021,2781,1673,0.2294138798993168,0.38135086670651525,0.0,0.0,0.0,0.0,0.0,0.0,0.008629989212513484,0.01434548714883443,0.10391945343401654,0.17274357441721458,0.259618842143114,0.43156007172743577
呼和浩特,2022,2609,1663,0.20160981218857799,0.3162958508719182,0.0,0.0,0.006515906477577616,0.010222489476849068,0.0,0.0,0.006899195093905711,0.010823812387251955,0.10195477194327328,0.15995189416716776,0.32042928325028747,0.502705953096813
呼和浩特,2023,3613,2316,0.16357597564350954,0.2551813471502591,0.0,0.0,0.0,0.0,0.0,0.0,0.0,0.0,0.10517575422086908,0.16407599309153714,0.3722668142817603,0.5807426597582038
和田,2016,1,1,1.0,1.0,0.0,0.0,0.0,0.0,0.0,0.0,0.0,0.0,0.0,0.0,0.0,0.0
和田,2017,1,1,1.0,1.0,0.0,0.0,0.0,0.0,0.0,0.0,0.0,0.0,0.0,0.0,0.0,0.0
和田,2020,2,2,1.0,1.0,0.0,0.0,0.0,0.0,0.0,0.0,0.0,0.0,0.0,0.0,0.0,0.0
和田,2021,6,6,0.8333333333333334,0.8333333333333334,0.0,0.0,0.0,0.0,0.0,0.0,0.16666666666666666,0.16666666666666666,0.0,0.0,0.0,0.0
和田,2022,12,12,0.8333333333333334,0.8333333333333334,0.0,0.0,0.0,0.0,0.0,0.0,0.08333333333333333,0.08333333333333333,0.0,0.0,0.08333333333333333,0.08333333333333333
和田,2023,32,32,0.84375,0.84375,0.0,0.0,0.0625,0.0625,0.03125,0.03125,0.0625,0.0625,0.0,0.0,0.0,0.0
和田地区,2008,2,2,0.5,0.5,0.0,0.0,0.0,0.0,0.0,0.0,0.5,0.5,0.0,0.0,0.0,0.0
和田地区,2009,3,3,0.0,0.0,0.0,0.0,0.0,0.0,0.0,0.0,1.0,1.0,0.0,0.0,0.0,0.0
和田地区,2010,8,8,0.25,0.25,0.0,0.0,0.0,0.0,0.0,0.0,0.75,0.75,0.0,0.0,0.0,0.0
和田地区,2011,5,5,0.6,0.6,0.0,0.0,0.0,0.0,0.0,0.0,0.4,0.4,0.0,0.0,0.0,0.0
和田地区,2012,17,17,0.35294117647058826,0.35294117647058826,0.0,0.0,0.0,0.0,0.0,0.0,0.6470588235294118,0.6470588235294118,0.0,0.0,0.0,0.0
和田地区,2013,22,22,0.5909090909090909,0.5909090909090909,0.0,0.0,0.0,0.0,0.045454545454545456,0.045454545454545456,0.36363636363636365,0.36363636363636365,0.0,0.0,0.0,0.0
和田地区,2014,28,28,0.75,0.75,0.0,0.0,0.0,0.0,0.03571428571428571,0.03571428571428571,0.14285714285714285,0.14285714285714285,0.07142857142857142,0.07142857142857142,0.0,0.0
和田地区,2015,30,29,0.8,0.8275862068965517,0.0,0.0,0.0,0.0,0.06666666666666667,0.06896551724137931,0.1,0.10344827586206896,0.0,0.0,0.0,0.0
和田地区,2016,25,25,0.88,0.88,0.0,0.0,0.0,0.0,0.0,0.0,0.12,0.12,0.0,0.0,0.0,0.0
和田地区,2017,14,14,0.8571428571428571,0.8571428571428571,0.0,0.0,0.0,0.0,0.0,0.0,0.14285714285714285,0.14285714285714285,0.0,0.0,0.0,0.0
和田地区,2018,20,20,0.8,0.8,0.0,0.0,0.0,0.0,0.1,0.1,0.1,0.1,0.0,0.0,0.0,0.0
和田地区,2019,5,5,0.4,0.4,0.0,0.0,0.0,0.0,0.0,0.0,0.4,0.4,0.2,0.2,0.0,0.0
和田地区,2020,23,23,0.6956521739130435,0.6956521739130435,0.0,0.0,0.13043478260869565,0.13043478260869565,0.08695652173913043,0.08695652173913043,0.08695652173913043,0.08695652173913043,0.0,0.0,0.0,0.0
和田地区,2021,37,35,0.5945945945945946,0.6285714285714286,0.0,0.0,0.05405405405405406,0.05714285714285714,0.16216216216216217,0.17142857142857143,0.13513513513513514,0.14285714285714285,0.0,0.0,0.0,0.0
和田地区,2022,46,36,0.43478260869565216,0.5555555555555556,0.0,0.0,0.17391304347826086,0.2222222222222222,0.08695652173913043,0.1111111111111111,0.06521739130434782,0.08333333333333333,0.0,0.0,0.021739130434782608,0.027777777777777776
和田地区,2023,36,36,0.75,0.75,0.0,0.0,0.08333333333333333,0.08333333333333333,0.05555555555555555,0.05555555555555555,0.08333333333333333,0.08333333333333333,0.027777777777777776,0.027777777777777776,0.0,0.0
咸宁,2008,32,31,0.5,0.5161290322580645,0.0,0.0,0.0,0.0,0.4375,0.45161290322580644,0.0,0.0,0.03125,0.03225806451612903,0.0,0.0
咸宁,2009,37,32,0.4594594594594595,0.53125,0.0,0.0,0.0,0.0,0.40540540540540543,0.46875,0.0,0.0,0.0,0.0,0.0,0.0
咸宁,2010,57,40,0.45614035087719296,0.65,0.0,0.0,0.03508771929824561,0.05,0.17543859649122806,0.25,0.0,0.0,0.03508771929824561,0.05,0.0,0.0
咸宁,2011,89,51,0.4606741573033708,0.803921568627451,0.0,0.0,0.0,0.0,0.10112359550561797,0.17647058823529413,0.0,0.0,0.0,0.0,0.011235955056179775,0.0196078431372549
咸宁,2012,159,93,0.18867924528301888,0.3225806451612903,0.0,0.0,0.025157232704402517,0.043010752688172046,0.3522012578616352,0.6021505376344086,0.0,0.0,0.0,0.0,0.018867924528301886,0.03225806451612903
咸宁,2013,228,135,0.11403508771929824,0.1925925925925926,0.0,0.0,0.0,0.0,0.4605263157894737,0.7777777777777778,0.0,0.0,0.0,0.0,0.017543859649122806,0.02962962962962963
咸宁,2014,211,93,0.15639810426540285,0.3548387096774194,0.0,0.0,0.0,0.0,0.2559241706161137,0.5806451612903226,0.0,0.0,0.0,0.0,0.02843601895734597,0.06451612903225806
咸宁,2015,318,170,0.11320754716981132,0.21176470588235294,0.0,0.0,0.0,0.0,0.3522012578616352,0.6588235294117647,0.0,0.0,0.0,0.0,0.06918238993710692,0.12941176470588237
咸宁,2016,679,353,0.07363770250368189,0.141643059490085,0.0,0.0,0.0,0.0,0.3446244477172312,0.6628895184135978,0.0,0.0,0.050073637702503684,0.09631728045325778,0.05154639175257732,0.09915014164305949
咸宁,2017,993,544,0.09566968781470292,0.17463235294117646,0.0,0.0,0.0,0.0,0.3413897280966767,0.6231617647058824,0.0,0.0,0.0,0.0,0.1107754279959718,0.20220588235294118
咸宁,2018,871,520,0.10218140068886337,0.17115384615384616,0.0,0.0,0.0,0.0,0.2158438576349024,0.36153846153846153,0.0,0.0,0.03673938002296211,0.06153846153846154,0.24225028702640644,0.40576923076923077
咸宁,2019,661,347,0.20574886535552195,0.3919308357348703,0.0,0.0,0.0,0.0,0.03479576399394856,0.06628242074927954,0.0,0.0,0.0226928895612708,0.043227665706051875,0.2617246596066566,0.49855907780979825
咸宁,2020,824,504,0.25,0.4087301587301587,0.0,0.0,0.0,0.0,0.05703883495145631,0.09325396825396826,0.0,0.0,0.009708737864077669,0.015873015873015872,0.2949029126213592,0.48214285714285715
咸宁,2021,752,385,0.2526595744680851,0.4935064935064935,0.0,0.0,0.0,0.0,0.018617021276595744,0.03636363636363636,0.0,0.0,0.0,0.0,0.24069148936170212,0.4701298701298701
咸宁,2022,693,377,0.30735930735930733,0.5649867374005305,0.0,0.0,0.0,0.0,0.0,0.0,0.0,0.0,0.008658008658008658,0.015915119363395226,0.227994227994228,0.41909814323607425
咸宁,2023,643,323,0.27527216174183516,0.5479876160990712,0.0,0.0,0.0,0.0,0.0,0.0,0.013996889580093312,0.02786377708978328,0.02021772939346812,0.04024767801857585,0.19284603421461896,0.38390092879256965
咸阳,2008,273,237,0.4835164835164835,0.5569620253164557,0.0,0.0,0.0,0.0,0.04395604395604396,0.05063291139240506,0.0,0.0,0.029304029304029304,0.03375527426160337,0.31135531135531136,0.35864978902953587
咸阳,2009,471,405,0.35668789808917195,0.4148148148148148,0.0,0.0,0.0,0.0,0.029723991507430998,0.0345679012345679,0.008492569002123142,0.009876543209876543,0.012738853503184714,0.014814814814814815,0.45222929936305734,0.5259259259259259
咸阳,2010,510,456,0.4019607843137255,0.44956140350877194,0.0,0.0,0.0,0.0,0.013725490196078431,0.015350877192982455,0.025490196078431372,0.02850877192982456,0.021568627450980392,0.02412280701754386,0.43137254901960786,0.4824561403508772
咸阳,2011,582,465,0.3865979381443299,0.4838709677419355,0.0,0.0,0.0,0.0,0.030927835051546393,0.03870967741935484,0.012027491408934709,0.015053763440860216,0.018900343642611683,0.023655913978494623,0.35051546391752575,0.43870967741935485
咸阳,2012,632,488,0.30063291139240506,0.38934426229508196,0.0,0.0,0.0,0.0,0.006329113924050633,0.00819672131147541,0.023734177215189875,0.030737704918032786,0.030063291139240507,0.0389344262295082,0.41139240506329117,0.5327868852459017
咸阳,2013,687,538,0.17903930131004367,0.22862453531598512,0.0,0.0,0.0,0.0,0.004366812227074236,0.0055762081784386614,0.026200873362445413,0.03345724907063197,0.017467248908296942,0.022304832713754646,0.5560407569141194,0.7100371747211895
咸阳,2014,583,403,0.1732418524871355,0.2506203473945409,0.0,0.0,0.0,0.0,0.017152658662092625,0.02481389578163772,0.010291595197255575,0.01488833746898263,0.010291595197255575,0.01488833746898263,0.48027444253859347,0.6947890818858561
咸阳,2015,738,516,0.14227642276422764,0.20348837209302326,0.0,0.0,0.0,0.0,0.12737127371273713,0.1821705426356589,0.006775067750677507,0.009689922480620155,0.037940379403794036,0.05426356589147287,0.38482384823848237,0.5503875968992248
咸阳,2016,1099,711,0.14467697907188354,0.22362869198312235,0.0,0.0,0.0,0.0,0.08826205641492266,0.13642756680731363,0.00545950864422202,0.008438818565400843,0.0,0.0,0.40855323020928114,0.6315049226441631
咸阳,2017,1793,977,0.12046848856664807,0.2210849539406346,0.0,0.0,0.0,0.0,0.0769659788064696,0.14124872057318322,0.006134969325153374,0.011258955987717503,0.006692693809258227,0.012282497441146366,0.33463469046291133,0.6141248720573184
咸阳,2018,2331,1472,0.1583011583011583,0.250679347826087,0.0,0.0,0.006006006006006006,0.009510869565217392,0.014157014157014158,0.022418478260869564,0.0,0.0,0.0,0.0,0.45302445302445304,0.717391304347826
咸阳,2019,1768,1091,0.23529411764705882,0.38130155820348305,0.0,0.0,0.006787330316742082,0.010999083409715857,0.0,0.0,0.0,0.0,0.0,0.0,0.375,0.6076993583868011
咸阳,2020,1747,980,0.19461934745277618,0.3469387755102041,0.0,0.0,0.0,0.0,0.0,0.0,0.0,0.0,0.015455065827132226,0.027551020408163266,0.35088723526044646,0.6255102040816326
咸阳,2021,1873,1140,0.23011211959423386,0.3780701754385965,0.0,0.0,0.011211959423384944,0.018421052631578946,0.0,0.0,0.0,0.0,0.014949279231179925,0.02456140350877193,0.3523758675920982,0.5789473684210527
咸阳,2022,1974,1184,0.19148936170212766,0.31925675675675674,0.0,0.0,0.008611955420466059,0.014358108108108109,0.0,0.0,0.0,0.0,0.007598784194528876,0.01266891891891892,0.39209726443769,0.6537162162162162
咸阳,2023,2264,1379,0.15945229681978798,0.26178390137781,0.0,0.0,0.007067137809187279,0.011602610587382161,0.0,0.0,0.0,0.0,0.007950530035335688,0.01305293691080493,0.43462897526501765,0.7135605511240029
哈密,2008,10,10,0.0,0.0,0.0,0.0,0.0,0.0,1.0,1.0,0.0,0.0,0.0,0.0,0.0,0.0
哈密,2009,8,8,0.125,0.125,0.0,0.0,0.0,0.0,0.875,0.875,0.0,0.0,0.0,0.0,0.0,0.0
哈密,2010,11,11,0.09090909090909091,0.09090909090909091,0.0,0.0,0.0,0.0,0.9090909090909091,0.9090909090909091,0.0,0.0,0.0,0.0,0.0,0.0
哈密,2011,18,18,0.2777777777777778,0.2777777777777778,0.0,0.0,0.0,0.0,0.7222222222222222,0.7222222222222222,0.0,0.0,0.0,0.0,0.0,0.0
哈密,2012,19,19,0.42105263157894735,0.42105263157894735,0.0,0.0,0.0,0.0,0.5789473684210527,0.5789473684210527,0.0,0.0,0.0,0.0,0.0,0.0
哈密,2013,41,32,0.2682926829268293,0.34375,0.0,0.0,0.0,0.0,0.34146341463414637,0.4375,0.17073170731707318,0.21875,0.0,0.0,0.0,0.0
哈密,2014,49,45,0.5714285714285714,0.6222222222222222,0.0,0.0,0.0,0.0,0.30612244897959184,0.3333333333333333,0.04081632653061224,0.044444444444444446,0.0,0.0,0.0,0.0
哈密,2015,67,50,0.13432835820895522,0.18,0.0,0.0,0.0,0.0,0.19402985074626866,0.26,0.417910447761194,0.56,0.0,0.0,0.0,0.0
哈密,2016,53,44,0.6037735849056604,0.7272727272727273,0.0,0.0,0.0,0.0,0.1509433962264151,0.18181818181818182,0.07547169811320754,0.09090909090909091,0.0,0.0,0.0,0.0
哈密,2017,110,88,0.18181818181818182,0.22727272727272727,0.0,0.0,0.0,0.0,0.42727272727272725,0.5340909090909091,0.19090909090909092,0.23863636363636365,0.0,0.0,0.0,0.0
哈密,2018,144,88,0.18055555555555555,0.29545454545454547,0.04861111111111111,0.07954545454545454,0.0,0.0,0.3333333333333333,0.5454545454545454,0.04861111111111111,0.07954545454545454,0.0,0.0,0.0,0.0
哈密,2019,90,70,0.4777777777777778,0.6142857142857143,0.0,0.0,0.0,0.0,0.2222222222222222,0.2857142857142857,0.0,0.0,0.07777777777777778,0.1,0.0,0.0
哈密,2020,64,57,0.84375,0.9473684210526315,0.0,0.0,0.0,0.0,0.03125,0.03508771929824561,0.015625,0.017543859649122806,0.0,0.0,0.0,0.0
哈密,2021,76,60,0.6973684210526315,0.8833333333333333,0.0,0.0,0.0,0.0,0.039473684210526314,0.05,0.039473684210526314,0.05,0.013157894736842105,0.016666666666666666,0.0,0.0
哈密,2022,143,116,0.7482517482517482,0.9224137931034483,0.0,0.0,0.03496503496503497,0.04310344827586207,0.013986013986013986,0.017241379310344827,0.0,0.0,0.013986013986013986,0.017241379310344827,0.0,0.0
哈密,2023,228,181,0.7807017543859649,0.9834254143646409,0.0,0.0,0.0,0.0,0.0,0.0,0.013157894736842105,0.016574585635359115,0.0,0.0,0.0,0.0
哈尔滨,2008,2165,1466,0.016628175519630486,0.02455661664392906,0.0,0.0,0.0,0.0,0.012009237875288684,0.017735334242837655,0.004618937644341801,0.0068212824010914054,0.03833718244803695,0.056616643929058665,0.6055427251732102,0.8942701227830833
哈尔滨,2009,2484,1730,0.015297906602254429,0.021965317919075144,0.0,0.0,0.0,0.0,0.013285024154589372,0.01907514450867052,0.00644122383252818,0.009248554913294798,0.030193236714975844,0.04335260115606936,0.6312399355877617,0.9063583815028902
哈尔滨,2010,3029,2188,0.041267745130406076,0.05712979890310786,0.0,0.0,0.0,0.0,0.00957411687025421,0.013254113345521023,0.0,0.0,0.030042918454935622,0.041590493601462525,0.641465830307032,0.8880255941499086
哈尔滨,2011,3444,2289,0.06329849012775841,0.09523809523809523,0.0,0.0,0.0,0.0,0.0,0.0,0.0,0.0,0.03193960511033682,0.048055919615552646,0.5693960511033682,0.8567059851463521
哈尔滨,2012,5028,3399,0.13941925218774862,0.20623712856722565,0.0,0.0,0.0,0.0,0.0,0.0,0.0,0.0,0.018297533810660304,0.027066784348337748,0.5182975338106603,0.7666960870844366
哈尔滨,2013,7766,4676,0.1409992274014937,0.23417450812660393,0.0,0.0,0.0,0.0,0.0,0.0,0.0,0.0,0.010301313417460727,0.01710863986313088,0.450811228431625,0.7487168520102652
哈尔滨,2014,10464,5594,0.16829128440366972,0.31480157311405077,0.0,0.0,0.0,0.0,0.0,0.0,0.0,0.0,0.0,0.0,0.36630351681957185,0.6851984268859492
哈尔滨,2015,11499,6113,0.12783720323506392,0.2404711271061672,0.0,0.0,0.0,0.0,0.0,0.0,0.007826767545003914,0.014722722067724521,0.0,0.0,0.39594747369336464,0.7448061508261083
哈尔滨,2016,9418,5077,0.10671055425780421,0.19795154618869412,0.0,0.0,0.0,0.0,0.0,0.0,0.0,0.0,0.007857294542365683,0.014575536734291905,0.4245062645997027,0.787472917077014
哈尔滨,2017,7846,5139,0.05174611266887586,0.07900369721735746,0.0,0.0,0.0,0.0,0.0,0.0,0.0,0.0,0.016823859291358653,0.02568593111500292,0.5864134590874331,0.8953103716676396
哈尔滨,2018,9667,6153,0.05679114513292645,0.08922476840565578,0.0,0.0,0.0,0.0,0.0,0.0,0.0,0.0,0.015102927485259128,0.023728262636112465,0.5646012206475639,0.8870469689582318
哈尔滨,2019,11013,7321,0.05166621265776809,0.07772162272913537,0.0,0.0,0.0,0.0,0.0,0.0,0.0,0.0,0.011441024244075185,0.017210763556891134,0.6016525923908108,0.9050676137139735
哈尔滨,2020,11283,6374,0.056190729415935475,0.09946658299341073,0.0,0.0,0.0050518479127891515,0.008942579228114214,0.0,0.0,0.0,0.0,0.0162190906673757,0.028710385942893,0.4874590091287778,0.862880451835582
哈尔滨,2021,13384,8402,0.05536461446503287,0.08819328731254464,0.0,0.0,0.0,0.0,0.0,0.0,0.0,0.0,0.01867901972504483,0.029754820280885504,0.5537208607292289,0.8820518924065699
哈尔滨,2022,13792,9754,0.049593967517401395,0.07012507689153168,0.0,0.0,0.0,0.0,0.0,0.0,0.0,0.0,0.01921403712296984,0.027168341193356572,0.6384135730858469,0.9027065819151118
哈尔滨,2023,15374,10950,0.054117340965266034,0.07598173515981735,0.0,0.0,0.0,0.0,0.0,0.0,0.0,0.0,0.0046181865487186155,0.006484018264840183,0.6535059190841681,0.9175342465753424
唐山,2008,219,125,0.2100456621004566,0.368,0.0,0.0,0.0,0.0,0.2009132420091324,0.352,0.0,0.0,0.0,0.0,0.1598173515981735,0.28
唐山,2009,252,135,0.15476190476190477,0.28888888888888886,0.0,0.0,0.0,0.0,0.09523809523809523,0.17777777777777778,0.0,0.0,0.015873015873015872,0.02962962962962963,0.2698412698412698,0.5037037037037037
唐山,2010,379,210,0.35092348284960423,0.6333333333333333,0.0,0.0,0.0,0.0,0.09498680738786279,0.17142857142857143,0.0,0.0,0.0,0.0,0.10817941952506596,0.19523809523809524
唐山,2011,560,282,0.2571428571428571,0.5106382978723404,0.0,0.0,0.0,0.0,0.08214285714285714,0.16312056737588654,0.0,0.0,0.008928571428571428,0.01773049645390071,0.15535714285714286,0.30851063829787234
唐山,2012,763,391,0.2961992136304063,0.578005115089514,0.0,0.0,0.0,0.0,0.05242463958060288,0.10230179028132992,0.007863695937090432,0.015345268542199489,0.02490170380078637,0.04859335038363171,0.1310615989515072,0.2557544757033248
唐山,2013,818,425,0.343520782396088,0.6611764705882353,0.0,0.0,0.0,0.0,0.02567237163814181,0.04941176470588235,0.0,0.0,0.0,0.0,0.15036674816625917,0.28941176470588237
唐山,2014,931,393,0.2513426423200859,0.5954198473282443,0.0,0.0,0.0,0.0,0.04403866809881848,0.10432569974554708,0.0,0.0,0.0,0.0,0.1267454350161117,0.30025445292620867
唐山,2015,1099,539,0.21383075523202913,0.4359925788497217,0.0,0.0,0.0,0.0,0.08371246587807098,0.17068645640074212,0.0,0.0,0.0,0.0,0.19290263876251137,0.39332096474953615
唐山,2016,1547,817,0.30122818358112474,0.5703794369645043,0.0,0.0,0.0,0.0,0.03878474466709761,0.07343941248470012,0.0,0.0,0.0,0.0,0.1881060116354234,0.3561811505507956
唐山,2017,2180,1094,0.3311926605504587,0.659963436928702,0.0,0.0,0.0,0.0,0.022935779816513763,0.04570383912248629,0.0,0.0,0.0,0.0,0.14770642201834863,0.2943327239488117
唐山,2018,2690,1224,0.29442379182156136,0.6470588235294118,0.0,0.0,0.0,0.0,0.011152416356877323,0.024509803921568627,0.0,0.0,0.0,0.0,0.14944237918215614,0.3284313725490196
唐山,2019,3107,1436,0.31573865465078854,0.6831476323119777,0.0,0.0,0.0,0.0,0.013839716768587062,0.029944289693593314,0.0,0.0,0.0,0.0,0.1326037978757644,0.28690807799442897
唐山,2020,3360,1386,0.3360119047619048,0.8145743145743146,0.0,0.0,0.0,0.0,0.0,0.0,0.0,0.0,0.0,0.0,0.07648809523809524,0.18542568542568544
唐山,2021,3126,1367,0.344849648112604,0.7885881492318947,0.0,0.0,0.0,0.0,0.0,0.0,0.0,0.0,0.0,0.0,0.09245041586692258,0.21141185076810534
唐山,2022,3179,1651,0.40327146901541366,0.7764990914597214,0.0,0.0,0.0,0.0,0.0,0.0,0.0,0.0,0.0,0.0,0.11607423718150361,0.22350090854027863
唐山,2023,3955,1874,0.38786346396965865,0.8185699039487727,0.0,0.0,0.0,0.0,0.0,0.0,0.0,0.0,0.011378002528445006,0.0240128068303095,0.07458912768647281,0.15741728922091783
商丘,2008,47,26,0.19148936170212766,0.34615384615384615,0.0,0.0,0.0,0.0,0.3617021276595745,0.6538461538461539,0.0,0.0,0.0,0.0,0.0,0.0
商丘,2009,72,55,0.4583333333333333,0.6,0.0,0.0,0.0,0.0,0.3055555555555556,0.4,0.0,0.0,0.0,0.0,0.0,0.0
商丘,2010,105,64,0.38095238095238093,0.625,0.0,0.0,0.0,0.0,0.19047619047619047,0.3125,0.0,0.0,0.01904761904761905,0.03125,0.01904761904761905,0.03125
商丘,2011,113,65,0.24778761061946902,0.4307692307692308,0.0,0.0,0.0,0.0,0.3008849557522124,0.5230769230769231,0.0,0.0,0.0,0.0,0.02654867256637168,0.046153846153846156
商丘,2012,150,108,0.44666666666666666,0.6203703703703703,0.0,0.0,0.0,0.0,0.18666666666666668,0.25925925925925924,0.04,0.05555555555555555,0.0,0.0,0.04666666666666667,0.06481481481481481
商丘,2013,212,117,0.25,0.452991452991453,0.0,0.0,0.0,0.0,0.25943396226415094,0.4700854700854701,0.0,0.0,0.0,0.0,0.04245283018867924,0.07692307692307693
商丘,2014,233,124,0.17167381974248927,0.3225806451612903,0.0,0.0,0.0,0.0,0.3133047210300429,0.5887096774193549,0.02575107296137339,0.04838709677419355,0.0,0.0,0.02145922746781116,0.04032258064516129
商丘,2015,218,97,0.1926605504587156,0.4329896907216495,0.0,0.0,0.0,0.0,0.13761467889908258,0.30927835051546393,0.013761467889908258,0.030927835051546393,0.0,0.0,0.10091743119266056,0.2268041237113402
商丘,2016,277,126,0.24187725631768953,0.5317460317460317,0.0,0.0,0.0,0.0,0.05415162454873646,0.11904761904761904,0.0,0.0,0.0,0.0,0.1588447653429603,0.3492063492063492
商丘,2017,407,165,0.15724815724815724,0.3878787878787879,0.0,0.0,0.0,0.0,0.06142506142506143,0.15151515151515152,0.014742014742014743,0.03636363636363636,0.009828009828009828,0.024242424242424242,0.16216216216216217,0.4
商丘,2018,663,288,0.14027149321266968,0.3229166666666667,0.0,0.0,0.0,0.0,0.11613876319758673,0.2673611111111111,0.00904977375565611,0.020833333333333332,0.0,0.0,0.1689291101055807,0.3888888888888889
商丘,2019,654,376,0.27675840978593275,0.48138297872340424,0.0,0.0,0.0,0.0,0.04892966360856269,0.0851063829787234,0.021406727828746176,0.03723404255319149,0.010703363914373088,0.018617021276595744,0.21712538226299694,0.3776595744680851
商丘,2020,639,298,0.13615023474178403,0.29194630872483224,0.0,0.0,0.009389671361502348,0.020134228187919462,0.06729264475743349,0.14429530201342283,0.04381846635367762,0.09395973154362416,0.012519561815336464,0.026845637583892617,0.19718309859154928,0.4228187919463087
商丘,2021,834,321,0.12829736211031176,0.3333333333333333,0.0,0.0,0.0539568345323741,0.14018691588785046,0.014388489208633094,0.037383177570093455,0.022781774580335732,0.059190031152647975,0.0,0.0,0.16546762589928057,0.42990654205607476
商丘,2022,1069,418,0.13470533208606175,0.3444976076555024,0.0,0.0,0.09260991580916744,0.23684210526315788,0.0,0.0,0.013096351730589336,0.03349282296650718,0.0,0.0,0.15060804490177737,0.38516746411483255
商丘,2023,745,310,0.2442953020134228,0.5870967741935483,0.0,0.0,0.0348993288590604,0.08387096774193549,0.0,0.0,0.009395973154362415,0.02258064516129032,0.0,0.0,0.12751677852348994,0.3064516129032258
商洛,2008,15,15,0.26666666666666666,0.26666666666666666,0.0,0.0,0.0,0.0,0.7333333333333333,0.7333333333333333,0.0,0.0,0.0,0.0,0.0,0.0
商洛,2009,21,21,0.47619047619047616,0.47619047619047616,0.0,0.0,0.0,0.0,0.47619047619047616,0.47619047619047616,0.0,0.0,0.0,0.0,0.047619047619047616,0.047619047619047616
商洛,2010,26,25,0.34615384615384615,0.36,0.0,0.0,0.0,0.0,0.5769230769230769,0.6,0.0,0.0,0.038461538461538464,0.04,0.0,0.0
商洛,2011,45,39,0.24444444444444444,0.28205128205128205,0.0,0.0,0.0,0.0,0.5111111111111111,0.5897435897435898,0.044444444444444446,0.05128205128205128,0.0,0.0,0.06666666666666667,0.07692307692307693
商洛,2012,132,116,0.15151515151515152,0.1724137931034483,0.0,0.0,0.0,0.0,0.7121212121212122,0.8103448275862069,0.0,0.0,0.0,0.0,0.015151515151515152,0.017241379310344827
商洛,2013,238,216,0.037815126050420166,0.041666666666666664,0.0,0.0,0.0,0.0,0.8529411764705882,0.9398148148148148,0.0,0.0,0.0,0.0,0.01680672268907563,0.018518518518518517
商洛,2014,219,204,0.1050228310502283,0.11274509803921569,0.0,0.0,0.0,0.0,0.7945205479452054,0.8529411764705882,0.0,0.0,0.0,0.0,0.0319634703196347,0.03431372549019608
商洛,2015,218,198,0.06422018348623854,0.0707070707070707,0.0,0.0,0.0,0.0,0.7889908256880734,0.8686868686868687,0.0,0.0,0.0,0.0,0.05504587155963303,0.06060606060606061
商洛,2016,228,176,0.07017543859649122,0.09090909090909091,0.0,0.0,0.0,0.0,0.543859649122807,0.7045454545454546,0.0,0.0,0.0,0.0,0.15789473684210525,0.20454545454545456
商洛,2017,601,370,0.20632279534109818,0.33513513513513515,0.0,0.0,0.0,0.0,0.3144758735440932,0.5108108108108108,0.0,0.0,0.0,0.0,0.09484193011647254,0.15405405405405406
商洛,2018,590,319,0.2033898305084746,0.3761755485893417,0.0,0.0,0.0,0.0,0.1847457627118644,0.34169278996865204,0.022033898305084745,0.04075235109717868,0.0,0.0,0.13050847457627118,0.2413793103448276
商洛,2019,270,222,0.29259259259259257,0.35585585585585583,0.0,0.0,0.0,0.0,0.13333333333333333,0.16216216216216217,0.04814814814814815,0.05855855855855856,0.0,0.0,0.34814814814814815,0.42342342342342343
商洛,2020,211,156,0.2037914691943128,0.27564102564102566,0.0,0.0,0.0,0.0,0.3459715639810427,0.46794871794871795,0.0,0.0,0.0,0.0,0.1895734597156398,0.2564102564102564
商洛,2021,148,94,0.2702702702702703,0.425531914893617,0.0,0.0,0.0,0.0,0.18243243243243243,0.2872340425531915,0.0,0.0,0.0,0.0,0.18243243243243243,0.2872340425531915
商洛,2022,159,95,0.2830188679245283,0.47368421052631576,0.0,0.0,0.012578616352201259,0.021052631578947368,0.06289308176100629,0.10526315789473684,0.0,0.0,0.012578616352201259,0.021052631578947368,0.22641509433962265,0.37894736842105264
商洛,2023,122,81,0.3114754098360656,0.4691358024691358,0.0,0.0,0.0,0.0,0.040983606557377046,0.06172839506172839,0.04918032786885246,0.07407407407407407,0.0,0.0,0.26229508196721313,0.3950617283950617
喀什,2017,6,6,0.16666666666666666,0.16666666666666666,0.0,0.0,0.16666666666666666,0.16666666666666666,0.0,0.0,0.16666666666666666,0.16666666666666666,0.0,0.0,0.5,0.5
喀什,2018,4,4,1.0,1.0,0.0,0.0,0.0,0.0,0.0,0.0,0.0,0.0,0.0,0.0,0.0,0.0
喀什,2019,7,7,0.2857142857142857,0.2857142857142857,0.0,0.0,0.0,0.0,0.0,0.0,0.5714285714285714,0.5714285714285714,0.0,0.0,0.14285714285714285,0.14285714285714285
喀什,2020,3,3,0.6666666666666666,0.6666666666666666,0.0,0.0,0.0,0.0,0.0,0.0,0.3333333333333333,0.3333333333333333,0.0,0.0,0.0,0.0
喀什,2021,6,6,0.8333333333333334,0.8333333333333334,0.0,0.0,0.16666666666666666,0.16666666666666666,0.0,0.0,0.0,0.0,0.0,0.0,0.0,0.0
喀什,2022,7,7,0.5714285714285714,0.5714285714285714,0.0,0.0,0.0,0.0,0.2857142857142857,0.2857142857142857,0.0,0.0,0.0,0.0,0.14285714285714285,0.14285714285714285
喀什,2023,56,46,0.5357142857142857,0.6521739130434783,0.0,0.0,0.017857142857142856,0.021739130434782608,0.017857142857142856,0.021739130434782608,0.03571428571428571,0.043478260869565216,0.14285714285714285,0.17391304347826086,0.07142857142857142,0.08695652173913043
喀什地区,2008,11,11,0.09090909090909091,0.09090909090909091,0.0,0.0,0.0,0.0,0.7272727272727273,0.7272727272727273,0.18181818181818182,0.18181818181818182,0.0,0.0,0.0,0.0
喀什地区,2009,10,10,0.0,0.0,0.0,0.0,0.0,0.0,0.9,0.9,0.1,0.1,0.0,0.0,0.0,0.0
喀什地区,2010,10,10,0.1,0.1,0.0,0.0,0.0,0.0,0.7,0.7,0.2,0.2,0.0,0.0,0.0,0.0
喀什地区,2011,14,14,0.07142857142857142,0.07142857142857142,0.0,0.0,0.0,0.0,0.6428571428571429,0.6428571428571429,0.2857142857142857,0.2857142857142857,0.0,0.0,0.0,0.0
喀什地区,2012,8,8,0.5,0.5,0.0,0.0,0.0,0.0,0.375,0.375,0.125,0.125,0.0,0.0,0.0,0.0
喀什地区,2013,23,23,0.5652173913043478,0.5652173913043478,0.0,0.0,0.0,0.0,0.2608695652173913,0.2608695652173913,0.17391304347826086,0.17391304347826086,0.0,0.0,0.0,0.0
喀什地区,2014,8,8,0.25,0.25,0.0,0.0,0.0,0.0,0.375,0.375,0.375,0.375,0.0,0.0,0.0,0.0
喀什地区,2015,30,30,0.8,0.8,0.0,0.0,0.0,0.0,0.06666666666666667,0.06666666666666667,0.13333333333333333,0.13333333333333333,0.0,0.0,0.0,0.0
喀什地区,2016,35,35,0.5714285714285714,0.5714285714285714,0.0,0.0,0.0,0.0,0.14285714285714285,0.14285714285714285,0.2571428571428571,0.2571428571428571,0.0,0.0,0.02857142857142857,0.02857142857142857
喀什地区,2017,64,44,0.40625,0.5909090909090909,0.0,0.0,0.0,0.0,0.234375,0.3409090909090909,0.03125,0.045454545454545456,0.0,0.0,0.015625,0.022727272727272728
喀什地区,2018,54,52,0.7962962962962963,0.8269230769230769,0.0,0.0,0.0,0.0,0.1111111111111111,0.11538461538461539,0.037037037037037035,0.038461538461538464,0.0,0.0,0.018518518518518517,0.019230769230769232
喀什地区,2019,54,40,0.4444444444444444,0.6,0.0,0.0,0.0,0.0,0.18518518518518517,0.25,0.07407407407407407,0.1,0.037037037037037035,0.05,0.0,0.0
喀什地区,2020,48,40,0.6458333333333334,0.775,0.0,0.0,0.0,0.0,0.0625,0.075,0.10416666666666667,0.125,0.0,0.0,0.020833333333333332,0.025
喀什地区,2021,81,58,0.4074074074074074,0.5689655172413793,0.0,0.0,0.06172839506172839,0.08620689655172414,0.18518518518518517,0.25862068965517243,0.037037037037037035,0.05172413793103448,0.0,0.0,0.024691358024691357,0.034482758620689655
喀什地区,2022,102,63,0.46078431372549017,0.746031746031746,0.0,0.0,0.06862745098039216,0.1111111111111111,0.00980392156862745,0.015873015873015872,0.0392156862745098,0.06349206349206349,0.0,0.0,0.0392156862745098,0.06349206349206349
喀什地区,2023,110,91,0.5545454545454546,0.6703296703296703,0.0,0.0,0.045454545454545456,0.054945054945054944,0.0,0.0,0.01818181818181818,0.02197802197802198,0.1,0.12087912087912088,0.10909090909090909,0.13186813186813187
嘉义,2023,1,1,0.0,0.0,0.0,0.0,0.0,0.0,0.0,0.0,0.0,0.0,0.0,0.0,1.0,1.0
嘉义县,2020,1,1,1.0,1.0,0.0,0.0,0.0,0.0,0.0,0.0,0.0,0.0,0.0,0.0,0.0,0.0
嘉义县,2021,3,3,0.3333333333333333,0.3333333333333333,0.0,0.0,0.0,0.0,0.6666666666666666,0.6666666666666666,0.0,0.0,0.0,0.0,0.0,0.0
嘉义县,2022,6,6,0.3333333333333333,0.3333333333333333,0.0,0.0,0.0,0.0,0.6666666666666666,0.6666666666666666,0.0,0.0,0.0,0.0,0.0,0.0
嘉义县,2023,11,11,0.36363636363636365,0.36363636363636365,0.0,0.0,0.0,0.0,0.6363636363636364,0.6363636363636364,0.0,0.0,0.0,0.0,0.0,0.0
嘉兴,2008,687,327,0.2430858806404658,0.5107033639143731,0.0,0.0,0.0,0.0,0.07569141193595343,0.15902140672782875,0.13973799126637554,0.29357798165137616,0.0,0.0,0.017467248908296942,0.03669724770642202
嘉兴,2009,745,209,0.18791946308724833,0.6698564593301436,0.0,0.0,0.0,0.0,0.06711409395973154,0.23923444976076555,0.0,0.0,0.0,0.0,0.025503355704697986,0.09090909090909091
嘉兴,2010,848,227,0.12617924528301888,0.4713656387665198,0.0,0.0,0.0,0.0,0.08962264150943396,0.33480176211453744,0.0,0.0,0.014150943396226415,0.05286343612334802,0.03773584905660377,0.14096916299559473
嘉兴,2011,1061,299,0.17153628652214892,0.6086956521739131,0.0,0.0,0.0,0.0,0.058435438265786996,0.20735785953177258,0.019792648444863337,0.07023411371237458,0.0,0.0,0.03204524033930255,0.11371237458193979
嘉兴,2012,1529,368,0.17200784826684107,0.7146739130434783,0.0,0.0,0.0,0.0,0.04578155657292348,0.19021739130434784,0.0,0.0,0.0,0.0,0.02289077828646174,0.09510869565217392
嘉兴,2013,2683,508,0.11666045471487141,0.6161417322834646,0.0,0.0,0.0,0.0,0.02720834886321282,0.1437007874015748,0.0,0.0,0.0,0.0,0.045471487141259787,0.24015748031496062
嘉兴,2014,3423,735,0.09231668127373649,0.42993197278911566,0.0,0.0,0.0,0.0,0.06018112766579024,0.2802721088435374,0.013146362839614373,0.061224489795918366,0.0,0.0,0.049079754601226995,0.22857142857142856
嘉兴,2015,5105,807,0.04485798237022527,0.28376703841387857,0.0,0.0,0.0,0.0,0.06738491674828599,0.42627013630731103,0.01762977473065622,0.11152416356877323,0.0,0.0,0.028207639569049953,0.17843866171003717
嘉兴,2016,7142,875,0.10389246709605153,0.848,0.0,0.0,0.0,0.0,0.0,0.0,0.0,0.0,0.0,0.0,0.018622234668160178,0.152
嘉兴,2017,10945,1089,0.07766103243490179,0.7805325987144169,0.0,0.0,0.0,0.0,0.0,0.0,0.003654636820465966,0.03673094582185491,0.0,0.0,0.01818181818181818,0.1827364554637282
嘉兴,2018,17173,1396,0.0404705060269027,0.4978510028653295,0.0,0.0,0.0,0.0,0.013043731438886624,0.16045845272206305,0.002853316252256449,0.03510028653295129,0.006114249111978105,0.07521489971346705,0.018808594887323123,0.23137535816618912
嘉兴,2019,10337,1521,0.09993228209345072,0.6791584483892176,0.0,0.0,0.0,0.0,0.0,0.0,0.0,0.0,0.011608783979878108,0.07889546351084813,0.0356002708716262,0.24194608809993426
嘉兴,2020,11408,1742,0.10220897615708274,0.669345579793341,0.0,0.0,0.0,0.0,0.008152173913043478,0.053386911595866816,0.0,0.0,0.014726507713884993,0.09644087256027555,0.027612201963534363,0.18082663605051666
嘉兴,2021,11727,2328,0.14837554361729344,0.7474226804123711,0.0,0.0,0.0,0.0,0.0,0.0,0.0,0.0,0.014667007759870385,0.07388316151202749,0.035473693186663255,0.17869415807560138
嘉兴,2022,10664,2468,0.16110277569392348,0.6961102106969206,0.0,0.0,0.0,0.0,0.0,0.0,0.0,0.0,0.02250562640660165,0.09724473257698542,0.04782445611402851,0.206645056726094
嘉兴,2023,10368,1958,0.13001543209876543,0.6884576098059244,0.0,0.0,0.0,0.0,0.0,0.0,0.0,0.0,0.03192515432098766,0.169050051072523,0.026909722222222224,0.1424923391215526
嘉峪关,2008,4,4,0.25,0.25,0.0,0.0,0.0,0.0,0.75,0.75,0.0,0.0,0.0,0.0,0.0,0.0
嘉峪关,2009,6,6,0.16666666666666666,0.16666666666666666,0.0,0.0,0.0,0.0,0.8333333333333334,0.8333333333333334,0.0,0.0,0.0,0.0,0.0,0.0
嘉峪关,2010,7,7,0.2857142857142857,0.2857142857142857,0.0,0.0,0.0,0.0,0.7142857142857143,0.7142857142857143,0.0,0.0,0.0,0.0,0.0,0.0
嘉峪关,2011,10,10,0.9,0.9,0.0,0.0,0.0,0.0,0.1,0.1,0.0,0.0,0.0,0.0,0.0,0.0
嘉峪关,2012,40,40,0.9,0.9,0.0,0.0,0.0,0.0,0.1,0.1,0.0,0.0,0.0,0.0,0.0,0.0
嘉峪关,2013,69,67,0.7681159420289855,0.7910447761194029,0.0,0.0,0.0,0.0,0.15942028985507245,0.16417910447761194,0.0,0.0,0.043478260869565216,0.04477611940298507,0.0,0.0
嘉峪关,2014,99,99,0.8383838383838383,0.8383838383838383,0.0,0.0,0.0,0.0,0.16161616161616163,0.16161616161616163,0.0,0.0,0.0,0.0,0.0,0.0
嘉峪关,2015,87,87,0.7816091954022989,0.7816091954022989,0.011494252873563218,0.011494252873563218,0.0,0.0,0.20689655172413793,0.20689655172413793,0.0,0.0,0.0,0.0,0.0,0.0
嘉峪关,2016,86,86,0.9186046511627907,0.9186046511627907,0.0,0.0,0.0,0.0,0.046511627906976744,0.046511627906976744,0.0,0.0,0.023255813953488372,0.023255813953488372,0.011627906976744186,0.011627906976744186
嘉峪关,2017,132,125,0.8939393939393939,0.944,0.0,0.0,0.0,0.0,0.05303030303030303,0.056,0.0,0.0,0.0,0.0,0.0,0.0
嘉峪关,2018,152,140,0.8552631578947368,0.9285714285714286,0.0,0.0,0.0,0.0,0.05921052631578947,0.06428571428571428,0.006578947368421052,0.007142857142857143,0.0,0.0,0.0,0.0
嘉峪关,2019,193,181,0.8704663212435233,0.9281767955801105,0.0,0.0,0.015544041450777202,0.016574585635359115,0.05181347150259067,0.055248618784530384,0.0,0.0,0.0,0.0,0.0,0.0
嘉峪关,2020,227,219,0.9427312775330396,0.9771689497716894,0.0,0.0,0.00881057268722467,0.0091324200913242,0.013215859030837005,0.0136986301369863,0.0,0.0,0.0,0.0,0.0,0.0
嘉峪关,2021,198,187,0.9191919191919192,0.9732620320855615,0.0,0.0,0.0,0.0,0.025252525252525252,0.026737967914438502,0.0,0.0,0.0,0.0,0.0,0.0
嘉峪关,2022,245,232,0.9142857142857143,0.9655172413793104,0.0,0.0,0.0,0.0,0.024489795918367346,0.02586206896551724,0.00816326530612245,0.008620689655172414,0.0,0.0,0.0,0.0
嘉峪关,2023,220,209,0.9227272727272727,0.9712918660287081,0.0,0.0,0.00909090909090909,0.009569377990430622,0.00909090909090909,0.009569377990430622,0.00909090909090909,0.009569377990430622,0.0,0.0,0.0,0.0
四平,2008,72,43,0.3472222222222222,0.5813953488372093,0.0,0.0,0.0,0.0,0.2361111111111111,0.3953488372093023,0.0,0.0,0.013888888888888888,0.023255813953488372,0.0,0.0
四平,2009,68,49,0.3088235294117647,0.42857142857142855,0.0,0.0,0.0,0.0,0.10294117647058823,0.14285714285714285,0.0,0.0,0.058823529411764705,0.08163265306122448,0.25,0.3469387755102041
四平,2010,90,55,0.2111111111111111,0.34545454545454546,0.0,0.0,0.0,0.0,0.14444444444444443,0.23636363636363636,0.0,0.0,0.044444444444444446,0.07272727272727272,0.2111111111111111,0.34545454545454546
四平,2011,90,58,0.3333333333333333,0.5172413793103449,0.0,0.0,0.044444444444444446,0.06896551724137931,0.07777777777777778,0.1206896551724138,0.0,0.0,0.0,0.0,0.18888888888888888,0.29310344827586204
四平,2012,92,66,0.42391304347826086,0.5909090909090909,0.0,0.0,0.0,0.0,0.06521739130434782,0.09090909090909091,0.010869565217391304,0.015151515151515152,0.021739130434782608,0.030303030303030304,0.1956521739130435,0.2727272727272727
四平,2013,103,79,0.3883495145631068,0.5063291139240507,0.0,0.0,0.0,0.0,0.11650485436893204,0.1518987341772152,0.0,0.0,0.038834951456310676,0.05063291139240506,0.22330097087378642,0.2911392405063291
四平,2014,110,74,0.3090909090909091,0.4594594594594595,0.0,0.0,0.0,0.0,0.15454545454545454,0.22972972972972974,0.0,0.0,0.0,0.0,0.20909090909090908,0.3108108108108108
四平,2015,106,61,0.2169811320754717,0.3770491803278688,0.0,0.0,0.0,0.0,0.07547169811320754,0.13114754098360656,0.009433962264150943,0.01639344262295082,0.04716981132075472,0.08196721311475409,0.22641509433962265,0.39344262295081966
四平,2016,160,113,0.2125,0.3008849557522124,0.0,0.0,0.0,0.0,0.06875,0.09734513274336283,0.0,0.0,0.025,0.035398230088495575,0.4,0.5663716814159292
四平,2017,277,205,0.17328519855595667,0.23414634146341465,0.0,0.0,0.0,0.0,0.24548736462093862,0.33170731707317075,0.0,0.0,0.0,0.0,0.3212996389891697,0.43414634146341463
四平,2018,453,260,0.017660044150110375,0.03076923076923077,0.0,0.0,0.0,0.0,0.304635761589404,0.5307692307692308,0.0,0.0,0.02869757174392936,0.05,0.2229580573951435,0.38846153846153847
四平,2019,217,167,0.10599078341013825,0.1377245508982036,0.0,0.0,0.0,0.0,0.09216589861751152,0.11976047904191617,0.0,0.0,0.0,0.0,0.5714285714285714,0.7425149700598802
四平,2020,314,223,0.08598726114649681,0.1210762331838565,0.0,0.0,0.0,0.0,0.28343949044585987,0.3991031390134529,0.0,0.0,0.01910828025477707,0.026905829596412557,0.321656050955414,0.452914798206278
四平,2021,304,194,0.17763157894736842,0.27835051546391754,0.0,0.0,0.0,0.0,0.14473684210526316,0.2268041237113402,0.0,0.0,0.013157894736842105,0.020618556701030927,0.3026315789473684,0.4742268041237113
四平,2022,207,158,0.26570048309178745,0.34810126582278483,0.0,0.0,0.0,0.0,0.06280193236714976,0.08227848101265822,0.0,0.0,0.00966183574879227,0.012658227848101266,0.4251207729468599,0.5569620253164557
四平,2023,205,147,0.34146341463414637,0.47619047619047616,0.0,0.0,0.0,0.0,0.01951219512195122,0.027210884353741496,0.0,0.0,0.0,0.0,0.35609756097560974,0.4965986394557823
固原,2009,1,1,1.0,1.0,0.0,0.0,0.0,0.0,0.0,0.0,0.0,0.0,0.0,0.0,0.0,0.0
固原,2010,6,6,0.5,0.5,0.0,0.0,0.0,0.0,0.5,0.5,0.0,0.0,0.0,0.0,0.0,0.0
固原,2011,4,4,0.75,0.75,0.0,0.0,0.0,0.0,0.25,0.25,0.0,0.0,0.0,0.0,0.0,0.0
固原,2012,5,5,0.8,0.8,0.0,0.0,0.0,0.0,0.2,0.2,0.0,0.0,0.0,0.0,0.0,0.0
固原,2013,31,31,0.7096774193548387,0.7096774193548387,0.0,0.0,0.0,0.0,0.06451612903225806,0.06451612903225806,0.12903225806451613,0.12903225806451613,0.0967741935483871,0.0967741935483871,0.0,0.0
固原,2014,21,21,0.7142857142857143,0.7142857142857143,0.0,0.0,0.0,0.0,0.23809523809523808,0.23809523809523808,0.0,0.0,0.047619047619047616,0.047619047619047616,0.0,0.0
固原,2015,30,30,0.7333333333333333,0.7333333333333333,0.0,0.0,0.0,0.0,0.2,0.2,0.03333333333333333,0.03333333333333333,0.03333333333333333,0.03333333333333333,0.0,0.0
固原,2016,66,57,0.45454545454545453,0.5263157894736842,0.0,0.0,0.0,0.0,0.2878787878787879,0.3333333333333333,0.0,0.0,0.12121212121212122,0.14035087719298245,0.0,0.0
固原,2017,102,70,0.6176470588235294,0.9,0.0,0.0,0.0,0.0,0.029411764705882353,0.04285714285714286,0.0,0.0,0.0392156862745098,0.05714285714285714,0.0,0.0
固原,2018,94,69,0.3829787234042553,0.5217391304347826,0.0,0.0,0.0,0.0,0.24468085106382978,0.3333333333333333,0.0,0.0,0.0425531914893617,0.057971014492753624,0.06382978723404255,0.08695652173913043
固原,2019,93,64,0.4946236559139785,0.71875,0.0,0.0,0.0,0.0,0.0967741935483871,0.140625,0.0,0.0,0.06451612903225806,0.09375,0.03225806451612903,0.046875
固原,2020,106,75,0.39622641509433965,0.56,0.0,0.0,0.0,0.0,0.12264150943396226,0.17333333333333334,0.018867924528301886,0.02666666666666667,0.10377358490566038,0.14666666666666667,0.0660377358490566,0.09333333333333334
固原,2021,129,75,0.3178294573643411,0.5466666666666666,0.0,0.0,0.0,0.0,0.14728682170542637,0.25333333333333335,0.0,0.0,0.046511627906976744,0.08,0.06976744186046512,0.12
固原,2022,95,66,0.3894736842105263,0.5606060606060606,0.0,0.0,0.0,0.0,0.11578947368421053,0.16666666666666666,0.0,0.0,0.05263157894736842,0.07575757575757576,0.1368421052631579,0.19696969696969696
固原,2023,104,78,0.4230769230769231,0.5641025641025641,0.0,0.0,0.009615384615384616,0.01282051282051282,0.0,0.0,0.057692307692307696,0.07692307692307693,0.057692307692307696,0.07692307692307693,0.20192307692307693,0.2692307692307692
图木舒克,2011,5,5,0.0,0.0,0.0,0.0,0.0,0.0,0.0,0.0,1.0,1.0,0.0,0.0,0.0,0.0
图木舒克,2015,2,2,0.0,0.0,0.0,0.0,0.0,0.0,0.0,0.0,1.0,1.0,0.0,0.0,0.0,0.0
图木舒克,2016,3,3,0.3333333333333333,0.3333333333333333,0.0,0.0,0.0,0.0,0.0,0.0,0.0,0.0,0.0,0.0,0.6666666666666666,0.6666666666666666
图木舒克,2017,7,7,0.7142857142857143,0.7142857142857143,0.0,0.0,0.0,0.0,0.14285714285714285,0.14285714285714285,0.0,0.0,0.0,0.0,0.14285714285714285,0.14285714285714285
图木舒克,2018,1,1,0.0,0.0,0.0,0.0,0.0,0.0,0.0,0.0,1.0,1.0,0.0,0.0,0.0,0.0
图木舒克,2019,1,1,0.0,0.0,0.0,0.0,0.0,0.0,0.0,0.0,0.0,0.0,1.0,1.0,0.0,0.0
图木舒克,2020,6,6,0.8333333333333334,0.8333333333333334,0.0,0.0,0.0,0.0,0.0,0.0,0.0,0.0,0.16666666666666666,0.16666666666666666,0.0,0.0
图木舒克,2021,11,11,0.6363636363636364,0.6363636363636364,0.0,0.0,0.0,0.0,0.0,0.0,0.0,0.0,0.36363636363636365,0.36363636363636365,0.0,0.0
图木舒克,2022,37,37,0.8108108108108109,0.8108108108108109,0.0,0.0,0.0,0.0,0.02702702702702703,0.02702702702702703,0.0,0.0,0.16216216216216217,0.16216216216216217,0.0,0.0
图木舒克,2023,43,43,0.7441860465116279,0.7441860465116279,0.0,0.0,0.0,0.0,0.046511627906976744,0.046511627906976744,0.046511627906976744,0.046511627906976744,0.09302325581395349,0.09302325581395349,0.06976744186046512,0.06976744186046512
基隆,2021,1,1,0.0,0.0,0.0,0.0,0.0,0.0,0.0,0.0,0.0,0.0,0.0,0.0,1.0,1.0
基隆,2022,2,2,0.5,0.5,0.0,0.0,0.0,0.0,0.5,0.5,0.0,0.0,0.0,0.0,0.0,0.0
基隆,2023,9,9,0.2222222222222222,0.2222222222222222,0.0,0.0,0.0,0.0,0.5555555555555556,0.5555555555555556,0.0,0.0,0.0,0.0,0.2222222222222222,0.2222222222222222
塔城,2016,1,1,1.0,1.0,0.0,0.0,0.0,0.0,0.0,0.0,0.0,0.0,0.0,0.0,0.0,0.0
塔城,2017,2,2,1.0,1.0,0.0,0.0,0.0,0.0,0.0,0.0,0.0,0.0,0.0,0.0,0.0,0.0
塔城,2018,3,3,1.0,1.0,0.0,0.0,0.0,0.0,0.0,0.0,0.0,0.0,0.0,0.0,0.0,0.0
塔城,2019,1,1,0.0,0.0,0.0,0.0,0.0,0.0,1.0,1.0,0.0,0.0,0.0,0.0,0.0,0.0
塔城,2020,4,4,0.75,0.75,0.0,0.0,0.0,0.0,0.25,0.25,0.0,0.0,0.0,0.0,0.0,0.0
塔城,2021,3,3,1.0,1.0,0.0,0.0,0.0,0.0,0.0,0.0,0.0,0.0,0.0,0.0,0.0,0.0
塔城,2022,15,15,0.8,0.8,0.0,0.0,0.06666666666666667,0.06666666666666667,0.06666666666666667,0.06666666666666667,0.0,0.0,0.06666666666666667,0.06666666666666667,0.0,0.0
塔城,2023,31,31,1.0,1.0,0.0,0.0,0.0,0.0,0.0,0.0,0.0,0.0,0.0,0.0,0.0,0.0
塔城地区,2008,8,8,0.0,0.0,0.0,0.0,0.0,0.0,1.0,1.0,0.0,0.0,0.0,0.0,0.0,0.0
塔城地区,2009,7,7,0.0,0.0,0.0,0.0,0.0,0.0,1.0,1.0,0.0,0.0,0.0,0.0,0.0,0.0
塔城地区,2010,14,14,0.14285714285714285,0.14285714285714285,0.0,0.0,0.0,0.0,0.8571428571428571,0.8571428571428571,0.0,0.0,0.0,0.0,0.0,0.0
塔城地区,2011,12,12,0.25,0.25,0.0,0.0,0.0,0.0,0.75,0.75,0.0,0.0,0.0,0.0,0.0,0.0
塔城地区,2012,23,23,0.4782608695652174,0.4782608695652174,0.0,0.0,0.0,0.0,0.5217391304347826,0.5217391304347826,0.0,0.0,0.0,0.0,0.0,0.0
塔城地区,2013,36,36,0.6388888888888888,0.6388888888888888,0.027777777777777776,0.027777777777777776,0.0,0.0,0.1388888888888889,0.1388888888888889,0.027777777777777776,0.027777777777777776,0.16666666666666666,0.16666666666666666,0.0,0.0
塔城地区,2014,39,38,0.8205128205128205,0.8421052631578947,0.0,0.0,0.0,0.0,0.1282051282051282,0.13157894736842105,0.02564102564102564,0.02631578947368421,0.0,0.0,0.0,0.0
塔城地区,2015,50,44,0.7,0.7954545454545454,0.0,0.0,0.0,0.0,0.1,0.11363636363636363,0.08,0.09090909090909091,0.0,0.0,0.0,0.0
塔城地区,2016,90,72,0.5,0.625,0.0,0.0,0.011111111111111112,0.013888888888888888,0.12222222222222222,0.1527777777777778,0.16666666666666666,0.20833333333333334,0.0,0.0,0.0,0.0
塔城地区,2017,36,36,0.5833333333333334,0.5833333333333334,0.0,0.0,0.0,0.0,0.3611111111111111,0.3611111111111111,0.05555555555555555,0.05555555555555555,0.0,0.0,0.0,0.0
塔城地区,2018,50,41,0.52,0.6341463414634146,0.0,0.0,0.0,0.0,0.28,0.34146341463414637,0.02,0.024390243902439025,0.0,0.0,0.0,0.0
塔城地区,2019,21,21,0.2857142857142857,0.2857142857142857,0.0,0.0,0.047619047619047616,0.047619047619047616,0.6190476190476191,0.6190476190476191,0.0,0.0,0.047619047619047616,0.047619047619047616,0.0,0.0
塔城地区,2020,44,44,0.4772727272727273,0.4772727272727273,0.0,0.0,0.0,0.0,0.3181818181818182,0.3181818181818182,0.1590909090909091,0.1590909090909091,0.045454545454545456,0.045454545454545456,0.0,0.0
塔城地区,2021,47,42,0.3617021276595745,0.40476190476190477,0.0,0.0,0.0,0.0,0.3191489361702128,0.35714285714285715,0.0851063829787234,0.09523809523809523,0.1276595744680851,0.14285714285714285,0.0,0.0
塔城地区,2022,43,36,0.5813953488372093,0.6944444444444444,0.0,0.0,0.023255813953488372,0.027777777777777776,0.11627906976744186,0.1388888888888889,0.06976744186046512,0.08333333333333333,0.046511627906976744,0.05555555555555555,0.0,0.0
塔城地区,2023,47,42,0.7872340425531915,0.8809523809523809,0.0,0.0,0.0,0.0,0.0851063829787234,0.09523809523809523,0.0,0.0,0.0,0.0,0.02127659574468085,0.023809523809523808
大兴安岭,2017,1,1,1.0,1.0,0.0,0.0,0.0,0.0,0.0,0.0,0.0,0.0,0.0,0.0,0.0,0.0
大兴安岭,2018,4,4,0.75,0.75,0.0,0.0,0.0,0.0,0.25,0.25,0.0,0.0,0.0,0.0,0.0,0.0
大兴安岭,2019,1,1,1.0,1.0,0.0,0.0,0.0,0.0,0.0,0.0,0.0,0.0,0.0,0.0,0.0,0.0
大兴安岭,2021,3,3,0.6666666666666666,0.6666666666666666,0.0,0.0,0.0,0.0,0.3333333333333333,0.3333333333333333,0.0,0.0,0.0,0.0,0.0,0.0
大兴安岭,2022,7,7,0.5714285714285714,0.5714285714285714,0.0,0.0,0.0,0.0,0.42857142857142855,0.42857142857142855,0.0,0.0,0.0,0.0,0.0,0.0
大兴安岭,2023,9,9,0.8888888888888888,0.8888888888888888,0.0,0.0,0.0,0.0,0.0,0.0,0.1111111111111111,0.1111111111111111,0.0,0.0,0.0,0.0
大兴安岭地区,2008,14,14,0.07142857142857142,0.07142857142857142,0.0,0.0,0.0,0.0,0.9285714285714286,0.9285714285714286,0.0,0.0,0.0,0.0,0.0,0.0
大兴安岭地区,2009,24,24,0.625,0.625,0.0,0.0,0.0,0.0,0.3333333333333333,0.3333333333333333,0.0,0.0,0.041666666666666664,0.041666666666666664,0.0,0.0
大兴安岭地区,2010,23,23,0.6956521739130435,0.6956521739130435,0.0,0.0,0.0,0.0,0.2608695652173913,0.2608695652173913,0.043478260869565216,0.043478260869565216,0.0,0.0,0.0,0.0
大兴安岭地区,2011,11,11,0.2727272727272727,0.2727272727272727,0.0,0.0,0.0,0.0,0.6363636363636364,0.6363636363636364,0.09090909090909091,0.09090909090909091,0.0,0.0,0.0,0.0
大兴安岭地区,2012,40,40,0.675,0.675,0.0,0.0,0.0,0.0,0.3,0.3,0.025,0.025,0.0,0.0,0.0,0.0
大兴安岭地区,2013,28,28,0.75,0.75,0.0,0.0,0.0,0.0,0.21428571428571427,0.21428571428571427,0.0,0.0,0.03571428571428571,0.03571428571428571,0.0,0.0
大兴安岭地区,2014,18,18,0.4444444444444444,0.4444444444444444,0.0,0.0,0.0,0.0,0.3333333333333333,0.3333333333333333,0.05555555555555555,0.05555555555555555,0.16666666666666666,0.16666666666666666,0.0,0.0
大兴安岭地区,2015,20,20,0.6,0.6,0.0,0.0,0.0,0.0,0.3,0.3,0.05,0.05,0.05,0.05,0.0,0.0
大兴安岭地区,2016,33,33,0.9090909090909091,0.9090909090909091,0.0,0.0,0.0,0.0,0.09090909090909091,0.09090909090909091,0.0,0.0,0.0,0.0,0.0,0.0
大兴安岭地区,2017,30,30,0.7,0.7,0.0,0.0,0.0,0.0,0.26666666666666666,0.26666666666666666,0.0,0.0,0.03333333333333333,0.03333333333333333,0.0,0.0
大兴安岭地区,2018,20,20,0.65,0.65,0.0,0.0,0.0,0.0,0.3,0.3,0.0,0.0,0.05,0.05,0.0,0.0
大兴安岭地区,2019,37,37,0.5135135135135135,0.5135135135135135,0.0,0.0,0.0,0.0,0.4594594594594595,0.4594594594594595,0.0,0.0,0.02702702702702703,0.02702702702702703,0.0,0.0
大兴安岭地区,2020,45,45,0.5333333333333333,0.5333333333333333,0.0,0.0,0.0,0.0,0.37777777777777777,0.37777777777777777,0.0,0.0,0.08888888888888889,0.08888888888888889,0.0,0.0
大兴安岭地区,2021,40,34,0.25,0.29411764705882354,0.0,0.0,0.0,0.0,0.6,0.7058823529411765,0.0,0.0,0.0,0.0,0.0,0.0
大兴安岭地区,2022,43,43,0.5813953488372093,0.5813953488372093,0.0,0.0,0.0,0.0,0.3953488372093023,0.3953488372093023,0.0,0.0,0.023255813953488372,0.023255813953488372,0.0,0.0
大兴安岭地区,2023,33,33,0.7878787878787878,0.7878787878787878,0.030303030303030304,0.030303030303030304,0.0,0.0,0.15151515151515152,0.15151515151515152,0.030303030303030304,0.030303030303030304,0.0,0.0,0.0,0.0
大同,2008,67,56,0.208955223880597,0.25,0.0,0.0,0.0,0.0,0.4626865671641791,0.5535714285714286,0.0,0.0,0.05970149253731343,0.07142857142857142,0.1044776119402985,0.125
大同,2009,75,61,0.5066666666666667,0.6229508196721312,0.0,0.0,0.0,0.0,0.10666666666666667,0.13114754098360656,0.013333333333333334,0.01639344262295082,0.13333333333333333,0.16393442622950818,0.05333333333333334,0.06557377049180328
大同,2010,100,87,0.51,0.5862068965517241,0.0,0.0,0.0,0.0,0.1,0.11494252873563218,0.01,0.011494252873563218,0.19,0.21839080459770116,0.06,0.06896551724137931
大同,2011,174,160,0.45977011494252873,0.5,0.0,0.0,0.0,0.0,0.05747126436781609,0.0625,0.0,0.0,0.3448275862068966,0.375,0.05747126436781609,0.0625
大同,2012,221,202,0.5294117647058824,0.5792079207920792,0.0,0.0,0.0,0.0,0.049773755656108594,0.054455445544554455,0.0,0.0,0.2986425339366516,0.32673267326732675,0.03619909502262444,0.039603960396039604
大同,2013,224,200,0.5714285714285714,0.64,0.0,0.0,0.0,0.0,0.03571428571428571,0.04,0.0,0.0,0.18303571428571427,0.205,0.10267857142857142,0.115
大同,2014,186,147,0.6612903225806451,0.8367346938775511,0.0,0.0,0.0,0.0,0.021505376344086023,0.027210884353741496,0.0,0.0,0.05913978494623656,0.07482993197278912,0.04838709677419355,0.061224489795918366
大同,2015,235,179,0.5531914893617021,0.7262569832402235,0.0,0.0,0.0,0.0,0.09787234042553192,0.12849162011173185,0.0,0.0,0.0,0.0,0.11063829787234042,0.1452513966480447
大同,2016,291,215,0.5395189003436426,0.7302325581395349,0.0,0.0,0.0,0.0,0.041237113402061855,0.05581395348837209,0.03436426116838488,0.046511627906976744,0.037800687285223365,0.05116279069767442,0.0859106529209622,0.11627906976744186
大同,2017,467,326,0.4132762312633833,0.5920245398773006,0.0,0.0,0.0,0.0,0.24839400428265523,0.3558282208588957,0.0,0.0,0.0,0.0,0.03640256959314775,0.05214723926380368
大同,2018,712,542,0.6306179775280899,0.8284132841328413,0.0,0.0,0.0,0.0,0.07724719101123595,0.1014760147601476,0.0,0.0,0.007022471910112359,0.00922509225092251,0.046348314606741575,0.06088560885608856
大同,2019,590,473,0.7050847457627119,0.879492600422833,0.0,0.0,0.0,0.0,0.061016949152542375,0.07610993657505286,0.0,0.0,0.010169491525423728,0.012684989429175475,0.025423728813559324,0.03171247357293869
大同,2020,562,389,0.5658362989323843,0.8174807197943444,0.0,0.0,0.0,0.0,0.06227758007117438,0.08997429305912596,0.0,0.0,0.01601423487544484,0.02313624678663239,0.04804270462633452,0.06940874035989718
大同,2021,608,350,0.4407894736842105,0.7657142857142857,0.0,0.0,0.0,0.0,0.06414473684210527,0.11142857142857143,0.0,0.0,0.009868421052631578,0.017142857142857144,0.06085526315789474,0.10571428571428572
大同,2022,417,271,0.5683453237410072,0.8745387453874539,0.0,0.0,0.0,0.0,0.03357314148681055,0.05166051660516605,0.0,0.0,0.011990407673860911,0.01845018450184502,0.03597122302158273,0.055350553505535055
大同,2023,650,476,0.38769230769230767,0.5294117647058824,0.0,0.0,0.0,0.0,0.036923076923076927,0.05042016806722689,0.006153846153846154,0.008403361344537815,0.28,0.38235294117647056,0.021538461538461538,0.029411764705882353
大庆,2008,177,122,0.3107344632768362,0.45081967213114754,0.14689265536723164,0.21311475409836064,0.0,0.0,0.15819209039548024,0.22950819672131148,0.0,0.0,0.0,0.0,0.07344632768361582,0.10655737704918032
大庆,2009,210,134,0.319047619047619,0.5,0.02857142857142857,0.04477611940298507,0.0,0.0,0.2,0.31343283582089554,0.0,0.0,0.0,0.0,0.09047619047619047,0.1417910447761194
大庆,2010,253,152,0.25296442687747034,0.42105263157894735,0.10276679841897234,0.17105263157894737,0.0,0.0,0.11067193675889328,0.18421052631578946,0.0,0.0,0.0,0.0,0.13438735177865613,0.2236842105263158
大庆,2011,299,189,0.13712374581939799,0.21693121693121692,0.046822742474916385,0.07407407407407407,0.0,0.0,0.17391304347826086,0.2751322751322751,0.0,0.0,0.013377926421404682,0.021164021164021163,0.2608695652173913,0.4126984126984127
大庆,2012,300,181,0.12666666666666668,0.20994475138121546,0.0,0.0,0.0,0.0,0.09333333333333334,0.15469613259668508,0.0,0.0,0.043333333333333335,0.0718232044198895,0.34,0.56353591160221
大庆,2013,326,206,0.11042944785276074,0.17475728155339806,0.0,0.0,0.0,0.0,0.046012269938650305,0.07281553398058252,0.0,0.0,0.012269938650306749,0.019417475728155338,0.46319018404907975,0.7330097087378641
大庆,2014,471,282,0.07430997876857749,0.12411347517730496,0.0,0.0,0.0,0.0,0.1040339702760085,0.17375886524822695,0.0,0.0,0.021231422505307854,0.03546099290780142,0.3991507430997877,0.6666666666666666
大庆,2015,536,338,0.15858208955223882,0.2514792899408284,0.0,0.0,0.0,0.0,0.03171641791044776,0.05029585798816568,0.0,0.0,0.018656716417910446,0.029585798816568046,0.4216417910447761,0.6686390532544378
大庆,2016,571,369,0.1330998248686515,0.20596205962059622,0.0,0.0,0.0,0.0,0.03152364273204904,0.04878048780487805,0.0,0.0,0.03502626970227671,0.05420054200542006,0.44658493870402804,0.6910569105691057
大庆,2017,608,437,0.27631578947368424,0.38443935926773454,0.0,0.0,0.0,0.0,0.03125,0.043478260869565216,0.0,0.0,0.03289473684210526,0.04576659038901602,0.3782894736842105,0.5263157894736842
大庆,2018,867,615,0.2306805074971165,0.3252032520325203,0.0,0.0,0.0,0.0,0.07727797001153403,0.10894308943089431,0.0,0.0,0.0,0.0,0.4013840830449827,0.5658536585365853
大庆,2019,1167,689,0.1662382176520994,0.28156748911465895,0.0,0.0,0.0,0.0,0.04712939160239932,0.07982583454281568,0.0,0.0,0.00856898029134533,0.01451378809869376,0.3684661525278492,0.6240928882438317
大庆,2020,1082,612,0.14325323475046212,0.25326797385620914,0.0,0.0,0.0,0.0,0.06746765249537892,0.119281045751634,0.0,0.0,0.014787430683918669,0.026143790849673203,0.34011090573012936,0.6013071895424836
大庆,2021,1293,769,0.2745552977571539,0.4616384915474642,0.0,0.0,0.0,0.0,0.037122969837587005,0.06241872561768531,0.0,0.0,0.005413766434648105,0.009102730819245773,0.2776488785769528,0.4668400520156047
大庆,2022,1448,1013,0.3660220994475138,0.5231984205330701,0.0,0.0,0.0,0.0,0.004834254143646409,0.006910167818361303,0.0,0.0,0.009668508287292817,0.013820335636722606,0.319060773480663,0.456071076011846
大庆,2023,1944,1412,0.42849794238683125,0.589943342776204,0.0,0.0,0.0257201646090535,0.03541076487252125,0.0,0.0,0.0,0.0,0.0,0.0,0.27211934156378603,0.37464589235127477
大理,2017,4,4,0.75,0.75,0.0,0.0,0.0,0.0,0.25,0.25,0.0,0.0,0.0,0.0,0.0,0.0
大理,2018,3,3,0.6666666666666666,0.6666666666666666,0.0,0.0,0.0,0.0,0.3333333333333333,0.3333333333333333,0.0,0.0,0.0,0.0,0.0,0.0
大理,2019,7,7,0.8571428571428571,0.8571428571428571,0.0,0.0,0.0,0.0,0.0,0.0,0.0,0.0,0.0,0.0,0.14285714285714285,0.14285714285714285
大理,2020,11,11,0.6363636363636364,0.6363636363636364,0.0,0.0,0.0,0.0,0.09090909090909091,0.09090909090909091,0.0,0.0,0.0,0.0,0.2727272727272727,0.2727272727272727
大理,2021,30,30,0.9,0.9,0.0,0.0,0.0,0.0,0.03333333333333333,0.03333333333333333,0.0,0.0,0.0,0.0,0.06666666666666667,0.06666666666666667
大理,2022,37,37,0.5135135135135135,0.5135135135135135,0.0,0.0,0.0,0.0,0.08108108108108109,0.08108108108108109,0.02702702702702703,0.02702702702702703,0.0,0.0,0.3783783783783784,0.3783783783783784
大理,2023,129,112,0.49612403100775193,0.5714285714285714,0.0,0.0,0.0,0.0,0.05426356589147287,0.0625,0.0,0.0,0.046511627906976744,0.05357142857142857,0.2713178294573643,0.3125
大理白族自治州,2008,9,9,0.4444444444444444,0.4444444444444444,0.0,0.0,0.0,0.0,0.4444444444444444,0.4444444444444444,0.0,0.0,0.0,0.0,0.1111111111111111,0.1111111111111111
大理白族自治州,2009,30,30,0.4,0.4,0.0,0.0,0.0,0.0,0.3,0.3,0.1,0.1,0.0,0.0,0.2,0.2
大理白族自治州,2010,78,78,0.19230769230769232,0.19230769230769232,0.0,0.0,0.0,0.0,0.07692307692307693,0.07692307692307693,0.01282051282051282,0.01282051282051282,0.0,0.0,0.717948717948718,0.717948717948718
大理白族自治州,2011,31,26,0.4838709677419355,0.5769230769230769,0.0,0.0,0.0,0.0,0.25806451612903225,0.3076923076923077,0.06451612903225806,0.07692307692307693,0.0,0.0,0.03225806451612903,0.038461538461538464
大理白族自治州,2012,61,55,0.4426229508196721,0.4909090909090909,0.0,0.0,0.0,0.0,0.04918032786885246,0.05454545454545454,0.03278688524590164,0.03636363636363636,0.0,0.0,0.3770491803278688,0.41818181818181815
大理白族自治州,2013,99,85,0.48484848484848486,0.5647058823529412,0.0,0.0,0.0,0.0,0.030303030303030304,0.03529411764705882,0.030303030303030304,0.03529411764705882,0.0,0.0,0.31313131313131315,0.36470588235294116
大理白族自治州,2014,89,69,0.42696629213483145,0.5507246376811594,0.0,0.0,0.0,0.0,0.21348314606741572,0.2753623188405797,0.033707865168539325,0.043478260869565216,0.0,0.0,0.10112359550561797,0.13043478260869565
大理白族自治州,2015,115,65,0.46956521739130436,0.8307692307692308,0.0,0.0,0.0,0.0,0.034782608695652174,0.06153846153846154,0.017391304347826087,0.03076923076923077,0.02608695652173913,0.046153846153846156,0.017391304347826087,0.03076923076923077
大理白族自治州,2016,213,124,0.38967136150234744,0.6693548387096774,0.0,0.0,0.0,0.0,0.1784037558685446,0.3064516129032258,0.0,0.0,0.014084507042253521,0.024193548387096774,0.0,0.0
大理白族自治州,2017,180,102,0.37777777777777777,0.6666666666666666,0.0,0.0,0.0,0.0,0.03888888888888889,0.06862745098039216,0.0,0.0,0.016666666666666666,0.029411764705882353,0.13333333333333333,0.23529411764705882
大理白族自治州,2018,204,129,0.4362745098039216,0.689922480620155,0.0,0.0,0.0,0.0,0.0,0.0,0.0,0.0,0.029411764705882353,0.046511627906976744,0.16666666666666666,0.26356589147286824
大理白族自治州,2019,176,109,0.42045454545454547,0.6788990825688074,0.0,0.0,0.022727272727272728,0.03669724770642202,0.017045454545454544,0.027522935779816515,0.017045454545454544,0.027522935779816515,0.022727272727272728,0.03669724770642202,0.11931818181818182,0.1926605504587156
大理白族自治州,2020,243,171,0.2716049382716049,0.38596491228070173,0.0,0.0,0.012345679012345678,0.017543859649122806,0.12345679012345678,0.17543859649122806,0.0,0.0,0.01646090534979424,0.023391812865497075,0.27983539094650206,0.39766081871345027
大理白族自治州,2021,228,129,0.33771929824561403,0.5968992248062015,0.0,0.0,0.0,0.0,0.07456140350877193,0.13178294573643412,0.0,0.0,0.008771929824561403,0.015503875968992248,0.14473684210526316,0.2558139534883721
大理白族自治州,2022,254,159,0.3464566929133858,0.5534591194968553,0.0,0.0,0.027559055118110236,0.0440251572327044,0.0,0.0,0.011811023622047244,0.018867924528301886,0.0,0.0,0.24015748031496062,0.3836477987421384
大理白族自治州,2023,210,166,0.5761904761904761,0.7289156626506024,0.0,0.0,0.0,0.0,0.0,0.0,0.0,0.0,0.014285714285714285,0.018072289156626505,0.2,0.25301204819277107
大连,2008,1755,935,0.11339031339031339,0.21283422459893048,0.0,0.0,0.0,0.0,0.041595441595441596,0.07807486631016043,0.0,0.0,0.12136752136752137,0.22780748663101605,0.2564102564102564,0.48128342245989303
大连,2009,2144,1127,0.12033582089552239,0.22892635314995563,0.0,0.0,0.0,0.0,0.006063432835820896,0.011535048802129548,0.0,0.0,0.09561567164179105,0.18189884649511978,0.30363805970149255,0.577639751552795
大连,2010,3293,1826,0.20133616762830245,0.36308871851040525,0.0,0.0,0.0,0.0,0.042514424536896446,0.07667031763417305,0.0,0.0,0.08108108108108109,0.14622124863088717,0.22957789249924082,0.4140197152245345
大连,2011,5857,2348,0.12839337544818166,0.3202725724020443,0.0,0.0,0.0,0.0,0.05344032781287349,0.13330494037478705,0.0,0.0,0.05548915827215298,0.13841567291311754,0.16356496499914633,0.4080068143100511
大连,2012,6828,2715,0.12170474516695957,0.3060773480662983,0.0,0.0,0.0,0.0,0.05697129466900996,0.1432780847145488,0.0,0.0,0.07967193907439953,0.2003683241252302,0.13927943760984182,0.35027624309392263
大连,2013,10507,3950,0.109355667650138,0.2908860759493671,0.0,0.0,0.0,0.0,0.03530979347101932,0.0939240506329114,0.0,0.0,0.06862091938707528,0.18253164556962026,0.16265346911582754,0.43265822784810126
大连,2014,4696,2594,0.06431005110732538,0.1164225134926754,0.0,0.0,0.0,0.0,0.020442930153321975,0.03700848111025443,0.0,0.0,0.17057069846678025,0.30878951426368545,0.29706132879046,0.5377794911333847
大连,2015,4538,2816,0.09806081974438079,0.15802556818181818,0.0,0.0,0.0,0.0,0.0,0.0,0.0,0.0,0.1745262230057294,0.28125,0.3479506390480388,0.5607244318181818
大连,2016,6410,4000,0.12121684867394696,0.19425,0.0,0.0,0.0,0.0,0.0,0.0,0.0,0.0,0.15647425897035883,0.25075,0.3463338533541342,0.555
大连,2017,6983,4210,0.10081626807962193,0.1672209026128266,0.0,0.0,0.0,0.0,0.0,0.0,0.0,0.0,0.145066590290706,0.24061757719714966,0.3570098811399112,0.5921615201900238
大连,2018,9797,5349,0.10646116158007553,0.19498971770424378,0.0,0.0,0.0,0.0,0.0,0.0,0.0,0.0,0.1188118811881188,0.21761076836791923,0.3207104215576197,0.587399513927837
大连,2019,9040,6100,0.09966814159292035,0.14770491803278687,0.0,0.0,0.0,0.0,0.0,0.0,0.0,0.0,0.12831858407079647,0.1901639344262295,0.4467920353982301,0.6621311475409836
大连,2020,8654,5434,0.09972267159694939,0.15881486934118513,0.0,0.0,0.007395424081349665,0.011777695988222304,0.0,0.0,0.0,0.0,0.14629073260919806,0.23297754876702245,0.3745088976195979,0.5964298859035702
大连,2021,9917,6465,0.0966017948976505,0.14818252126836814,0.0,0.0,0.0,0.0,0.0,0.0,0.0,0.0,0.16083492991832207,0.24671307037896364,0.39447413532318243,0.6051044083526682
大连,2022,10487,7060,0.09421188137694288,0.13994334277620396,0.0,0.0,0.0,0.0,0.0,0.0,0.0,0.0,0.14236673977305236,0.2114730878186969,0.4366358348431391,0.6485835694050992
大连,2023,10558,7308,0.08297025951884826,0.11986863711001643,0.0,0.0,0.005019890130706573,0.007252326217843459,0.0,0.0,0.0,0.0,0.11810949043379428,0.17063492063492064,0.48607690850539875,0.7022441160372195
天水,2008,47,47,0.6808510638297872,0.6808510638297872,0.0,0.0,0.0,0.0,0.19148936170212766,0.19148936170212766,0.0,0.0,0.1276595744680851,0.1276595744680851,0.0,0.0
天水,2009,47,44,0.6382978723404256,0.6818181818181818,0.0,0.0,0.0,0.0,0.2553191489361702,0.2727272727272727,0.0,0.0,0.0425531914893617,0.045454545454545456,0.0,0.0
天水,2010,38,38,0.631578947368421,0.631578947368421,0.0,0.0,0.0,0.0,0.3157894736842105,0.3157894736842105,0.0,0.0,0.0,0.0,0.05263157894736842,0.05263157894736842
天水,2011,65,57,0.6615384615384615,0.7543859649122807,0.0,0.0,0.0,0.0,0.13846153846153847,0.15789473684210525,0.0,0.0,0.06153846153846154,0.07017543859649122,0.015384615384615385,0.017543859649122806
天水,2012,57,53,0.7894736842105263,0.8490566037735849,0.0,0.0,0.0,0.0,0.12280701754385964,0.1320754716981132,0.0,0.0,0.017543859649122806,0.018867924528301886,0.0,0.0
天水,2013,107,94,0.616822429906542,0.7021276595744681,0.0,0.0,0.0,0.0,0.19626168224299065,0.22340425531914893,0.028037383177570093,0.031914893617021274,0.037383177570093455,0.0425531914893617,0.0,0.0
天水,2014,207,116,0.1497584541062802,0.2672413793103448,0.0,0.0,0.0,0.0,0.391304347826087,0.6982758620689655,0.0,0.0,0.01932367149758454,0.034482758620689655,0.0,0.0
天水,2015,177,116,0.14124293785310735,0.21551724137931033,0.0,0.0,0.0,0.0,0.4011299435028249,0.6120689655172413,0.05084745762711865,0.07758620689655173,0.02824858757062147,0.04310344827586207,0.03389830508474576,0.05172413793103448
天水,2016,223,118,0.22869955156950672,0.4322033898305085,0.0,0.0,0.0,0.0,0.21524663677130046,0.4067796610169492,0.0,0.0,0.03587443946188341,0.06779661016949153,0.04932735426008968,0.09322033898305085
天水,2017,333,177,0.036036036036036036,0.06779661016949153,0.0,0.0,0.0,0.0,0.4144144144144144,0.7796610169491526,0.0,0.0,0.024024024024024024,0.04519774011299435,0.057057057057057055,0.10734463276836158
天水,2018,137,101,0.18248175182481752,0.24752475247524752,0.0,0.0,0.06569343065693431,0.0891089108910891,0.22627737226277372,0.3069306930693069,0.043795620437956206,0.0594059405940594,0.10218978102189781,0.13861386138613863,0.11678832116788321,0.15841584158415842
天水,2019,192,134,0.24479166666666666,0.35074626865671643,0.0,0.0,0.036458333333333336,0.05223880597014925,0.13020833333333334,0.1865671641791045,0.0,0.0,0.020833333333333332,0.029850746268656716,0.265625,0.3805970149253731
天水,2020,255,153,0.2901960784313726,0.48366013071895425,0.0,0.0,0.0,0.0,0.1450980392156863,0.24183006535947713,0.0,0.0,0.023529411764705882,0.0392156862745098,0.1411764705882353,0.23529411764705882
天水,2021,283,184,0.4558303886925795,0.7010869565217391,0.0,0.0,0.0,0.0,0.0812720848056537,0.125,0.0,0.0,0.02120141342756184,0.03260869565217391,0.09187279151943463,0.14130434782608695
天水,2022,255,167,0.4980392156862745,0.7604790419161677,0.0,0.0,0.0,0.0,0.0196078431372549,0.029940119760479042,0.0,0.0,0.01568627450980392,0.023952095808383235,0.12156862745098039,0.18562874251497005
天水,2023,289,201,0.6193771626297578,0.8905472636815921,0.0,0.0,0.0,0.0,0.0,0.0,0.0,0.0,0.0,0.0,0.07612456747404844,0.10945273631840796
天津,2008,4607,2311,0.2632949858910354,0.524881003894418,0.0,0.0,0.0,0.0,0.0,0.0,0.005209463859344476,0.01038511466897447,0.01931842847840243,0.03851146689744699,0.21380507922726286,0.42622241453916054
天津,2009,5762,2328,0.13745227351614023,0.3402061855670103,0.0,0.0,0.0,0.0,0.020999652898299203,0.05197594501718213,0.0,0.0,0.019611246095105866,0.048539518900343644,0.22596320721971538,0.5592783505154639
天津,2010,6868,2482,0.11648223645894001,0.32232070910556004,0.0,0.0,0.0,0.0,0.0,0.0,0.0,0.0,0.028829353523587654,0.07977437550362611,0.2160745486313337,0.5979049153908138
天津,2011,9467,2961,0.06211048906728636,0.19858156028368795,0.0,0.0,0.0,0.0,0.0047533537551494665,0.015197568389057751,0.0,0.0,0.0235555086088518,0.07531239446133063,0.22235132565754728,0.7109084768659236
天津,2012,12079,3319,0.0451196291083699,0.16420608617053328,0.0,0.0,0.0,0.0,0.0,0.0,0.0,0.0,0.0050500869277258055,0.018379029828261523,0.22460468581836246,0.8174148840012052
天津,2013,21359,4869,0.060536541972938805,0.26555760936537276,0.0,0.0,0.0,0.0,0.0,0.0,0.0,0.0,0.006039608595908048,0.02649414664202095,0.16138395992321738,0.7079482439926063
天津,2014,20708,4299,0.026173459532547808,0.12607583158874155,0.0,0.0,0.0,0.0,0.0,0.0,0.0,0.0,0.01579099864786556,0.07606420097697139,0.1656364689974889,0.797859967434287
天津,2015,24669,5594,0.052819327901414734,0.2329281372899535,0.0,0.0,0.0,0.0,0.0,0.0,0.0,0.0,0.014066236977583201,0.062030747229174114,0.1598767684137987,0.7050411154808723
天津,2016,29907,6358,0.029023305580633298,0.13652091852783893,0.0,0.0,0.0,0.0,0.0,0.0,0.0,0.0,0.00765707025111178,0.03601761560239069,0.1759119938475942,0.8274614658697703
天津,2017,25463,6835,0.021285787220673133,0.07929773226042429,0.0,0.0,0.0,0.0,0.0,0.0,0.0031025409417586303,0.011558156547183614,0.01425597926403016,0.05310899780541331,0.22978439304088286,0.8560351133869788
天津,2018,25247,8323,0.023210678496455025,0.07040730505827225,0.0,0.0,0.0,0.0,0.0,0.0,0.0,0.0,0.021467897175902088,0.06512074972966478,0.2849843545767814,0.8644719452120629
天津,2019,25202,9836,0.039441314181414174,0.10105734038226921,0.0,0.0,0.0,0.0,0.0,0.0,0.0,0.0,0.022736290770573764,0.0582553883692558,0.3281088802475994,0.840687271248475
天津,2020,24546,8460,0.07463537847307097,0.216548463356974,0.0,0.0,0.0,0.0,0.0,0.0,0.0,0.0,0.025625356473559846,0.0743498817966903,0.24439827263097857,0.7091016548463357
天津,2021,23719,8710,0.06340908132720603,0.17267508610792193,0.0,0.0,0.0,0.0,0.0,0.0,0.0,0.0,0.04178085079472153,0.1137772675086108,0.262026223702517,0.7135476463834672
天津,2022,24813,9585,0.05718776447829767,0.14804381846635367,0.0,0.0,0.0,0.0,0.0,0.0,0.0,0.0,0.04477491637448112,0.11591027647365676,0.28432676419618746,0.7360459050599896
天津,2023,27900,10251,0.07756272401433692,0.2111013559652717,0.0,0.0,0.0,0.0,0.0,0.0,0.0,0.0,0.02186379928315412,0.059506389620524826,0.2679928315412186,0.7293922544142035
天门,2008,17,17,0.47058823529411764,0.47058823529411764,0.0,0.0,0.0,0.0,0.5294117647058824,0.5294117647058824,0.0,0.0,0.0,0.0,0.0,0.0
天门,2009,21,21,0.38095238095238093,0.38095238095238093,0.0,0.0,0.0,0.0,0.6190476190476191,0.6190476190476191,0.0,0.0,0.0,0.0,0.0,0.0
天门,2010,12,12,0.5833333333333334,0.5833333333333334,0.0,0.0,0.0,0.0,0.4166666666666667,0.4166666666666667,0.0,0.0,0.0,0.0,0.0,0.0
天门,2011,13,13,0.7692307692307693,0.7692307692307693,0.0,0.0,0.0,0.0,0.23076923076923078,0.23076923076923078,0.0,0.0,0.0,0.0,0.0,0.0
天门,2012,18,18,0.7222222222222222,0.7222222222222222,0.0,0.0,0.0,0.0,0.2222222222222222,0.2222222222222222,0.0,0.0,0.05555555555555555,0.05555555555555555,0.0,0.0
天门,2013,32,32,0.75,0.75,0.0,0.0,0.0,0.0,0.21875,0.21875,0.03125,0.03125,0.0,0.0,0.0,0.0
天门,2014,21,21,0.6666666666666666,0.6666666666666666,0.0,0.0,0.0,0.0,0.3333333333333333,0.3333333333333333,0.0,0.0,0.0,0.0,0.0,0.0
天门,2015,38,38,0.6052631578947368,0.6052631578947368,0.0,0.0,0.0,0.0,0.3157894736842105,0.3157894736842105,0.07894736842105263,0.07894736842105263,0.0,0.0,0.0,0.0
天门,2016,40,37,0.775,0.8378378378378378,0.0,0.0,0.0,0.0,0.15,0.16216216216216217,0.0,0.0,0.0,0.0,0.0,0.0
天门,2017,563,377,0.6696269982238011,1.0,0.0,0.0,0.0,0.0,0.0,0.0,0.0,0.0,0.0,0.0,0.0,0.0
天门,2018,966,560,0.5797101449275363,1.0,0.0,0.0,0.0,0.0,0.0,0.0,0.0,0.0,0.0,0.0,0.0,0.0
天门,2019,585,234,0.38632478632478634,0.9658119658119658,0.0,0.0,0.0,0.0,0.0,0.0,0.013675213675213675,0.03418803418803419,0.0,0.0,0.0,0.0
天门,2020,170,135,0.611764705882353,0.7703703703703704,0.0,0.0,0.0,0.0,0.18235294117647058,0.22962962962962963,0.0,0.0,0.0,0.0,0.0,0.0
天门,2021,175,98,0.5371428571428571,0.9591836734693877,0.0,0.0,0.0,0.0,0.022857142857142857,0.04081632653061224,0.0,0.0,0.0,0.0,0.0,0.0
天门,2022,142,76,0.4859154929577465,0.9078947368421053,0.0,0.0,0.0,0.0,0.0,0.0,0.0,0.0,0.0,0.0,0.04929577464788732,0.09210526315789473
天门,2023,124,71,0.5564516129032258,0.971830985915493,0.0,0.0,0.016129032258064516,0.028169014084507043,0.0,0.0,0.0,0.0,0.0,0.0,0.0,0.0
太原,2008,696,436,0.16379310344827586,0.26146788990825687,0.0,0.0,0.0,0.0,0.0,0.0,0.0,0.0,0.14655172413793102,0.23394495412844038,0.3160919540229885,0.5045871559633027
太原,2009,914,594,0.2603938730853392,0.4006734006734007,0.0,0.0,0.0,0.0,0.0,0.0,0.0,0.0,0.11159737417943107,0.1717171717171717,0.2778993435448578,0.4276094276094276
太原,2010,1120,733,0.26160714285714287,0.39972714870395637,0.0,0.0,0.0,0.0,0.0,0.0,0.0,0.0,0.09642857142857143,0.14733969986357434,0.29642857142857143,0.4529331514324693
太原,2011,1611,1061,0.2383612662942272,0.36192271442035817,0.0,0.0,0.0,0.0,0.0,0.0,0.0,0.0,0.0931098696461825,0.1413760603204524,0.3271260086902545,0.49670122525918947
太原,2012,1963,1293,0.19103413143148243,0.2900232018561485,0.0,0.0,0.0,0.0,0.030565461029037188,0.04640371229698376,0.0,0.0,0.08405501782985227,0.12761020881670534,0.35303107488537955,0.5359628770301624
太原,2013,2308,1599,0.21143847487001732,0.3051907442151345,0.0,0.0,0.0,0.0,0.01169844020797227,0.016885553470919325,0.0,0.0,0.0632582322357019,0.09130706691682301,0.40641247833622185,0.5866166353971232
太原,2014,2428,1669,0.18945634266886327,0.2756141402037148,0.0,0.0,0.0,0.0,0.005766062602965404,0.008388256440982624,0.0,0.0,0.10955518945634267,0.15937687237866988,0.3826194398682043,0.5566207309766327
太原,2015,2620,1790,0.12290076335877863,0.17988826815642459,0.0,0.0,0.0,0.0,0.02099236641221374,0.030726256983240222,0.0,0.0,0.09809160305343512,0.1435754189944134,0.44122137404580153,0.6458100558659218
太原,2016,3221,2166,0.0884818379385284,0.13157894736842105,0.0,0.0,0.0,0.0,0.009313877677739833,0.013850415512465374,0.0,0.0,0.13008382489909967,0.19344413665743307,0.444582427817448,0.6611265004616805
太原,2017,4093,2704,0.11849499144881505,0.17936390532544377,0.0,0.0,0.0,0.0,0.0,0.0,0.0,0.0,0.06865379916931347,0.10392011834319527,0.4734913266552651,0.716715976331361
太原,2018,5055,3109,0.10880316518298715,0.17690575747828885,0.0,0.0,0.0,0.0,0.0,0.0,0.0,0.0,0.06844708209693373,0.11128980379543262,0.437784371909001,0.7118044387262785
太原,2019,5684,3565,0.10256861365235749,0.1635343618513324,0.0,0.0,0.0,0.0,0.0,0.0,0.0,0.0,0.06562280084447572,0.10462833099579243,0.45900774102744546,0.7318373071528752
太原,2020,6401,3607,0.13497890954538352,0.2395342389797616,0.0,0.0,0.0,0.0,0.0,0.0,0.0,0.0,0.060927980003124514,0.10812309398392016,0.36759881268551786,0.6523426670363183
太原,2021,7339,4325,0.1654176318299496,0.28069364161849714,0.0,0.0,0.0,0.0,0.0,0.0,0.0,0.0,0.055457146750238454,0.09410404624277456,0.36844256710723533,0.6252023121387283
太原,2022,8064,4445,0.15240575396825398,0.2764904386951631,0.0,0.0,0.0,0.0,0.0,0.0,0.0,0.0,0.06001984126984127,0.10888638920134983,0.33878968253968256,0.614623172103487
太原,2023,9593,5217,0.13749609089961431,0.25282729538048687,0.0,0.0,0.0,0.0,0.0,0.0,0.0,0.0,0.0682789534035234,0.1255510829978915,0.3380590013551548,0.6216216216216216
威海,2008,634,274,0.2082018927444795,0.48175182481751827,0.0,0.0,0.0,0.0,0.19242902208201892,0.44525547445255476,0.0,0.0,0.014195583596214511,0.032846715328467155,0.017350157728706624,0.040145985401459854
威海,2009,825,358,0.2690909090909091,0.6201117318435754,0.0,0.0,0.0,0.0,0.12484848484848485,0.2877094972067039,0.0,0.0,0.0,0.0,0.04,0.09217877094972067
威海,2010,969,487,0.24148606811145512,0.4804928131416838,0.0,0.0,0.0,0.0,0.13415892672858618,0.2669404517453799,0.0,0.0,0.06191950464396285,0.12320328542094455,0.06501547987616099,0.1293634496919918
威海,2011,1055,464,0.1990521327014218,0.4525862068965517,0.0,0.0,0.046445497630331754,0.10560344827586207,0.0,0.0,0.0947867298578199,0.21551724137931033,0.03222748815165877,0.07327586206896551,0.06729857819905213,0.15301724137931033
威海,2012,1260,463,0.21746031746031746,0.591792656587473,0.0,0.0,0.0,0.0,0.050793650793650794,0.13822894168466524,0.03333333333333333,0.09071274298056156,0.0,0.0,0.06587301587301587,0.17926565874730022
威海,2013,1764,672,0.22959183673469388,0.6026785714285714,0.0,0.0,0.0,0.0,0.04931972789115646,0.12946428571428573,0.0,0.0,0.024376417233560092,0.06398809523809523,0.07766439909297052,0.20386904761904762
威海,2014,2201,654,0.21762835074965925,0.7324159021406728,0.0,0.0,0.0,0.0,0.013175829168559746,0.04434250764525994,0.0,0.0,0.0,0.0,0.06633348477964561,0.22324159021406728
威海,2015,2634,802,0.2201974183750949,0.7231920199501247,0.0,0.0,0.0,0.0,0.017463933181473046,0.057356608478802994,0.0,0.0,0.0,0.0,0.06681852695520121,0.2194513715710723
威海,2016,3772,1396,0.2627253446447508,0.7098853868194842,0.0,0.0,0.0,0.0,0.03260869565217391,0.08810888252148998,0.009544008483563097,0.025787965616045846,0.0,0.0,0.06521739130434782,0.17621776504297995
威海,2017,3233,1012,0.14073615836684195,0.44960474308300397,0.0,0.0,0.0,0.0,0.04825239715434581,0.1541501976284585,0.0,0.0,0.0,0.0,0.12403340550572224,0.39624505928853754
威海,2018,2335,844,0.15974304068522485,0.4419431279620853,0.0,0.0,0.0,0.0,0.0,0.0,0.0,0.0,0.01284796573875803,0.035545023696682464,0.18886509635974305,0.5225118483412322
威海,2019,2074,672,0.13452266152362585,0.41517857142857145,0.0,0.0,0.0,0.0,0.0,0.0,0.0,0.0,0.0,0.0,0.18948891031822565,0.5848214285714286
威海,2020,2615,927,0.145697896749522,0.4110032362459547,0.0,0.0,0.0,0.0,0.0,0.0,0.0,0.0,0.0,0.0,0.20879541108986616,0.5889967637540453
威海,2021,2693,1035,0.1663572224285184,0.43285024154589374,0.0,0.0,0.0,0.0,0.0,0.0,0.0,0.0,0.0,0.0,0.21797252135165243,0.5671497584541063
威海,2022,2841,1304,0.16050686378035903,0.3496932515337423,0.0,0.0,0.0,0.0,0.0,0.0,0.007039774727208729,0.015337423312883436,0.0,0.0,0.2914466737064414,0.6349693251533742
威海,2023,3377,1450,0.1992893100384957,0.46413793103448275,0.0,0.0,0.0,0.0,0.0,0.0,0.008587503701510216,0.02,0.005626295528575659,0.01310344827586207,0.21587207580692921,0.5027586206896552
娄底,2008,74,50,0.35135135135135137,0.52,0.0,0.0,0.0,0.0,0.32432432432432434,0.48,0.0,0.0,0.0,0.0,0.0,0.0
娄底,2009,76,54,0.3815789473684211,0.5370370370370371,0.0,0.0,0.0,0.0,0.27631578947368424,0.3888888888888889,0.0,0.0,0.0,0.0,0.05263157894736842,0.07407407407407407
娄底,2010,86,49,0.20930232558139536,0.3673469387755102,0.0,0.0,0.0,0.0,0.3372093023255814,0.5918367346938775,0.0,0.0,0.0,0.0,0.023255813953488372,0.04081632653061224
娄底,2011,146,87,0.4589041095890411,0.7701149425287356,0.0,0.0,0.0,0.0,0.0958904109589041,0.16091954022988506,0.0,0.0,0.0,0.0,0.0410958904109589,0.06896551724137931
娄底,2012,153,88,0.45098039215686275,0.7840909090909091,0.0,0.0,0.0,0.0,0.08496732026143791,0.14772727272727273,0.0,0.0,0.0,0.0,0.0392156862745098,0.06818181818181818
娄底,2013,142,77,0.33098591549295775,0.6103896103896104,0.0,0.0,0.0,0.0,0.09859154929577464,0.18181818181818182,0.0,0.0,0.0,0.0,0.11267605633802817,0.2077922077922078
娄底,2014,181,83,0.292817679558011,0.6385542168674698,0.0,0.0,0.0,0.0,0.12154696132596685,0.26506024096385544,0.0,0.0,0.0,0.0,0.04419889502762431,0.0963855421686747
娄底,2015,276,132,0.2753623188405797,0.5757575757575758,0.0,0.0,0.0,0.0,0.08695652173913043,0.18181818181818182,0.0,0.0,0.0,0.0,0.11594202898550725,0.24242424242424243
娄底,2016,238,111,0.18487394957983194,0.3963963963963964,0.0,0.0,0.0,0.0,0.13025210084033614,0.27927927927927926,0.0,0.0,0.0,0.0,0.15126050420168066,0.32432432432432434
娄底,2017,355,151,0.27605633802816903,0.6490066225165563,0.0,0.0,0.0,0.0,0.07887323943661972,0.18543046357615894,0.0,0.0,0.0,0.0,0.07042253521126761,0.16556291390728478
娄底,2018,482,234,0.3049792531120332,0.6282051282051282,0.0,0.0,0.0,0.0,0.043568464730290454,0.08974358974358974,0.0,0.0,0.0,0.0,0.13692946058091288,0.28205128205128205
娄底,2019,654,249,0.2217125382262997,0.5823293172690763,0.0,0.0,0.0,0.0,0.04281345565749235,0.11244979919678715,0.0,0.0,0.0,0.0,0.1162079510703364,0.30522088353413657
娄底,2020,2337,672,0.15575524176294395,0.5416666666666666,0.0,0.0,0.0,0.0,0.0,0.0,0.031664527171587506,0.11011904761904762,0.0,0.0,0.10012836970474968,0.3482142857142857
娄底,2021,586,240,0.29692832764505117,0.725,0.0,0.0,0.0,0.0,0.017064846416382253,0.041666666666666664,0.0,0.0,0.0,0.0,0.09556313993174062,0.23333333333333334
娄底,2022,725,417,0.4689655172413793,0.815347721822542,0.0,0.0,0.0,0.0,0.006896551724137931,0.011990407673860911,0.0,0.0,0.0,0.0,0.0993103448275862,0.17266187050359713
娄底,2023,877,508,0.5039908779931584,0.8700787401574803,0.0,0.0,0.0,0.0,0.0,0.0,0.0,0.0,0.0,0.0,0.07525655644241733,0.12992125984251968
孝感,2008,72,44,0.4583333333333333,0.75,0.0,0.0,0.0,0.0,0.09722222222222222,0.1590909090909091,0.0,0.0,0.0,0.0,0.05555555555555555,0.09090909090909091
孝感,2009,100,58,0.37,0.6379310344827587,0.0,0.0,0.0,0.0,0.18,0.3103448275862069,0.0,0.0,0.0,0.0,0.03,0.05172413793103448
孝感,2010,168,86,0.4583333333333333,0.8953488372093024,0.0,0.0,0.0,0.0,0.041666666666666664,0.08139534883720931,0.0,0.0,0.0,0.0,0.011904761904761904,0.023255813953488372
孝感,2011,223,125,0.4798206278026906,0.856,0.0,0.0,0.0,0.0,0.03139013452914798,0.056,0.0,0.0,0.013452914798206279,0.024,0.03587443946188341,0.064
孝感,2012,267,153,0.5543071161048689,0.9673202614379085,0.0,0.0,0.0,0.0,0.0,0.0,0.0,0.0,0.018726591760299626,0.032679738562091505,0.0,0.0
孝感,2013,385,185,0.34285714285714286,0.7135135135135136,0.0,0.0,0.0,0.0,0.09350649350649351,0.1945945945945946,0.0,0.0,0.023376623376623377,0.04864864864864865,0.02077922077922078,0.043243243243243246
孝感,2014,477,274,0.4549266247379455,0.791970802919708,0.0,0.0,0.0,0.0,0.0440251572327044,0.07664233576642336,0.0,0.0,0.031446540880503145,0.05474452554744526,0.0440251572327044,0.07664233576642336
孝感,2015,792,421,0.44696969696969696,0.8408551068883611,0.0,0.0,0.0,0.0,0.03535353535353535,0.0665083135391924,0.0,0.0,0.01893939393939394,0.035629453681710214,0.030303030303030304,0.057007125890736345
孝感,2016,1406,713,0.41607396870554764,0.820476858345021,0.0,0.0,0.0,0.0,0.03485064011379801,0.06872370266479663,0.0,0.0,0.01422475106685633,0.028050490883590462,0.041963015647226175,0.08274894810659186
孝感,2017,2737,908,0.2601388381439532,0.7841409691629956,0.0,0.0,0.0,0.0,0.0,0.0,0.0,0.0,0.0,0.0,0.07161125319693094,0.21585903083700442
孝感,2018,2353,705,0.2154696132596685,0.7191489361702128,0.0,0.0,0.0,0.0,0.0208244793880153,0.06950354609929078,0.011049723756906077,0.03687943262411347,0.009774755631109222,0.032624113475177303,0.042498937526561836,0.14184397163120568
孝感,2019,1127,539,0.3895297249334516,0.8144712430426716,0.0,0.0,0.0,0.0,0.0,0.0,0.0,0.0,0.02129547471162378,0.04452690166975881,0.06743566992014197,0.14100185528756956
孝感,2020,1498,604,0.33978638184245663,0.8427152317880795,0.0,0.0,0.0,0.0,0.0,0.0,0.0,0.0,0.022029372496662217,0.054635761589403975,0.04138851802403204,0.10264900662251655
孝感,2021,1167,632,0.4712939160239931,0.870253164556962,0.0,0.0,0.0,0.0,0.0,0.0,0.0,0.0,0.0,0.0,0.0702656383890317,0.12974683544303797
孝感,2022,1240,704,0.4661290322580645,0.8210227272727273,0.0,0.0,0.0,0.0,0.0,0.0,0.0,0.0,0.0,0.0,0.10161290322580645,0.17897727272727273
孝感,2023,1481,794,0.46522619851451724,0.8677581863979849,0.0,0.0,0.0,0.0,0.0,0.0,0.0,0.0,0.0,0.0,0.07089804186360567,0.13224181360201512
宁德,2008,39,31,0.1794871794871795,0.22580645161290322,0.0,0.0,0.0,0.0,0.6153846153846154,0.7741935483870968,0.0,0.0,0.0,0.0,0.0,0.0
宁德,2009,68,45,0.07352941176470588,0.1111111111111111,0.0,0.0,0.0,0.0,0.5882352941176471,0.8888888888888888,0.0,0.0,0.0,0.0,0.0,0.0
宁德,2010,112,64,0.25892857142857145,0.453125,0.0,0.0,0.0,0.0,0.3125,0.546875,0.0,0.0,0.0,0.0,0.0,0.0
宁德,2011,183,90,0.32786885245901637,0.6666666666666666,0.0,0.0,0.0,0.0,0.12021857923497267,0.24444444444444444,0.0,0.0,0.01639344262295082,0.03333333333333333,0.0273224043715847,0.05555555555555555
宁德,2012,309,169,0.459546925566343,0.8402366863905325,0.0,0.0,0.0,0.0,0.07766990291262135,0.14201183431952663,0.0,0.0,0.009708737864077669,0.01775147928994083,0.0,0.0
宁德,2013,311,150,0.2861736334405145,0.5933333333333334,0.0,0.0,0.0,0.0,0.14790996784565916,0.30666666666666664,0.0,0.0,0.028938906752411574,0.06,0.01929260450160772,0.04
宁德,2014,390,216,0.47692307692307695,0.8611111111111112,0.0,0.0,0.0,0.0,0.06666666666666667,0.12037037037037036,0.0,0.0,0.010256410256410256,0.018518518518518517,0.0,0.0
宁德,2015,460,257,0.41304347826086957,0.7392996108949417,0.0,0.0,0.0,0.0,0.0891304347826087,0.15953307392996108,0.0,0.0,0.015217391304347827,0.027237354085603113,0.041304347826086954,0.07392996108949416
宁德,2016,922,671,0.6301518438177874,0.8658718330849479,0.0,0.0,0.0,0.0,0.005422993492407809,0.007451564828614009,0.0,0.0,0.031453362255965296,0.043219076005961254,0.06073752711496746,0.08345752608047691
宁德,2017,1073,777,0.6048462255358807,0.8352638352638353,0.0,0.0,0.0,0.0,0.016775396085740912,0.023166023166023165,0.0,0.0,0.0195712954333644,0.02702702702702703,0.08294501397949673,0.11454311454311454
宁德,2018,1438,915,0.5187760778859527,0.8153005464480875,0.0,0.0,0.0,0.0,0.0458970792767733,0.07213114754098361,0.0,0.0,0.01043115438108484,0.01639344262295082,0.061196105702364396,0.09617486338797815
宁德,2019,1246,836,0.5987158908507223,0.8923444976076556,0.0,0.0,0.006420545746388443,0.009569377990430622,0.028089887640449437,0.041866028708133975,0.0,0.0,0.0,0.0,0.0377207062600321,0.056220095693779906
宁德,2020,1549,1179,0.6881859264041317,0.904156064461408,0.0,0.0,0.009683666881859263,0.01272264631043257,0.02194964493221433,0.02883799830364716,0.0,0.0,0.0,0.0,0.04131697869593286,0.0542832909245123
宁德,2021,2718,2281,0.8072111846946284,0.9618588338448049,0.0,0.0,0.012877115526122149,0.015344147303814117,0.0,0.0,0.0,0.0,0.0,0.0,0.01913171449595291,0.022797018851380975
宁德,2022,3733,3252,0.8523975354942406,0.9784747847478474,0.0,0.0,0.005357621216180016,0.006150061500615006,0.0,0.0,0.0,0.0,0.0,0.0,0.01339405304045004,0.015375153751537515
宁德,2023,4681,4149,0.880153813287759,0.9930103639431188,0.0,0.0,0.0,0.0,0.0,0.0,0.0,0.0,0.0,0.0,0.00619525742362743,0.0069896360568811764
宁波,2008,1890,453,0.06613756613756613,0.27593818984547464,0.0,0.0,0.0,0.0,0.06349206349206349,0.26490066225165565,0.0,0.0,0.031746031746031744,0.13245033112582782,0.07830687830687831,0.32671081677704195
宁波,2009,2542,636,0.03776553894571204,0.1509433962264151,0.0,0.0,0.0,0.0,0.08418568056648308,0.33647798742138363,0.0,0.0,0.03776553894571204,0.1509433962264151,0.0904799370574351,0.36163522012578614
宁波,2010,2755,641,0.054083484573502726,0.23244929797191888,0.0,0.0,0.0,0.0,0.049364791288566245,0.2121684867394696,0.0,0.0,0.047912885662431945,0.2059282371294852,0.08130671506352087,0.3494539781591264
宁波,2011,3996,1057,0.08183183183183183,0.3093661305581835,0.0,0.0,0.0,0.0,0.01001001001001001,0.03784295175023652,0.010760760760760761,0.04068117313150426,0.0523023023023023,0.1977294228949858,0.10960960960960961,0.41438032166508987
宁波,2012,6522,1238,0.060410916896657466,0.3182552504038772,0.0,0.0,0.0,0.0,0.017479300827966882,0.09208400646203554,0.004599816007359705,0.024232633279483037,0.03741183685985894,0.19709208400646203,0.06991720331186753,0.3683360258481422
宁波,2013,9348,1860,0.06044073598630723,0.30376344086021506,0.0,0.0,0.0,0.0,0.03605049208386821,0.18118279569892473,0.003958065896448438,0.01989247311827957,0.0279204107830552,0.1403225806451613,0.07060333761232349,0.3548387096774194
宁波,2014,10232,1789,0.05971462079749804,0.34153158188932364,0.0,0.0,0.0,0.0,0.004104769351055512,0.023476802683063163,0.0,0.0,0.03508600469116497,0.20067076579094467,0.07593823299452697,0.4343208496366685
宁波,2015,13416,2452,0.06164281454979129,0.33727569331158236,0.0,0.0,0.0,0.0,0.024299344066785928,0.132952691680261,0.0,0.0,0.024821109123434704,0.13580750407830341,0.0720035778175313,0.3939641109298532
宁波,2016,15985,3006,0.06349702846418517,0.33765801729873585,0.0,0.0,0.0,0.0,0.04867062871441977,0.2588157019294744,0.0,0.0,0.02158273381294964,0.11477045908183632,0.05430090710040663,0.28875582168995345
宁波,2017,21515,4361,0.14055310248663724,0.6934189406099518,0.0,0.0,0.0,0.0,0.0,0.0,0.0,0.0,0.024262142691145714,0.11969731712909883,0.03788054845456658,0.18688374226094934
宁波,2018,23583,5181,0.15430606793028875,0.7023740590619572,0.0,0.0,0.0,0.0,0.00695416189628122,0.031654120826095346,0.0,0.0,0.019929610312513252,0.09071607797722447,0.038502310986727725,0.17525574213472303
宁波,2019,19717,5618,0.20723233757671045,0.7273050907796369,0.0,0.0,0.0,0.0,0.005528224374904904,0.01940192239231043,0.0,0.0,0.022011462189988337,0.07725169099323603,0.05015976061266927,0.17604129583481667
宁波,2020,22934,5487,0.1763320833696695,0.7370147621651175,0.0,0.0,0.0,0.0,0.0,0.0,0.0,0.0,0.018967471875817564,0.07927829414980864,0.04395221069154966,0.18370694368507381
宁波,2021,20230,5284,0.16836381611468115,0.6445874337623013,0.0,0.0,0.005239742956005932,0.020060560181680544,0.0,0.0,0.0,0.0,0.03336628769154721,0.1277441332323997,0.05422639644092931,0.20760787282361848
宁波,2022,20286,6222,0.19831410825199644,0.6465766634522662,0.0,0.0,0.013999802819678596,0.045644487303117966,0.0,0.0,0.0,0.0,0.034802326727792564,0.11346833815493411,0.059597752144336,0.19431051108968178
宁波,2023,21186,6546,0.2066458982346833,0.6688053773296669,0.0,0.0,0.0,0.0,0.0,0.0,0.004531294250920419,0.01466544454628781,0.049183423015198714,0.1591811793461656,0.04861701123383366,0.1573479987778796
安庆,2008,37,24,0.40540540540540543,0.625,0.0,0.0,0.02702702702702703,0.041666666666666664,0.21621621621621623,0.3333333333333333,0.0,0.0,0.0,0.0,0.0,0.0
安庆,2009,78,46,0.23076923076923078,0.391304347826087,0.0,0.0,0.0,0.0,0.3333333333333333,0.5652173913043478,0.0,0.0,0.0,0.0,0.02564102564102564,0.043478260869565216
安庆,2010,117,60,0.46153846153846156,0.9,0.0,0.0,0.0,0.0,0.05128205128205128,0.1,0.0,0.0,0.0,0.0,0.0,0.0
安庆,2011,185,86,0.43243243243243246,0.9302325581395349,0.0,0.0,0.0,0.0,0.032432432432432434,0.06976744186046512,0.0,0.0,0.0,0.0,0.0,0.0
安庆,2012,262,121,0.37786259541984735,0.8181818181818182,0.0,0.0,0.0,0.0,0.08396946564885496,0.18181818181818182,0.0,0.0,0.0,0.0,0.0,0.0
安庆,2013,1230,477,0.33414634146341465,0.8616352201257862,0.0,0.0,0.0,0.0,0.044715447154471545,0.11530398322851153,0.00894308943089431,0.023060796645702306,0.0,0.0,0.0,0.0
安庆,2014,2441,719,0.1614092585006145,0.5479833101529903,0.0,0.0,0.0,0.0,0.12044244162228594,0.4089012517385257,0.0,0.0,0.0,0.0,0.012699713232281851,0.043115438108484005
安庆,2015,6056,1070,0.13622853368560106,0.7710280373831776,0.0,0.0,0.0,0.0,0.031208718626155877,0.1766355140186916,0.0,0.0,0.0,0.0,0.009247027741083224,0.052336448598130844
安庆,2016,10985,1176,0.0811106053709604,0.7576530612244898,0.0,0.0,0.0,0.0,0.020755575785161583,0.19387755102040816,0.0,0.0,0.0,0.0,0.005188893946290396,0.04846938775510204
安庆,2017,4557,734,0.11652402896642527,0.723433242506812,0.0,0.0,0.0,0.0,0.020847048496818083,0.12942779291553133,0.0,0.0,0.0,0.0,0.02369980250164582,0.14713896457765668
安庆,2018,5775,794,0.11982683982683982,0.871536523929471,0.0,0.0,0.0,0.0,0.004675324675324675,0.03400503778337532,0.0,0.0,0.0,0.0,0.012987012987012988,0.09445843828715365
安庆,2019,3200,717,0.19875,0.8870292887029289,0.0,0.0,0.0,0.0,0.0,0.0,0.0,0.0,0.0,0.0,0.0253125,0.11297071129707113
安庆,2020,4041,507,0.09873793615441723,0.7869822485207101,0.0,0.0,0.0,0.0,0.0056916604800791885,0.045364891518737675,0.0,0.0,0.0,0.0,0.02103439742637961,0.16765285996055226
安庆,2021,3096,398,0.10562015503875968,0.821608040201005,0.0,0.0,0.0,0.0,0.0,0.0,0.0,0.0,0.0,0.0,0.0229328165374677,0.17839195979899497
安庆,2022,2506,483,0.15003990422984836,0.7784679089026915,0.0,0.0,0.0,0.0,0.0,0.0,0.0,0.0,0.006783719074221868,0.035196687370600416,0.035913806863527534,0.18633540372670807
安庆,2023,2538,626,0.1698187549251379,0.6884984025559105,0.0,0.0,0.0,0.0,0.0,0.0,0.0,0.0,0.01103230890464933,0.04472843450479233,0.06579984239558707,0.26677316293929715
安康,2008,11,11,0.18181818181818182,0.18181818181818182,0.0,0.0,0.0,0.0,0.6363636363636364,0.6363636363636364,0.09090909090909091,0.09090909090909091,0.09090909090909091,0.09090909090909091,0.0,0.0
安康,2009,26,26,0.2692307692307692,0.2692307692307692,0.0,0.0,0.0,0.0,0.5769230769230769,0.5769230769230769,0.038461538461538464,0.038461538461538464,0.07692307692307693,0.07692307692307693,0.038461538461538464,0.038461538461538464
安康,2010,22,22,0.5909090909090909,0.5909090909090909,0.0,0.0,0.0,0.0,0.2727272727272727,0.2727272727272727,0.045454545454545456,0.045454545454545456,0.0,0.0,0.09090909090909091,0.09090909090909091
安康,2011,28,27,0.21428571428571427,0.2222222222222222,0.0,0.0,0.0,0.0,0.6785714285714286,0.7037037037037037,0.0,0.0,0.0,0.0,0.07142857142857142,0.07407407407407407
安康,2012,23,23,0.34782608695652173,0.34782608695652173,0.0,0.0,0.0,0.0,0.5652173913043478,0.5652173913043478,0.043478260869565216,0.043478260869565216,0.043478260869565216,0.043478260869565216,0.0,0.0
安康,2013,42,36,0.40476190476190477,0.4722222222222222,0.0,0.0,0.0,0.0,0.2857142857142857,0.3333333333333333,0.0,0.0,0.07142857142857142,0.08333333333333333,0.09523809523809523,0.1111111111111111
安康,2014,53,43,0.2641509433962264,0.32558139534883723,0.0,0.0,0.0,0.0,0.49056603773584906,0.6046511627906976,0.0,0.0,0.0,0.0,0.05660377358490566,0.06976744186046512
安康,2015,52,38,0.2692307692307692,0.3684210526315789,0.0,0.0,0.0,0.0,0.23076923076923078,0.3157894736842105,0.0,0.0,0.019230769230769232,0.02631578947368421,0.21153846153846154,0.2894736842105263
安康,2016,96,70,0.40625,0.5571428571428572,0.0,0.0,0.0,0.0,0.21875,0.3,0.010416666666666666,0.014285714285714285,0.0,0.0,0.09375,0.12857142857142856
安康,2017,180,94,0.2,0.3829787234042553,0.0,0.0,0.0,0.0,0.2222222222222222,0.425531914893617,0.0,0.0,0.044444444444444446,0.0851063829787234,0.05555555555555555,0.10638297872340426
安康,2018,284,136,0.2535211267605634,0.5294117647058824,0.0,0.0,0.0,0.0,0.08450704225352113,0.17647058823529413,0.0,0.0,0.04225352112676056,0.08823529411764706,0.09859154929577464,0.20588235294117646
安康,2019,161,92,0.11180124223602485,0.1956521739130435,0.0,0.0,0.024844720496894408,0.043478260869565216,0.21739130434782608,0.3804347826086957,0.0,0.0,0.0,0.0,0.21739130434782608,0.3804347826086957
安康,2020,237,92,0.08860759493670886,0.22826086956521738,0.0,0.0,0.012658227848101266,0.03260869565217391,0.18143459915611815,0.4673913043478261,0.0,0.0,0.05063291139240506,0.13043478260869565,0.05485232067510549,0.14130434782608695
安康,2021,248,101,0.13709677419354838,0.33663366336633666,0.0,0.0,0.0,0.0,0.14516129032258066,0.3564356435643564,0.0,0.0,0.024193548387096774,0.0594059405940594,0.10080645161290322,0.24752475247524752
安康,2022,297,123,0.13131313131313133,0.3170731707317073,0.0,0.0,0.03367003367003367,0.08130081300813008,0.06060606060606061,0.14634146341463414,0.03367003367003367,0.08130081300813008,0.07744107744107744,0.18699186991869918,0.07744107744107744,0.18699186991869918
安康,2023,241,124,0.3278008298755187,0.6370967741935484,0.0,0.0,0.058091286307053944,0.11290322580645161,0.0,0.0,0.012448132780082987,0.024193548387096774,0.04564315352697095,0.08870967741935484,0.07053941908713693,0.13709677419354838
安阳,2008,186,76,0.13440860215053763,0.32894736842105265,0.0,0.0,0.0,0.0,0.26344086021505375,0.6447368421052632,0.0,0.0,0.010752688172043012,0.02631578947368421,0.0,0.0
安阳,2009,207,95,0.13526570048309178,0.29473684210526313,0.0,0.0,0.0,0.0,0.25120772946859904,0.5473684210526316,0.0,0.0,0.07246376811594203,0.15789473684210525,0.0,0.0
安阳,2010,180,79,0.22777777777777777,0.5189873417721519,0.0,0.0,0.0,0.0,0.13333333333333333,0.3037974683544304,0.0,0.0,0.06666666666666667,0.1518987341772152,0.011111111111111112,0.02531645569620253
安阳,2011,308,129,0.275974025974026,0.6589147286821705,0.0,0.0,0.0,0.0,0.08766233766233766,0.20930232558139536,0.0,0.0,0.05519480519480519,0.13178294573643412,0.0,0.0
安阳,2012,415,164,0.2457831325301205,0.6219512195121951,0.0,0.0,0.0,0.0,0.07710843373493977,0.1951219512195122,0.0,0.0,0.06265060240963856,0.15853658536585366,0.00963855421686747,0.024390243902439025
安阳,2013,552,195,0.1793478260869565,0.5076923076923077,0.0,0.0,0.0,0.0,0.07065217391304347,0.2,0.0,0.0,0.07789855072463768,0.2205128205128205,0.025362318840579712,0.07179487179487179
安阳,2014,460,207,0.16304347826086957,0.36231884057971014,0.0,0.0,0.0,0.0,0.06304347826086956,0.14009661835748793,0.010869565217391304,0.024154589371980676,0.12608695652173912,0.28019323671497587,0.08695652173913043,0.1932367149758454
安阳,2015,450,234,0.18666666666666668,0.358974358974359,0.0,0.0,0.0,0.0,0.02,0.038461538461538464,0.008888888888888889,0.017094017094017096,0.12666666666666668,0.24358974358974358,0.17777777777777778,0.3418803418803419
安阳,2016,670,316,0.20597014925373133,0.43670886075949367,0.0,0.0,0.0,0.0,0.05970149253731343,0.12658227848101267,0.0,0.0,0.08955223880597014,0.189873417721519,0.11641791044776119,0.2468354430379747
安阳,2017,682,357,0.13196480938416422,0.25210084033613445,0.0,0.0,0.0,0.0,0.12609970674486803,0.24089635854341737,0.0,0.0,0.11730205278592376,0.22408963585434175,0.14809384164222875,0.28291316526610644
安阳,2018,878,511,0.24259681093394078,0.41682974559686886,0.0,0.0,0.0,0.0,0.014806378132118452,0.025440313111545987,0.0,0.0,0.13439635535307518,0.2309197651663405,0.19020501138952164,0.3268101761252446
安阳,2019,936,597,0.25854700854700857,0.4053601340033501,0.0,0.0,0.0,0.0,0.019230769230769232,0.03015075376884422,0.0,0.0,0.12606837606837606,0.19765494137353434,0.23397435897435898,0.36683417085427134
安阳,2020,1222,562,0.2430441898527005,0.5284697508896797,0.0,0.0,0.0,0.0,0.007364975450081833,0.01601423487544484,0.0,0.0,0.05973813420621931,0.1298932384341637,0.1497545008183306,0.32562277580071175
安阳,2021,1028,447,0.26459143968871596,0.6085011185682326,0.0,0.0,0.011673151750972763,0.026845637583892617,0.006809338521400778,0.015659955257270694,0.0,0.0,0.042801556420233464,0.09843400447427293,0.10894941634241245,0.2505592841163311
安阳,2022,1193,632,0.2917015926236379,0.5506329113924051,0.0,0.0,0.05280804694048617,0.09968354430379747,0.0,0.0,0.0,0.0,0.0586756077116513,0.11075949367088607,0.12657166806370496,0.2389240506329114
安阳,2023,1123,659,0.40338379341050756,0.6874051593323217,0.0,0.0,0.0,0.0,0.0,0.0,0.0,0.0,0.05431878895814782,0.09256449165402124,0.12911843276936777,0.22003034901365706
安顺,2008,38,38,0.7105263157894737,0.7105263157894737,0.0,0.0,0.0,0.0,0.2894736842105263,0.2894736842105263,0.0,0.0,0.0,0.0,0.0,0.0
安顺,2009,85,72,0.7176470588235294,0.8472222222222222,0.0,0.0,0.0,0.0,0.08235294117647059,0.09722222222222222,0.011764705882352941,0.013888888888888888,0.03529411764705882,0.041666666666666664,0.0,0.0
安顺,2010,63,54,0.6984126984126984,0.8148148148148148,0.0,0.0,0.0,0.0,0.15873015873015872,0.18518518518518517,0.0,0.0,0.0,0.0,0.0,0.0
安顺,2011,61,54,0.7868852459016393,0.8888888888888888,0.0,0.0,0.0,0.0,0.09836065573770492,0.1111111111111111,0.0,0.0,0.0,0.0,0.0,0.0
安顺,2012,196,171,0.7448979591836735,0.8538011695906432,0.0,0.0,0.0,0.0,0.10714285714285714,0.12280701754385964,0.02040816326530612,0.023391812865497075,0.0,0.0,0.0,0.0
安顺,2013,227,138,0.5638766519823789,0.927536231884058,0.0,0.0,0.0,0.0,0.00881057268722467,0.014492753623188406,0.022026431718061675,0.036231884057971016,0.013215859030837005,0.021739130434782608,0.0,0.0
安顺,2014,380,254,0.6157894736842106,0.9212598425196851,0.0,0.0,0.0,0.0,0.0,0.0,0.039473684210526314,0.05905511811023622,0.0,0.0,0.013157894736842105,0.01968503937007874
安顺,2015,381,271,0.6719160104986877,0.9446494464944649,0.0,0.0,0.0,0.0,0.0,0.0,0.023622047244094488,0.033210332103321034,0.0,0.0,0.015748031496062992,0.02214022140221402
安顺,2016,719,346,0.3616133518776078,0.7514450867052023,0.0,0.0,0.0,0.0,0.08623087621696801,0.1791907514450867,0.03337969401947149,0.06936416184971098,0.0,0.0,0.0,0.0
安顺,2017,908,332,0.3039647577092511,0.8313253012048193,0.0,0.0,0.0,0.0,0.0,0.0,0.06167400881057269,0.1686746987951807,0.0,0.0,0.0,0.0
安顺,2018,1077,329,0.2776230269266481,0.9088145896656535,0.0,0.0,0.0,0.0,0.013927576601671309,0.04559270516717325,0.013927576601671309,0.04559270516717325,0.0,0.0,0.0,0.0
安顺,2019,373,172,0.40482573726541554,0.877906976744186,0.0,0.0,0.0,0.0,0.013404825737265416,0.029069767441860465,0.0,0.0,0.021447721179624665,0.046511627906976744,0.021447721179624665,0.046511627906976744
安顺,2020,626,284,0.40894568690095845,0.9014084507042254,0.0,0.0,0.0,0.0,0.0,0.0,0.011182108626198083,0.02464788732394366,0.019169329073482427,0.04225352112676056,0.01437699680511182,0.03169014084507042
安顺,2021,443,225,0.44243792325056436,0.8711111111111111,0.0,0.0,0.0,0.0,0.03611738148984198,0.07111111111111111,0.0,0.0,0.0,0.0,0.029345372460496615,0.057777777777777775
安顺,2022,346,198,0.5260115606936416,0.9191919191919192,0.0,0.0,0.0,0.0,0.0,0.0,0.0,0.0,0.0,0.0,0.046242774566473986,0.08080808080808081
安顺,2023,508,305,0.49803149606299213,0.8295081967213115,0.0,0.0,0.03543307086614173,0.05901639344262295,0.0,0.0,0.0,0.0,0.015748031496062992,0.02622950819672131,0.051181102362204724,0.08524590163934426
定安,2017,1,1,1.0,1.0,0.0,0.0,0.0,0.0,0.0,0.0,0.0,0.0,0.0,0.0,0.0,0.0
定安,2018,2,2,1.0,1.0,0.0,0.0,0.0,0.0,0.0,0.0,0.0,0.0,0.0,0.0,0.0,0.0
定安,2019,1,1,1.0,1.0,0.0,0.0,0.0,0.0,0.0,0.0,0.0,0.0,0.0,0.0,0.0,0.0
定安,2021,1,1,0.0,0.0,0.0,0.0,0.0,0.0,1.0,1.0,0.0,0.0,0.0,0.0,0.0,0.0
定安,2022,7,7,0.8571428571428571,0.8571428571428571,0.0,0.0,0.0,0.0,0.14285714285714285,0.14285714285714285,0.0,0.0,0.0,0.0,0.0,0.0
定安,2023,13,13,0.9230769230769231,0.9230769230769231,0.0,0.0,0.0,0.0,0.07692307692307693,0.07692307692307693,0.0,0.0,0.0,0.0,0.0,0.0
定安县,2008,2,2,0.0,0.0,0.0,0.0,0.0,0.0,0.0,0.0,1.0,1.0,0.0,0.0,0.0,0.0
定安县,2009,1,1,1.0,1.0,0.0,0.0,0.0,0.0,0.0,0.0,0.0,0.0,0.0,0.0,0.0,0.0
定安县,2011,4,4,0.75,0.75,0.0,0.0,0.0,0.0,0.25,0.25,0.0,0.0,0.0,0.0,0.0,0.0
定安县,2012,26,26,1.0,1.0,0.0,0.0,0.0,0.0,0.0,0.0,0.0,0.0,0.0,0.0,0.0,0.0
定安县,2013,11,11,0.7272727272727273,0.7272727272727273,0.0,0.0,0.0,0.0,0.2727272727272727,0.2727272727272727,0.0,0.0,0.0,0.0,0.0,0.0
定安县,2014,6,6,0.8333333333333334,0.8333333333333334,0.0,0.0,0.0,0.0,0.16666666666666666,0.16666666666666666,0.0,0.0,0.0,0.0,0.0,0.0
定安县,2015,2,2,0.0,0.0,0.0,0.0,0.0,0.0,1.0,1.0,0.0,0.0,0.0,0.0,0.0,0.0
定安县,2016,11,11,0.45454545454545453,0.45454545454545453,0.0,0.0,0.0,0.0,0.5454545454545454,0.5454545454545454,0.0,0.0,0.0,0.0,0.0,0.0
定安县,2017,15,15,0.6666666666666666,0.6666666666666666,0.0,0.0,0.0,0.0,0.3333333333333333,0.3333333333333333,0.0,0.0,0.0,0.0,0.0,0.0
定安县,2018,20,20,0.8,0.8,0.0,0.0,0.0,0.0,0.2,0.2,0.0,0.0,0.0,0.0,0.0,0.0
定安县,2019,27,27,0.9629629629629629,0.9629629629629629,0.0,0.0,0.0,0.0,0.037037037037037035,0.037037037037037035,0.0,0.0,0.0,0.0,0.0,0.0
定安县,2020,27,27,0.8518518518518519,0.8518518518518519,0.0,0.0,0.0,0.0,0.14814814814814814,0.14814814814814814,0.0,0.0,0.0,0.0,0.0,0.0
定安县,2021,36,36,0.5,0.5,0.0,0.0,0.0,0.0,0.5,0.5,0.0,0.0,0.0,0.0,0.0,0.0
定安县,2022,17,17,0.9411764705882353,0.9411764705882353,0.0,0.0,0.0,0.0,0.058823529411764705,0.058823529411764705,0.0,0.0,0.0,0.0,0.0,0.0
定安县,2023,22,22,0.9090909090909091,0.9090909090909091,0.0,0.0,0.0,0.0,0.09090909090909091,0.09090909090909091,0.0,0.0,0.0,0.0,0.0,0.0
定西,2008,13,13,0.3076923076923077,0.3076923076923077,0.0,0.0,0.0,0.0,0.6923076923076923,0.6923076923076923,0.0,0.0,0.0,0.0,0.0,0.0
定西,2009,19,19,0.3157894736842105,0.3157894736842105,0.0,0.0,0.0,0.0,0.631578947368421,0.631578947368421,0.05263157894736842,0.05263157894736842,0.0,0.0,0.0,0.0
定西,2010,40,39,0.3,0.3076923076923077,0.025,0.02564102564102564,0.0,0.0,0.6,0.6153846153846154,0.05,0.05128205128205128,0.0,0.0,0.0,0.0
定西,2011,40,30,0.125,0.16666666666666666,0.0,0.0,0.0,0.0,0.6,0.8,0.025,0.03333333333333333,0.0,0.0,0.0,0.0
定西,2012,66,46,0.12121212121212122,0.17391304347826086,0.0,0.0,0.0,0.0,0.5606060606060606,0.8043478260869565,0.015151515151515152,0.021739130434782608,0.0,0.0,0.0,0.0
定西,2013,86,59,0.5348837209302325,0.7796610169491526,0.0,0.0,0.0,0.0,0.09302325581395349,0.13559322033898305,0.05813953488372093,0.0847457627118644,0.0,0.0,0.0,0.0
定西,2014,127,82,0.5826771653543307,0.9024390243902439,0.0,0.0,0.0,0.0,0.031496062992125984,0.04878048780487805,0.015748031496062992,0.024390243902439025,0.015748031496062992,0.024390243902439025,0.0,0.0
定西,2015,81,59,0.4567901234567901,0.6271186440677966,0.0,0.0,0.0,0.0,0.19753086419753085,0.2711864406779661,0.07407407407407407,0.1016949152542373,0.0,0.0,0.0,0.0
定西,2016,146,99,0.3287671232876712,0.48484848484848486,0.0,0.0,0.04794520547945205,0.0707070707070707,0.2534246575342466,0.37373737373737376,0.03424657534246575,0.050505050505050504,0.0136986301369863,0.020202020202020204,0.0,0.0
定西,2017,194,131,0.23195876288659795,0.3435114503816794,0.0,0.0,0.0,0.0,0.42783505154639173,0.6335877862595419,0.015463917525773196,0.022900763358778626,0.0,0.0,0.0,0.0
定西,2018,117,70,0.41025641025641024,0.6857142857142857,0.0,0.0,0.0,0.0,0.17094017094017094,0.2857142857142857,0.017094017094017096,0.02857142857142857,0.0,0.0,0.0,0.0
定西,2019,107,58,0.37383177570093457,0.6896551724137931,0.0,0.0,0.0,0.0,0.12149532710280374,0.22413793103448276,0.0,0.0,0.04672897196261682,0.08620689655172414,0.0,0.0
定西,2020,119,62,0.2605042016806723,0.5,0.0,0.0,0.0,0.0,0.17647058823529413,0.3387096774193548,0.025210084033613446,0.04838709677419355,0.058823529411764705,0.11290322580645161,0.0,0.0
定西,2021,183,81,0.19672131147540983,0.4444444444444444,0.0,0.0,0.03278688524590164,0.07407407407407407,0.10382513661202186,0.2345679012345679,0.0273224043715847,0.06172839506172839,0.08196721311475409,0.18518518518518517,0.0,0.0
定西,2022,181,78,0.292817679558011,0.6794871794871795,0.0,0.0,0.011049723756906077,0.02564102564102564,0.04419889502762431,0.10256410256410256,0.011049723756906077,0.02564102564102564,0.0718232044198895,0.16666666666666666,0.0,0.0
定西,2023,188,91,0.44148936170212766,0.9120879120879121,0.0,0.0,0.0,0.0,0.0,0.0,0.0,0.0,0.026595744680851064,0.054945054945054944,0.015957446808510637,0.03296703296703297
宜兰县,2017,1,1,1.0,1.0,0.0,0.0,0.0,0.0,0.0,0.0,0.0,0.0,0.0,0.0,0.0,0.0
宜兰县,2018,1,1,1.0,1.0,0.0,0.0,0.0,0.0,0.0,0.0,0.0,0.0,0.0,0.0,0.0,0.0
宜兰县,2021,1,1,1.0,1.0,0.0,0.0,0.0,0.0,0.0,0.0,0.0,0.0,0.0,0.0,0.0,0.0
宜兰县,2022,8,8,0.625,0.625,0.0,0.0,0.0,0.0,0.375,0.375,0.0,0.0,0.0,0.0,0.0,0.0
宜兰县,2023,5,5,0.6,0.6,0.0,0.0,0.0,0.0,0.4,0.4,0.0,0.0,0.0,0.0,0.0,0.0
宜宾,2008,81,67,0.6790123456790124,0.8208955223880597,0.0,0.0,0.0,0.0,0.07407407407407407,0.08955223880597014,0.024691358024691357,0.029850746268656716,0.0,0.0,0.04938271604938271,0.05970149253731343
宜宾,2009,54,41,0.5925925925925926,0.7804878048780488,0.0,0.0,0.0,0.0,0.12962962962962962,0.17073170731707318,0.0,0.0,0.018518518518518517,0.024390243902439025,0.018518518518518517,0.024390243902439025
宜宾,2010,82,62,0.5853658536585366,0.7741935483870968,0.0,0.0,0.0,0.0,0.13414634146341464,0.1774193548387097,0.0,0.0,0.0,0.0,0.036585365853658534,0.04838709677419355
宜宾,2011,111,76,0.5765765765765766,0.8421052631578947,0.0,0.0,0.0,0.0,0.05405405405405406,0.07894736842105263,0.0,0.0,0.036036036036036036,0.05263157894736842,0.018018018018018018,0.02631578947368421
宜宾,2012,155,114,0.632258064516129,0.8596491228070176,0.0,0.0,0.0,0.0,0.08387096774193549,0.11403508771929824,0.0,0.0,0.0,0.0,0.01935483870967742,0.02631578947368421
宜宾,2013,401,287,0.4763092269326683,0.6655052264808362,0.0,0.0,0.0,0.0,0.22194513715710723,0.31010452961672474,0.0,0.0,0.0,0.0,0.017456359102244388,0.024390243902439025
宜宾,2014,375,239,0.408,0.6401673640167364,0.0,0.0,0.0,0.0,0.20266666666666666,0.3179916317991632,0.0,0.0,0.0,0.0,0.02666666666666667,0.04184100418410042
宜宾,2015,437,283,0.39359267734553777,0.607773851590106,0.0,0.0,0.0,0.0,0.23569794050343248,0.36395759717314485,0.0,0.0,0.0,0.0,0.018306636155606407,0.028268551236749116
宜宾,2016,579,276,0.35578583765112265,0.7463768115942029,0.0,0.0,0.0,0.0,0.03626943005181347,0.07608695652173914,0.07081174438687392,0.14855072463768115,0.0,0.0,0.013816925734024179,0.028985507246376812
宜宾,2017,641,292,0.36349453978159124,0.797945205479452,0.0,0.0,0.0,0.0,0.0265210608424337,0.05821917808219178,0.0187207488299532,0.0410958904109589,0.0,0.0,0.046801872074883,0.10273972602739725
宜宾,2018,629,268,0.35453100158982515,0.832089552238806,0.0,0.0,0.0,0.0,0.0,0.0,0.02384737678855326,0.055970149253731345,0.0,0.0,0.04769475357710652,0.11194029850746269
宜宾,2019,558,266,0.3906810035842294,0.8195488721804511,0.0,0.0,0.01971326164874552,0.041353383458646614,0.012544802867383513,0.02631578947368421,0.0,0.0,0.0,0.0,0.053763440860215055,0.11278195488721804
宜宾,2020,803,343,0.32627646326276466,0.7638483965014577,0.0,0.0,0.0,0.0,0.033623910336239106,0.07871720116618076,0.0,0.0,0.0,0.0,0.06724782067247821,0.15743440233236153
宜宾,2021,902,437,0.3270509977827051,0.6750572082379863,0.0,0.0,0.0,0.0,0.0,0.0,0.012195121951219513,0.02517162471395881,0.036585365853658534,0.07551487414187644,0.10864745011086474,0.2242562929061785
宜宾,2022,1011,552,0.3857566765578635,0.7065217391304348,0.0,0.0,0.011869436201780416,0.021739130434782608,0.0,0.0,0.0,0.0,0.013847675568743818,0.025362318840579712,0.13452027695351138,0.2463768115942029
宜宾,2023,1292,660,0.42569659442724456,0.8333333333333334,0.0,0.0,0.0,0.0,0.0,0.0,0.0,0.0,0.02244582043343653,0.04393939393939394,0.06269349845201239,0.12272727272727273
宜昌,2008,431,149,0.18561484918793503,0.5369127516778524,0.0,0.0,0.0,0.0,0.1136890951276102,0.3288590604026846,0.0,0.0,0.03248259860788863,0.09395973154362416,0.013921113689095127,0.040268456375838924
宜昌,2009,462,181,0.22294372294372294,0.569060773480663,0.0,0.0,0.008658008658008658,0.022099447513812154,0.017316017316017316,0.04419889502762431,0.0,0.0,0.06277056277056277,0.16022099447513813,0.08008658008658008,0.20441988950276244
宜昌,2010,479,166,0.21294363256784968,0.6144578313253012,0.0,0.0,0.0,0.0,0.022964509394572025,0.06626506024096386,0.0,0.0,0.05636743215031315,0.16265060240963855,0.054279749478079335,0.1566265060240964
宜昌,2011,493,212,0.28600405679513186,0.6650943396226415,0.0,0.0,0.0,0.0,0.02636916835699797,0.06132075471698113,0.0,0.0,0.032454361054766734,0.07547169811320754,0.08519269776876268,0.19811320754716982
宜昌,2012,843,345,0.2835112692763938,0.6927536231884058,0.0,0.0,0.0,0.0,0.0,0.0,0.0,0.0,0.05219454329774614,0.12753623188405797,0.07354685646500593,0.17971014492753623
宜昌,2013,1330,471,0.16917293233082706,0.47770700636942676,0.0,0.0,0.0,0.0,0.02631578947368421,0.07430997876857749,0.0,0.0,0.03984962406015038,0.11252653927813164,0.11879699248120301,0.3354564755838641
宜昌,2014,2008,598,0.1200199203187251,0.40301003344481606,0.0,0.0,0.0,0.0,0.02091633466135458,0.07023411371237458,0.00846613545816733,0.028428093645484948,0.01444223107569721,0.048494983277591976,0.1339641434262948,0.4498327759197324
宜昌,2015,2054,754,0.10516066212268745,0.2864721485411141,0.0,0.0,0.0,0.0,0.03602726387536514,0.09814323607427056,0.0,0.0,0.029211295034079845,0.07957559681697612,0.1966893865628043,0.5358090185676393
宜昌,2016,3641,867,0.03048613018401538,0.12802768166089964,0.0,0.0,0.0,0.0,0.05547926393847844,0.23298731257208766,0.0,0.0,0.025267783575940676,0.1061130334486736,0.1268882175226586,0.532871972318339
宜昌,2017,3911,1134,0.10636665814369727,0.36684303350970016,0.0,0.0,0.0,0.0,0.040398874968038866,0.13932980599647266,0.0,0.0,0.01150600869342879,0.03968253968253968,0.1316798772692406,0.4541446208112875
宜昌,2018,3187,1239,0.1295889551302165,0.3333333333333333,0.0,0.0,0.0072168183244430495,0.018563357546408393,0.021022905553812362,0.05407586763518967,0.0,0.0,0.01882648258550361,0.048426150121065374,0.212111703796674,0.5456012913640033
宜昌,2019,2131,1304,0.2036602534021586,0.3328220858895706,0.0,0.0,0.0,0.0,0.005631159080244017,0.009202453987730062,0.0,0.0,0.0,0.0,0.4026278742374472,0.6579754601226994
宜昌,2020,2184,1105,0.21382783882783882,0.42262443438914027,0.033424908424908424,0.0660633484162896,0.0,0.0,0.0,0.0,0.0,0.0,0.0,0.0,0.2586996336996337,0.5113122171945701
宜昌,2021,2736,1526,0.22039473684210525,0.3951507208387942,0.011330409356725146,0.020314547837483616,0.0,0.0,0.0,0.0,0.0,0.0,0.034722222222222224,0.062254259501965926,0.2913011695906433,0.5222804718217562
宜昌,2022,3298,2038,0.19708914493632504,0.31894013738959764,0.012734990903577926,0.020608439646712464,0.0,0.0,0.0,0.0,0.0,0.0,0.04639175257731959,0.07507360157016683,0.36173438447543965,0.585377821393523
宜昌,2023,3555,2325,0.23459915611814347,0.35870967741935483,0.02362869198312236,0.03612903225806452,0.0,0.0,0.0,0.0,0.0,0.0,0.06638537271448663,0.10150537634408602,0.32939521800281296,0.5036559139784946
宜春,2008,76,51,0.039473684210526314,0.058823529411764705,0.0,0.0,0.0,0.0,0.4342105263157895,0.6470588235294118,0.0,0.0,0.0,0.0,0.19736842105263158,0.29411764705882354
宜春,2009,90,57,0.36666666666666664,0.5789473684210527,0.0,0.0,0.0,0.0,0.26666666666666666,0.42105263157894735,0.0,0.0,0.0,0.0,0.0,0.0
宜春,2010,118,63,0.3898305084745763,0.7301587301587301,0.0,0.0,0.0,0.0,0.1440677966101695,0.2698412698412698,0.0,0.0,0.0,0.0,0.0,0.0
宜春,2011,226,100,0.3230088495575221,0.73,0.0,0.0,0.0,0.0,0.10619469026548672,0.24,0.0,0.0,0.0,0.0,0.01327433628318584,0.03
宜春,2012,184,77,0.29347826086956524,0.7012987012987013,0.0,0.0,0.0,0.0,0.10869565217391304,0.2597402597402597,0.0,0.0,0.0,0.0,0.016304347826086956,0.03896103896103896
宜春,2013,208,90,0.34134615384615385,0.7888888888888889,0.0,0.0,0.0,0.0,0.08173076923076923,0.18888888888888888,0.009615384615384616,0.022222222222222223,0.0,0.0,0.0,0.0
宜春,2014,323,136,0.28792569659442724,0.6838235294117647,0.0,0.0,0.0,0.0,0.07120743034055728,0.16911764705882354,0.0,0.0,0.0,0.0,0.06191950464396285,0.14705882352941177
宜春,2015,349,134,0.19484240687679083,0.5074626865671642,0.0,0.0,0.0,0.0,0.1518624641833811,0.39552238805970147,0.0,0.0,0.0,0.0,0.03724928366762178,0.09701492537313433
宜春,2016,681,348,0.44052863436123346,0.8620689655172413,0.0,0.0,0.0,0.0,0.01908957415565345,0.03735632183908046,0.0,0.0,0.0,0.0,0.0513950073421439,0.10057471264367816
宜春,2017,812,303,0.2672413793103448,0.7161716171617162,0.0,0.0,0.0,0.0,0.07881773399014778,0.21122112211221122,0.0,0.0,0.0,0.0,0.027093596059113302,0.07260726072607261
宜春,2018,1116,393,0.25806451612903225,0.732824427480916,0.0,0.0,0.0,0.0,0.008960573476702509,0.02544529262086514,0.0,0.0,0.02867383512544803,0.08142493638676845,0.056451612903225805,0.16030534351145037
宜春,2019,899,338,0.27474972191323693,0.7307692307692307,0.0,0.0,0.0,0.0,0.05784204671857619,0.15384615384615385,0.0,0.0,0.0,0.0,0.04338153503893215,0.11538461538461539
宜春,2020,1375,316,0.1781818181818182,0.7753164556962026,0.0,0.0,0.0,0.0,0.029818181818181817,0.12974683544303797,0.0,0.0,0.0,0.0,0.02181818181818182,0.0949367088607595
宜春,2021,1567,386,0.21825143586470963,0.8860103626943006,0.0,0.0,0.0,0.0,0.0,0.0,0.0,0.0,0.0,0.0,0.028079132099553285,0.11398963730569948
宜春,2022,2288,536,0.20935314685314685,0.8936567164179104,0.0,0.0,0.0,0.0,0.0,0.0,0.0,0.0,0.0,0.0,0.024912587412587412,0.10634328358208955
宜春,2023,2377,463,0.15902397980647875,0.816414686825054,0.0,0.0,0.0,0.0,0.0,0.0,0.0,0.0,0.010096760622633571,0.05183585313174946,0.02566259991586033,0.13174946004319654
宝鸡,2008,112,65,0.26785714285714285,0.46153846153846156,0.0,0.0,0.008928571428571428,0.015384615384615385,0.30357142857142855,0.5230769230769231,0.0,0.0,0.0,0.0,0.0,0.0
宝鸡,2009,136,69,0.36764705882352944,0.7246376811594203,0.0,0.0,0.0,0.0,0.125,0.2463768115942029,0.014705882352941176,0.028985507246376812,0.0,0.0,0.0,0.0
宝鸡,2010,160,76,0.3125,0.6578947368421053,0.0,0.0,0.0,0.0,0.1625,0.34210526315789475,0.0,0.0,0.0,0.0,0.0,0.0
宝鸡,2011,227,123,0.4801762114537445,0.8861788617886179,0.0,0.0,0.0,0.0,0.039647577092511016,0.07317073170731707,0.022026431718061675,0.04065040650406504,0.0,0.0,0.0,0.0
宝鸡,2012,328,171,0.3353658536585366,0.6432748538011696,0.0,0.0,0.0,0.0,0.18597560975609756,0.3567251461988304,0.0,0.0,0.0,0.0,0.0,0.0
宝鸡,2013,379,179,0.42480211081794195,0.8994413407821229,0.0,0.0,0.0,0.0,0.0395778364116095,0.08379888268156424,0.0,0.0,0.0079155672823219,0.01675977653631285,0.0,0.0
宝鸡,2014,516,226,0.3313953488372093,0.7566371681415929,0.0,0.0,0.0,0.0,0.1065891472868217,0.24336283185840707,0.0,0.0,0.0,0.0,0.0,0.0
宝鸡,2015,609,276,0.2857142857142857,0.6304347826086957,0.0,0.0,0.0,0.0,0.15435139573070608,0.34057971014492755,0.0,0.0,0.0,0.0,0.013136288998357963,0.028985507246376812
宝鸡,2016,652,292,0.3220858895705521,0.7191780821917808,0.0,0.0,0.0,0.0,0.06441717791411043,0.14383561643835616,0.0,0.0,0.0,0.0,0.06134969325153374,0.136986301369863
宝鸡,2017,1360,623,0.4,0.8731942215088283,0.0,0.0,0.0,0.0,0.007352941176470588,0.016051364365971106,0.0,0.0,0.0,0.0,0.05073529411764706,0.11075441412520064
宝鸡,2018,1223,420,0.24529844644317253,0.7142857142857143,0.0,0.0,0.0,0.0,0.0,0.0,0.0,0.0,0.0,0.0,0.09811937857726902,0.2857142857142857
宝鸡,2019,865,477,0.4277456647398844,0.7756813417190775,0.0,0.0,0.0,0.0,0.0,0.0,0.0,0.0,0.0,0.0,0.12369942196531791,0.22431865828092243
宝鸡,2020,1099,522,0.4222020018198362,0.8888888888888888,0.0,0.0,0.0,0.0,0.017288444040036398,0.03639846743295019,0.0,0.0,0.0,0.0,0.03548680618744313,0.07471264367816093
宝鸡,2021,898,457,0.43318485523385303,0.8512035010940919,0.0,0.0,0.014476614699331848,0.028446389496717725,0.0066815144766146995,0.01312910284463895,0.0,0.0,0.0,0.0,0.05456570155902005,0.10722100656455143
宝鸡,2022,924,432,0.3961038961038961,0.8472222222222222,0.0,0.0,0.008658008658008658,0.018518518518518517,0.0,0.0,0.0,0.0,0.0,0.0,0.06277056277056277,0.13425925925925927
宝鸡,2023,1082,518,0.43807763401109057,0.915057915057915,0.0,0.0,0.010166358595194085,0.021235521235521235,0.0,0.0,0.0,0.0,0.0,0.0,0.030499075785582256,0.0637065637065637
宣城,2008,44,35,0.6590909090909091,0.8285714285714286,0.0,0.0,0.0,0.0,0.13636363636363635,0.17142857142857143,0.0,0.0,0.0,0.0,0.0,0.0
宣城,2009,90,61,0.4666666666666667,0.6885245901639344,0.0,0.0,0.0,0.0,0.2111111111111111,0.3114754098360656,0.0,0.0,0.0,0.0,0.0,0.0
宣城,2010,127,75,0.47244094488188976,0.8,0.0,0.0,0.0,0.0,0.11811023622047244,0.2,0.0,0.0,0.0,0.0,0.0,0.0
宣城,2011,213,91,0.4131455399061033,0.967032967032967,0.0,0.0,0.0,0.0,0.014084507042253521,0.03296703296703297,0.0,0.0,0.0,0.0,0.0,0.0
宣城,2012,821,365,0.0438489646772229,0.09863013698630137,0.0,0.0,0.012180267965895249,0.0273972602739726,0.38855054811205847,0.873972602739726,0.0,0.0,0.0,0.0,0.0,0.0
宣城,2013,1539,395,0.12800519818063677,0.49873417721518987,0.0,0.0,0.0,0.0,0.11565951916829109,0.4506329113924051,0.01299545159194282,0.05063291139240506,0.0,0.0,0.0,0.0
宣城,2014,2322,431,0.18561584840654607,1.0,0.0,0.0,0.0,0.0,0.0,0.0,0.0,0.0,0.0,0.0,0.0,0.0
宣城,2015,2246,507,0.21772039180765806,0.9644970414201184,0.0,0.0,0.0,0.0,0.008014247551202136,0.03550295857988166,0.0,0.0,0.0,0.0,0.0,0.0
宣城,2016,2550,680,0.23058823529411765,0.8647058823529412,0.0,0.0,0.0,0.0,0.0,0.0,0.03607843137254902,0.13529411764705881,0.0,0.0,0.0,0.0
宣城,2017,2774,693,0.21773612112472962,0.8715728715728716,0.0,0.0,0.0,0.0,0.010454217736121124,0.04184704184704185,0.021629416005767843,0.08658008658008658,0.0,0.0,0.0,0.0
宣城,2018,3971,1040,0.26189876605389073,1.0,0.0,0.0,0.0,0.0,0.0,0.0,0.0,0.0,0.0,0.0,0.0,0.0
宣城,2019,1900,323,0.14210526315789473,0.8359133126934984,0.0,0.0,0.0,0.0,0.027894736842105264,0.16408668730650156,0.0,0.0,0.0,0.0,0.0,0.0
宣城,2020,2528,398,0.14556962025316456,0.9246231155778895,0.0,0.0,0.0,0.0,0.0,0.0,0.0,0.0,0.0,0.0,0.011867088607594937,0.07537688442211055
宣城,2021,2400,448,0.17083333333333334,0.9151785714285714,0.0,0.0,0.0,0.0,0.0,0.0,0.0,0.0,0.0,0.0,0.015833333333333335,0.08482142857142858
宣城,2022,2662,518,0.169045830202855,0.8687258687258688,0.0,0.0,0.0,0.0,0.0,0.0,0.0,0.0,0.0,0.0,0.025544703230653644,0.13127413127413126
宣城,2023,2959,437,0.13991213247718823,0.9473684210526315,0.0,0.0,0.0,0.0,0.0,0.0,0.0,0.0,0.0,0.0,0.00777289624873268,0.05263157894736842
宿州,2008,24,24,0.041666666666666664,0.041666666666666664,0.0,0.0,0.0,0.0,0.9166666666666666,0.9166666666666666,0.0,0.0,0.0,0.0,0.041666666666666664,0.041666666666666664
宿州,2009,70,51,0.2714285714285714,0.37254901960784315,0.0,0.0,0.0,0.0,0.44285714285714284,0.6078431372549019,0.014285714285714285,0.0196078431372549,0.0,0.0,0.0,0.0
宿州,2010,96,67,0.17708333333333334,0.2537313432835821,0.0,0.0,0.0,0.0,0.5208333333333334,0.746268656716418,0.0,0.0,0.0,0.0,0.0,0.0
宿州,2011,187,106,0.15508021390374332,0.27358490566037735,0.0,0.0,0.0,0.0,0.39037433155080214,0.6886792452830188,0.0213903743315508,0.03773584905660377,0.0,0.0,0.0,0.0
宿州,2012,377,213,0.27055702917771884,0.4788732394366197,0.0,0.0,0.0,0.0,0.29442970822281167,0.5211267605633803,0.0,0.0,0.0,0.0,0.0,0.0
宿州,2013,729,269,0.18655692729766804,0.5055762081784386,0.0,0.0,0.0,0.0,0.18244170096021947,0.4944237918215613,0.0,0.0,0.0,0.0,0.0,0.0
宿州,2014,954,293,0.1970649895178197,0.6416382252559727,0.0,0.0,0.0,0.0,0.06184486373165619,0.20136518771331058,0.010482180293501049,0.034129692832764506,0.0,0.0,0.03773584905660377,0.12286689419795221
宿州,2015,843,268,0.08066429418742586,0.2537313432835821,0.0,0.0,0.0,0.0,0.19691577698695137,0.6194029850746269,0.0,0.0,0.0,0.0,0.04033214709371293,0.12686567164179105
宿州,2016,1469,442,0.13886997957794417,0.46153846153846156,0.0,0.0,0.0,0.0,0.061946902654867256,0.20588235294117646,0.041524846834581346,0.13800904977375567,0.0,0.0,0.05854322668481961,0.19457013574660634
宿州,2017,2129,524,0.14279004227336778,0.5801526717557252,0.0,0.0,0.0,0.0,0.08971348050728041,0.36450381679389315,0.0,0.0,0.0,0.0,0.013621418506341005,0.05534351145038168
宿州,2018,1646,534,0.21142162818955043,0.651685393258427,0.0,0.0,0.0,0.0,0.07715674362089915,0.23782771535580524,0.0,0.0,0.0,0.0,0.035844471445929525,0.1104868913857678
宿州,2019,2264,593,0.20803886925795054,0.7942664418212478,0.0,0.0,0.0,0.0,0.008392226148409895,0.03204047217537943,0.0,0.0,0.0,0.0,0.04549469964664311,0.1736930860033727
宿州,2020,3968,589,0.09173387096774194,0.6179966044142614,0.0,0.0,0.0,0.0,0.0390625,0.2631578947368421,0.0,0.0,0.0,0.0,0.017641129032258066,0.11884550084889643
宿州,2021,2082,379,0.1340057636887608,0.7361477572559367,0.0,0.0,0.0,0.0,0.022574447646493755,0.12401055408970976,0.0,0.0,0.0,0.0,0.025456292026897216,0.13984168865435356
宿州,2022,1557,386,0.18689788053949905,0.7538860103626943,0.0,0.0,0.0,0.0,0.0,0.0,0.0,0.0,0.0,0.0,0.06101477199743096,0.24611398963730569
宿州,2023,1377,300,0.16702977487291212,0.7666666666666667,0.0,0.0,0.0,0.0,0.0,0.0,0.0,0.0,0.0,0.0,0.050835148874364564,0.23333333333333334
宿迁,2008,81,51,0.20987654320987653,0.3333333333333333,0.0,0.0,0.0,0.0,0.41975308641975306,0.6666666666666666,0.0,0.0,0.0,0.0,0.0,0.0
宿迁,2009,100,61,0.34,0.5573770491803278,0.0,0.0,0.0,0.0,0.27,0.4426229508196721,0.0,0.0,0.0,0.0,0.0,0.0
宿迁,2010,143,103,0.3986013986013986,0.5533980582524272,0.0,0.0,0.0,0.0,0.32167832167832167,0.44660194174757284,0.0,0.0,0.0,0.0,0.0,0.0
宿迁,2011,243,123,0.4156378600823045,0.8211382113821138,0.0,0.0,0.0,0.0,0.07818930041152264,0.15447154471544716,0.012345679012345678,0.024390243902439025,0.0,0.0,0.0,0.0
宿迁,2012,435,197,0.3448275862068966,0.7614213197969543,0.0,0.0,0.0,0.0,0.10804597701149425,0.23857868020304568,0.0,0.0,0.0,0.0,0.0,0.0
宿迁,2013,623,208,0.28731942215088285,0.8605769230769231,0.0,0.0,0.0,0.0,0.0,0.0,0.030497592295345103,0.09134615384615384,0.016051364365971106,0.04807692307692308,0.0,0.0
宿迁,2014,1190,471,0.25546218487394956,0.6454352441613588,0.0,0.0,0.0,0.0,0.073109243697479,0.18471337579617833,0.0,0.0,0.06722689075630252,0.16985138004246284,0.0,0.0
宿迁,2015,647,272,0.38330757341576505,0.9117647058823529,0.0,0.0,0.0,0.0,0.021638330757341576,0.051470588235294115,0.0,0.0,0.0,0.0,0.015455950540958269,0.03676470588235294
宿迁,2016,799,390,0.4668335419274093,0.9564102564102565,0.0,0.0,0.0,0.0,0.0,0.0,0.0,0.0,0.012515644555694618,0.02564102564102564,0.008760951188986232,0.017948717948717947
宿迁,2017,2168,735,0.3238007380073801,0.9551020408163265,0.0,0.0,0.0,0.0,0.01522140221402214,0.044897959183673466,0.0,0.0,0.0,0.0,0.0,0.0
宿迁,2018,3486,934,0.2538726333907057,0.9475374732334048,0.0,0.0,0.0,0.0,0.0,0.0,0.0,0.0,0.0,0.0,0.014056224899598393,0.05246252676659529
宿迁,2019,1290,421,0.27984496124031005,0.8574821852731591,0.0,0.0,0.0,0.0,0.0,0.0,0.0,0.0,0.018604651162790697,0.057007125890736345,0.027906976744186046,0.0855106888361045
宿迁,2020,2010,550,0.23034825870646766,0.8418181818181818,0.0,0.0,0.0,0.0,0.0,0.0,0.0,0.0,0.007960199004975124,0.02909090909090909,0.035323383084577116,0.1290909090909091
宿迁,2021,2603,498,0.16212063004225893,0.8473895582329317,0.0,0.0,0.0,0.0,0.0,0.0,0.0,0.0,0.0,0.0,0.029197080291970802,0.15261044176706828
宿迁,2022,2951,530,0.1253812267028126,0.6981132075471698,0.0,0.0,0.0,0.0,0.0,0.0,0.0,0.0,0.011182649949169773,0.062264150943396226,0.04303625889528973,0.23962264150943396
宿迁,2023,3209,615,0.15269554378311,0.7967479674796748,0.0,0.0,0.0,0.0,0.0,0.0,0.0,0.0,0.012776565908382673,0.06666666666666667,0.02617637893424743,0.13658536585365855
屏东县,2021,3,3,0.6666666666666666,0.6666666666666666,0.0,0.0,0.0,0.0,0.3333333333333333,0.3333333333333333,0.0,0.0,0.0,0.0,0.0,0.0
屏东县,2022,6,6,0.5,0.5,0.0,0.0,0.0,0.0,0.5,0.5,0.0,0.0,0.0,0.0,0.0,0.0
屏东县,2023,18,18,0.6111111111111112,0.6111111111111112,0.0,0.0,0.0,0.0,0.2777777777777778,0.2777777777777778,0.0,0.0,0.0,0.0,0.1111111111111111,0.1111111111111111
屯昌,2023,7,7,1.0,1.0,0.0,0.0,0.0,0.0,0.0,0.0,0.0,0.0,0.0,0.0,0.0,0.0
屯昌县,2012,1,1,0.0,0.0,0.0,0.0,0.0,0.0,1.0,1.0,0.0,0.0,0.0,0.0,0.0,0.0
屯昌县,2013,1,1,1.0,1.0,0.0,0.0,0.0,0.0,0.0,0.0,0.0,0.0,0.0,0.0,0.0,0.0
屯昌县,2016,2,2,0.0,0.0,0.0,0.0,0.0,0.0,1.0,1.0,0.0,0.0,0.0,0.0,0.0,0.0
屯昌县,2017,2,2,0.0,0.0,0.0,0.0,0.0,0.0,1.0,1.0,0.0,0.0,0.0,0.0,0.0,0.0
屯昌县,2018,2,2,0.5,0.5,0.0,0.0,0.0,0.0,0.5,0.5,0.0,0.0,0.0,0.0,0.0,0.0
屯昌县,2019,2,2,0.0,0.0,0.0,0.0,0.0,0.0,1.0,1.0,0.0,0.0,0.0,0.0,0.0,0.0
屯昌县,2020,3,3,0.6666666666666666,0.6666666666666666,0.0,0.0,0.0,0.0,0.3333333333333333,0.3333333333333333,0.0,0.0,0.0,0.0,0.0,0.0
屯昌县,2021,4,4,0.5,0.5,0.0,0.0,0.0,0.0,0.5,0.5,0.0,0.0,0.0,0.0,0.0,0.0
屯昌县,2022,10,10,0.3,0.3,0.0,0.0,0.0,0.0,0.7,0.7,0.0,0.0,0.0,0.0,0.0,0.0
屯昌县,2023,9,9,0.7777777777777778,0.7777777777777778,0.0,0.0,0.1111111111111111,0.1111111111111111,0.1111111111111111,0.1111111111111111,0.0,0.0,0.0,0.0,0.0,0.0
山南,2010,3,3,1.0,1.0,0.0,0.0,0.0,0.0,0.0,0.0,0.0,0.0,0.0,0.0,0.0,0.0
山南,2011,5,5,1.0,1.0,0.0,0.0,0.0,0.0,0.0,0.0,0.0,0.0,0.0,0.0,0.0,0.0
山南,2012,3,3,1.0,1.0,0.0,0.0,0.0,0.0,0.0,0.0,0.0,0.0,0.0,0.0,0.0,0.0
山南,2013,5,5,0.6,0.6,0.0,0.0,0.0,0.0,0.4,0.4,0.0,0.0,0.0,0.0,0.0,0.0
山南,2014,7,7,0.8571428571428571,0.8571428571428571,0.0,0.0,0.0,0.0,0.14285714285714285,0.14285714285714285,0.0,0.0,0.0,0.0,0.0,0.0
山南,2015,9,9,1.0,1.0,0.0,0.0,0.0,0.0,0.0,0.0,0.0,0.0,0.0,0.0,0.0,0.0
山南,2016,4,4,0.75,0.75,0.0,0.0,0.0,0.0,0.25,0.25,0.0,0.0,0.0,0.0,0.0,0.0
山南,2017,4,4,0.25,0.25,0.0,0.0,0.0,0.0,0.5,0.5,0.25,0.25,0.0,0.0,0.0,0.0
山南,2018,16,16,0.5625,0.5625,0.0,0.0,0.0,0.0,0.375,0.375,0.0625,0.0625,0.0,0.0,0.0,0.0
山南,2019,14,14,0.7142857142857143,0.7142857142857143,0.0,0.0,0.07142857142857142,0.07142857142857142,0.21428571428571427,0.21428571428571427,0.0,0.0,0.0,0.0,0.0,0.0
山南,2020,21,21,1.0,1.0,0.0,0.0,0.0,0.0,0.0,0.0,0.0,0.0,0.0,0.0,0.0,0.0
山南,2021,54,54,0.8888888888888888,0.8888888888888888,0.018518518518518517,0.018518518518518517,0.018518518518518517,0.018518518518518517,0.07407407407407407,0.07407407407407407,0.0,0.0,0.0,0.0,0.0,0.0
山南,2022,51,51,0.8235294117647058,0.8235294117647058,0.0,0.0,0.0196078431372549,0.0196078431372549,0.13725490196078433,0.13725490196078433,0.0196078431372549,0.0196078431372549,0.0,0.0,0.0,0.0
山南,2023,62,62,0.967741935483871,0.967741935483871,0.0,0.0,0.0,0.0,0.03225806451612903,0.03225806451612903,0.0,0.0,0.0,0.0,0.0,0.0
岳阳,2008,102,57,0.30392156862745096,0.543859649122807,0.0,0.0,0.0,0.0,0.23529411764705882,0.42105263157894735,0.0196078431372549,0.03508771929824561,0.0,0.0,0.0,0.0
岳阳,2009,137,84,0.36496350364963503,0.5952380952380952,0.0,0.0,0.0,0.0,0.16058394160583941,0.2619047619047619,0.0,0.0,0.0,0.0,0.08759124087591241,0.14285714285714285
岳阳,2010,204,102,0.45588235294117646,0.9117647058823529,0.0,0.0,0.0,0.0,0.029411764705882353,0.058823529411764705,0.0,0.0,0.0,0.0,0.014705882352941176,0.029411764705882353
岳阳,2011,274,150,0.4635036496350365,0.8466666666666667,0.0,0.0,0.0,0.0,0.051094890510948905,0.09333333333333334,0.0,0.0,0.0,0.0,0.032846715328467155,0.06
岳阳,2012,256,131,0.4375,0.8549618320610687,0.0,0.0,0.0,0.0,0.05078125,0.09923664122137404,0.0,0.0,0.0,0.0,0.0234375,0.04580152671755725
岳阳,2013,331,171,0.3957703927492447,0.7660818713450293,0.0,0.0,0.0,0.0,0.045317220543806644,0.08771929824561403,0.0,0.0,0.0,0.0,0.0755287009063444,0.14619883040935672
岳阳,2014,321,163,0.4174454828660436,0.8220858895705522,0.0,0.0,0.0,0.0,0.037383177570093455,0.0736196319018405,0.0,0.0,0.0,0.0,0.0529595015576324,0.10429447852760736
岳阳,2015,389,167,0.31876606683804626,0.7425149700598802,0.0,0.0,0.0,0.0,0.030848329048843187,0.0718562874251497,0.0,0.0,0.0,0.0,0.07969151670951156,0.18562874251497005
岳阳,2016,526,190,0.23954372623574144,0.6631578947368421,0.0,0.0,0.0,0.0,0.060836501901140684,0.16842105263157894,0.0,0.0,0.0,0.0,0.060836501901140684,0.16842105263157894
岳阳,2017,636,234,0.2138364779874214,0.5811965811965812,0.0,0.0,0.0,0.0,0.03773584905660377,0.10256410256410256,0.0,0.0,0.0,0.0,0.11635220125786164,0.3162393162393162
岳阳,2018,932,346,0.22746781115879827,0.6127167630057804,0.0,0.0,0.0,0.0,0.012875536480686695,0.03468208092485549,0.0,0.0,0.02145922746781116,0.057803468208092484,0.10944206008583691,0.2947976878612717
岳阳,2019,871,276,0.1756601607347876,0.5543478260869565,0.0,0.0,0.0,0.0,0.008036739380022962,0.025362318840579712,0.0,0.0,0.040183696900114814,0.12681159420289856,0.09299655568312284,0.29347826086956524
岳阳,2020,2131,517,0.2060065696855936,0.8491295938104448,0.0,0.0,0.0,0.0,0.0,0.0,0.0,0.0,0.007508212106992022,0.030947775628626693,0.029094321914594087,0.11992263056092843
岳阳,2021,1112,335,0.19154676258992806,0.6358208955223881,0.0,0.0,0.0,0.0,0.0,0.0,0.0,0.0,0.0,0.0,0.10971223021582734,0.3641791044776119
岳阳,2022,1221,492,0.26863226863226863,0.6666666666666666,0.0,0.0,0.0,0.0,0.0,0.0,0.0,0.0,0.0,0.0,0.13431613431613432,0.3333333333333333
岳阳,2023,1261,461,0.29103885804916735,0.7960954446854663,0.0,0.0,0.0,0.0,0.0,0.0,0.0,0.0,0.0,0.0,0.07454401268834258,0.2039045553145336
崇左,2008,1,1,0.0,0.0,0.0,0.0,0.0,0.0,1.0,1.0,0.0,0.0,0.0,0.0,0.0,0.0
崇左,2009,8,8,0.125,0.125,0.0,0.0,0.0,0.0,0.625,0.625,0.0,0.0,0.25,0.25,0.0,0.0
崇左,2010,4,4,0.25,0.25,0.0,0.0,0.0,0.0,0.5,0.5,0.0,0.0,0.0,0.0,0.25,0.25
崇左,2011,19,19,0.3684210526315789,0.3684210526315789,0.0,0.0,0.0,0.0,0.3157894736842105,0.3157894736842105,0.0,0.0,0.2631578947368421,0.2631578947368421,0.05263157894736842,0.05263157894736842
崇左,2012,70,64,0.37142857142857144,0.40625,0.0,0.0,0.0,0.0,0.3142857142857143,0.34375,0.2,0.21875,0.02857142857142857,0.03125,0.0,0.0
崇左,2013,117,93,0.26495726495726496,0.3333333333333333,0.0,0.0,0.0,0.0,0.4017094017094017,0.5053763440860215,0.0,0.0,0.1282051282051282,0.16129032258064516,0.0,0.0
崇左,2014,317,194,0.0694006309148265,0.1134020618556701,0.0,0.0,0.0,0.0,0.3280757097791798,0.5360824742268041,0.1167192429022082,0.19072164948453607,0.09779179810725552,0.15979381443298968,0.0,0.0
崇左,2015,516,336,0.08914728682170543,0.13690476190476192,0.0,0.0,0.0,0.0,0.3682170542635659,0.5654761904761905,0.06395348837209303,0.09821428571428571,0.1124031007751938,0.17261904761904762,0.01744186046511628,0.026785714285714284
崇左,2016,492,293,0.06707317073170732,0.11262798634812286,0.0,0.0,0.0,0.0,0.32926829268292684,0.552901023890785,0.04065040650406504,0.06825938566552901,0.13617886178861788,0.22866894197952217,0.022357723577235773,0.03754266211604096
崇左,2017,707,369,0.06223479490806223,0.11924119241192412,0.0,0.0,0.0,0.0,0.3437057991513437,0.6585365853658537,0.0,0.0,0.11598302687411598,0.2222222222222222,0.0,0.0
崇左,2018,307,219,0.09120521172638436,0.1278538812785388,0.0,0.0,0.0,0.0,0.2182410423452769,0.3059360730593607,0.0,0.0,0.36807817589576547,0.5159817351598174,0.035830618892508145,0.0502283105022831
崇左,2019,177,138,0.22598870056497175,0.2898550724637681,0.0,0.0,0.022598870056497175,0.028985507246376812,0.062146892655367235,0.07971014492753623,0.011299435028248588,0.014492753623188406,0.3220338983050847,0.41304347826086957,0.13559322033898305,0.17391304347826086
崇左,2020,225,188,0.3111111111111111,0.3723404255319149,0.0,0.0,0.013333333333333334,0.015957446808510637,0.07111111111111111,0.0851063829787234,0.0,0.0,0.26666666666666666,0.3191489361702128,0.17333333333333334,0.2074468085106383
崇左,2021,314,204,0.3471337579617834,0.5343137254901961,0.0,0.0,0.0,0.0,0.01910828025477707,0.029411764705882353,0.01592356687898089,0.024509803921568627,0.14012738853503184,0.21568627450980393,0.12738853503184713,0.19607843137254902
崇左,2022,233,168,0.27896995708154504,0.3869047619047619,0.0,0.0,0.0,0.0,0.012875536480686695,0.017857142857142856,0.0,0.0,0.2145922746781116,0.2976190476190476,0.2145922746781116,0.2976190476190476
崇左,2023,231,151,0.27705627705627706,0.423841059602649,0.0,0.0,0.0,0.0,0.0,0.0,0.0,0.0,0.22077922077922077,0.33774834437086093,0.15584415584415584,0.23841059602649006
巴中,2008,11,11,0.0,0.0,0.0,0.0,0.0,0.0,1.0,1.0,0.0,0.0,0.0,0.0,0.0,0.0
巴中,2009,10,10,0.0,0.0,0.0,0.0,0.0,0.0,1.0,1.0,0.0,0.0,0.0,0.0,0.0,0.0
巴中,2010,13,13,0.0,0.0,0.0,0.0,0.0,0.0,1.0,1.0,0.0,0.0,0.0,0.0,0.0,0.0
巴中,2011,13,13,0.0,0.0,0.0,0.0,0.0,0.0,0.8461538461538461,0.8461538461538461,0.0,0.0,0.15384615384615385,0.15384615384615385,0.0,0.0
巴中,2012,17,17,0.23529411764705882,0.23529411764705882,0.0,0.0,0.0,0.0,0.5294117647058824,0.5294117647058824,0.0,0.0,0.23529411764705882,0.23529411764705882,0.0,0.0
巴中,2013,56,42,0.125,0.16666666666666666,0.0,0.0,0.0,0.0,0.375,0.5,0.0,0.0,0.25,0.3333333333333333,0.0,0.0
巴中,2014,57,44,0.5087719298245614,0.6590909090909091,0.0,0.0,0.0,0.0,0.2631578947368421,0.3409090909090909,0.0,0.0,0.0,0.0,0.0,0.0
巴中,2015,64,38,0.21875,0.3684210526315789,0.0,0.0,0.0,0.0,0.375,0.631578947368421,0.0,0.0,0.0,0.0,0.0,0.0
巴中,2016,127,74,0.4094488188976378,0.7027027027027027,0.0,0.0,0.0,0.0,0.14173228346456693,0.24324324324324326,0.015748031496062992,0.02702702702702703,0.015748031496062992,0.02702702702702703,0.0,0.0
巴中,2017,335,244,0.382089552238806,0.5245901639344263,0.0,0.0,0.0,0.0,0.34626865671641793,0.47540983606557374,0.0,0.0,0.0,0.0,0.0,0.0
巴中,2018,413,228,0.3196125907990315,0.5789473684210527,0.0,0.0,0.0,0.0,0.21307506053268765,0.38596491228070173,0.0,0.0,0.0,0.0,0.01937046004842615,0.03508771929824561
巴中,2019,88,53,0.4090909090909091,0.6792452830188679,0.0,0.0,0.0,0.0,0.19318181818181818,0.32075471698113206,0.0,0.0,0.0,0.0,0.0,0.0
巴中,2020,139,85,0.23741007194244604,0.38823529411764707,0.0,0.0,0.0,0.0,0.37410071942446044,0.611764705882353,0.0,0.0,0.0,0.0,0.0,0.0
巴中,2021,163,76,0.22085889570552147,0.47368421052631576,0.0,0.0,0.0,0.0,0.24539877300613497,0.5263157894736842,0.0,0.0,0.0,0.0,0.0,0.0
巴中,2022,96,53,0.3229166666666667,0.5849056603773585,0.0,0.0,0.052083333333333336,0.09433962264150944,0.14583333333333334,0.2641509433962264,0.03125,0.05660377358490566,0.0,0.0,0.0,0.0
巴中,2023,139,74,0.39568345323741005,0.7432432432432432,0.0,0.0,0.08633093525179857,0.16216216216216217,0.050359712230215826,0.0945945945945946,0.0,0.0,0.0,0.0,0.0,0.0
巴彦淖尔,2008,5,5,0.0,0.0,0.0,0.0,0.0,0.0,1.0,1.0,0.0,0.0,0.0,0.0,0.0,0.0
巴彦淖尔,2009,18,18,0.2777777777777778,0.2777777777777778,0.0,0.0,0.0,0.0,0.7222222222222222,0.7222222222222222,0.0,0.0,0.0,0.0,0.0,0.0
巴彦淖尔,2010,26,26,0.07692307692307693,0.07692307692307693,0.0,0.0,0.0,0.0,0.9230769230769231,0.9230769230769231,0.0,0.0,0.0,0.0,0.0,0.0
巴彦淖尔,2011,30,30,0.4,0.4,0.0,0.0,0.0,0.0,0.6,0.6,0.0,0.0,0.0,0.0,0.0,0.0
巴彦淖尔,2012,43,43,0.46511627906976744,0.46511627906976744,0.0,0.0,0.0,0.0,0.5348837209302325,0.5348837209302325,0.0,0.0,0.0,0.0,0.0,0.0
巴彦淖尔,2013,39,38,0.358974358974359,0.3684210526315789,0.0,0.0,0.0,0.0,0.5641025641025641,0.5789473684210527,0.05128205128205128,0.05263157894736842,0.0,0.0,0.0,0.0
巴彦淖尔,2014,38,30,0.34210526315789475,0.43333333333333335,0.0,0.0,0.0,0.0,0.4473684210526316,0.5666666666666667,0.0,0.0,0.0,0.0,0.0,0.0
巴彦淖尔,2015,100,85,0.25,0.29411764705882354,0.0,0.0,0.0,0.0,0.57,0.6705882352941176,0.0,0.0,0.03,0.03529411764705882,0.0,0.0
巴彦淖尔,2016,94,73,0.2872340425531915,0.3698630136986301,0.0,0.0,0.0,0.0,0.46808510638297873,0.6027397260273972,0.0,0.0,0.02127659574468085,0.0273972602739726,0.0,0.0
巴彦淖尔,2017,90,55,0.35555555555555557,0.5818181818181818,0.0,0.0,0.0,0.0,0.15555555555555556,0.2545454545454545,0.022222222222222223,0.03636363636363636,0.07777777777777778,0.12727272727272726,0.0,0.0
巴彦淖尔,2018,89,62,0.550561797752809,0.7903225806451613,0.0,0.0,0.0,0.0,0.10112359550561797,0.14516129032258066,0.0,0.0,0.02247191011235955,0.03225806451612903,0.02247191011235955,0.03225806451612903
巴彦淖尔,2019,109,55,0.3119266055045872,0.6181818181818182,0.0,0.0,0.01834862385321101,0.03636363636363636,0.13761467889908258,0.2727272727272727,0.0,0.0,0.0,0.0,0.03669724770642202,0.07272727272727272
巴彦淖尔,2020,134,67,0.30597014925373134,0.6119402985074627,0.0,0.0,0.05223880597014925,0.1044776119402985,0.1417910447761194,0.2835820895522388,0.0,0.0,0.0,0.0,0.0,0.0
巴彦淖尔,2021,163,83,0.3128834355828221,0.6144578313253012,0.0,0.0,0.0,0.0,0.08588957055214724,0.1686746987951807,0.0,0.0,0.06134969325153374,0.12048192771084337,0.049079754601226995,0.0963855421686747
巴彦淖尔,2022,143,70,0.42657342657342656,0.8714285714285714,0.0,0.0,0.0,0.0,0.027972027972027972,0.05714285714285714,0.0,0.0,0.0,0.0,0.03496503496503497,0.07142857142857142
巴彦淖尔,2023,162,96,0.5123456790123457,0.8645833333333334,0.0,0.0,0.0,0.0,0.0,0.0,0.0,0.0,0.08024691358024691,0.13541666666666666,0.0,0.0
巴音,2018,9,9,0.6666666666666666,0.6666666666666666,0.0,0.0,0.1111111111111111,0.1111111111111111,0.2222222222222222,0.2222222222222222,0.0,0.0,0.0,0.0,0.0,0.0
巴音,2019,16,16,0.875,0.875,0.0,0.0,0.0,0.0,0.125,0.125,0.0,0.0,0.0,0.0,0.0,0.0
巴音,2020,19,19,0.9473684210526315,0.9473684210526315,0.0,0.0,0.0,0.0,0.05263157894736842,0.05263157894736842,0.0,0.0,0.0,0.0,0.0,0.0
巴音,2021,6,6,1.0,1.0,0.0,0.0,0.0,0.0,0.0,0.0,0.0,0.0,0.0,0.0,0.0,0.0
巴音,2022,27,24,0.8518518518518519,0.9583333333333334,0.0,0.0,0.0,0.0,0.0,0.0,0.037037037037037035,0.041666666666666664,0.0,0.0,0.0,0.0
巴音,2023,80,54,0.475,0.7037037037037037,0.0,0.0,0.0,0.0,0.025,0.037037037037037035,0.05,0.07407407407407407,0.0,0.0,0.125,0.18518518518518517
巴音郭楞蒙古自治州,2008,16,16,0.1875,0.1875,0.0,0.0,0.0,0.0,0.75,0.75,0.0625,0.0625,0.0,0.0,0.0,0.0
巴音郭楞蒙古自治州,2009,24,24,0.08333333333333333,0.08333333333333333,0.0,0.0,0.0,0.0,0.75,0.75,0.08333333333333333,0.08333333333333333,0.08333333333333333,0.08333333333333333,0.0,0.0
巴音郭楞蒙古自治州,2010,27,27,0.4444444444444444,0.4444444444444444,0.0,0.0,0.0,0.0,0.2962962962962963,0.2962962962962963,0.2222222222222222,0.2222222222222222,0.037037037037037035,0.037037037037037035,0.0,0.0
巴音郭楞蒙古自治州,2011,44,37,0.6136363636363636,0.7297297297297297,0.0,0.0,0.0,0.0,0.18181818181818182,0.21621621621621623,0.045454545454545456,0.05405405405405406,0.0,0.0,0.0,0.0
巴音郭楞蒙古自治州,2012,47,36,0.425531914893617,0.5555555555555556,0.0,0.0,0.0,0.0,0.3404255319148936,0.4444444444444444,0.0,0.0,0.0,0.0,0.0,0.0
巴音郭楞蒙古自治州,2013,111,87,0.3783783783783784,0.4827586206896552,0.0,0.0,0.0,0.0,0.3963963963963964,0.5057471264367817,0.009009009009009009,0.011494252873563218,0.0,0.0,0.0,0.0
巴音郭楞蒙古自治州,2014,71,50,0.4507042253521127,0.64,0.0,0.0,0.0,0.0,0.2112676056338028,0.3,0.04225352112676056,0.06,0.0,0.0,0.0,0.0
巴音郭楞蒙古自治州,2015,94,56,0.5,0.8392857142857143,0.0,0.0,0.0,0.0,0.031914893617021274,0.05357142857142857,0.0425531914893617,0.07142857142857142,0.02127659574468085,0.03571428571428571,0.0,0.0
巴音郭楞蒙古自治州,2016,122,69,0.4098360655737705,0.7246376811594203,0.0,0.0,0.0,0.0,0.13114754098360656,0.2318840579710145,0.0,0.0,0.02459016393442623,0.043478260869565216,0.0,0.0
巴音郭楞蒙古自治州,2017,89,59,0.47191011235955055,0.711864406779661,0.0,0.0,0.0,0.0,0.07865168539325842,0.11864406779661017,0.011235955056179775,0.01694915254237288,0.0449438202247191,0.06779661016949153,0.056179775280898875,0.0847457627118644
巴音郭楞蒙古自治州,2018,79,45,0.31645569620253167,0.5555555555555556,0.0,0.0,0.0,0.0,0.22784810126582278,0.4,0.0,0.0,0.02531645569620253,0.044444444444444446,0.0,0.0
巴音郭楞蒙古自治州,2019,128,77,0.5390625,0.8961038961038961,0.0,0.0,0.0,0.0,0.0390625,0.06493506493506493,0.0,0.0,0.0234375,0.03896103896103896,0.0,0.0
巴音郭楞蒙古自治州,2020,133,76,0.41353383458646614,0.7236842105263158,0.0,0.0,0.0,0.0,0.07518796992481203,0.13157894736842105,0.0,0.0,0.06015037593984962,0.10526315789473684,0.022556390977443608,0.039473684210526314
巴音郭楞蒙古自治州,2021,116,62,0.4396551724137931,0.8225806451612904,0.0,0.0,0.0,0.0,0.017241379310344827,0.03225806451612903,0.017241379310344827,0.03225806451612903,0.0603448275862069,0.11290322580645161,0.0,0.0
巴音郭楞蒙古自治州,2022,145,78,0.4413793103448276,0.8205128205128205,0.0,0.0,0.0,0.0,0.0,0.0,0.020689655172413793,0.038461538461538464,0.0,0.0,0.07586206896551724,0.14102564102564102
巴音郭楞蒙古自治州,2023,118,95,0.711864406779661,0.8842105263157894,0.01694915254237288,0.021052631578947368,0.0,0.0,0.01694915254237288,0.021052631578947368,0.025423728813559324,0.031578947368421054,0.0,0.0,0.03389830508474576,0.042105263157894736
常州,2008,1153,355,0.08933217692974849,0.29014084507042254,0.0,0.0,0.0,0.0,0.11274934952298352,0.36619718309859156,0.0,0.0,0.0,0.0,0.10581092801387684,0.3436619718309859
常州,2009,1452,368,0.06542699724517906,0.25815217391304346,0.0,0.0,0.0,0.0,0.08884297520661157,0.35054347826086957,0.0,0.0,0.007575757575757576,0.029891304347826088,0.09159779614325068,0.36141304347826086
常州,2010,2836,792,0.14351198871650211,0.5138888888888888,0.0,0.0,0.0,0.0,0.03913963328631876,0.14015151515151514,0.0,0.0,0.0,0.0,0.09661495063469676,0.34595959595959597
常州,2011,5282,1032,0.07743279060961757,0.3963178294573643,0.0,0.0,0.0,0.0,0.024422567209390383,0.125,0.0,0.0,0.00473305566073457,0.02422480620155039,0.08879212419538053,0.45445736434108525
常州,2012,7089,2003,0.08097051770348428,0.2865701447828258,0.0,0.0,0.0,0.0,0.020877415714487233,0.07388916625062407,0.012554662152630836,0.044433349975037444,0.007194244604316547,0.0254618072890664,0.16095359006912116,0.5696455317024464
常州,2013,8827,2064,0.052679279483403195,0.22529069767441862,0.0,0.0,0.0,0.0,0.07182508213436048,0.3071705426356589,0.0,0.0,0.008949813073524413,0.03827519379844961,0.10037385295117254,0.42926356589147285
常州,2014,9632,2190,0.018064784053156147,0.07945205479452055,0.0,0.0,0.0,0.0,0.08139534883720931,0.35799086757990867,0.0,0.0,0.009343853820598007,0.0410958904109589,0.11856312292358805,0.5214611872146119
常州,2015,9784,3188,0.0473221586263287,0.14523212045169384,0.0,0.0,0.0,0.0,0.07205641864268193,0.22114178168130488,0.0,0.0,0.0,0.0,0.2064595257563369,0.6336260978670013
常州,2016,11042,3197,0.04256475276218077,0.1470128245229903,0.0,0.0,0.0,0.0,0.07589204854193081,0.26212073819205506,0.0,0.0,0.0,0.0,0.17107408078246694,0.5908664372849547
常州,2017,11721,3201,0.07593208770582714,0.2780381130896595,0.0,0.0,0.0,0.0,0.006484088388362768,0.023742580443611373,0.0,0.0,0.0,0.0,0.19068338878935245,0.6982193064667291
常州,2018,13116,4131,0.05626715462031107,0.1786492374727669,0.0,0.0,0.013799939005794449,0.043815056886952315,0.004269594388533089,0.01355603969983055,0.005870692284232998,0.018639554587267005,0.0,0.0,0.2347514486123818,0.7453401113531832
常州,2019,12911,4022,0.0811710944156146,0.26056688214818496,0.0,0.0,0.017659360235458138,0.05668821481849826,0.0,0.0,0.0,0.0,0.0,0.0,0.21268685616915808,0.6827449030333168
常州,2020,14616,4239,0.10981116584564861,0.3786270346779901,0.0,0.0,0.006362889983579639,0.021939136588818117,0.0,0.0,0.0,0.0,0.0069102353585112205,0.023826374144845484,0.16694033935413247,0.5756074545883463
常州,2021,13832,3452,0.11198669751301331,0.44872537659327927,0.0,0.0,0.021616541353383457,0.08661645422943222,0.0,0.0,0.0,0.0,0.0,0.0,0.11596298438403702,0.4646581691772885
常州,2022,14518,4150,0.09705193552830968,0.33951807228915665,0.0,0.0,0.01288056206088993,0.04506024096385542,0.0,0.0,0.0,0.0,0.007507921201267392,0.026265060240963856,0.16841162694586032,0.5891566265060241
常州,2023,17587,5272,0.13237050093819297,0.44157814871016693,0.0,0.0,0.004037072837891624,0.013467374810318665,0.0,0.0,0.0,0.0,0.0,0.0,0.16335929948257236,0.5449544764795144
常德,2008,107,46,0.24299065420560748,0.5652173913043478,0.0,0.0,0.037383177570093455,0.08695652173913043,0.1308411214953271,0.30434782608695654,0.018691588785046728,0.043478260869565216,0.0,0.0,0.0,0.0
常德,2009,134,55,0.2462686567164179,0.6,0.0,0.0,0.0,0.0,0.13432835820895522,0.32727272727272727,0.0,0.0,0.0,0.0,0.029850746268656716,0.07272727272727272
常德,2010,158,70,0.2468354430379747,0.5571428571428572,0.0,0.0,0.0,0.0,0.15822784810126583,0.35714285714285715,0.0,0.0,0.0379746835443038,0.08571428571428572,0.0,0.0
常德,2011,243,104,0.35390946502057613,0.8269230769230769,0.0,0.0,0.0,0.0,0.04938271604938271,0.11538461538461539,0.0,0.0,0.0,0.0,0.024691358024691357,0.057692307692307696
常德,2012,322,179,0.5062111801242236,0.9106145251396648,0.0,0.0,0.0,0.0,0.049689440993788817,0.0893854748603352,0.0,0.0,0.0,0.0,0.0,0.0
常德,2013,442,266,0.5497737556561086,0.9135338345864662,0.0,0.0,0.0,0.0,0.03619909502262444,0.06015037593984962,0.0,0.0,0.0,0.0,0.01583710407239819,0.02631578947368421
常德,2014,525,286,0.5161904761904762,0.9475524475524476,0.0,0.0,0.0,0.0,0.013333333333333334,0.024475524475524476,0.0,0.0,0.0,0.0,0.015238095238095238,0.027972027972027972
常德,2015,458,209,0.37554585152838427,0.8229665071770335,0.0,0.0,0.0,0.0,0.04148471615720524,0.09090909090909091,0.0,0.0,0.0,0.0,0.039301310043668124,0.0861244019138756
常德,2016,785,440,0.3197452229299363,0.5704545454545454,0.0,0.0,0.0,0.0,0.050955414012738856,0.09090909090909091,0.0,0.0,0.0,0.0,0.18980891719745224,0.3386363636363636
常德,2017,1488,777,0.3407258064516129,0.6525096525096525,0.0,0.0,0.0,0.0,0.08736559139784947,0.16731016731016732,0.0,0.0,0.0,0.0,0.09408602150537634,0.18018018018018017
常德,2018,1509,694,0.24055666003976142,0.5230547550432276,0.0,0.0,0.0,0.0,0.0291583830351226,0.06340057636887608,0.011928429423459244,0.025936599423631124,0.0,0.0,0.17826375082836315,0.38760806916426516
常德,2019,2362,805,0.21591871295512277,0.6335403726708074,0.0,0.0,0.0,0.0,0.0,0.0,0.0,0.0,0.0,0.0,0.12489415749364945,0.36645962732919257
常德,2020,5688,986,0.13730661040787623,0.7920892494929006,0.0,0.0,0.0,0.0,0.011075949367088608,0.06389452332657201,0.0,0.0,0.0,0.0,0.024964838255977496,0.1440162271805274
常德,2021,2479,583,0.15207745058491326,0.6466552315608919,0.0,0.0,0.009681323114158934,0.0411663807890223,0.0,0.0,0.0,0.0,0.00645421540943929,0.0274442538593482,0.06696248487293263,0.2847341337907376
常德,2022,1617,530,0.23747680890538034,0.7245283018867924,0.0,0.0,0.0,0.0,0.0,0.0,0.0,0.0,0.0,0.0,0.09029066171923315,0.27547169811320754
常德,2023,1419,431,0.2332628611698379,0.7679814385150812,0.0,0.0,0.0,0.0,0.009866102889358703,0.03248259860788863,0.0,0.0,0.026779422128259338,0.08816705336426914,0.03382663847780127,0.11136890951276102
平凉,2008,15,15,0.4,0.4,0.0,0.0,0.0,0.0,0.13333333333333333,0.13333333333333333,0.0,0.0,0.4666666666666667,0.4666666666666667,0.0,0.0
平凉,2009,11,11,0.36363636363636365,0.36363636363636365,0.0,0.0,0.0,0.0,0.6363636363636364,0.6363636363636364,0.0,0.0,0.0,0.0,0.0,0.0
平凉,2010,19,19,0.05263157894736842,0.05263157894736842,0.0,0.0,0.0,0.0,0.9473684210526315,0.9473684210526315,0.0,0.0,0.0,0.0,0.0,0.0
平凉,2011,12,12,0.0,0.0,0.0,0.0,0.0,0.0,0.6666666666666666,0.6666666666666666,0.0,0.0,0.3333333333333333,0.3333333333333333,0.0,0.0
平凉,2012,22,22,0.22727272727272727,0.22727272727272727,0.0,0.0,0.0,0.0,0.7727272727272727,0.7727272727272727,0.0,0.0,0.0,0.0,0.0,0.0
平凉,2013,32,31,0.4375,0.45161290322580644,0.0,0.0,0.0,0.0,0.5,0.5161290322580645,0.0,0.0,0.03125,0.03225806451612903,0.0,0.0
平凉,2014,60,50,0.3,0.36,0.0,0.0,0.0,0.0,0.5,0.6,0.0,0.0,0.03333333333333333,0.04,0.0,0.0
平凉,2015,86,55,0.09302325581395349,0.14545454545454545,0.0,0.0,0.0,0.0,0.5465116279069767,0.8545454545454545,0.0,0.0,0.0,0.0,0.0,0.0
平凉,2016,128,77,0.25,0.4155844155844156,0.0,0.0,0.0,0.0,0.328125,0.5454545454545454,0.0,0.0,0.0234375,0.03896103896103896,0.0,0.0
平凉,2017,168,86,0.34523809523809523,0.6744186046511628,0.0,0.0,0.0,0.0,0.13690476190476192,0.26744186046511625,0.0,0.0,0.02976190476190476,0.05813953488372093,0.0,0.0
平凉,2018,114,83,0.4473684210526316,0.6144578313253012,0.0,0.0,0.0,0.0,0.20175438596491227,0.27710843373493976,0.02631578947368421,0.03614457831325301,0.05263157894736842,0.07228915662650602,0.0,0.0
平凉,2019,54,40,0.25925925925925924,0.35,0.0,0.0,0.07407407407407407,0.1,0.3148148148148148,0.425,0.0,0.0,0.09259259259259259,0.125,0.0,0.0
平凉,2020,168,105,0.23809523809523808,0.38095238095238093,0.0,0.0,0.0,0.0,0.35119047619047616,0.5619047619047619,0.0,0.0,0.03571428571428571,0.05714285714285714,0.0,0.0
平凉,2021,214,138,0.3691588785046729,0.572463768115942,0.0,0.0,0.018691588785046728,0.028985507246376812,0.2383177570093458,0.3695652173913043,0.0,0.0,0.018691588785046728,0.028985507246376812,0.0,0.0
平凉,2022,189,134,0.4656084656084656,0.6567164179104478,0.0,0.0,0.0,0.0,0.15873015873015872,0.22388059701492538,0.0,0.0,0.021164021164021163,0.029850746268656716,0.06349206349206349,0.08955223880597014
平凉,2023,226,191,0.6858407079646017,0.8115183246073299,0.0,0.0,0.008849557522123894,0.010471204188481676,0.05752212389380531,0.06806282722513089,0.035398230088495575,0.041884816753926704,0.03982300884955752,0.04712041884816754,0.017699115044247787,0.020942408376963352
平顶山,2008,103,63,0.2912621359223301,0.47619047619047616,0.0,0.0,0.07766990291262135,0.12698412698412698,0.24271844660194175,0.3968253968253968,0.0,0.0,0.0,0.0,0.0,0.0
平顶山,2009,169,115,0.5029585798816568,0.7391304347826086,0.0,0.0,0.0,0.0,0.17751479289940827,0.2608695652173913,0.0,0.0,0.0,0.0,0.0,0.0
平顶山,2010,175,113,0.46285714285714286,0.7168141592920354,0.0,0.0,0.0,0.0,0.16,0.24778761061946902,0.0,0.0,0.0,0.0,0.022857142857142857,0.035398230088495575
平顶山,2011,218,136,0.40825688073394495,0.6544117647058824,0.0,0.0,0.0,0.0,0.1651376146788991,0.2647058823529412,0.0,0.0,0.0,0.0,0.05045871559633028,0.08088235294117647
平顶山,2012,291,177,0.436426116838488,0.7175141242937854,0.0,0.0,0.01718213058419244,0.02824858757062147,0.10309278350515463,0.1694915254237288,0.0,0.0,0.0,0.0,0.05154639175257732,0.0847457627118644
平顶山,2013,322,174,0.37577639751552794,0.6954022988505747,0.0,0.0,0.0,0.0,0.049689440993788817,0.09195402298850575,0.0,0.0,0.0,0.0,0.11490683229813664,0.21264367816091953
平顶山,2014,638,389,0.5564263322884012,0.9125964010282777,0.0,0.0,0.0,0.0,0.01567398119122257,0.02570694087403599,0.0,0.0,0.0,0.0,0.03761755485893417,0.061696658097686374
平顶山,2015,655,422,0.47938931297709925,0.7440758293838863,0.0,0.0,0.0,0.0,0.08396946564885496,0.13033175355450238,0.0,0.0,0.012213740458015267,0.018957345971563982,0.06870229007633588,0.1066350710900474
平顶山,2016,857,570,0.49008168028004667,0.7368421052631579,0.0,0.0,0.0,0.0,0.019836639439906652,0.02982456140350877,0.0,0.0,0.0,0.0,0.15519253208868145,0.23333333333333334
平顶山,2017,992,642,0.4647177419354839,0.7180685358255452,0.0,0.0,0.0,0.0,0.03024193548387097,0.04672897196261682,0.0,0.0,0.0,0.0,0.15221774193548387,0.235202492211838
平顶山,2018,1352,756,0.35872781065088755,0.6415343915343915,0.0,0.0,0.0,0.0,0.017011834319526627,0.03042328042328042,0.0,0.0,0.0,0.0,0.1834319526627219,0.328042328042328
平顶山,2019,1214,833,0.40774299835255357,0.5942376950780313,0.0,0.0,0.0,0.0,0.02059308072487644,0.030012004801920768,0.0,0.0,0.0,0.0,0.257825370675453,0.375750300120048
平顶山,2020,1161,745,0.40223944875107664,0.6268456375838927,0.0,0.0,0.0,0.0,0.015503875968992248,0.024161073825503355,0.0,0.0,0.0,0.0,0.2239448751076658,0.348993288590604
平顶山,2021,1338,763,0.40059790732436473,0.7024901703800787,0.0,0.0,0.01195814648729447,0.020969855832241154,0.0,0.0,0.0,0.0,0.0,0.0,0.1576980568011958,0.2765399737876802
平顶山,2022,1336,775,0.3383233532934132,0.5832258064516129,0.0,0.0,0.036676646706586824,0.06322580645161291,0.0,0.0,0.0,0.0,0.0,0.0,0.20508982035928144,0.3535483870967742
平顶山,2023,1196,711,0.3795986622073579,0.6385372714486639,0.0,0.0,0.0,0.0,0.0,0.0,0.0,0.0,0.0,0.0,0.2148829431438127,0.36146272855133615
广元,2008,21,21,0.14285714285714285,0.14285714285714285,0.0,0.0,0.0,0.0,0.8571428571428571,0.8571428571428571,0.0,0.0,0.0,0.0,0.0,0.0
广元,2009,35,31,0.22857142857142856,0.25806451612903225,0.0,0.0,0.0,0.0,0.6285714285714286,0.7096774193548387,0.0,0.0,0.02857142857142857,0.03225806451612903,0.0,0.0
广元,2010,56,42,0.26785714285714285,0.35714285714285715,0.0,0.0,0.0,0.0,0.44642857142857145,0.5952380952380952,0.03571428571428571,0.047619047619047616,0.0,0.0,0.0,0.0
广元,2011,62,48,0.3225806451612903,0.4166666666666667,0.0,0.0,0.0,0.0,0.4032258064516129,0.5208333333333334,0.0,0.0,0.04838709677419355,0.0625,0.0,0.0
广元,2012,101,73,0.49504950495049505,0.684931506849315,0.0,0.0,0.0,0.0,0.22772277227722773,0.3150684931506849,0.0,0.0,0.0,0.0,0.0,0.0
广元,2013,128,87,0.28125,0.41379310344827586,0.0,0.0,0.0,0.0,0.3984375,0.5862068965517241,0.0,0.0,0.0,0.0,0.0,0.0
广元,2014,169,116,0.38461538461538464,0.5603448275862069,0.0,0.0,0.0,0.0,0.30177514792899407,0.4396551724137931,0.0,0.0,0.0,0.0,0.0,0.0
广元,2015,238,141,0.15126050420168066,0.2553191489361702,0.0,0.0,0.0,0.0,0.42857142857142855,0.723404255319149,0.0,0.0,0.0,0.0,0.012605042016806723,0.02127659574468085
广元,2016,226,123,0.14601769911504425,0.2682926829268293,0.0,0.0,0.0,0.0,0.2610619469026549,0.4796747967479675,0.09292035398230089,0.17073170731707318,0.04424778761061947,0.08130081300813008,0.0,0.0
广元,2017,344,165,0.2441860465116279,0.509090909090909,0.0,0.0,0.0,0.0,0.1686046511627907,0.3515151515151515,0.04941860465116279,0.10303030303030303,0.01744186046511628,0.03636363636363636,0.0,0.0
广元,2018,287,133,0.30662020905923343,0.6616541353383458,0.0,0.0,0.0,0.0,0.07665505226480836,0.16541353383458646,0.024390243902439025,0.05263157894736842,0.03484320557491289,0.07518796992481203,0.020905923344947737,0.045112781954887216
广元,2019,230,115,0.30869565217391304,0.6173913043478261,0.0,0.0,0.0,0.0,0.09130434782608696,0.1826086956521739,0.0,0.0,0.0,0.0,0.1,0.2
广元,2020,260,161,0.4230769230769231,0.6832298136645962,0.0,0.0,0.015384615384615385,0.024844720496894408,0.11923076923076924,0.19254658385093168,0.0,0.0,0.0,0.0,0.06153846153846154,0.09937888198757763
广元,2021,256,122,0.2421875,0.5081967213114754,0.0,0.0,0.01953125,0.040983606557377046,0.19140625,0.4016393442622951,0.01171875,0.02459016393442623,0.0,0.0,0.01171875,0.02459016393442623
广元,2022,207,125,0.4106280193236715,0.68,0.0,0.0,0.033816425120772944,0.056,0.0966183574879227,0.16,0.014492753623188406,0.024,0.0,0.0,0.04830917874396135,0.08
广元,2023,211,118,0.5071090047393365,0.9067796610169492,0.0,0.0,0.023696682464454975,0.0423728813559322,0.0,0.0,0.014218009478672985,0.025423728813559324,0.0,0.0,0.014218009478672985,0.025423728813559324
广安,2008,14,14,0.07142857142857142,0.07142857142857142,0.0,0.0,0.0,0.0,0.9285714285714286,0.9285714285714286,0.0,0.0,0.0,0.0,0.0,0.0
广安,2009,11,11,0.36363636363636365,0.36363636363636365,0.0,0.0,0.0,0.0,0.5454545454545454,0.5454545454545454,0.09090909090909091,0.09090909090909091,0.0,0.0,0.0,0.0
广安,2010,19,19,0.2631578947368421,0.2631578947368421,0.0,0.0,0.0,0.0,0.7368421052631579,0.7368421052631579,0.0,0.0,0.0,0.0,0.0,0.0
广安,2011,27,27,0.4444444444444444,0.4444444444444444,0.0,0.0,0.0,0.0,0.5555555555555556,0.5555555555555556,0.0,0.0,0.0,0.0,0.0,0.0
广安,2012,54,37,0.2962962962962963,0.43243243243243246,0.0,0.0,0.0,0.0,0.3888888888888889,0.5675675675675675,0.0,0.0,0.0,0.0,0.0,0.0
广安,2013,170,160,0.6176470588235294,0.65625,0.0,0.0,0.0,0.0,0.3235294117647059,0.34375,0.0,0.0,0.0,0.0,0.0,0.0
广安,2014,181,133,0.580110497237569,0.7894736842105263,0.0,0.0,0.0,0.0,0.15469613259668508,0.21052631578947367,0.0,0.0,0.0,0.0,0.0,0.0
广安,2015,503,235,0.03578528827037773,0.07659574468085106,0.0,0.0,0.0,0.0,0.3379721669980119,0.723404255319149,0.09343936381709742,0.2,0.0,0.0,0.0,0.0
广安,2016,800,263,0.22875,0.6958174904942965,0.0,0.0,0.0,0.0,0.0,0.0,0.1,0.3041825095057034,0.0,0.0,0.0,0.0
广安,2017,885,304,0.0711864406779661,0.20723684210526316,0.0,0.0,0.0,0.0,0.012429378531073447,0.03618421052631579,0.2598870056497175,0.756578947368421,0.0,0.0,0.0,0.0
广安,2018,1040,409,0.07019230769230769,0.1784841075794621,0.0,0.0,0.0,0.0,0.0,0.0,0.3125,0.7946210268948656,0.0,0.0,0.010576923076923078,0.02689486552567237
广安,2019,183,103,0.31693989071038253,0.5631067961165048,0.0,0.0,0.0,0.0,0.2185792349726776,0.3883495145631068,0.0273224043715847,0.04854368932038835,0.0,0.0,0.0,0.0
广安,2020,309,106,0.11650485436893204,0.33962264150943394,0.0,0.0,0.0,0.0,0.20711974110032363,0.6037735849056604,0.0,0.0,0.019417475728155338,0.05660377358490566,0.0,0.0
广安,2021,271,109,0.18450184501845018,0.45871559633027525,0.0,0.0,0.02952029520295203,0.07339449541284404,0.13653136531365315,0.3394495412844037,0.0,0.0,0.01845018450184502,0.045871559633027525,0.033210332103321034,0.08256880733944955
广安,2022,230,118,0.391304347826087,0.7627118644067796,0.0,0.0,0.043478260869565216,0.0847457627118644,0.0,0.0,0.0,0.0,0.021739130434782608,0.0423728813559322,0.05652173913043478,0.11016949152542373
广安,2023,244,115,0.3729508196721312,0.7913043478260869,0.0,0.0,0.03278688524590164,0.06956521739130435,0.0,0.0,0.01639344262295082,0.034782608695652174,0.01639344262295082,0.034782608695652174,0.03278688524590164,0.06956521739130435
广州,2008,3836,1758,0.12330552659019813,0.26905574516496017,0.0,0.0,0.0,0.0,0.007038581856100104,0.015358361774744027,0.0,0.0,0.03441084462982273,0.07508532423208192,0.2935349322210636,0.6405005688282139
广州,2009,4822,2074,0.08150145167980091,0.18948891031822565,0.0,0.0,0.0,0.0,0.016383243467440897,0.038090646094503376,0.0,0.0,0.036499377851513894,0.08486017357762778,0.29572791372874324,0.6875602700096431
广州,2010,5941,2684,0.1191718565897997,0.2637853949329359,0.0,0.0,0.0,0.0,0.0,0.0,0.0,0.0,0.024406665544521124,0.05402384500745157,0.3081972731863323,0.6821907600596125
广州,2011,7446,3115,0.11146924523233952,0.2664526484751204,0.0,0.0,0.0,0.0,0.0,0.0,0.0,0.0,0.035455278001611606,0.08475120385232744,0.27142089712597367,0.6487961476725521
广州,2012,9117,3655,0.12350553910277504,0.3080711354309166,0.0,0.0,0.0,0.0,0.0,0.0,0.0,0.0,0.04244817374136229,0.10588235294117647,0.2349457058242843,0.586046511627907
广州,2013,12036,4817,0.09479893652376205,0.23686942080132864,0.0,0.0,0.0,0.0,0.0,0.0,0.0,0.0,0.06106679960119641,0.15258459622171475,0.2443502824858757,0.6105459829769566
广州,2014,13805,5011,0.09822528069540022,0.27060466972660147,0.0,0.0,0.0,0.0,0.0,0.0,0.0,0.0,0.03969576240492575,0.10935940929954101,0.22506338283230715,0.6200359209738575
广州,2015,18179,6004,0.07283128884977172,0.22051965356429049,0.0,0.0,0.0,0.0,0.0,0.0,0.0,0.0,0.0343803289509874,0.10409726848767488,0.22305957423400627,0.6753830779480346
广州,2016,29285,9448,0.07259689260713675,0.2250211685012701,0.0,0.0,0.0,0.0,0.0,0.0,0.0,0.0,0.018405326959194127,0.05704911092294666,0.23162028342154686,0.7179297205757832
广州,2017,40323,11175,0.051236267142821715,0.18487695749440716,0.0,0.0,0.0,0.0,0.006423133199414726,0.023176733780760628,0.0,0.0,0.02090618257570121,0.07543624161073825,0.19857153485603748,0.7165100671140939
广州,2018,51419,15038,0.0951593768840312,0.3253757148556989,0.0,0.0,0.0,0.0,0.0,0.0,0.0,0.0,0.009490655205274316,0.03245112381965687,0.18780995351912716,0.6421731613246442
广州,2019,50334,16467,0.11435610124369214,0.34954758000850183,0.0,0.0,0.0,0.0,0.0,0.0,0.0,0.0,0.011503158898557636,0.035161231554017125,0.2012953470814956,0.615291188437481
广州,2020,63874,15471,0.09050630929642735,0.37366686057785536,0.0,0.0,0.0,0.0,0.0,0.0,0.0,0.0,0.016642139211572784,0.06870919785404951,0.13506277984782541,0.5576239415680951
广州,2021,72229,21354,0.1316507220091653,0.4453029877306359,0.0,0.0,0.0,0.0,0.0,0.0,0.0,0.0,0.009636018773622784,0.03259342511941556,0.15435628348724198,0.5221035871499485
广州,2022,65980,22976,0.13678387390118218,0.39280118384401114,0.0,0.0,0.0,0.0,0.0,0.0,0.0,0.0,0.009048196423158532,0.025983635097493036,0.20239466505001516,0.5812151810584958
广州,2023,73411,23514,0.12844124177575567,0.400995151824445,0.0,0.0,0.0,0.0,0.0,0.0,0.0,0.0,0.010066611270790482,0.031428085395934335,0.1817983680919753,0.5675767627796207
庆阳,2008,11,11,0.2727272727272727,0.2727272727272727,0.0,0.0,0.0,0.0,0.7272727272727273,0.7272727272727273,0.0,0.0,0.0,0.0,0.0,0.0
庆阳,2009,28,28,0.03571428571428571,0.03571428571428571,0.0,0.0,0.0,0.0,0.9642857142857143,0.9642857142857143,0.0,0.0,0.0,0.0,0.0,0.0
庆阳,2010,37,37,0.02702702702702703,0.02702702702702703,0.0,0.0,0.0,0.0,0.8648648648648649,0.8648648648648649,0.05405405405405406,0.05405405405405406,0.0,0.0,0.05405405405405406,0.05405405405405406
庆阳,2011,120,102,0.0,0.0,0.0,0.0,0.0,0.0,0.85,1.0,0.0,0.0,0.0,0.0,0.0,0.0
庆阳,2012,404,360,0.0049504950495049506,0.005555555555555556,0.0,0.0,0.0,0.0,0.8415841584158416,0.9444444444444444,0.0,0.0,0.0,0.0,0.04455445544554455,0.05
庆阳,2013,213,185,0.028169014084507043,0.032432432432432434,0.0,0.0,0.0,0.0,0.7934272300469484,0.9135135135135135,0.0,0.0,0.0,0.0,0.046948356807511735,0.05405405405405406
庆阳,2014,538,483,0.0,0.0,0.0,0.0,0.0,0.0,0.8977695167286245,1.0,0.0,0.0,0.0,0.0,0.0,0.0
庆阳,2015,330,289,0.0,0.0,0.0,0.0,0.0,0.0,0.8424242424242424,0.9619377162629758,0.0,0.0,0.0,0.0,0.03333333333333333,0.03806228373702422
庆阳,2016,285,243,0.28421052631578947,0.3333333333333333,0.0,0.0,0.0,0.0,0.5333333333333333,0.6255144032921811,0.0,0.0,0.0,0.0,0.03508771929824561,0.0411522633744856
庆阳,2017,528,489,0.1553030303030303,0.16768916155419222,0.0,0.0,0.0,0.0,0.6212121212121212,0.6707566462167689,0.0,0.0,0.0,0.0,0.14962121212121213,0.16155419222903886
庆阳,2018,141,99,0.3120567375886525,0.4444444444444444,0.0,0.0,0.0,0.0,0.2198581560283688,0.31313131313131315,0.0,0.0,0.0,0.0,0.1702127659574468,0.24242424242424243
庆阳,2019,107,82,0.205607476635514,0.2682926829268293,0.0,0.0,0.0,0.0,0.19626168224299065,0.25609756097560976,0.018691588785046728,0.024390243902439025,0.0,0.0,0.34579439252336447,0.45121951219512196
庆阳,2020,204,147,0.19607843137254902,0.272108843537415,0.0,0.0,0.0,0.0,0.22058823529411764,0.30612244897959184,0.0,0.0,0.0,0.0,0.30392156862745096,0.4217687074829932
庆阳,2021,194,152,0.30412371134020616,0.3881578947368421,0.0,0.0,0.010309278350515464,0.013157894736842105,0.18041237113402062,0.23026315789473684,0.010309278350515464,0.013157894736842105,0.0,0.0,0.27835051546391754,0.35526315789473684
庆阳,2022,278,245,0.44964028776978415,0.5102040816326531,0.0,0.0,0.0,0.0,0.046762589928057555,0.053061224489795916,0.014388489208633094,0.0163265306122449,0.0,0.0,0.37050359712230213,0.4204081632653061
庆阳,2023,229,192,0.4672489082969432,0.5572916666666666,0.026200873362445413,0.03125,0.008733624454148471,0.010416666666666666,0.021834061135371178,0.026041666666666668,0.013100436681222707,0.015625,0.0,0.0,0.30131004366812225,0.359375
廊坊,2008,168,118,0.38095238095238093,0.5423728813559322,0.0,0.0,0.0,0.0,0.24404761904761904,0.3474576271186441,0.03571428571428571,0.05084745762711865,0.041666666666666664,0.059322033898305086,0.0,0.0
廊坊,2009,287,215,0.397212543554007,0.5302325581395348,0.0,0.0,0.0,0.0,0.25435540069686413,0.3395348837209302,0.027874564459930314,0.037209302325581395,0.06968641114982578,0.09302325581395349,0.0,0.0
廊坊,2010,308,223,0.4707792207792208,0.6502242152466368,0.0,0.0,0.0,0.0,0.12337662337662338,0.17040358744394618,0.0,0.0,0.12987012987012986,0.17937219730941703,0.0,0.0
廊坊,2011,357,221,0.36134453781512604,0.583710407239819,0.0,0.0,0.011204481792717087,0.01809954751131222,0.18487394957983194,0.2986425339366516,0.0,0.0,0.06162464985994398,0.09954751131221719,0.0,0.0
廊坊,2012,380,226,0.34210526315789475,0.5752212389380531,0.0,0.0,0.0,0.0,0.22105263157894736,0.37168141592920356,0.0,0.0,0.015789473684210527,0.02654867256637168,0.015789473684210527,0.02654867256637168
廊坊,2013,388,217,0.33505154639175255,0.5990783410138248,0.0,0.0,0.0,0.0,0.06701030927835051,0.11981566820276497,0.0,0.0,0.015463917525773196,0.027649769585253458,0.14175257731958762,0.2534562211981567
廊坊,2014,570,302,0.35789473684210527,0.6754966887417219,0.0,0.0,0.0,0.0,0.06140350877192982,0.11589403973509933,0.0,0.0,0.008771929824561403,0.016556291390728478,0.10175438596491228,0.19205298013245034
廊坊,2015,749,406,0.35647530040053405,0.6576354679802956,0.0,0.0,0.0,0.0,0.06275033377837116,0.11576354679802955,0.0,0.0,0.018691588785046728,0.034482758620689655,0.1041388518024032,0.1921182266009852
廊坊,2016,945,479,0.38306878306878306,0.755741127348643,0.0,0.0,0.0,0.0,0.01904761904761905,0.037578288100208766,0.0,0.0,0.0,0.0,0.10476190476190476,0.20668058455114824
廊坊,2017,1448,658,0.287292817679558,0.6322188449848024,0.0,0.0,0.0,0.0,0.09323204419889503,0.20516717325227962,0.0,0.0,0.0,0.0,0.0738950276243094,0.16261398176291794
廊坊,2018,2309,1222,0.4231268947596362,0.7995090016366612,0.0,0.0,0.0,0.0,0.04937202252057168,0.09328968903436989,0.0,0.0,0.013425725422260719,0.02536824877250409,0.043308791684711995,0.08183306055646482
廊坊,2019,2428,1240,0.40897858319604613,0.8008064516129032,0.0,0.0,0.0,0.0,0.0,0.0,0.0,0.0,0.007825370675453048,0.01532258064516129,0.09390444810543658,0.18387096774193548
廊坊,2020,2518,950,0.2760127084988086,0.7315789473684211,0.0,0.0,0.0,0.0,0.0,0.0,0.0,0.0,0.011517077045274026,0.030526315789473683,0.08975377283558379,0.23789473684210527
廊坊,2021,2151,945,0.3407717340771734,0.7756613756613756,0.0,0.0,0.0,0.0,0.0,0.0,0.0,0.0,0.0,0.0,0.09855880985588099,0.22433862433862434
廊坊,2022,2131,966,0.3594556546222431,0.7929606625258799,0.0,0.0,0.0,0.0,0.0,0.0,0.0,0.0,0.009385265133740028,0.020703933747412008,0.08446738620366025,0.18633540372670807
廊坊,2023,2712,1199,0.37426253687315636,0.8465387823185988,0.0,0.0,0.0,0.0,0.0,0.0,0.0,0.0,0.0,0.0,0.06784660766961652,0.15346121768140117
延安,2008,18,18,0.2777777777777778,0.2777777777777778,0.0,0.0,0.0,0.0,0.7222222222222222,0.7222222222222222,0.0,0.0,0.0,0.0,0.0,0.0
延安,2009,25,25,0.36,0.36,0.0,0.0,0.0,0.0,0.48,0.48,0.08,0.08,0.04,0.04,0.04,0.04
延安,2010,33,31,0.3333333333333333,0.3548387096774194,0.0,0.0,0.0,0.0,0.5454545454545454,0.5806451612903226,0.0,0.0,0.06060606060606061,0.06451612903225806,0.0,0.0
延安,2011,37,29,0.35135135135135137,0.4482758620689655,0.0,0.0,0.0,0.0,0.3783783783783784,0.4827586206896552,0.02702702702702703,0.034482758620689655,0.0,0.0,0.02702702702702703,0.034482758620689655
延安,2012,54,45,0.3333333333333333,0.4,0.0,0.0,0.018518518518518517,0.022222222222222223,0.2962962962962963,0.35555555555555557,0.018518518518518517,0.022222222222222223,0.0,0.0,0.16666666666666666,0.2
延安,2013,67,51,0.23880597014925373,0.3137254901960784,0.0,0.0,0.029850746268656716,0.0392156862745098,0.31343283582089554,0.4117647058823529,0.0,0.0,0.0,0.0,0.1791044776119403,0.23529411764705882
延安,2014,82,58,0.21951219512195122,0.3103448275862069,0.0,0.0,0.0,0.0,0.3170731707317073,0.4482758620689655,0.024390243902439025,0.034482758620689655,0.0,0.0,0.14634146341463414,0.20689655172413793
延安,2015,86,56,0.1511627906976744,0.23214285714285715,0.0,0.0,0.046511627906976744,0.07142857142857142,0.22093023255813954,0.3392857142857143,0.0,0.0,0.0,0.0,0.23255813953488372,0.35714285714285715
延安,2016,108,83,0.3055555555555556,0.39759036144578314,0.0,0.0,0.0,0.0,0.2777777777777778,0.3614457831325301,0.0,0.0,0.0,0.0,0.18518518518518517,0.24096385542168675
延安,2017,179,108,0.08379888268156424,0.1388888888888889,0.0,0.0,0.027932960893854747,0.046296296296296294,0.24581005586592178,0.4074074074074074,0.0,0.0,0.0,0.0,0.24581005586592178,0.4074074074074074
延安,2018,305,167,0.07540983606557378,0.1377245508982036,0.0,0.0,0.009836065573770493,0.017964071856287425,0.2360655737704918,0.4311377245508982,0.0,0.0,0.0,0.0,0.2262295081967213,0.41317365269461076
延安,2019,177,122,0.20903954802259886,0.30327868852459017,0.0,0.0,0.062146892655367235,0.09016393442622951,0.05084745762711865,0.07377049180327869,0.011299435028248588,0.01639344262295082,0.0,0.0,0.3559322033898305,0.5163934426229508
延安,2020,224,125,0.15625,0.28,0.0,0.0,0.05357142857142857,0.096,0.08928571428571429,0.16,0.0,0.0,0.0,0.0,0.25892857142857145,0.464
延安,2021,295,173,0.20677966101694914,0.35260115606936415,0.0,0.0,0.0847457627118644,0.14450867052023122,0.04406779661016949,0.07514450867052024,0.0,0.0,0.006779661016949152,0.011560693641618497,0.2440677966101695,0.4161849710982659
延安,2022,371,233,0.16442048517520216,0.26180257510729615,0.0,0.0,0.1078167115902965,0.17167381974248927,0.02425876010781671,0.03862660944206009,0.0,0.0,0.0,0.0,0.33153638814016173,0.5278969957081545
延安,2023,320,235,0.2625,0.3574468085106383,0.0,0.0,0.03125,0.0425531914893617,0.0,0.0,0.0,0.0,0.0,0.0,0.440625,0.6
延边,2016,1,1,0.0,0.0,0.0,0.0,0.0,0.0,1.0,1.0,0.0,0.0,0.0,0.0,0.0,0.0
延边,2018,15,15,0.4666666666666667,0.4666666666666667,0.0,0.0,0.0,0.0,0.5333333333333333,0.5333333333333333,0.0,0.0,0.0,0.0,0.0,0.0
延边,2019,13,13,0.6923076923076923,0.6923076923076923,0.0,0.0,0.0,0.0,0.3076923076923077,0.3076923076923077,0.0,0.0,0.0,0.0,0.0,0.0
延边,2020,20,20,0.7,0.7,0.0,0.0,0.0,0.0,0.25,0.25,0.0,0.0,0.0,0.0,0.05,0.05
延边,2021,39,39,0.6153846153846154,0.6153846153846154,0.0,0.0,0.0,0.0,0.10256410256410256,0.10256410256410256,0.0,0.0,0.0,0.0,0.28205128205128205,0.28205128205128205
延边,2022,41,40,0.5853658536585366,0.6,0.0,0.0,0.024390243902439025,0.025,0.07317073170731707,0.075,0.0,0.0,0.04878048780487805,0.05,0.24390243902439024,0.25
延边,2023,108,102,0.5092592592592593,0.5392156862745098,0.0,0.0,0.0,0.0,0.018518518518518517,0.0196078431372549,0.0,0.0,0.0,0.0,0.4166666666666667,0.4411764705882353
延边朝鲜族自治州,2008,72,46,0.2361111111111111,0.3695652173913043,0.0,0.0,0.0,0.0,0.3194444444444444,0.5,0.0,0.0,0.0,0.0,0.08333333333333333,0.13043478260869565
延边朝鲜族自治州,2009,96,57,0.2708333333333333,0.45614035087719296,0.0,0.0,0.0,0.0,0.22916666666666666,0.38596491228070173,0.0,0.0,0.0,0.0,0.09375,0.15789473684210525
延边朝鲜族自治州,2010,95,59,0.28421052631578947,0.4576271186440678,0.0,0.0,0.0,0.0,0.25263157894736843,0.4067796610169492,0.0,0.0,0.0,0.0,0.08421052631578947,0.13559322033898305
延边朝鲜族自治州,2011,78,49,0.3974358974358974,0.6326530612244898,0.0,0.0,0.0,0.0,0.14102564102564102,0.22448979591836735,0.0,0.0,0.0,0.0,0.08974358974358974,0.14285714285714285
延边朝鲜族自治州,2012,104,55,0.19230769230769232,0.36363636363636365,0.0,0.0,0.0,0.0,0.25,0.4727272727272727,0.019230769230769232,0.03636363636363636,0.0,0.0,0.0673076923076923,0.12727272727272726
延边朝鲜族自治州,2013,126,59,0.23015873015873015,0.4915254237288136,0.0,0.0,0.0,0.0,0.16666666666666666,0.3559322033898305,0.0,0.0,0.0,0.0,0.07142857142857142,0.15254237288135594
延边朝鲜族自治州,2014,130,79,0.2076923076923077,0.34177215189873417,0.0,0.0,0.0,0.0,0.3,0.4936708860759494,0.0,0.0,0.0,0.0,0.1,0.16455696202531644
延边朝鲜族自治州,2015,125,66,0.232,0.4393939393939394,0.0,0.0,0.0,0.0,0.144,0.2727272727272727,0.0,0.0,0.0,0.0,0.152,0.2878787878787879
延边朝鲜族自治州,2016,137,87,0.1678832116788321,0.26436781609195403,0.0,0.0,0.0,0.0,0.26277372262773724,0.41379310344827586,0.0,0.0,0.021897810218978103,0.034482758620689655,0.18248175182481752,0.28735632183908044
延边朝鲜族自治州,2017,162,103,0.2654320987654321,0.4174757281553398,0.0,0.0,0.0,0.0,0.13580246913580246,0.21359223300970873,0.0,0.0,0.0,0.0,0.2345679012345679,0.36893203883495146
延边朝鲜族自治州,2018,179,106,0.20670391061452514,0.3490566037735849,0.0,0.0,0.0,0.0,0.11173184357541899,0.18867924528301888,0.0,0.0,0.0,0.0,0.2737430167597765,0.46226415094339623
延边朝鲜族自治州,2019,216,125,0.26851851851851855,0.464,0.0,0.0,0.0,0.0,0.041666666666666664,0.072,0.0,0.0,0.032407407407407406,0.056,0.2361111111111111,0.408
延边朝鲜族自治州,2020,214,123,0.2757009345794392,0.4796747967479675,0.0,0.0,0.0,0.0,0.06074766355140187,0.10569105691056911,0.0,0.0,0.014018691588785047,0.024390243902439025,0.22429906542056074,0.3902439024390244
延边朝鲜族自治州,2021,236,156,0.3389830508474576,0.5128205128205128,0.0,0.0,0.0,0.0,0.1016949152542373,0.15384615384615385,0.0,0.0,0.0211864406779661,0.03205128205128205,0.19915254237288135,0.30128205128205127
延边朝鲜族自治州,2022,208,142,0.36538461538461536,0.5352112676056338,0.0,0.0,0.0,0.0,0.038461538461538464,0.056338028169014086,0.014423076923076924,0.02112676056338028,0.028846153846153848,0.04225352112676056,0.23557692307692307,0.34507042253521125
延边朝鲜族自治州,2023,216,167,0.4398148148148148,0.5688622754491018,0.0,0.0,0.0,0.0,0.009259259259259259,0.011976047904191617,0.0,0.0,0.023148148148148147,0.029940119760479042,0.30092592592592593,0.38922155688622756
开封,2008,96,83,0.052083333333333336,0.060240963855421686,0.0,0.0,0.0,0.0,0.4166666666666667,0.4819277108433735,0.0,0.0,0.0,0.0,0.3958333333333333,0.4578313253012048
开封,2009,142,119,0.028169014084507043,0.03361344537815126,0.0,0.0,0.0,0.0,0.43661971830985913,0.5210084033613446,0.02112676056338028,0.025210084033613446,0.0,0.0,0.352112676056338,0.42016806722689076
开封,2010,144,114,0.2638888888888889,0.3333333333333333,0.0,0.0,0.0,0.0,0.3125,0.39473684210526316,0.013888888888888888,0.017543859649122806,0.013888888888888888,0.017543859649122806,0.1875,0.23684210526315788
开封,2011,135,102,0.17037037037037037,0.22549019607843138,0.0,0.0,0.0,0.0,0.14074074074074075,0.18627450980392157,0.0,0.0,0.0,0.0,0.4444444444444444,0.5882352941176471
开封,2012,171,126,0.27485380116959063,0.373015873015873,0.0,0.0,0.0,0.0,0.12280701754385964,0.16666666666666666,0.0,0.0,0.0,0.0,0.3391812865497076,0.4603174603174603
开封,2013,195,137,0.20512820512820512,0.291970802919708,0.0,0.0,0.0,0.0,0.11282051282051282,0.16058394160583941,0.0,0.0,0.0,0.0,0.38461538461538464,0.5474452554744526
开封,2014,220,157,0.23636363636363636,0.33121019108280253,0.0,0.0,0.0,0.0,0.18181818181818182,0.25477707006369427,0.0,0.0,0.0,0.0,0.29545454545454547,0.4140127388535032
开封,2015,317,224,0.12302839116719243,0.17410714285714285,0.0,0.0,0.0,0.0,0.0946372239747634,0.13392857142857142,0.0,0.0,0.0,0.0,0.4889589905362776,0.6919642857142857
开封,2016,398,278,0.17839195979899497,0.25539568345323743,0.0,0.0,0.0,0.0,0.05025125628140704,0.07194244604316546,0.0,0.0,0.0,0.0,0.46984924623115576,0.6726618705035972
开封,2017,490,350,0.23877551020408164,0.3342857142857143,0.0,0.0,0.026530612244897958,0.037142857142857144,0.05510204081632653,0.07714285714285714,0.0,0.0,0.0,0.0,0.39387755102040817,0.5514285714285714
开封,2018,723,492,0.12863070539419086,0.18902439024390244,0.0,0.0,0.0,0.0,0.09266943291839558,0.13617886178861788,0.0,0.0,0.0,0.0,0.45919778699861685,0.6747967479674797
开封,2019,811,603,0.09617755856966707,0.12935323383084577,0.0,0.0,0.012330456226880395,0.01658374792703151,0.03329223181257707,0.04477611940298507,0.0,0.0,0.0,0.0,0.6017262638717632,0.8092868988391376
开封,2020,1146,674,0.08987783595113438,0.15281899109792285,0.0,0.0,0.017452006980802792,0.02967359050445104,0.04363001745200698,0.07418397626112759,0.0,0.0,0.0,0.0,0.43717277486910994,0.7433234421364985
开封,2021,1457,932,0.08236101578586136,0.12875536480686695,0.0,0.0,0.06726149622512011,0.10515021459227468,0.0,0.0,0.0,0.0,0.0,0.0,0.4900480439258751,0.7660944206008584
开封,2022,1543,988,0.09073233959818536,0.1417004048582996,0.0,0.0,0.08036292935839275,0.12550607287449392,0.0,0.0,0.0,0.0,0.005184705119896306,0.008097165991902834,0.46403110823071936,0.7246963562753036
开封,2023,1194,830,0.2051926298157454,0.29518072289156627,0.0,0.0,0.038525963149078725,0.05542168674698795,0.0,0.0,0.0,0.0,0.0,0.0,0.45142378559463986,0.6493975903614457
张家口,2008,50,38,0.32,0.42105263157894735,0.0,0.0,0.0,0.0,0.44,0.5789473684210527,0.0,0.0,0.0,0.0,0.0,0.0
张家口,2009,53,34,0.4339622641509434,0.6764705882352942,0.0,0.0,0.0,0.0,0.20754716981132076,0.3235294117647059,0.0,0.0,0.0,0.0,0.0,0.0
张家口,2010,42,34,0.4523809523809524,0.5588235294117647,0.0,0.0,0.0,0.0,0.35714285714285715,0.4411764705882353,0.0,0.0,0.0,0.0,0.0,0.0
张家口,2011,69,47,0.30434782608695654,0.44680851063829785,0.0,0.0,0.0,0.0,0.2608695652173913,0.3829787234042553,0.0,0.0,0.028985507246376812,0.0425531914893617,0.08695652173913043,0.1276595744680851
张家口,2012,92,66,0.5108695652173914,0.7121212121212122,0.0,0.0,0.0,0.0,0.18478260869565216,0.25757575757575757,0.0,0.0,0.021739130434782608,0.030303030303030304,0.0,0.0
张家口,2013,195,121,0.28717948717948716,0.4628099173553719,0.0,0.0,0.0,0.0,0.3128205128205128,0.5041322314049587,0.0,0.0,0.0,0.0,0.020512820512820513,0.03305785123966942
张家口,2014,340,156,0.15588235294117647,0.33974358974358976,0.0,0.0,0.0,0.0,0.2911764705882353,0.6346153846153846,0.0,0.0,0.011764705882352941,0.02564102564102564,0.0,0.0
张家口,2015,308,182,0.2922077922077922,0.4945054945054945,0.0,0.0,0.0,0.0,0.24025974025974026,0.4065934065934066,0.0,0.0,0.0,0.0,0.05844155844155844,0.0989010989010989
张家口,2016,334,191,0.2215568862275449,0.387434554973822,0.0,0.0,0.0,0.0,0.1437125748502994,0.2513089005235602,0.0,0.0,0.0,0.0,0.20658682634730538,0.3612565445026178
张家口,2017,392,241,0.288265306122449,0.46887966804979253,0.0,0.0,0.0,0.0,0.09183673469387756,0.14937759336099585,0.0,0.0,0.025510204081632654,0.04149377593360996,0.20918367346938777,0.34024896265560167
张家口,2018,600,311,0.26166666666666666,0.5048231511254019,0.0,0.0,0.011666666666666667,0.022508038585209004,0.09,0.17363344051446947,0.0,0.0,0.03666666666666667,0.0707395498392283,0.11833333333333333,0.2282958199356913
张家口,2019,524,289,0.4198473282442748,0.7612456747404844,0.0,0.0,0.0,0.0,0.0,0.0,0.0,0.0,0.013358778625954198,0.02422145328719723,0.1183206106870229,0.21453287197231835
张家口,2020,751,373,0.3488681757656458,0.7024128686327078,0.0,0.0,0.0,0.0,0.02929427430093209,0.058981233243967826,0.0,0.0,0.0,0.0,0.118508655126498,0.2386058981233244
张家口,2021,987,422,0.23809523809523808,0.556872037914692,0.0,0.0,0.010131712259371834,0.023696682464454975,0.020263424518743668,0.04739336492890995,0.015197568389057751,0.035545023696682464,0.013171225937183385,0.030805687203791468,0.13069908814589665,0.3056872037914692
张家口,2022,994,554,0.40945674044265595,0.7346570397111913,0.0,0.0,0.012072434607645875,0.021660649819494584,0.0,0.0,0.0,0.0,0.014084507042253521,0.02527075812274368,0.12173038229376258,0.2184115523465704
张家口,2023,1188,796,0.5555555555555556,0.8291457286432161,0.0,0.0,0.0,0.0,0.0,0.0,0.0,0.0,0.009259259259259259,0.013819095477386936,0.10521885521885523,0.157035175879397
张家界,2008,15,15,0.4666666666666667,0.4666666666666667,0.0,0.0,0.0,0.0,0.4666666666666667,0.4666666666666667,0.0,0.0,0.0,0.0,0.06666666666666667,0.06666666666666667
张家界,2009,40,40,0.475,0.475,0.0,0.0,0.0,0.0,0.525,0.525,0.0,0.0,0.0,0.0,0.0,0.0
张家界,2010,55,54,0.38181818181818183,0.3888888888888889,0.0,0.0,0.0,0.0,0.5818181818181818,0.5925925925925926,0.0,0.0,0.0,0.0,0.01818181818181818,0.018518518518518517
张家界,2011,48,44,0.3125,0.3409090909090909,0.0,0.0,0.0,0.0,0.4583333333333333,0.5,0.020833333333333332,0.022727272727272728,0.0,0.0,0.125,0.13636363636363635
张家界,2012,69,52,0.17391304347826086,0.23076923076923078,0.0,0.0,0.0,0.0,0.4927536231884058,0.6538461538461539,0.0,0.0,0.0,0.0,0.08695652173913043,0.11538461538461539
张家界,2013,98,86,0.40816326530612246,0.46511627906976744,0.0,0.0,0.0,0.0,0.35714285714285715,0.4069767441860465,0.0,0.0,0.0,0.0,0.11224489795918367,0.12790697674418605
张家界,2014,127,85,0.33070866141732286,0.49411764705882355,0.0,0.0,0.0,0.0,0.2204724409448819,0.32941176470588235,0.015748031496062992,0.023529411764705882,0.0,0.0,0.10236220472440945,0.15294117647058825
张家界,2015,147,98,0.30612244897959184,0.45918367346938777,0.0,0.0,0.0,0.0,0.23809523809523808,0.35714285714285715,0.0,0.0,0.0,0.0,0.12244897959183673,0.1836734693877551
张家界,2016,141,101,0.23404255319148937,0.32673267326732675,0.0,0.0,0.0,0.0,0.2907801418439716,0.40594059405940597,0.0,0.0,0.0,0.0,0.19148936170212766,0.26732673267326734
张家界,2017,214,142,0.1822429906542056,0.2746478873239437,0.0,0.0,0.0,0.0,0.14953271028037382,0.22535211267605634,0.0,0.0,0.0,0.0,0.3317757009345794,0.5
张家界,2018,311,181,0.33762057877813506,0.580110497237569,0.0,0.0,0.0,0.0,0.03536977491961415,0.06077348066298342,0.0,0.0,0.0,0.0,0.2090032154340836,0.35911602209944754
张家界,2019,343,173,0.3119533527696793,0.6184971098265896,0.0,0.0,0.0,0.0,0.011661807580174927,0.023121387283236993,0.0,0.0,0.0,0.0,0.18075801749271136,0.3583815028901734
张家界,2020,434,144,0.21658986175115208,0.6527777777777778,0.0,0.0,0.0,0.0,0.013824884792626729,0.041666666666666664,0.018433179723502304,0.05555555555555555,0.0,0.0,0.08294930875576037,0.25
张家界,2021,152,68,0.2565789473684211,0.5735294117647058,0.0,0.0,0.0,0.0,0.16447368421052633,0.36764705882352944,0.0,0.0,0.0,0.0,0.02631578947368421,0.058823529411764705
张家界,2022,150,77,0.30666666666666664,0.5974025974025974,0.0,0.0,0.0,0.0,0.15333333333333332,0.2987012987012987,0.0,0.0,0.0,0.0,0.05333333333333334,0.1038961038961039
张家界,2023,100,52,0.35,0.6730769230769231,0.0,0.0,0.0,0.0,0.07,0.1346153846153846,0.0,0.0,0.0,0.0,0.1,0.19230769230769232
张掖,2008,22,22,0.36363636363636365,0.36363636363636365,0.0,0.0,0.0,0.0,0.6363636363636364,0.6363636363636364,0.0,0.0,0.0,0.0,0.0,0.0
张掖,2009,32,32,0.25,0.25,0.0,0.0,0.0,0.0,0.53125,0.53125,0.0,0.0,0.21875,0.21875,0.0,0.0
张掖,2010,28,28,0.2857142857142857,0.2857142857142857,0.0,0.0,0.03571428571428571,0.03571428571428571,0.6428571428571429,0.6428571428571429,0.03571428571428571,0.03571428571428571,0.0,0.0,0.0,0.0
张掖,2011,45,42,0.4888888888888889,0.5238095238095238,0.0,0.0,0.0,0.0,0.37777777777777777,0.40476190476190477,0.06666666666666667,0.07142857142857142,0.0,0.0,0.0,0.0
张掖,2012,60,48,0.21666666666666667,0.2708333333333333,0.0,0.0,0.0,0.0,0.4166666666666667,0.5208333333333334,0.06666666666666667,0.08333333333333333,0.06666666666666667,0.08333333333333333,0.03333333333333333,0.041666666666666664
张掖,2013,154,89,0.06493506493506493,0.11235955056179775,0.0,0.0,0.0,0.0,0.38961038961038963,0.6741573033707865,0.09740259740259741,0.16853932584269662,0.0,0.0,0.025974025974025976,0.0449438202247191
张掖,2014,218,138,0.0779816513761468,0.12318840579710146,0.0,0.0,0.0,0.0,0.5,0.7898550724637681,0.04128440366972477,0.06521739130434782,0.0,0.0,0.013761467889908258,0.021739130434782608
张掖,2015,370,249,0.0,0.0,0.0,0.0,0.0,0.0,0.6432432432432432,0.9558232931726908,0.0,0.0,0.02972972972972973,0.04417670682730924,0.0,0.0
张掖,2016,316,178,0.08544303797468354,0.15168539325842698,0.0,0.0,0.0,0.0,0.4050632911392405,0.7191011235955056,0.0,0.0,0.04113924050632911,0.07303370786516854,0.03164556962025317,0.056179775280898875
张掖,2017,531,301,0.11299435028248588,0.19933554817275748,0.0,0.0,0.0,0.0,0.3766478342749529,0.6644518272425249,0.0,0.0,0.018832391713747645,0.03322259136212625,0.0583804143126177,0.10299003322259136
张掖,2018,902,342,0.20620842572062084,0.543859649122807,0.0,0.0,0.0,0.0,0.10310421286031042,0.2719298245614035,0.0,0.0,0.02328159645232816,0.06140350877192982,0.04656319290465632,0.12280701754385964
张掖,2019,265,145,0.2339622641509434,0.42758620689655175,0.0,0.0,0.0,0.0,0.15471698113207547,0.2827586206896552,0.0,0.0,0.03018867924528302,0.05517241379310345,0.12830188679245283,0.23448275862068965
张掖,2020,215,122,0.20465116279069767,0.36065573770491804,0.0,0.0,0.0,0.0,0.19069767441860466,0.3360655737704918,0.0,0.0,0.03255813953488372,0.05737704918032787,0.13953488372093023,0.2459016393442623
张掖,2021,209,80,0.24880382775119617,0.65,0.0,0.0,0.0,0.0,0.04784688995215311,0.125,0.0,0.0,0.019138755980861243,0.05,0.06698564593301436,0.175
张掖,2022,209,89,0.23444976076555024,0.550561797752809,0.0,0.0,0.0,0.0,0.023923444976076555,0.056179775280898875,0.03349282296650718,0.07865168539325842,0.03827751196172249,0.0898876404494382,0.09569377990430622,0.2247191011235955
张掖,2023,218,117,0.3623853211009174,0.6752136752136753,0.013761467889908258,0.02564102564102564,0.0,0.0,0.0,0.0,0.045871559633027525,0.08547008547008547,0.03211009174311927,0.05982905982905983,0.08256880733944955,0.15384615384615385
彰化县,2015,1,1,1.0,1.0,0.0,0.0,0.0,0.0,0.0,0.0,0.0,0.0,0.0,0.0,0.0,0.0
彰化县,2019,10,10,0.4,0.4,0.0,0.0,0.0,0.0,0.3,0.3,0.3,0.3,0.0,0.0,0.0,0.0
彰化县,2020,20,20,0.6,0.6,0.0,0.0,0.0,0.0,0.1,0.1,0.3,0.3,0.0,0.0,0.0,0.0
彰化县,2021,17,17,0.7058823529411765,0.7058823529411765,0.0,0.0,0.0,0.0,0.11764705882352941,0.11764705882352941,0.17647058823529413,0.17647058823529413,0.0,0.0,0.0,0.0
彰化县,2022,37,34,0.6216216216216216,0.6764705882352942,0.0,0.0,0.02702702702702703,0.029411764705882353,0.10810810810810811,0.11764705882352941,0.16216216216216217,0.17647058823529413,0.0,0.0,0.0,0.0
彰化县,2023,82,54,0.5121951219512195,0.7777777777777778,0.0,0.0,0.0,0.0,0.07317073170731707,0.1111111111111111,0.07317073170731707,0.1111111111111111,0.0,0.0,0.0,0.0
徐州,2008,1692,333,0.018321513002364065,0.09309309309309309,0.0,0.0,0.0,0.0,0.12115839243498817,0.6156156156156156,0.0,0.0,0.0,0.0,0.057328605200945626,0.2912912912912913
徐州,2009,2034,375,0.05211406096361849,0.2826666666666667,0.0,0.0,0.0,0.0,0.08013765978367748,0.43466666666666665,0.0,0.0,0.0,0.0,0.05211406096361849,0.2826666666666667
徐州,2010,3313,480,0.03954120132810142,0.27291666666666664,0.0,0.0,0.0,0.0,0.05553878659824932,0.38333333333333336,0.0,0.0,0.0,0.0,0.049803803199517056,0.34375
徐州,2011,4191,672,0.06108327368169888,0.38095238095238093,0.0,0.0,0.0,0.0,0.02028155571462658,0.12648809523809523,0.0,0.0,0.0,0.0,0.0789787640181341,0.49255952380952384
徐州,2012,3627,1265,0.20595533498759305,0.5905138339920949,0.0,0.0,0.0,0.0,0.007168458781362007,0.020553359683794466,0.0,0.0,0.0,0.0,0.13564929693961952,0.38893280632411065
徐州,2013,5057,1848,0.17876211192406566,0.48917748917748916,0.0,0.0,0.0,0.0,0.04211983389361281,0.11525974025974026,0.0,0.0,0.0,0.0,0.14455210599169468,0.39556277056277056
徐州,2014,3972,1728,0.1908358509566969,0.4386574074074074,0.0,0.0,0.0,0.0,0.020896273917421954,0.048032407407407406,0.0,0.0,0.0,0.0,0.22331319234642497,0.5133101851851852
徐州,2015,3319,1924,0.19373305212413378,0.3341995841995842,0.0,0.0,0.0,0.0,0.006327206990057246,0.010914760914760915,0.0,0.0,0.0,0.0,0.3796324194034348,0.6548856548856549
徐州,2016,4805,2435,0.19458896982310095,0.3839835728952772,0.0,0.0,0.0,0.0,0.0,0.0,0.0,0.0,0.0,0.0,0.31217481789802287,0.6160164271047228
徐州,2017,9158,2435,0.10395282812841232,0.3909650924024641,0.0,0.0,0.0,0.0,0.0,0.0,0.0,0.0,0.0,0.0,0.16193492028827255,0.609034907597536
徐州,2018,13204,3088,0.08247500757346259,0.35265544041450775,0.0,0.0,0.0,0.0,0.0,0.0,0.0,0.0,0.0,0.0,0.15139351711602544,0.6473445595854922
徐州,2019,16932,3271,0.05841011103236475,0.30235402017731583,0.0,0.0,0.0,0.0,0.0,0.0,0.0,0.0,0.0,0.0,0.1347743916843846,0.6976459798226842
徐州,2020,8665,2901,0.10502019619157531,0.3136849362288866,0.0,0.0,0.0,0.0,0.0,0.0,0.0,0.0,0.0,0.0,0.22977495672244663,0.6863150637711134
徐州,2021,14332,3694,0.07758861289422272,0.3010286951813752,0.0,0.0,0.0,0.0,0.0,0.0,0.0,0.0,0.0,0.0,0.18015629360870777,0.6989713048186248
徐州,2022,14814,4362,0.10530579181855002,0.3576341127922971,0.0,0.0,0.0,0.0,0.0,0.0,0.0,0.0,0.0,0.0,0.18914540299716484,0.6423658872077029
徐州,2023,12562,4498,0.1193281324629836,0.33325922632281013,0.0,0.0,0.0,0.0,0.0,0.0,0.0,0.0,0.0,0.0,0.23873587008438146,0.6667407736771899
德宏,2018,2,2,1.0,1.0,0.0,0.0,0.0,0.0,0.0,0.0,0.0,0.0,0.0,0.0,0.0,0.0
德宏,2019,3,3,0.6666666666666666,0.6666666666666666,0.0,0.0,0.0,0.0,0.3333333333333333,0.3333333333333333,0.0,0.0,0.0,0.0,0.0,0.0
德宏,2020,3,3,1.0,1.0,0.0,0.0,0.0,0.0,0.0,0.0,0.0,0.0,0.0,0.0,0.0,0.0
德宏,2021,7,7,1.0,1.0,0.0,0.0,0.0,0.0,0.0,0.0,0.0,0.0,0.0,0.0,0.0,0.0
德宏,2022,6,6,0.3333333333333333,0.3333333333333333,0.0,0.0,0.0,0.0,0.16666666666666666,0.16666666666666666,0.16666666666666666,0.16666666666666666,0.3333333333333333,0.3333333333333333,0.0,0.0
德宏,2023,52,52,0.9230769230769231,0.9230769230769231,0.0,0.0,0.0,0.0,0.0,0.0,0.057692307692307696,0.057692307692307696,0.019230769230769232,0.019230769230769232,0.0,0.0
德宏傣族景颇族自治州,2008,7,7,0.42857142857142855,0.42857142857142855,0.0,0.0,0.0,0.0,0.5714285714285714,0.5714285714285714,0.0,0.0,0.0,0.0,0.0,0.0
德宏傣族景颇族自治州,2009,26,26,0.38461538461538464,0.38461538461538464,0.0,0.0,0.0,0.0,0.38461538461538464,0.38461538461538464,0.038461538461538464,0.038461538461538464,0.19230769230769232,0.19230769230769232,0.0,0.0
德宏傣族景颇族自治州,2010,5,5,0.6,0.6,0.0,0.0,0.0,0.0,0.0,0.0,0.0,0.0,0.4,0.4,0.0,0.0
德宏傣族景颇族自治州,2011,13,13,0.46153846153846156,0.46153846153846156,0.0,0.0,0.0,0.0,0.46153846153846156,0.46153846153846156,0.07692307692307693,0.07692307692307693,0.0,0.0,0.0,0.0
德宏傣族景颇族自治州,2012,14,14,0.2857142857142857,0.2857142857142857,0.0,0.0,0.0,0.0,0.42857142857142855,0.42857142857142855,0.14285714285714285,0.14285714285714285,0.14285714285714285,0.14285714285714285,0.0,0.0
德宏傣族景颇族自治州,2013,28,26,0.5714285714285714,0.6153846153846154,0.0,0.0,0.0,0.0,0.25,0.2692307692307692,0.0,0.0,0.10714285714285714,0.11538461538461539,0.0,0.0
德宏傣族景颇族自治州,2014,34,34,0.3235294117647059,0.3235294117647059,0.0,0.0,0.0,0.0,0.2647058823529412,0.2647058823529412,0.11764705882352941,0.11764705882352941,0.29411764705882354,0.29411764705882354,0.0,0.0
德宏傣族景颇族自治州,2015,72,66,0.3611111111111111,0.3939393939393939,0.0,0.0,0.0,0.0,0.1527777777777778,0.16666666666666666,0.013888888888888888,0.015151515151515152,0.3888888888888889,0.42424242424242425,0.0,0.0
德宏傣族景颇族自治州,2016,71,51,0.4788732394366197,0.6666666666666666,0.0,0.0,0.0,0.0,0.056338028169014086,0.0784313725490196,0.028169014084507043,0.0392156862745098,0.15492957746478872,0.21568627450980393,0.0,0.0
德宏傣族景颇族自治州,2017,62,49,0.5967741935483871,0.7551020408163265,0.0,0.0,0.0,0.0,0.03225806451612903,0.04081632653061224,0.06451612903225806,0.08163265306122448,0.0967741935483871,0.12244897959183673,0.0,0.0
德宏傣族景颇族自治州,2018,74,52,0.47297297297297297,0.6730769230769231,0.0,0.0,0.0,0.0,0.04054054054054054,0.057692307692307696,0.013513513513513514,0.019230769230769232,0.17567567567567569,0.25,0.0,0.0
德宏傣族景颇族自治州,2019,46,42,0.45652173913043476,0.5,0.0,0.0,0.0,0.0,0.13043478260869565,0.14285714285714285,0.043478260869565216,0.047619047619047616,0.2608695652173913,0.2857142857142857,0.021739130434782608,0.023809523809523808
德宏傣族景颇族自治州,2020,40,35,0.475,0.5428571428571428,0.0,0.0,0.0,0.0,0.35,0.4,0.025,0.02857142857142857,0.025,0.02857142857142857,0.0,0.0
德宏傣族景颇族自治州,2021,47,45,0.6595744680851063,0.6888888888888889,0.0,0.0,0.0,0.0,0.1702127659574468,0.17777777777777778,0.0425531914893617,0.044444444444444446,0.0851063829787234,0.08888888888888889,0.0,0.0
德宏傣族景颇族自治州,2022,58,44,0.5172413793103449,0.6818181818181818,0.0,0.0,0.034482758620689655,0.045454545454545456,0.13793103448275862,0.18181818181818182,0.0,0.0,0.06896551724137931,0.09090909090909091,0.0,0.0
德宏傣族景颇族自治州,2023,48,48,0.6875,0.6875,0.0,0.0,0.0625,0.0625,0.0625,0.0625,0.125,0.125,0.0625,0.0625,0.0,0.0
德州,2008,135,73,0.2814814814814815,0.5205479452054794,0.0,0.0,0.0,0.0,0.25925925925925924,0.4794520547945205,0.0,0.0,0.0,0.0,0.0,0.0
德州,2009,218,128,0.3348623853211009,0.5703125,0.0,0.0,0.0,0.0,0.22935779816513763,0.390625,0.0,0.0,0.009174311926605505,0.015625,0.013761467889908258,0.0234375
德州,2010,240,114,0.39166666666666666,0.8245614035087719,0.0,0.0,0.0,0.0,0.025,0.05263157894736842,0.0125,0.02631578947368421,0.0,0.0,0.04583333333333333,0.09649122807017543
德州,2011,341,146,0.2873900293255132,0.6712328767123288,0.0,0.0,0.0,0.0,0.06158357771260997,0.14383561643835616,0.0,0.0,0.0,0.0,0.07917888563049853,0.18493150684931506
德州,2012,516,210,0.3062015503875969,0.7523809523809524,0.0,0.0,0.0,0.0,0.06782945736434108,0.16666666666666666,0.0,0.0,0.0,0.0,0.03294573643410853,0.08095238095238096
德州,2013,606,227,0.2755775577557756,0.73568281938326,0.0,0.0,0.0,0.0,0.019801980198019802,0.05286343612334802,0.0,0.0,0.009900990099009901,0.02643171806167401,0.06930693069306931,0.18502202643171806
德州,2014,630,270,0.34444444444444444,0.8037037037037037,0.0,0.0,0.0,0.0,0.05555555555555555,0.12962962962962962,0.0,0.0,0.0,0.0,0.02857142857142857,0.06666666666666667
德州,2015,683,200,0.2225475841874085,0.76,0.0,0.0,0.0,0.0,0.05124450951683748,0.175,0.0,0.0,0.0,0.0,0.01903367496339678,0.065
德州,2016,951,271,0.24290220820189273,0.8523985239852399,0.0,0.0,0.0,0.0,0.031545741324921134,0.11070110701107011,0.0,0.0,0.0,0.0,0.010515247108307046,0.03690036900369004
德州,2017,1189,367,0.25399495374264086,0.8228882833787466,0.0,0.0,0.0,0.0,0.03280067283431455,0.10626702997275204,0.0,0.0,0.0,0.0,0.021867115222876366,0.07084468664850137
德州,2018,1580,505,0.22658227848101264,0.7089108910891089,0.0,0.0,0.0,0.0,0.03734177215189873,0.11683168316831684,0.0,0.0,0.0,0.0,0.05569620253164557,0.17425742574257425
德州,2019,1453,405,0.20233998623537508,0.725925925925926,0.0,0.0,0.0,0.0,0.0,0.0,0.0,0.0,0.0,0.0,0.07639366827253957,0.2740740740740741
德州,2020,1901,504,0.17096265123619148,0.6448412698412699,0.0,0.0,0.0,0.0,0.0,0.0,0.0,0.0,0.0,0.0,0.09416096791162545,0.3551587301587302
德州,2021,2085,540,0.1669064748201439,0.6444444444444445,0.0,0.0,0.0,0.0,0.00815347721822542,0.03148148148148148,0.0,0.0,0.0,0.0,0.08393285371702638,0.32407407407407407
德州,2022,2187,805,0.28440786465477824,0.7726708074534161,0.0,0.0,0.007773205304069501,0.02111801242236025,0.0,0.0,0.006401463191586648,0.017391304347826087,0.0,0.0,0.0695016003657979,0.18881987577639753
德州,2023,2812,547,0.1504267425320057,0.773308957952468,0.0,0.0,0.0,0.0,0.0,0.0,0.010668563300142247,0.054844606946983544,0.0,0.0,0.033428165007112376,0.17184643510054845
德阳,2008,118,92,0.711864406779661,0.9130434782608695,0.0,0.0,0.0,0.0,0.06779661016949153,0.08695652173913043,0.0,0.0,0.0,0.0,0.0,0.0
德阳,2009,237,136,0.3881856540084388,0.6764705882352942,0.0,0.0,0.0,0.0,0.18565400843881857,0.3235294117647059,0.0,0.0,0.0,0.0,0.0,0.0
德阳,2010,316,186,0.49050632911392406,0.8333333333333334,0.0,0.0,0.0,0.0,0.0981012658227848,0.16666666666666666,0.0,0.0,0.0,0.0,0.0,0.0
德阳,2011,297,187,0.46464646464646464,0.7379679144385026,0.0,0.0,0.0,0.0,0.16498316498316498,0.2620320855614973,0.0,0.0,0.0,0.0,0.0,0.0
德阳,2012,496,239,0.4536290322580645,0.9414225941422594,0.0,0.0,0.0,0.0,0.028225806451612902,0.058577405857740586,0.0,0.0,0.0,0.0,0.0,0.0
德阳,2013,623,292,0.4317817014446228,0.9212328767123288,0.0,0.0,0.0,0.0,0.028892455858747994,0.06164383561643835,0.0,0.0,0.0,0.0,0.008025682182985553,0.017123287671232876
德阳,2014,679,348,0.49779086892488955,0.9712643678160919,0.0,0.0,0.0,0.0,0.0,0.0,0.0,0.0,0.0,0.0,0.014727540500736377,0.028735632183908046
德阳,2015,1016,425,0.4074803149606299,0.9741176470588235,0.0,0.0,0.0,0.0,0.0,0.0,0.0,0.0,0.0,0.0,0.010826771653543307,0.02588235294117647
德阳,2016,1946,902,0.2523124357656732,0.5443458980044346,0.0,0.0,0.0,0.0,0.18961973278520042,0.4090909090909091,0.0,0.0,0.0,0.0,0.02158273381294964,0.04656319290465632
德阳,2017,2389,643,0.208455420678108,0.7744945567651633,0.0,0.0,0.0,0.0,0.0,0.0,0.0,0.0,0.0,0.0,0.06069485140226036,0.2255054432348367
德阳,2018,2372,513,0.19435075885328837,0.898635477582846,0.0,0.0,0.0,0.0,0.0,0.0,0.008431703204047217,0.03898635477582846,0.0,0.0,0.013490725126475547,0.06237816764132553
德阳,2019,1117,540,0.3070725156669651,0.6351851851851852,0.0,0.0,0.03760071620411817,0.07777777777777778,0.008057296329453895,0.016666666666666666,0.0,0.0,0.0,0.0,0.13070725156669652,0.27037037037037037
德阳,2020,1389,565,0.2678185745140389,0.6584070796460177,0.0,0.0,0.033837293016558675,0.0831858407079646,0.0,0.0,0.0,0.0,0.008639308855291577,0.021238938053097345,0.0964722822174226,0.23716814159292035
德阳,2021,1473,664,0.32382892057026474,0.7183734939759037,0.0,0.0,0.01493550577053632,0.03313253012048193,0.0,0.0,0.012219959266802444,0.02710843373493976,0.0,0.0,0.09979633401221996,0.2213855421686747
德阳,2022,1476,763,0.35501355013550134,0.6867627785058977,0.0,0.0,0.0,0.0,0.0,0.0,0.0,0.0,0.0,0.0,0.1619241192411924,0.3132372214941022
德阳,2023,1910,972,0.33036649214659686,0.6491769547325102,0.0,0.0,0.015706806282722512,0.030864197530864196,0.0,0.0,0.0,0.0,0.0,0.0,0.16282722513089004,0.31995884773662553
忻州,2008,39,33,0.10256410256410256,0.12121212121212122,0.0,0.0,0.0,0.0,0.7435897435897436,0.8787878787878788,0.0,0.0,0.0,0.0,0.0,0.0
忻州,2009,50,36,0.2,0.2777777777777778,0.0,0.0,0.0,0.0,0.52,0.7222222222222222,0.0,0.0,0.0,0.0,0.0,0.0
忻州,2010,102,66,0.3431372549019608,0.5303030303030303,0.0,0.0,0.0,0.0,0.30392156862745096,0.4696969696969697,0.0,0.0,0.0,0.0,0.0,0.0
忻州,2011,118,81,0.3983050847457627,0.5802469135802469,0.0,0.0,0.0,0.0,0.2711864406779661,0.3950617283950617,0.0,0.0,0.01694915254237288,0.024691358024691357,0.0,0.0
忻州,2012,145,82,0.25517241379310346,0.45121951219512196,0.0,0.0,0.0,0.0,0.27586206896551724,0.4878048780487805,0.034482758620689655,0.06097560975609756,0.0,0.0,0.0,0.0
忻州,2013,280,140,0.2357142857142857,0.4714285714285714,0.0,0.0,0.017857142857142856,0.03571428571428571,0.2,0.4,0.04642857142857143,0.09285714285714286,0.0,0.0,0.0,0.0
忻州,2014,164,91,0.17682926829268292,0.31868131868131866,0.0,0.0,0.03048780487804878,0.054945054945054944,0.3231707317073171,0.5824175824175825,0.0,0.0,0.024390243902439025,0.04395604395604396,0.0,0.0
忻州,2015,91,51,0.27472527472527475,0.49019607843137253,0.0,0.0,0.0,0.0,0.26373626373626374,0.47058823529411764,0.02197802197802198,0.0392156862745098,0.0,0.0,0.0,0.0
忻州,2016,148,84,0.24324324324324326,0.42857142857142855,0.0,0.0,0.0,0.0,0.32432432432432434,0.5714285714285714,0.0,0.0,0.0,0.0,0.0,0.0
忻州,2017,223,88,0.16143497757847533,0.4090909090909091,0.0,0.0,0.0,0.0,0.2062780269058296,0.5227272727272727,0.0,0.0,0.013452914798206279,0.03409090909090909,0.013452914798206279,0.03409090909090909
忻州,2018,195,102,0.18974358974358974,0.3627450980392157,0.0,0.0,0.02564102564102564,0.049019607843137254,0.17435897435897435,0.3333333333333333,0.0,0.0,0.05128205128205128,0.09803921568627451,0.08205128205128205,0.1568627450980392
忻州,2019,149,91,0.3691275167785235,0.6043956043956044,0.0,0.0,0.0,0.0,0.12080536912751678,0.1978021978021978,0.013422818791946308,0.02197802197802198,0.013422818791946308,0.02197802197802198,0.09395973154362416,0.15384615384615385
忻州,2020,170,101,0.3411764705882353,0.5742574257425742,0.0,0.0,0.0,0.0,0.14705882352941177,0.24752475247524752,0.0,0.0,0.029411764705882353,0.04950495049504951,0.07647058823529412,0.12871287128712872
忻州,2021,216,97,0.2824074074074074,0.6288659793814433,0.0,0.0,0.0,0.0,0.05555555555555555,0.12371134020618557,0.0,0.0,0.0,0.0,0.1111111111111111,0.24742268041237114
忻州,2022,187,116,0.37967914438502676,0.6120689655172413,0.0,0.0,0.0,0.0,0.06417112299465241,0.10344827586206896,0.0106951871657754,0.017241379310344827,0.016042780748663103,0.02586206896551724,0.1497326203208556,0.2413793103448276
忻州,2023,363,182,0.43526170798898073,0.8681318681318682,0.0,0.0,0.0,0.0,0.0,0.0,0.013774104683195593,0.027472527472527472,0.01652892561983471,0.03296703296703297,0.03581267217630854,0.07142857142857142
怀化,2008,48,36,0.10416666666666667,0.1388888888888889,0.0,0.0,0.0,0.0,0.5833333333333334,0.7777777777777778,0.020833333333333332,0.027777777777777776,0.0,0.0,0.041666666666666664,0.05555555555555555
怀化,2009,39,28,0.28205128205128205,0.39285714285714285,0.0,0.0,0.0,0.0,0.38461538461538464,0.5357142857142857,0.0,0.0,0.0,0.0,0.05128205128205128,0.07142857142857142
怀化,2010,67,48,0.31343283582089554,0.4375,0.0,0.0,0.0,0.0,0.34328358208955223,0.4791666666666667,0.0,0.0,0.0,0.0,0.05970149253731343,0.08333333333333333
怀化,2011,117,88,0.5897435897435898,0.7840909090909091,0.0,0.0,0.0,0.0,0.1623931623931624,0.2159090909090909,0.0,0.0,0.0,0.0,0.0,0.0
怀化,2012,107,74,0.38317757009345793,0.5540540540540541,0.0,0.0,0.0,0.0,0.2803738317757009,0.40540540540540543,0.0,0.0,0.0,0.0,0.028037383177570093,0.04054054054054054
怀化,2013,95,65,0.3263157894736842,0.47692307692307695,0.0,0.0,0.0,0.0,0.24210526315789474,0.35384615384615387,0.021052631578947368,0.03076923076923077,0.0,0.0,0.09473684210526316,0.13846153846153847
怀化,2014,161,78,0.2422360248447205,0.5,0.0,0.0,0.0,0.0,0.14906832298136646,0.3076923076923077,0.0,0.0,0.0,0.0,0.09316770186335403,0.19230769230769232
怀化,2015,180,83,0.26666666666666666,0.5783132530120482,0.0,0.0,0.0,0.0,0.08888888888888889,0.1927710843373494,0.027777777777777776,0.060240963855421686,0.0,0.0,0.07777777777777778,0.1686746987951807
怀化,2016,327,190,0.1620795107033639,0.2789473684210526,0.0,0.0,0.0,0.0,0.3211009174311927,0.5526315789473685,0.0,0.0,0.0,0.0,0.09785932721712538,0.16842105263157894
怀化,2017,563,286,0.12966252220248667,0.25524475524475526,0.0,0.0,0.0,0.0,0.30728241563055064,0.6048951048951049,0.0,0.0,0.0,0.0,0.07104795737122557,0.13986013986013987
怀化,2018,1388,494,0.20244956772334294,0.5688259109311741,0.0,0.0,0.0,0.0,0.035302593659942365,0.09919028340080972,0.0,0.0,0.008645533141210375,0.024291497975708502,0.10951008645533142,0.3076923076923077
怀化,2019,1880,450,0.1425531914893617,0.5955555555555555,0.0,0.0,0.0,0.0,0.007446808510638298,0.03111111111111111,0.0,0.0,0.0,0.0,0.08936170212765958,0.37333333333333335
怀化,2020,2419,430,0.14179412980570483,0.7976744186046512,0.0,0.0,0.0,0.0,0.0,0.0,0.0,0.0,0.0,0.0,0.03596527490698636,0.20232558139534884
怀化,2021,2724,389,0.1038913362701909,0.7275064267352185,0.0,0.0,0.007709251101321586,0.05398457583547558,0.0,0.0,0.0,0.0,0.0,0.0,0.03120411160058737,0.2185089974293059
怀化,2022,438,210,0.3242009132420091,0.6761904761904762,0.0,0.0,0.0,0.0,0.0,0.0,0.0,0.0,0.0,0.0,0.1552511415525114,0.3238095238095238
怀化,2023,481,291,0.45322245322245325,0.7491408934707904,0.0,0.0,0.0,0.0,0.0,0.0,0.0,0.0,0.0,0.0,0.15176715176715178,0.2508591065292096
怒江,2018,1,1,0.0,0.0,0.0,0.0,0.0,0.0,1.0,1.0,0.0,0.0,0.0,0.0,0.0,0.0
怒江,2021,1,1,1.0,1.0,0.0,0.0,0.0,0.0,0.0,0.0,0.0,0.0,0.0,0.0,0.0,0.0
怒江,2023,18,18,0.6666666666666666,0.6666666666666666,0.0,0.0,0.0,0.0,0.0,0.0,0.0,0.0,0.3333333333333333,0.3333333333333333,0.0,0.0
怒江傈僳族自治州,2008,2,2,1.0,1.0,0.0,0.0,0.0,0.0,0.0,0.0,0.0,0.0,0.0,0.0,0.0,0.0
怒江傈僳族自治州,2009,1,1,1.0,1.0,0.0,0.0,0.0,0.0,0.0,0.0,0.0,0.0,0.0,0.0,0.0,0.0
怒江傈僳族自治州,2011,5,5,0.4,0.4,0.0,0.0,0.0,0.0,0.6,0.6,0.0,0.0,0.0,0.0,0.0,0.0
怒江傈僳族自治州,2012,1,1,1.0,1.0,0.0,0.0,0.0,0.0,0.0,0.0,0.0,0.0,0.0,0.0,0.0,0.0
怒江傈僳族自治州,2013,11,11,0.6363636363636364,0.6363636363636364,0.0,0.0,0.0,0.0,0.18181818181818182,0.18181818181818182,0.18181818181818182,0.18181818181818182,0.0,0.0,0.0,0.0
怒江傈僳族自治州,2014,4,4,1.0,1.0,0.0,0.0,0.0,0.0,0.0,0.0,0.0,0.0,0.0,0.0,0.0,0.0
怒江傈僳族自治州,2015,6,6,0.6666666666666666,0.6666666666666666,0.0,0.0,0.0,0.0,0.16666666666666666,0.16666666666666666,0.16666666666666666,0.16666666666666666,0.0,0.0,0.0,0.0
怒江傈僳族自治州,2016,18,18,0.6111111111111112,0.6111111111111112,0.0,0.0,0.0,0.0,0.3888888888888889,0.3888888888888889,0.0,0.0,0.0,0.0,0.0,0.0
怒江傈僳族自治州,2017,23,23,0.6521739130434783,0.6521739130434783,0.0,0.0,0.0,0.0,0.30434782608695654,0.30434782608695654,0.043478260869565216,0.043478260869565216,0.0,0.0,0.0,0.0
怒江傈僳族自治州,2018,23,23,0.8260869565217391,0.8260869565217391,0.0,0.0,0.0,0.0,0.17391304347826086,0.17391304347826086,0.0,0.0,0.0,0.0,0.0,0.0
怒江傈僳族自治州,2019,8,8,0.875,0.875,0.0,0.0,0.0,0.0,0.0,0.0,0.125,0.125,0.0,0.0,0.0,0.0
怒江傈僳族自治州,2020,16,16,0.9375,0.9375,0.0,0.0,0.0,0.0,0.0,0.0,0.0625,0.0625,0.0,0.0,0.0,0.0
怒江傈僳族自治州,2021,21,21,0.9047619047619048,0.9047619047619048,0.0,0.0,0.0,0.0,0.09523809523809523,0.09523809523809523,0.0,0.0,0.0,0.0,0.0,0.0
怒江傈僳族自治州,2022,36,36,0.8333333333333334,0.8333333333333334,0.0,0.0,0.0,0.0,0.16666666666666666,0.16666666666666666,0.0,0.0,0.0,0.0,0.0,0.0
怒江傈僳族自治州,2023,37,37,0.9459459459459459,0.9459459459459459,0.0,0.0,0.0,0.0,0.0,0.0,0.0,0.0,0.05405405405405406,0.05405405405405406,0.0,0.0
恩施,2016,1,1,0.0,0.0,0.0,0.0,0.0,0.0,1.0,1.0,0.0,0.0,0.0,0.0,0.0,0.0
恩施,2017,4,4,0.75,0.75,0.0,0.0,0.0,0.0,0.0,0.0,0.0,0.0,0.0,0.0,0.25,0.25
恩施,2018,7,7,0.7142857142857143,0.7142857142857143,0.0,0.0,0.0,0.0,0.14285714285714285,0.14285714285714285,0.0,0.0,0.0,0.0,0.14285714285714285,0.14285714285714285
恩施,2019,6,6,0.16666666666666666,0.16666666666666666,0.0,0.0,0.16666666666666666,0.16666666666666666,0.3333333333333333,0.3333333333333333,0.0,0.0,0.0,0.0,0.3333333333333333,0.3333333333333333
恩施,2020,8,8,0.375,0.375,0.0,0.0,0.0,0.0,0.375,0.375,0.0,0.0,0.125,0.125,0.125,0.125
恩施,2021,27,27,0.5925925925925926,0.5925925925925926,0.0,0.0,0.037037037037037035,0.037037037037037035,0.1111111111111111,0.1111111111111111,0.0,0.0,0.037037037037037035,0.037037037037037035,0.2222222222222222,0.2222222222222222
恩施,2022,45,37,0.5333333333333333,0.6486486486486487,0.0,0.0,0.022222222222222223,0.02702702702702703,0.06666666666666667,0.08108108108108109,0.0,0.0,0.0,0.0,0.2,0.24324324324324326
恩施,2023,92,54,0.29347826086956524,0.5,0.0,0.0,0.043478260869565216,0.07407407407407407,0.03260869565217391,0.05555555555555555,0.0,0.0,0.08695652173913043,0.14814814814814814,0.13043478260869565,0.2222222222222222
恩施土家族苗族自治州,2008,24,23,0.041666666666666664,0.043478260869565216,0.0,0.0,0.0,0.0,0.7916666666666666,0.8260869565217391,0.0,0.0,0.08333333333333333,0.08695652173913043,0.041666666666666664,0.043478260869565216
恩施土家族苗族自治州,2009,23,23,0.34782608695652173,0.34782608695652173,0.0,0.0,0.043478260869565216,0.043478260869565216,0.5217391304347826,0.5217391304347826,0.0,0.0,0.0,0.0,0.08695652173913043,0.08695652173913043
恩施土家族苗族自治州,2010,54,45,0.5555555555555556,0.6666666666666666,0.0,0.0,0.0,0.0,0.16666666666666666,0.2,0.0,0.0,0.037037037037037035,0.044444444444444446,0.07407407407407407,0.08888888888888889
恩施土家族苗族自治州,2011,62,61,0.43548387096774194,0.4426229508196721,0.0,0.0,0.0,0.0,0.45161290322580644,0.45901639344262296,0.0,0.0,0.04838709677419355,0.04918032786885246,0.04838709677419355,0.04918032786885246
恩施土家族苗族自治州,2012,88,73,0.625,0.7534246575342466,0.0,0.0,0.0,0.0,0.10227272727272728,0.1232876712328767,0.0,0.0,0.0,0.0,0.10227272727272728,0.1232876712328767
恩施土家族苗族自治州,2013,138,97,0.39855072463768115,0.5670103092783505,0.0,0.0,0.014492753623188406,0.020618556701030927,0.18840579710144928,0.26804123711340205,0.0,0.0,0.028985507246376812,0.041237113402061855,0.07246376811594203,0.10309278350515463
恩施土家族苗族自治州,2014,236,137,0.3686440677966102,0.635036496350365,0.0,0.0,0.0,0.0,0.1228813559322034,0.2116788321167883,0.0,0.0,0.025423728813559324,0.043795620437956206,0.0635593220338983,0.10948905109489052
恩施土家族苗族自治州,2015,331,254,0.22658610271903323,0.2952755905511811,0.0,0.0,0.0,0.0,0.027190332326283987,0.03543307086614173,0.3564954682779456,0.4645669291338583,0.03927492447129909,0.051181102362204724,0.11782477341389729,0.15354330708661418
恩施土家族苗族自治州,2016,347,216,0.4438040345821326,0.7129629629629629,0.0,0.0,0.0,0.0,0.03170028818443804,0.05092592592592592,0.0,0.0,0.05187319884726225,0.08333333333333333,0.09510086455331412,0.1527777777777778
恩施土家族苗族自治州,2017,892,513,0.38565022421524664,0.6705653021442495,0.0,0.0,0.0,0.0,0.10538116591928251,0.18323586744639375,0.0,0.0,0.01569506726457399,0.02729044834307992,0.06838565022421525,0.1189083820662768
恩施土家族苗族自治州,2018,577,257,0.18890814558058924,0.42412451361867703,0.0,0.0,0.0,0.0,0.060658578856152515,0.13618677042801555,0.0,0.0,0.060658578856152515,0.13618677042801555,0.13518197573656845,0.3035019455252918
恩施土家族苗族自治州,2019,342,199,0.15789473684210525,0.271356783919598,0.0,0.0,0.0,0.0,0.08771929824561403,0.1507537688442211,0.0,0.0,0.07602339181286549,0.1306532663316583,0.260233918128655,0.4472361809045226
恩施土家族苗族自治州,2020,256,172,0.15234375,0.22674418604651161,0.0,0.0,0.01953125,0.029069767441860465,0.08203125,0.12209302325581395,0.0,0.0,0.10546875,0.1569767441860465,0.3125,0.46511627906976744
恩施土家族苗族自治州,2021,328,174,0.11585365853658537,0.21839080459770116,0.0,0.0,0.042682926829268296,0.08045977011494253,0.1402439024390244,0.26436781609195403,0.0,0.0,0.09146341463414634,0.1724137931034483,0.1402439024390244,0.26436781609195403
恩施土家族苗族自治州,2022,218,111,0.1651376146788991,0.32432432432432434,0.0,0.0,0.0779816513761468,0.15315315315315314,0.05504587155963303,0.10810810810810811,0.027522935779816515,0.05405405405405406,0.0963302752293578,0.1891891891891892,0.0871559633027523,0.17117117117117117
恩施土家族苗族自治州,2023,156,91,0.24358974358974358,0.4175824175824176,0.0,0.0,0.07051282051282051,0.12087912087912088,0.019230769230769232,0.03296703296703297,0.01282051282051282,0.02197802197802198,0.08333333333333333,0.14285714285714285,0.15384615384615385,0.26373626373626374
惠州,2008,227,153,0.6255506607929515,0.9281045751633987,0.0,0.0,0.0,0.0,0.03524229074889868,0.05228758169934641,0.0,0.0,0.0,0.0,0.013215859030837005,0.0196078431372549
惠州,2009,357,203,0.49859943977591037,0.8768472906403941,0.0,0.0,0.0,0.0,0.0700280112044818,0.12315270935960591,0.0,0.0,0.0,0.0,0.0,0.0
惠州,2010,793,512,0.5952080706179067,0.921875,0.0,0.0,0.0,0.0,0.05044136191677175,0.078125,0.0,0.0,0.0,0.0,0.0,0.0
惠州,2011,1166,796,0.6217838765008576,0.9108040201005025,0.0,0.0,0.0,0.0,0.060891938250428816,0.08919597989949749,0.0,0.0,0.0,0.0,0.0,0.0
惠州,2012,1529,941,0.5846958796599084,0.9500531349628055,0.0,0.0,0.0,0.0,0.02354480052321779,0.03825717321997875,0.0,0.0,0.0,0.0,0.007194244604316547,0.011689691817215728
惠州,2013,2372,1220,0.43296795952782463,0.8418032786885246,0.0,0.0,0.0,0.0,0.07166947723440135,0.13934426229508196,0.0,0.0,0.0,0.0,0.0096964586846543,0.018852459016393444
惠州,2014,3168,1557,0.42771464646464646,0.8702633269107257,0.0,0.0,0.0,0.0,0.03409090909090909,0.06936416184971098,0.0,0.0,0.0,0.0,0.029671717171717172,0.06037251123956326
惠州,2015,4286,2178,0.41507232851143255,0.8168044077134986,0.0,0.0,0.0,0.0,0.08096126924871676,0.1593204775022957,0.0,0.0,0.0,0.0,0.012132524498366775,0.023875114784205693
惠州,2016,5888,2626,0.3919836956521739,0.8789032749428789,0.0,0.0,0.0,0.0,0.04228940217391304,0.09482102056359482,0.0,0.0,0.0,0.0,0.01171875,0.026275704493526276
惠州,2017,7872,2258,0.25952743902439024,0.9047829937998229,0.0,0.0,0.0,0.0,0.014608739837398374,0.05093002657218778,0.006224593495934959,0.021700620017714792,0.0,0.0,0.0064786585365853655,0.022586359610274578
惠州,2018,4918,1858,0.3493289955266368,0.9246501614639397,0.0,0.0,0.0,0.0,0.0058967059780398534,0.015608180839612486,0.0,0.0,0.0,0.0,0.022570150467669785,0.05974165769644779
惠州,2019,5384,1983,0.3449108469539376,0.9364599092284418,0.0,0.0,0.0,0.0,0.0,0.0,0.0,0.0,0.0,0.0,0.023402674591381872,0.06354009077155824
惠州,2020,5694,1845,0.31366350544432736,0.9680216802168021,0.0,0.0,0.0,0.0,0.0,0.0,0.0,0.0,0.0,0.0,0.010361784334387074,0.03197831978319783
惠州,2021,6027,2047,0.32984901277584205,0.9711773326819736,0.0,0.0,0.0,0.0,0.0,0.0,0.0,0.0,0.0,0.0,0.00978928156628505,0.02882266731802638
惠州,2022,5621,2004,0.33268101761252444,0.9331337325349301,0.0,0.0,0.0,0.0,0.0,0.0,0.0,0.0,0.0049813200498132005,0.013972055888223553,0.01885785447429283,0.05289421157684631
惠州,2023,5983,2003,0.3175664382416848,0.9485771342985522,0.0,0.0,0.0,0.0,0.0,0.0,0.0,0.0,0.00685274945679425,0.020469296055916127,0.010362694300518135,0.0309535696455317
成都,2008,2770,1425,0.16209386281588448,0.31508771929824564,0.0,0.0,0.0,0.0,0.0,0.0,0.018772563176895306,0.036491228070175435,0.04043321299638989,0.07859649122807018,0.2931407942238267,0.5698245614035088
成都,2009,4289,1903,0.17626486360456983,0.39726747241198107,0.0,0.0,0.0,0.0,0.006761482863138261,0.015239096163951655,0.019351830263464678,0.043615344193378876,0.02541384938214036,0.05727798213347346,0.2159011424574493,0.4866001050972149
成都,2010,5043,2053,0.13166765813999604,0.3234291281052119,0.0,0.0,0.0,0.0,0.022010707911957167,0.05406721870433512,0.0,0.0,0.02577830656355344,0.06332196785192401,0.22764227642276422,0.559181685338529
成都,2011,7195,2637,0.10173731758165393,0.2775881683731513,0.0,0.0,0.0,0.0,0.0,0.0,0.0,0.0,0.019735927727588604,0.05384907091391733,0.24503127171646977,0.6685627607129314
成都,2012,10029,3522,0.0676039485492073,0.19250425894378195,0.0,0.0,0.0,0.0,0.0,0.0,0.018047661780835576,0.051391254968767744,0.019643035197926016,0.05593412833617263,0.24588692790906372,0.7001703577512777
成都,2013,15626,4670,0.06521182644310763,0.21820128479657389,0.0,0.0,0.0,0.0,0.0,0.0,0.0063355945219505955,0.02119914346895075,0.012031230001279918,0.04025695931477516,0.21528222193779598,0.7203426124197002
成都,2014,18481,4599,0.0575185325469401,0.23113720373994345,0.0,0.0,0.0,0.0,0.0,0.0,0.0,0.0,0.017964395866024566,0.07218960643618177,0.17336724203235757,0.6966731898238747
成都,2015,24742,5656,0.05868563576105408,0.2567185289957567,0.0,0.0,0.0,0.0,0.0,0.0,0.005254223587422197,0.022984441301272984,0.006143399886832108,0.026874115983026876,0.15851588392207583,0.6934229137199435
成都,2016,33576,7327,0.04544913033118894,0.20827077930940358,0.0,0.0,0.0,0.0,0.0,0.0,0.0058375029783178465,0.02675037532414358,0.0037228973076006673,0.017060188344479324,0.16321181796521325,0.7479186570219736
成都,2017,48840,9508,0.05237510237510237,0.26903660075725705,0.0,0.0,0.0,0.0,0.0,0.0,0.005118755118755119,0.026293647454774926,0.0,0.0,0.13718263718263718,0.704669751787968
成都,2018,37819,10733,0.08144054575742352,0.2869654337091214,0.0,0.0,0.0,0.0,0.0,0.0,0.004653745471852772,0.016398024783378366,0.0,0.0,0.19770485734683624,0.6966365415075002
成都,2019,29402,11404,0.06173049452418203,0.15915468256752016,0.0,0.0,0.013264403782055642,0.034198526832690285,0.0,0.0,0.008366777770219713,0.021571378463696948,0.011937963403850078,0.030778674149421256,0.29256513162369907,0.7542967379866713
成都,2020,33789,11093,0.0608778004676078,0.18543225457495718,0.0,0.0,0.020894373908668502,0.06364373929505093,0.0,0.0,0.01053597324573086,0.032092310466059676,0.020953564769599572,0.06382403317407374,0.21504039776258546,0.6550076624898584
成都,2021,37394,12867,0.061132802053805425,0.17766379109349498,0.0,0.0,0.01863935390704391,0.054169581098935264,0.0,0.0,0.013531582606835322,0.039325406077562755,0.020457827458950632,0.05945441827931919,0.2303310691554795,0.6693868034506878
成都,2022,41566,15700,0.052903815618534376,0.14006369426751591,0.0,0.0,0.016118943367175096,0.04267515923566879,0.0,0.0,0.014699514025886542,0.038917197452229296,0.03416253668863976,0.09044585987261146,0.2598277438290911,0.6878980891719745
成都,2023,47664,17820,0.05494712990936556,0.14696969696969697,0.0,0.0,0.01569318563276267,0.04197530864197531,0.0,0.0,0.008958543135280295,0.023961840628507296,0.028449144008056395,0.07609427609427609,0.2658190668009399,0.7109988776655444
扬州,2008,765,246,0.12941176470588237,0.4024390243902439,0.0,0.0,0.0,0.0,0.09019607843137255,0.2804878048780488,0.0,0.0,0.0,0.0,0.10196078431372549,0.3170731707317073
扬州,2009,1073,286,0.14259086672879775,0.534965034965035,0.0,0.0,0.0,0.0,0.04287045666356011,0.16083916083916083,0.0,0.0,0.0,0.0,0.08108108108108109,0.3041958041958042
扬州,2010,1929,378,0.11975116640746501,0.6111111111111112,0.0,0.0,0.0,0.0,0.01866251944012442,0.09523809523809523,0.0,0.0,0.0,0.0,0.05754276827371695,0.29365079365079366
扬州,2011,2566,447,0.10678098207326578,0.6129753914988815,0.0,0.0,0.0,0.0,0.012860483242400623,0.0738255033557047,0.0,0.0,0.0,0.0,0.05455962587685113,0.3131991051454139
扬州,2012,3298,506,0.08065494238932687,0.525691699604743,0.0,0.0,0.0,0.0,0.012734990903577926,0.08300395256916997,0.0,0.0,0.0072771376591873865,0.04743083003952569,0.05275924802910855,0.3438735177865613
扬州,2013,4300,678,0.05767441860465116,0.36578171091445427,0.0,0.0,0.0,0.0,0.031395348837209305,0.19911504424778761,0.0,0.0,0.004186046511627907,0.02654867256637168,0.0644186046511628,0.4085545722713864
扬州,2014,4065,804,0.06543665436654367,0.3308457711442786,0.0,0.0,0.0,0.0,0.044526445264452645,0.22512437810945274,0.0,0.0,0.0,0.0,0.08782287822878229,0.44402985074626866
扬州,2015,4856,917,0.042833607907743,0.2268266085059978,0.0,0.0,0.0,0.0,0.06260296540362438,0.33151581243184297,0.0,0.0,0.0,0.0,0.08340197693574959,0.4416575790621592
扬州,2016,5183,1178,0.057688597337449354,0.2538200339558574,0.0,0.0,0.0,0.0,0.023152614316033184,0.10186757215619695,0.0,0.0,0.006174030484275516,0.027164685908319185,0.1402662550646344,0.6171477079796265
扬州,2017,8416,1432,0.053350760456273766,0.31354748603351956,0.0,0.0,0.0,0.0,0.017110266159695818,0.1005586592178771,0.0,0.0,0.0,0.0,0.09969106463878327,0.5858938547486033
扬州,2018,9526,1401,0.057631744698719296,0.39186295503211993,0.0,0.0,0.0,0.0,0.0,0.0,0.0,0.0,0.0032542515221499054,0.02212705210563883,0.08618517740919589,0.5860099928622412
扬州,2019,6645,1563,0.07885628291948833,0.3352527191298784,0.0,0.0,0.0036117381489841984,0.015355086372360844,0.0,0.0,0.0,0.0,0.005417607223476298,0.023032629558541268,0.1473288186606471,0.6263595649392194
扬州,2020,7749,2084,0.05355529745773648,0.1991362763915547,0.0,0.0,0.005936249838688863,0.022072936660268713,0.0,0.0,0.0,0.0,0.015614918053942444,0.058061420345489445,0.19383146212414504,0.7207293666026872
扬州,2021,7223,1923,0.060085836909871244,0.22568902756110246,0.0,0.0,0.0029073792053163506,0.0109204368174727,0.0,0.0,0.0,0.0,0.02339748027135539,0.08788351534061363,0.17984217084313997,0.6755070202808112
扬州,2022,7517,2399,0.09192497006784621,0.28803668195081283,0.0,0.0,0.004922176400159638,0.015423092955398083,0.0,0.0,0.0,0.0,0.007050685113742184,0.02209253855773239,0.21524544366103499,0.6744476865360567
扬州,2023,8240,2425,0.1104368932038835,0.3752577319587629,0.0,0.0,0.0,0.0,0.0,0.0,0.0,0.0,0.021601941747572816,0.07340206185567011,0.16225728155339805,0.551340206185567
承德,2008,43,28,0.13953488372093023,0.21428571428571427,0.0,0.0,0.0,0.0,0.5116279069767442,0.7857142857142857,0.0,0.0,0.0,0.0,0.0,0.0
承德,2009,58,38,0.1896551724137931,0.2894736842105263,0.0,0.0,0.0,0.0,0.3793103448275862,0.5789473684210527,0.0,0.0,0.05172413793103448,0.07894736842105263,0.034482758620689655,0.05263157894736842
承德,2010,86,59,0.18604651162790697,0.2711864406779661,0.0,0.0,0.0,0.0,0.5,0.7288135593220338,0.0,0.0,0.0,0.0,0.0,0.0
承德,2011,79,59,0.46835443037974683,0.6271186440677966,0.0,0.0,0.0,0.0,0.27848101265822783,0.3728813559322034,0.0,0.0,0.0,0.0,0.0,0.0
承德,2012,115,76,0.34782608695652173,0.5263157894736842,0.0,0.0,0.0,0.0,0.2782608695652174,0.42105263157894735,0.008695652173913044,0.013157894736842105,0.02608695652173913,0.039473684210526314,0.0,0.0
承德,2013,103,67,0.3883495145631068,0.5970149253731343,0.0,0.0,0.0,0.0,0.17475728155339806,0.26865671641791045,0.0,0.0,0.0,0.0,0.08737864077669903,0.13432835820895522
承德,2014,113,73,0.4690265486725664,0.726027397260274,0.0,0.0,0.0,0.0,0.08849557522123894,0.136986301369863,0.02654867256637168,0.0410958904109589,0.017699115044247787,0.0273972602739726,0.04424778761061947,0.0684931506849315
承德,2015,212,148,0.44339622641509435,0.6351351351351351,0.0,0.0,0.0,0.0,0.1792452830188679,0.25675675675675674,0.04245283018867924,0.060810810810810814,0.0,0.0,0.0330188679245283,0.0472972972972973
承德,2016,274,167,0.39416058394160586,0.6467065868263473,0.0,0.0,0.0,0.0,0.1897810218978102,0.31137724550898205,0.0,0.0,0.0,0.0,0.025547445255474453,0.041916167664670656
承德,2017,375,251,0.5066666666666667,0.7569721115537849,0.0,0.0,0.0,0.0,0.08,0.11952191235059761,0.029333333333333333,0.043824701195219126,0.0,0.0,0.05333333333333334,0.0796812749003984
承德,2018,440,280,0.45,0.7071428571428572,0.0,0.0,0.0,0.0,0.12727272727272726,0.2,0.031818181818181815,0.05,0.0,0.0,0.02727272727272727,0.04285714285714286
承德,2019,498,313,0.5040160642570282,0.8019169329073482,0.0,0.0,0.0,0.0,0.010040160642570281,0.01597444089456869,0.0823293172690763,0.13099041533546327,0.0,0.0,0.0321285140562249,0.051118210862619806
承德,2020,590,327,0.3525423728813559,0.636085626911315,0.0,0.0,0.0,0.0,0.04406779661016949,0.07951070336391437,0.1152542372881356,0.20795107033639143,0.0,0.0,0.0423728813559322,0.0764525993883792
承德,2021,629,347,0.3036565977742448,0.5504322766570605,0.0,0.0,0.0,0.0,0.05405405405405406,0.09798270893371758,0.13672496025437203,0.2478386167146974,0.00794912559618442,0.01440922190201729,0.0492845786963434,0.0893371757925072
承德,2022,811,547,0.2404438964241677,0.35648994515539306,0.0,0.0,0.012330456226880395,0.018281535648994516,0.02466091245376079,0.03656307129798903,0.3218249075215783,0.47714808043875684,0.0,0.0,0.0752157829839704,0.11151736745886655
承德,2023,885,605,0.4067796610169492,0.5950413223140496,0.0,0.0,0.0,0.0,0.0,0.0,0.22598870056497175,0.3305785123966942,0.010169491525423728,0.01487603305785124,0.04067796610169491,0.05950413223140496
抚州,2008,47,36,0.2978723404255319,0.3888888888888889,0.0,0.0,0.0,0.0,0.3617021276595745,0.4722222222222222,0.0,0.0,0.0,0.0,0.10638297872340426,0.1388888888888889
抚州,2009,50,33,0.18,0.2727272727272727,0.0,0.0,0.0,0.0,0.38,0.5757575757575758,0.0,0.0,0.0,0.0,0.1,0.15151515151515152
抚州,2010,47,32,0.3829787234042553,0.5625,0.0,0.0,0.0,0.0,0.2127659574468085,0.3125,0.0,0.0,0.0,0.0,0.0851063829787234,0.125
抚州,2011,118,83,0.3813559322033898,0.5421686746987951,0.0,0.0,0.0,0.0,0.17796610169491525,0.25301204819277107,0.0,0.0,0.0,0.0,0.1440677966101695,0.20481927710843373
抚州,2012,130,87,0.4,0.5977011494252874,0.0,0.0,0.0,0.0,0.05384615384615385,0.08045977011494253,0.0,0.0,0.0,0.0,0.2153846153846154,0.3218390804597701
抚州,2013,178,113,0.15168539325842698,0.23893805309734514,0.0,0.0,0.0,0.0,0.19662921348314608,0.30973451327433627,0.011235955056179775,0.017699115044247787,0.011235955056179775,0.017699115044247787,0.2640449438202247,0.415929203539823
抚州,2014,181,122,0.34806629834254144,0.5163934426229508,0.0,0.0,0.0,0.0,0.10497237569060773,0.1557377049180328,0.0,0.0,0.0,0.0,0.22099447513812154,0.32786885245901637
抚州,2015,173,103,0.31213872832369943,0.5242718446601942,0.0,0.0,0.0,0.0,0.09248554913294797,0.1553398058252427,0.028901734104046242,0.04854368932038835,0.0,0.0,0.16184971098265896,0.27184466019417475
抚州,2016,255,154,0.3176470588235294,0.525974025974026,0.0,0.0,0.0,0.0,0.08627450980392157,0.14285714285714285,0.0,0.0,0.0,0.0,0.2,0.33116883116883117
抚州,2017,541,289,0.3585951940850277,0.671280276816609,0.0,0.0,0.0,0.0,0.09057301293900184,0.1695501730103806,0.0,0.0,0.0,0.0,0.08502772643253234,0.15916955017301038
抚州,2018,636,310,0.3238993710691824,0.6645161290322581,0.0,0.0,0.0,0.0,0.01729559748427673,0.035483870967741936,0.0,0.0,0.0,0.0,0.14622641509433962,0.3
抚州,2019,781,281,0.24839948783610755,0.6903914590747331,0.0,0.0,0.0,0.0,0.0,0.0,0.0,0.0,0.0,0.0,0.11139564660691421,0.3096085409252669
抚州,2020,1457,403,0.20452985586822237,0.739454094292804,0.0,0.0,0.0,0.0,0.0,0.0,0.0,0.0,0.0,0.0,0.0720658888126287,0.26054590570719605
抚州,2021,1323,423,0.25245653817082386,0.789598108747045,0.0,0.0,0.0,0.0,0.0,0.0,0.0,0.0,0.0,0.0,0.0672713529856387,0.21040189125295508
抚州,2022,1031,356,0.2938894277400582,0.851123595505618,0.0,0.0,0.0,0.0,0.0,0.0,0.0,0.0,0.0,0.0,0.05140640155189137,0.14887640449438203
抚州,2023,1112,366,0.2302158273381295,0.6994535519125683,0.0,0.0,0.0,0.0,0.0,0.0,0.0,0.0,0.0,0.0,0.09892086330935251,0.3005464480874317
抚顺,2008,85,58,0.23529411764705882,0.3448275862068966,0.0,0.0,0.0,0.0,0.24705882352941178,0.3620689655172414,0.047058823529411764,0.06896551724137931,0.0,0.0,0.15294117647058825,0.22413793103448276
抚顺,2009,191,146,0.5759162303664922,0.7534246575342466,0.0,0.0,0.0,0.0,0.06806282722513089,0.08904109589041095,0.0,0.0,0.03664921465968586,0.04794520547945205,0.08376963350785341,0.1095890410958904
抚顺,2010,96,61,0.3020833333333333,0.47540983606557374,0.0,0.0,0.0,0.0,0.11458333333333333,0.18032786885245902,0.020833333333333332,0.03278688524590164,0.03125,0.04918032786885246,0.16666666666666666,0.26229508196721313
抚顺,2011,138,93,0.2971014492753623,0.44086021505376344,0.0,0.0,0.0,0.0,0.1956521739130435,0.2903225806451613,0.0,0.0,0.036231884057971016,0.053763440860215055,0.14492753623188406,0.21505376344086022
抚顺,2012,225,163,0.32,0.44171779141104295,0.0,0.0,0.0,0.0,0.24888888888888888,0.34355828220858897,0.0,0.0,0.03111111111111111,0.04294478527607362,0.12444444444444444,0.17177914110429449
抚顺,2013,273,182,0.27472527472527475,0.41208791208791207,0.0,0.0,0.0,0.0,0.1282051282051282,0.19230769230769232,0.0,0.0,0.0,0.0,0.26373626373626374,0.3956043956043956
抚顺,2014,274,194,0.26277372262773724,0.3711340206185567,0.0,0.0,0.0,0.0,0.08029197080291971,0.1134020618556701,0.0,0.0,0.0,0.0,0.36496350364963503,0.5154639175257731
抚顺,2015,360,278,0.19444444444444445,0.2517985611510791,0.0,0.0,0.0,0.0,0.058333333333333334,0.07553956834532374,0.0,0.0,0.0,0.0,0.5194444444444445,0.6726618705035972
抚顺,2016,548,419,0.21897810218978103,0.2863961813842482,0.0,0.0,0.0,0.0,0.11313868613138686,0.14797136038186157,0.0,0.0,0.0,0.0,0.4324817518248175,0.5656324582338902
抚顺,2017,306,221,0.3104575163398693,0.4298642533936652,0.0,0.0,0.0,0.0,0.0784313725490196,0.1085972850678733,0.0,0.0,0.0,0.0,0.3333333333333333,0.46153846153846156
抚顺,2018,488,329,0.24385245901639344,0.3617021276595745,0.0,0.0,0.0,0.0,0.06352459016393443,0.09422492401215805,0.0,0.0,0.0,0.0,0.3668032786885246,0.5440729483282675
抚顺,2019,442,335,0.33031674208144796,0.43582089552238806,0.0,0.0,0.0,0.0,0.06787330316742081,0.08955223880597014,0.0,0.0,0.0,0.0,0.3597285067873303,0.4746268656716418
抚顺,2020,500,334,0.362,0.5419161676646707,0.0,0.0,0.0,0.0,0.064,0.09580838323353294,0.0,0.0,0.0,0.0,0.242,0.36227544910179643
抚顺,2021,523,362,0.372848948374761,0.5386740331491713,0.0,0.0,0.0,0.0,0.055449330783938815,0.08011049723756906,0.0,0.0,0.0,0.0,0.2638623326959847,0.3812154696132597
抚顺,2022,502,347,0.33067729083665337,0.4783861671469741,0.0,0.0,0.0,0.0,0.00796812749003984,0.011527377521613832,0.0,0.0,0.021912350597609563,0.03170028818443804,0.33067729083665337,0.4783861671469741
抚顺,2023,416,292,0.3870192307692308,0.5513698630136986,0.0,0.0,0.0,0.0,0.009615384615384616,0.0136986301369863,0.01201923076923077,0.017123287671232876,0.0,0.0,0.2932692307692308,0.4178082191780822
拉萨,2008,33,33,0.5454545454545454,0.5454545454545454,0.0,0.0,0.0,0.0,0.24242424242424243,0.24242424242424243,0.0,0.0,0.21212121212121213,0.21212121212121213,0.0,0.0
拉萨,2009,49,48,0.40816326530612246,0.4166666666666667,0.0,0.0,0.02040816326530612,0.020833333333333332,0.5102040816326531,0.5208333333333334,0.0,0.0,0.04081632653061224,0.041666666666666664,0.0,0.0
拉萨,2010,53,53,0.660377358490566,0.660377358490566,0.0,0.0,0.0,0.0,0.16981132075471697,0.16981132075471697,0.0,0.0,0.1320754716981132,0.1320754716981132,0.03773584905660377,0.03773584905660377
拉萨,2011,59,51,0.6779661016949152,0.7843137254901961,0.0,0.0,0.0,0.0,0.06779661016949153,0.0784313725490196,0.0,0.0,0.11864406779661017,0.13725490196078433,0.0,0.0
拉萨,2012,47,42,0.7659574468085106,0.8571428571428571,0.0,0.0,0.02127659574468085,0.023809523809523808,0.0425531914893617,0.047619047619047616,0.02127659574468085,0.023809523809523808,0.0425531914893617,0.047619047619047616,0.0,0.0
拉萨,2013,71,61,0.5070422535211268,0.5901639344262295,0.0,0.0,0.04225352112676056,0.04918032786885246,0.2535211267605634,0.29508196721311475,0.028169014084507043,0.03278688524590164,0.028169014084507043,0.03278688524590164,0.0,0.0
拉萨,2014,73,54,0.5616438356164384,0.7592592592592593,0.0,0.0,0.0273972602739726,0.037037037037037035,0.0136986301369863,0.018518518518518517,0.0,0.0,0.1095890410958904,0.14814814814814814,0.0273972602739726,0.037037037037037035
拉萨,2015,107,82,0.2897196261682243,0.3780487804878049,0.0,0.0,0.04672897196261682,0.06097560975609756,0.2897196261682243,0.3780487804878049,0.0,0.0,0.09345794392523364,0.12195121951219512,0.04672897196261682,0.06097560975609756
拉萨,2016,145,89,0.3931034482758621,0.6404494382022472,0.0,0.0,0.0,0.0,0.04827586206896552,0.07865168539325842,0.020689655172413793,0.033707865168539325,0.09655172413793103,0.15730337078651685,0.05517241379310345,0.0898876404494382
拉萨,2017,263,149,0.4790874524714829,0.8456375838926175,0.0,0.0,0.0,0.0,0.0,0.0,0.0,0.0,0.06463878326996197,0.11409395973154363,0.022813688212927757,0.040268456375838924
拉萨,2018,299,174,0.451505016722408,0.7758620689655172,0.0,0.0,0.0,0.0,0.0,0.0,0.0,0.0,0.10033444816053512,0.1724137931034483,0.030100334448160536,0.05172413793103448
拉萨,2019,357,214,0.4117647058823529,0.6869158878504673,0.0,0.0,0.0,0.0,0.05042016806722689,0.08411214953271028,0.0,0.0,0.12044817927170869,0.20093457943925233,0.01680672268907563,0.028037383177570093
拉萨,2020,508,233,0.2047244094488189,0.44635193133047213,0.0,0.0,0.0,0.0,0.03543307086614173,0.07725321888412018,0.0,0.0,0.1377952755905512,0.30042918454935624,0.08070866141732283,0.1759656652360515
拉萨,2021,476,228,0.27310924369747897,0.5701754385964912,0.0,0.0,0.0,0.0,0.029411764705882353,0.06140350877192982,0.0,0.0,0.08823529411764706,0.18421052631578946,0.08823529411764706,0.18421052631578946
拉萨,2022,543,268,0.3020257826887661,0.6119402985074627,0.0,0.0,0.009208103130755065,0.018656716417910446,0.0,0.0,0.0,0.0,0.11233885819521179,0.22761194029850745,0.06998158379373849,0.1417910447761194
拉萨,2023,759,395,0.3096179183135705,0.5949367088607594,0.0,0.0,0.0,0.0,0.0,0.0,0.0,0.0,0.152832674571805,0.2936708860759494,0.057971014492753624,0.11139240506329114
揭阳,2008,43,35,0.3488372093023256,0.42857142857142855,0.0,0.0,0.0,0.0,0.46511627906976744,0.5714285714285714,0.0,0.0,0.0,0.0,0.0,0.0
揭阳,2009,80,59,0.3375,0.4576271186440678,0.0,0.0,0.0,0.0,0.4,0.5423728813559322,0.0,0.0,0.0,0.0,0.0,0.0
揭阳,2010,101,64,0.33663366336633666,0.53125,0.0,0.0,0.0,0.0,0.297029702970297,0.46875,0.0,0.0,0.0,0.0,0.0,0.0
揭阳,2011,92,59,0.5,0.7796610169491526,0.0,0.0,0.0,0.0,0.14130434782608695,0.22033898305084745,0.0,0.0,0.0,0.0,0.0,0.0
揭阳,2012,132,74,0.44696969696969696,0.7972972972972973,0.0,0.0,0.0,0.0,0.11363636363636363,0.20270270270270271,0.0,0.0,0.0,0.0,0.0,0.0
揭阳,2013,139,94,0.5611510791366906,0.8297872340425532,0.0,0.0,0.0,0.0,0.11510791366906475,0.1702127659574468,0.0,0.0,0.0,0.0,0.0,0.0
揭阳,2014,112,54,0.3125,0.6481481481481481,0.0,0.0,0.0,0.0,0.16964285714285715,0.35185185185185186,0.0,0.0,0.0,0.0,0.0,0.0
揭阳,2015,171,86,0.39766081871345027,0.7906976744186046,0.0,0.0,0.0,0.0,0.08771929824561403,0.1744186046511628,0.0,0.0,0.017543859649122806,0.03488372093023256,0.0,0.0
揭阳,2016,207,99,0.4396135265700483,0.9191919191919192,0.0,0.0,0.0,0.0,0.03864734299516908,0.08080808080808081,0.0,0.0,0.0,0.0,0.0,0.0
揭阳,2017,490,223,0.3510204081632653,0.7713004484304933,0.0,0.0,0.0,0.0,0.10408163265306122,0.22869955156950672,0.0,0.0,0.0,0.0,0.0,0.0
揭阳,2018,603,326,0.439469320066335,0.8128834355828221,0.0,0.0,0.0,0.0,0.1011608623548922,0.18711656441717792,0.0,0.0,0.0,0.0,0.0,0.0
揭阳,2019,411,155,0.2895377128953771,0.7677419354838709,0.0,0.0,0.0,0.0,0.08759124087591241,0.23225806451612904,0.0,0.0,0.0,0.0,0.0,0.0
揭阳,2020,444,152,0.240990990990991,0.7039473684210527,0.0,0.0,0.0,0.0,0.10135135135135136,0.29605263157894735,0.0,0.0,0.0,0.0,0.0,0.0
揭阳,2021,527,119,0.17836812144212524,0.7899159663865546,0.0,0.0,0.0,0.0,0.04743833017077799,0.21008403361344538,0.0,0.0,0.0,0.0,0.0,0.0
揭阳,2022,413,121,0.18401937046004843,0.628099173553719,0.0,0.0,0.009685230024213076,0.03305785123966942,0.08958837772397095,0.30578512396694213,0.0,0.0,0.0,0.0,0.009685230024213076,0.03305785123966942
揭阳,2023,457,129,0.26914660831509846,0.9534883720930233,0.0,0.0,0.0,0.0,0.01312910284463895,0.046511627906976744,0.0,0.0,0.0,0.0,0.0,0.0
攀枝花,2008,87,81,0.8045977011494253,0.8641975308641975,0.0,0.0,0.0,0.0,0.08045977011494253,0.08641975308641975,0.0,0.0,0.011494252873563218,0.012345679012345678,0.034482758620689655,0.037037037037037035
攀枝花,2009,209,189,0.7894736842105263,0.873015873015873,0.0,0.0,0.0,0.0,0.07655502392344497,0.08465608465608465,0.0,0.0,0.0,0.0,0.03827751196172249,0.042328042328042326
攀枝花,2010,339,316,0.8672566371681416,0.930379746835443,0.0,0.0,0.0,0.0,0.014749262536873156,0.015822784810126583,0.011799410029498525,0.012658227848101266,0.0,0.0,0.038348082595870206,0.04113924050632911
攀枝花,2011,370,324,0.8324324324324325,0.9506172839506173,0.0,0.0,0.0,0.0,0.0,0.0,0.0,0.0,0.0,0.0,0.043243243243243246,0.04938271604938271
攀枝花,2012,411,359,0.7688564476885644,0.8802228412256268,0.0,0.0,0.0,0.0,0.04866180048661801,0.055710306406685235,0.0,0.0,0.0,0.0,0.05596107055961071,0.06406685236768803
攀枝花,2013,757,672,0.7833553500660502,0.8824404761904762,0.0,0.0,0.0,0.0,0.022457067371202115,0.025297619047619048,0.0,0.0,0.0066050198150594455,0.00744047619047619,0.07529722589167767,0.08482142857142858
攀枝花,2014,725,608,0.7531034482758621,0.8980263157894737,0.0,0.0,0.0,0.0,0.03586206896551724,0.04276315789473684,0.0,0.0,0.0,0.0,0.0496551724137931,0.05921052631578947
攀枝花,2015,864,698,0.6793981481481481,0.8409742120343839,0.0,0.0,0.0,0.0,0.016203703703703703,0.02005730659025788,0.0,0.0,0.0,0.0,0.11226851851851852,0.13896848137535817
攀枝花,2016,1077,794,0.5821727019498607,0.7896725440806045,0.0,0.0,0.0,0.0,0.04828226555246054,0.0654911838790932,0.0,0.0,0.0,0.0,0.10677808727948004,0.14483627204030228
攀枝花,2017,1146,725,0.4511343804537522,0.713103448275862,0.0,0.0,0.0,0.0,0.08464223385689354,0.13379310344827586,0.0,0.0,0.0,0.0,0.0968586387434555,0.15310344827586206
攀枝花,2018,1099,745,0.4968152866242038,0.7328859060402685,0.0,0.0,0.0,0.0,0.048225659690627844,0.07114093959731543,0.0,0.0,0.0,0.0,0.13284804367606914,0.1959731543624161
攀枝花,2019,850,711,0.6811764705882353,0.8143459915611815,0.0,0.0,0.0,0.0,0.0058823529411764705,0.007032348804500703,0.0,0.0,0.0,0.0,0.14941176470588236,0.17862165963431786
攀枝花,2020,870,729,0.7034482758620689,0.8395061728395061,0.0,0.0,0.008045977011494253,0.009602194787379973,0.011494252873563218,0.013717421124828532,0.009195402298850575,0.010973936899862825,0.0,0.0,0.10574712643678161,0.1262002743484225
攀枝花,2021,850,688,0.6588235294117647,0.813953488372093,0.0,0.0,0.0,0.0,0.007058823529411765,0.00872093023255814,0.0,0.0,0.007058823529411765,0.00872093023255814,0.13647058823529412,0.1686046511627907
攀枝花,2022,1047,913,0.7478510028653295,0.8576122672508215,0.0,0.0,0.010506208213944603,0.012048192771084338,0.0,0.0,0.0,0.0,0.0,0.0,0.11365807067812798,0.1303395399780942
攀枝花,2023,1198,1049,0.7554257095158597,0.8627264061010487,0.0,0.0,0.0,0.0,0.005008347245409015,0.005719733079122974,0.010851419031719533,0.012392755004766444,0.015025041736227046,0.017159199237368923,0.08931552587646077,0.10200190657769304
文山,2017,1,1,1.0,1.0,0.0,0.0,0.0,0.0,0.0,0.0,0.0,0.0,0.0,0.0,0.0,0.0
文山,2018,5,5,1.0,1.0,0.0,0.0,0.0,0.0,0.0,0.0,0.0,0.0,0.0,0.0,0.0,0.0
文山,2019,4,4,0.75,0.75,0.0,0.0,0.0,0.0,0.25,0.25,0.0,0.0,0.0,0.0,0.0,0.0
文山,2020,12,12,0.9166666666666666,0.9166666666666666,0.0,0.0,0.0,0.0,0.08333333333333333,0.08333333333333333,0.0,0.0,0.0,0.0,0.0,0.0
文山,2021,9,9,0.8888888888888888,0.8888888888888888,0.0,0.0,0.0,0.0,0.1111111111111111,0.1111111111111111,0.0,0.0,0.0,0.0,0.0,0.0
文山,2022,12,12,0.75,0.75,0.0,0.0,0.0,0.0,0.16666666666666666,0.16666666666666666,0.08333333333333333,0.08333333333333333,0.0,0.0,0.0,0.0
文山,2023,79,70,0.7974683544303798,0.9,0.0,0.0,0.0,0.0,0.012658227848101266,0.014285714285714285,0.0,0.0,0.02531645569620253,0.02857142857142857,0.05063291139240506,0.05714285714285714
文山壮族苗族自治州,2008,38,38,0.3157894736842105,0.3157894736842105,0.0,0.0,0.0,0.0,0.5789473684210527,0.5789473684210527,0.0,0.0,0.10526315789473684,0.10526315789473684,0.0,0.0
文山壮族苗族自治州,2009,19,19,0.15789473684210525,0.15789473684210525,0.0,0.0,0.0,0.0,0.6842105263157895,0.6842105263157895,0.0,0.0,0.15789473684210525,0.15789473684210525,0.0,0.0
文山壮族苗族自治州,2010,41,39,0.24390243902439024,0.2564102564102564,0.0,0.0,0.0,0.0,0.6829268292682927,0.717948717948718,0.0,0.0,0.024390243902439025,0.02564102564102564,0.0,0.0
文山壮族苗族自治州,2011,40,40,0.55,0.55,0.0,0.0,0.0,0.0,0.375,0.375,0.05,0.05,0.025,0.025,0.0,0.0
文山壮族苗族自治州,2012,62,59,0.25806451612903225,0.2711864406779661,0.0,0.0,0.0,0.0,0.43548387096774194,0.4576271186440678,0.22580645161290322,0.23728813559322035,0.0,0.0,0.03225806451612903,0.03389830508474576
文山壮族苗族自治州,2013,92,83,0.43478260869565216,0.4819277108433735,0.0,0.0,0.0,0.0,0.1956521739130435,0.21686746987951808,0.25,0.27710843373493976,0.0,0.0,0.021739130434782608,0.024096385542168676
文山壮族苗族自治州,2014,82,74,0.3780487804878049,0.4189189189189189,0.0,0.0,0.0,0.0,0.17073170731707318,0.1891891891891892,0.2804878048780488,0.3108108108108108,0.07317073170731707,0.08108108108108109,0.0,0.0
文山壮族苗族自治州,2015,66,52,0.5303030303030303,0.6730769230769231,0.0,0.0,0.0,0.0,0.18181818181818182,0.23076923076923078,0.0,0.0,0.07575757575757576,0.09615384615384616,0.0,0.0
文山壮族苗族自治州,2016,175,144,0.6,0.7291666666666666,0.0,0.0,0.0,0.0,0.07428571428571429,0.09027777777777778,0.12,0.14583333333333334,0.0,0.0,0.02857142857142857,0.034722222222222224
文山壮族苗族自治州,2017,133,110,0.5789473684210527,0.7,0.0,0.0,0.0,0.0,0.21052631578947367,0.2545454545454545,0.0,0.0,0.022556390977443608,0.02727272727272727,0.015037593984962405,0.01818181818181818
文山壮族苗族自治州,2018,122,86,0.5491803278688525,0.7790697674418605,0.0,0.0,0.0,0.0,0.04918032786885246,0.06976744186046512,0.0,0.0,0.03278688524590164,0.046511627906976744,0.07377049180327869,0.10465116279069768
文山壮族苗族自治州,2019,114,76,0.47368421052631576,0.7105263157894737,0.0,0.0,0.017543859649122806,0.02631578947368421,0.06140350877192982,0.09210526315789473,0.0,0.0,0.02631578947368421,0.039473684210526314,0.08771929824561403,0.13157894736842105
文山壮族苗族自治州,2020,118,84,0.5932203389830508,0.8333333333333334,0.0,0.0,0.0,0.0,0.06779661016949153,0.09523809523809523,0.0,0.0,0.0,0.0,0.05084745762711865,0.07142857142857142
文山壮族苗族自治州,2021,113,66,0.415929203539823,0.7121212121212122,0.0,0.0,0.0,0.0,0.10619469026548672,0.18181818181818182,0.0,0.0,0.017699115044247787,0.030303030303030304,0.04424778761061947,0.07575757575757576
文山壮族苗族自治州,2022,134,93,0.5447761194029851,0.7849462365591398,0.0,0.0,0.0,0.0,0.029850746268656716,0.043010752688172046,0.014925373134328358,0.021505376344086023,0.05970149253731343,0.08602150537634409,0.04477611940298507,0.06451612903225806
文山壮族苗族自治州,2023,88,67,0.6818181818181818,0.8955223880597015,0.0,0.0,0.0,0.0,0.0,0.0,0.0,0.0,0.022727272727272728,0.029850746268656716,0.056818181818181816,0.07462686567164178
文昌,2008,2,2,0.0,0.0,0.0,0.0,0.0,0.0,0.0,0.0,0.0,0.0,1.0,1.0,0.0,0.0
文昌,2009,11,11,0.18181818181818182,0.18181818181818182,0.0,0.0,0.0,0.0,0.18181818181818182,0.18181818181818182,0.0,0.0,0.6363636363636364,0.6363636363636364,0.0,0.0
文昌,2010,9,9,0.0,0.0,0.0,0.0,0.0,0.0,0.3333333333333333,0.3333333333333333,0.0,0.0,0.6666666666666666,0.6666666666666666,0.0,0.0
文昌,2011,10,10,0.1,0.1,0.0,0.0,0.0,0.0,0.4,0.4,0.0,0.0,0.5,0.5,0.0,0.0
文昌,2012,13,13,0.38461538461538464,0.38461538461538464,0.0,0.0,0.0,0.0,0.07692307692307693,0.07692307692307693,0.0,0.0,0.5384615384615384,0.5384615384615384,0.0,0.0
文昌,2013,18,18,0.5,0.5,0.0,0.0,0.0,0.0,0.05555555555555555,0.05555555555555555,0.05555555555555555,0.05555555555555555,0.3888888888888889,0.3888888888888889,0.0,0.0
文昌,2014,24,24,0.041666666666666664,0.041666666666666664,0.0,0.0,0.0,0.0,0.08333333333333333,0.08333333333333333,0.0,0.0,0.875,0.875,0.0,0.0
文昌,2015,21,21,0.38095238095238093,0.38095238095238093,0.0,0.0,0.0,0.0,0.14285714285714285,0.14285714285714285,0.047619047619047616,0.047619047619047616,0.42857142857142855,0.42857142857142855,0.0,0.0
文昌,2016,16,16,0.1875,0.1875,0.0,0.0,0.0,0.0,0.1875,0.1875,0.1875,0.1875,0.4375,0.4375,0.0,0.0
文昌,2017,15,15,0.4,0.4,0.0,0.0,0.0,0.0,0.13333333333333333,0.13333333333333333,0.0,0.0,0.4666666666666667,0.4666666666666667,0.0,0.0
文昌,2018,34,34,0.4117647058823529,0.4117647058823529,0.0,0.0,0.0,0.0,0.14705882352941177,0.14705882352941177,0.029411764705882353,0.029411764705882353,0.4117647058823529,0.4117647058823529,0.0,0.0
文昌,2019,43,43,0.46511627906976744,0.46511627906976744,0.0,0.0,0.0,0.0,0.13953488372093023,0.13953488372093023,0.06976744186046512,0.06976744186046512,0.32558139534883723,0.32558139534883723,0.0,0.0
文昌,2020,44,44,0.5909090909090909,0.5909090909090909,0.0,0.0,0.0,0.0,0.0,0.0,0.06818181818181818,0.06818181818181818,0.3409090909090909,0.3409090909090909,0.0,0.0
文昌,2021,54,54,0.6481481481481481,0.6481481481481481,0.0,0.0,0.0,0.0,0.037037037037037035,0.037037037037037035,0.05555555555555555,0.05555555555555555,0.25925925925925924,0.25925925925925924,0.0,0.0
文昌,2022,66,57,0.5606060606060606,0.6491228070175439,0.0,0.0,0.0,0.0,0.030303030303030304,0.03508771929824561,0.13636363636363635,0.15789473684210525,0.13636363636363635,0.15789473684210525,0.0,0.0
文昌,2023,122,84,0.5327868852459017,0.7738095238095238,0.0,0.0,0.03278688524590164,0.047619047619047616,0.0,0.0,0.05737704918032787,0.08333333333333333,0.06557377049180328,0.09523809523809523,0.0,0.0
新乡,2008,245,139,0.35918367346938773,0.6330935251798561,0.0,0.0,0.0,0.0,0.17959183673469387,0.31654676258992803,0.0,0.0,0.012244897959183673,0.02158273381294964,0.0163265306122449,0.02877697841726619
新乡,2009,297,158,0.367003367003367,0.689873417721519,0.0,0.0,0.0,0.0,0.04377104377104377,0.08227848101265822,0.0,0.0,0.016835016835016835,0.03164556962025317,0.10437710437710437,0.1962025316455696
新乡,2010,371,238,0.41509433962264153,0.6470588235294118,0.0,0.0,0.0,0.0,0.029649595687331536,0.046218487394957986,0.0,0.0,0.03773584905660377,0.058823529411764705,0.15902964959568733,0.24789915966386555
新乡,2011,578,368,0.3806228373702422,0.5978260869565217,0.0,0.0,0.012110726643598616,0.019021739130434784,0.03460207612456748,0.05434782608695652,0.0,0.0,0.0726643598615917,0.11413043478260869,0.13667820069204153,0.21467391304347827
新乡,2012,587,310,0.24361158432708688,0.4612903225806452,0.0,0.0,0.008517887563884156,0.016129032258064516,0.0,0.0,0.0,0.0,0.06643952299829642,0.12580645161290321,0.20954003407155025,0.3967741935483871
新乡,2013,950,514,0.15157894736842106,0.2801556420233463,0.0,0.0,0.008421052631578947,0.01556420233463035,0.03368421052631579,0.0622568093385214,0.009473684210526316,0.017509727626459144,0.02631578947368421,0.048638132295719845,0.31157894736842107,0.5758754863813229
新乡,2014,905,482,0.14585635359116023,0.27385892116182575,0.0,0.0,0.0066298342541436465,0.012448132780082987,0.0066298342541436465,0.012448132780082987,0.03756906077348066,0.07053941908713693,0.016574585635359115,0.03112033195020747,0.31933701657458563,0.5995850622406639
新乡,2015,1317,758,0.11845102505694761,0.20580474934036938,0.0,0.0,0.02201974183750949,0.03825857519788918,0.024297646165527716,0.04221635883905013,0.025056947608200455,0.04353562005277045,0.011389521640091117,0.01978891820580475,0.37433561123766135,0.6503957783641161
新乡,2016,2151,1266,0.1492329149232915,0.25355450236966826,0.0,0.0,0.00790330079033008,0.013428120063191154,0.009298000929800094,0.01579778830963665,0.019525801952580194,0.03317535545023697,0.01394700139470014,0.023696682464454975,0.3886564388656439,0.660347551342812
新乡,2017,2635,1388,0.17722960151802655,0.33645533141210376,0.0,0.0,0.008349146110056925,0.01585014409221902,0.0,0.0,0.0,0.0,0.017836812144212524,0.03386167146974063,0.3233396584440228,0.6138328530259366
新乡,2018,2920,1458,0.14863013698630137,0.29766803840877915,0.0,0.0,0.0,0.0,0.007534246575342466,0.015089163237311385,0.0,0.0,0.021232876712328767,0.04252400548696845,0.3219178082191781,0.644718792866941
新乡,2019,2557,1216,0.1536957371920219,0.32319078947368424,0.0,0.0,0.017207665232694565,0.03618421052631579,0.0,0.0,0.0,0.0,0.015252248728979272,0.032072368421052634,0.2894016425498631,0.6085526315789473
新乡,2020,2461,877,0.11011783827712313,0.3090079817559863,0.0,0.0,0.015847216578626575,0.04446978335233751,0.0,0.0,0.009752133279154815,0.027366020524515394,0.010564811052417716,0.029646522234891677,0.21007720438845998,0.5895096921322691
新乡,2021,2504,981,0.09744408945686901,0.24872579001019368,0.0,0.0,0.0371405750798722,0.09480122324159021,0.0,0.0,0.0,0.0,0.015575079872204472,0.039755351681957186,0.24161341853035143,0.6167176350662589
新乡,2022,2650,1268,0.06716981132075471,0.14037854889589904,0.0,0.0,0.07584905660377358,0.15851735015772872,0.0,0.0,0.0,0.0,0.022264150943396226,0.04652996845425868,0.3132075471698113,0.6545741324921136
新乡,2023,3363,1230,0.09069283377936366,0.24796747967479674,0.0,0.0,0.013380909901873328,0.036585365853658534,0.0,0.0,0.0,0.0,0.020517395182872437,0.05609756097560976,0.24115373178709484,0.6593495934959349
新余,2008,24,24,0.5833333333333334,0.5833333333333334,0.0,0.0,0.0,0.0,0.4166666666666667,0.4166666666666667,0.0,0.0,0.0,0.0,0.0,0.0
新余,2009,48,42,0.5625,0.6428571428571429,0.0,0.0,0.0,0.0,0.3125,0.35714285714285715,0.0,0.0,0.0,0.0,0.0,0.0
新余,2010,53,52,0.7358490566037735,0.75,0.0,0.0,0.0,0.0,0.24528301886792453,0.25,0.0,0.0,0.0,0.0,0.0,0.0
新余,2011,118,100,0.5423728813559322,0.64,0.0,0.0,0.0,0.0,0.3050847457627119,0.36,0.0,0.0,0.0,0.0,0.0,0.0
新余,2012,139,119,0.5467625899280576,0.6386554621848739,0.0,0.0,0.0,0.0,0.30935251798561153,0.36134453781512604,0.0,0.0,0.0,0.0,0.0,0.0
新余,2013,125,106,0.752,0.8867924528301887,0.0,0.0,0.0,0.0,0.072,0.08490566037735849,0.0,0.0,0.0,0.0,0.024,0.02830188679245283
新余,2014,135,113,0.7925925925925926,0.9469026548672567,0.0,0.0,0.0,0.0,0.037037037037037035,0.04424778761061947,0.0,0.0,0.007407407407407408,0.008849557522123894,0.0,0.0
新余,2015,134,104,0.6716417910447762,0.8653846153846154,0.0,0.0,0.0,0.0,0.05223880597014925,0.0673076923076923,0.0,0.0,0.0,0.0,0.05223880597014925,0.0673076923076923
新余,2016,155,111,0.6580645161290323,0.918918918918919,0.0,0.0,0.0,0.0,0.012903225806451613,0.018018018018018018,0.0,0.0,0.0,0.0,0.04516129032258064,0.06306306306306306
新余,2017,206,136,0.39805825242718446,0.6029411764705882,0.0,0.0,0.0,0.0,0.2621359223300971,0.39705882352941174,0.0,0.0,0.0,0.0,0.0,0.0
新余,2018,397,198,0.32997481108312343,0.6616161616161617,0.0,0.0,0.0,0.0,0.14357682619647355,0.2878787878787879,0.0,0.0,0.0,0.0,0.02518891687657431,0.050505050505050504
新余,2019,444,238,0.44594594594594594,0.8319327731092437,0.0,0.0,0.0,0.0,0.03153153153153153,0.058823529411764705,0.0,0.0,0.01126126126126126,0.02100840336134454,0.0472972972972973,0.08823529411764706
新余,2020,585,237,0.27692307692307694,0.6835443037974683,0.0,0.0,0.0,0.0,0.06153846153846154,0.1518987341772152,0.0,0.0,0.008547008547008548,0.02109704641350211,0.05811965811965812,0.14345991561181434
新余,2021,500,245,0.418,0.8530612244897959,0.0,0.0,0.014,0.02857142857142857,0.0,0.0,0.0,0.0,0.0,0.0,0.058,0.11836734693877551
新余,2022,563,339,0.4547069271758437,0.7551622418879056,0.0,0.0,0.010657193605683837,0.017699115044247787,0.0,0.0,0.0,0.0,0.0,0.0,0.13676731793960922,0.22713864306784662
新余,2023,643,392,0.5567651632970451,0.9132653061224489,0.0,0.0,0.0,0.0,0.0,0.0,0.0,0.0,0.00933125972006221,0.015306122448979591,0.04354587869362364,0.07142857142857142
新北,2013,1,1,1.0,1.0,0.0,0.0,0.0,0.0,0.0,0.0,0.0,0.0,0.0,0.0,0.0,0.0
新北,2015,2,2,1.0,1.0,0.0,0.0,0.0,0.0,0.0,0.0,0.0,0.0,0.0,0.0,0.0,0.0
新北,2016,6,6,1.0,1.0,0.0,0.0,0.0,0.0,0.0,0.0,0.0,0.0,0.0,0.0,0.0,0.0
新北,2017,7,7,0.7142857142857143,0.7142857142857143,0.0,0.0,0.0,0.0,0.14285714285714285,0.14285714285714285,0.0,0.0,0.14285714285714285,0.14285714285714285,0.0,0.0
新北,2018,19,19,0.8947368421052632,0.8947368421052632,0.0,0.0,0.0,0.0,0.0,0.0,0.0,0.0,0.10526315789473684,0.10526315789473684,0.0,0.0
新北,2019,125,92,0.72,0.9782608695652174,0.0,0.0,0.0,0.0,0.016,0.021739130434782608,0.0,0.0,0.0,0.0,0.0,0.0
新北,2020,343,247,0.6967930029154519,0.9676113360323887,0.0,0.0,0.0,0.0,0.0,0.0,0.0,0.0,0.023323615160349854,0.032388663967611336,0.0,0.0
新北,2021,394,259,0.6395939086294417,0.972972972972973,0.0,0.0,0.0,0.0,0.0,0.0,0.0,0.0,0.017766497461928935,0.02702702702702703,0.0,0.0
新北,2022,523,324,0.6195028680688337,1.0,0.0,0.0,0.0,0.0,0.0,0.0,0.0,0.0,0.0,0.0,0.0,0.0
新北,2023,1304,885,0.6449386503067485,0.9502824858757062,0.0,0.0,0.0,0.0,0.012269938650306749,0.01807909604519774,0.0,0.0,0.02147239263803681,0.031638418079096044,0.0,0.0
新星,2018,2,2,1.0,1.0,0.0,0.0,0.0,0.0,0.0,0.0,0.0,0.0,0.0,0.0,0.0,0.0
新星,2020,1,1,1.0,1.0,0.0,0.0,0.0,0.0,0.0,0.0,0.0,0.0,0.0,0.0,0.0,0.0
新星,2022,16,16,0.875,0.875,0.0,0.0,0.0,0.0,0.0625,0.0625,0.0625,0.0625,0.0,0.0,0.0,0.0
新星,2023,7,7,0.42857142857142855,0.42857142857142855,0.0,0.0,0.0,0.0,0.5714285714285714,0.5714285714285714,0.0,0.0,0.0,0.0,0.0,0.0
新竹,2013,2,2,1.0,1.0,0.0,0.0,0.0,0.0,0.0,0.0,0.0,0.0,0.0,0.0,0.0,0.0
新竹,2014,3,3,1.0,1.0,0.0,0.0,0.0,0.0,0.0,0.0,0.0,0.0,0.0,0.0,0.0,0.0
新竹,2015,13,13,1.0,1.0,0.0,0.0,0.0,0.0,0.0,0.0,0.0,0.0,0.0,0.0,0.0,0.0
新竹,2016,20,20,1.0,1.0,0.0,0.0,0.0,0.0,0.0,0.0,0.0,0.0,0.0,0.0,0.0,0.0
新竹,2017,31,31,0.967741935483871,0.967741935483871,0.0,0.0,0.0,0.0,0.03225806451612903,0.03225806451612903,0.0,0.0,0.0,0.0,0.0,0.0
新竹,2018,121,118,0.9752066115702479,1.0,0.0,0.0,0.0,0.0,0.0,0.0,0.0,0.0,0.0,0.0,0.0,0.0
新竹,2019,510,458,0.8980392156862745,1.0,0.0,0.0,0.0,0.0,0.0,0.0,0.0,0.0,0.0,0.0,0.0,0.0
新竹,2020,1171,1008,0.860802732707088,1.0,0.0,0.0,0.0,0.0,0.0,0.0,0.0,0.0,0.0,0.0,0.0,0.0
新竹,2021,1067,948,0.8884723523898782,1.0,0.0,0.0,0.0,0.0,0.0,0.0,0.0,0.0,0.0,0.0,0.0,0.0
新竹,2022,796,648,0.8140703517587939,1.0,0.0,0.0,0.0,0.0,0.0,0.0,0.0,0.0,0.0,0.0,0.0,0.0
新竹,2023,1809,1501,0.8297401879491432,1.0,0.0,0.0,0.0,0.0,0.0,0.0,0.0,0.0,0.0,0.0,0.0,0.0
新竹县,2013,1,1,1.0,1.0,0.0,0.0,0.0,0.0,0.0,0.0,0.0,0.0,0.0,0.0,0.0,0.0
新竹县,2015,5,5,1.0,1.0,0.0,0.0,0.0,0.0,0.0,0.0,0.0,0.0,0.0,0.0,0.0,0.0
新竹县,2016,10,10,1.0,1.0,0.0,0.0,0.0,0.0,0.0,0.0,0.0,0.0,0.0,0.0,0.0,0.0
新竹县,2017,11,11,1.0,1.0,0.0,0.0,0.0,0.0,0.0,0.0,0.0,0.0,0.0,0.0,0.0,0.0
新竹县,2018,26,26,0.8076923076923077,0.8076923076923077,0.0,0.0,0.0,0.0,0.0,0.0,0.0,0.0,0.19230769230769232,0.19230769230769232,0.0,0.0
新竹县,2019,120,110,0.6916666666666667,0.7545454545454545,0.0,0.0,0.0,0.0,0.025,0.02727272727272727,0.0,0.0,0.2,0.21818181818181817,0.0,0.0
新竹县,2020,325,271,0.5815384615384616,0.6974169741697417,0.0,0.0,0.0,0.0,0.0,0.0,0.0,0.0,0.2523076923076923,0.3025830258302583,0.0,0.0
新竹县,2021,333,269,0.5555555555555556,0.6877323420074349,0.0,0.0,0.0,0.0,0.0,0.0,0.0,0.0,0.25225225225225223,0.31226765799256506,0.0,0.0
新竹县,2022,293,234,0.5836177474402731,0.7307692307692307,0.0,0.0,0.0,0.0,0.0,0.0,0.0,0.0,0.2150170648464164,0.2692307692307692,0.0,0.0
新竹县,2023,591,425,0.4754653130287648,0.6611764705882353,0.0,0.0,0.0,0.0,0.0,0.0,0.0,0.0,0.2436548223350254,0.3388235294117647,0.0,0.0
无锡,2008,2633,822,0.06912267375617166,0.22141119221411193,0.0,0.0,0.0,0.0,0.08393467527535131,0.2688564476885645,0.0,0.0,0.013292821876186859,0.04257907542579075,0.14584124572730725,0.46715328467153283
无锡,2009,4106,1044,0.13346322454943985,0.524904214559387,0.0,0.0,0.0,0.0,0.016804676083779835,0.06609195402298851,0.013151485630784217,0.05172413793103448,0.008280565026790063,0.032567049808429116,0.08256210423770093,0.32471264367816094
无锡,2010,6013,1703,0.15965408282055546,0.5637110980622431,0.0,0.0,0.0,0.0,0.005321802760685182,0.018790369935408103,0.0,0.0,0.0,0.0,0.11824380508897389,0.4174985320023488
无锡,2011,10437,2152,0.06716489412666475,0.3257434944237918,0.0,0.0,0.0,0.0,0.029702021653731914,0.14405204460966542,0.0,0.0,0.006994347034588484,0.03392193308550186,0.10232825524576028,0.4962825278810409
无锡,2012,14612,2995,0.06070353134410074,0.2961602671118531,0.0,0.0,0.0,0.0,0.018409526416643854,0.08981636060100166,0.006912127018888585,0.0337228714524207,0.013345195729537367,0.0651085141903172,0.10559813851628798,0.5151919866444074
无锡,2013,19972,3642,0.0831664330062087,0.4560680944535969,0.0,0.0,0.0,0.0,0.0,0.0,0.015822151011415982,0.08676551345414607,0.0,0.0,0.08336671339875826,0.457166392092257
无锡,2014,21337,3822,0.0949055631063411,0.5298273155416012,0.0,0.0,0.0,0.0,0.0,0.0,0.011482401462248677,0.0641025641025641,0.0,0.0,0.07273749824248957,0.4060701203558346
无锡,2015,21681,4442,0.11650754116507542,0.5686627645204863,0.0,0.0,0.0,0.0,0.005534800055348001,0.0270148581719946,0.009593653429269867,0.04682575416479064,0.0,0.0,0.07324385406577187,0.3574966231427285
无锡,2016,30051,5190,0.11982962297427706,0.6938342967244702,0.0,0.0,0.0,0.0,0.0,0.0,0.0,0.0,0.0,0.0,0.0528767761472164,0.3061657032755299
无锡,2017,22393,4001,0.10163890501496003,0.5688577855536116,0.0,0.0,0.0,0.0,0.0,0.0,0.00598401286116197,0.03349162709322669,0.004867592551243693,0.027243189202699324,0.06618139597195552,0.37040739815046236
无锡,2018,19773,3991,0.07606331866686897,0.3768479077925332,0.0,0.0,0.010569969149850807,0.052367827612127285,0.0,0.0,0.0,0.0,0.01471703838567744,0.07291405662741168,0.10049056794618925,0.49787020796792786
无锡,2019,17837,4123,0.08050681168357908,0.3482900800388067,0.0,0.0,0.0,0.0,0.0,0.0,0.0,0.0,0.03453495542972473,0.1494057724957555,0.1161069686606492,0.5023041474654378
无锡,2020,21119,4322,0.0877882475495999,0.4289680703378066,0.0,0.0,0.0,0.0,0.0,0.0,0.0077181684738860746,0.03771402128644146,0.008996638098394811,0.04396112910689495,0.10014678725318434,0.489356779268857
无锡,2021,22649,5213,0.09629564219170825,0.41837713408785726,0.0,0.0,0.0,0.0,0.0,0.0,0.009404388714733543,0.04085938998657203,0.02035409951874255,0.08843276424323807,0.10411055675747273,0.45233071168233263
无锡,2022,22643,5096,0.09729276155986398,0.4322998430141287,0.0,0.0,0.0,0.0,0.0,0.0,0.008170295455549176,0.03630298273155416,0.013646601598728084,0.06063579277864992,0.10594885836682419,0.4707613814756672
无锡,2023,26266,5750,0.07850453057184192,0.3586086956521739,0.0,0.0,0.004454427777354756,0.02034782608695652,0.0,0.0,0.012144978298941598,0.05547826086956522,0.01218305033122668,0.05565217391304348,0.11162719865986447,0.5099130434782608
日喀则,2013,1,1,0.0,0.0,0.0,0.0,0.0,0.0,1.0,1.0,0.0,0.0,0.0,0.0,0.0,0.0
日喀则,2015,5,5,0.8,0.8,0.0,0.0,0.0,0.0,0.2,0.2,0.0,0.0,0.0,0.0,0.0,0.0
日喀则,2016,4,4,0.75,0.75,0.0,0.0,0.0,0.0,0.0,0.0,0.25,0.25,0.0,0.0,0.0,0.0
日喀则,2017,10,10,0.7,0.7,0.0,0.0,0.1,0.1,0.2,0.2,0.0,0.0,0.0,0.0,0.0,0.0
日喀则,2018,12,12,0.5833333333333334,0.5833333333333334,0.0,0.0,0.0,0.0,0.3333333333333333,0.3333333333333333,0.08333333333333333,0.08333333333333333,0.0,0.0,0.0,0.0
日喀则,2019,7,7,0.8571428571428571,0.8571428571428571,0.0,0.0,0.0,0.0,0.0,0.0,0.14285714285714285,0.14285714285714285,0.0,0.0,0.0,0.0
日喀则,2020,24,24,0.7916666666666666,0.7916666666666666,0.0,0.0,0.041666666666666664,0.041666666666666664,0.125,0.125,0.041666666666666664,0.041666666666666664,0.0,0.0,0.0,0.0
日喀则,2021,17,17,0.47058823529411764,0.47058823529411764,0.0,0.0,0.0,0.0,0.47058823529411764,0.47058823529411764,0.058823529411764705,0.058823529411764705,0.0,0.0,0.0,0.0
日喀则,2022,17,17,0.7058823529411765,0.7058823529411765,0.0,0.0,0.0,0.0,0.17647058823529413,0.17647058823529413,0.11764705882352941,0.11764705882352941,0.0,0.0,0.0,0.0
日喀则,2023,13,13,0.6923076923076923,0.6923076923076923,0.0,0.0,0.07692307692307693,0.07692307692307693,0.07692307692307693,0.07692307692307693,0.15384615384615385,0.15384615384615385,0.0,0.0,0.0,0.0
日照,2008,54,35,0.14814814814814814,0.22857142857142856,0.0,0.0,0.0,0.0,0.48148148148148145,0.7428571428571429,0.0,0.0,0.0,0.0,0.018518518518518517,0.02857142857142857
日照,2009,109,70,0.06422018348623854,0.1,0.0,0.0,0.0,0.0,0.5779816513761468,0.9,0.0,0.0,0.0,0.0,0.0,0.0
日照,2010,191,129,0.14136125654450263,0.20930232558139536,0.0,0.0,0.0,0.0,0.5340314136125655,0.7906976744186046,0.0,0.0,0.0,0.0,0.0,0.0
日照,2011,209,106,0.1722488038277512,0.33962264150943394,0.0,0.0,0.0,0.0,0.3349282296650718,0.660377358490566,0.0,0.0,0.0,0.0,0.0,0.0
日照,2012,363,145,0.06336088154269973,0.15862068965517243,0.0,0.0,0.0,0.0,0.325068870523416,0.8137931034482758,0.0,0.0,0.0,0.0,0.011019283746556474,0.027586206896551724
日照,2013,422,167,0.12085308056872038,0.30538922155688625,0.0,0.0,0.0,0.0,0.27488151658767773,0.6946107784431138,0.0,0.0,0.0,0.0,0.0,0.0
日照,2014,370,138,0.16216216216216217,0.43478260869565216,0.0,0.0,0.0,0.0,0.17567567567567569,0.47101449275362317,0.0,0.0,0.0,0.0,0.03513513513513514,0.09420289855072464
日照,2015,1188,690,0.09848484848484848,0.16956521739130434,0.0,0.0,0.0,0.0,0.4823232323232323,0.8304347826086956,0.0,0.0,0.0,0.0,0.0,0.0
日照,2016,1111,728,0.05850585058505851,0.08928571428571429,0.0,0.0,0.0,0.0,0.5967596759675967,0.9107142857142857,0.0,0.0,0.0,0.0,0.0,0.0
日照,2017,696,278,0.28448275862068967,0.7122302158273381,0.0,0.0,0.0,0.0,0.04885057471264368,0.1223021582733813,0.008620689655172414,0.02158273381294964,0.0,0.0,0.05747126436781609,0.14388489208633093
日照,2018,1045,442,0.28421052631578947,0.6719457013574661,0.0,0.0,0.04401913875598086,0.10407239819004525,0.03444976076555024,0.08144796380090498,0.0,0.0,0.0,0.0,0.06028708133971292,0.1425339366515837
日照,2019,1081,517,0.32562442183163737,0.6808510638297872,0.0,0.0,0.036077705827937095,0.07543520309477757,0.028677150786308975,0.059961315280464215,0.0,0.0,0.0,0.0,0.08788159111933395,0.18375241779497098
日照,2020,2018,625,0.18582755203171458,0.6,0.0,0.0,0.04509415262636274,0.1456,0.010901883052527254,0.0352,0.0,0.0,0.0,0.0,0.06788899900891972,0.2192
日照,2021,1658,706,0.2913148371531966,0.6841359773371105,0.0,0.0,0.020506634499396863,0.04815864022662889,0.0,0.0,0.013268998793727383,0.031161473087818695,0.0,0.0,0.10072376357056695,0.23654390934844194
日照,2022,1812,967,0.3200883002207506,0.5997931747673216,0.0,0.0,0.023730684326710817,0.04446742502585315,0.0,0.0,0.016556291390728478,0.031023784901758014,0.0,0.0,0.17328918322295805,0.3247156153050672
日照,2023,1542,707,0.3845654993514916,0.8387553041018387,0.0,0.0,0.0,0.0,0.0,0.0,0.020752269779507133,0.04526166902404526,0.0,0.0,0.05317769130998703,0.11598302687411598
昆明,2008,1074,629,0.0595903165735568,0.10174880763116058,0.0,0.0,0.0,0.0,0.006517690875232775,0.011128775834658187,0.0,0.0,0.10614525139664804,0.18124006359300476,0.4134078212290503,0.7058823529411765
昆明,2009,1128,639,0.05053191489361702,0.0892018779342723,0.0,0.0,0.0,0.0,0.018617021276595744,0.03286384976525822,0.0,0.0,0.09929078014184398,0.1752738654147105,0.3980496453900709,0.702660406885759
昆明,2010,1558,811,0.0821566110397946,0.15782983970406905,0.0,0.0,0.0,0.0,0.037227214377406934,0.07151664611590629,0.0,0.0,0.09370988446726572,0.18002466091245375,0.30744544287548137,0.5906288532675709
昆明,2011,1774,970,0.11161217587373168,0.20412371134020618,0.0,0.0,0.0,0.0,0.014092446448703494,0.02577319587628866,0.0,0.0,0.10428410372040586,0.19072164948453607,0.31679819616685456,0.5793814432989691
昆明,2012,2146,1092,0.1342031686859273,0.26373626373626374,0.0,0.0,0.0,0.0,0.012581547064305684,0.024725274725274724,0.0,0.0,0.08480894687791239,0.16666666666666666,0.277260018639329,0.5448717948717948
昆明,2013,2751,1485,0.14176663031624864,0.26262626262626265,0.0,0.0,0.0,0.0,0.0,0.0,0.0,0.0,0.08687749909123955,0.16094276094276094,0.31115957833515084,0.5764309764309764
昆明,2014,3143,1623,0.16703786191536749,0.3234750462107209,0.0,0.0,0.0,0.0,0.0,0.0,0.0,0.0,0.05758829144129812,0.1115218730745533,0.29175946547884185,0.5650030807147258
昆明,2015,3982,2185,0.11752887995981919,0.21418764302059495,0.0,0.0,0.0,0.0,0.022601707684580613,0.041189931350114416,0.0,0.0,0.07985936715218483,0.14553775743707092,0.3287292817679558,0.5990846681922197
昆明,2016,4980,2707,0.09959839357429719,0.18322866642039157,0.0,0.0,0.0,0.0,0.0,0.0,0.0,0.0,0.11666666666666667,0.21462874030291837,0.3273092369477912,0.6021425932766901
昆明,2017,5709,3158,0.08933263268523384,0.16149461684610514,0.0,0.0,0.004729374671571204,0.008549715009499683,0.01208617971623752,0.021849271690943636,0.0,0.0,0.09108425293396391,0.16466117796073465,0.3559292345419513,0.643445218492717
昆明,2018,7284,4305,0.10612300933552993,0.17955865272938443,0.0,0.0,0.005079626578802856,0.008594657375145181,0.0,0.0,0.0,0.0,0.08333333333333333,0.14099883855981418,0.39648544755628773,0.6708478513356562
昆明,2019,7104,3971,0.11852477477477477,0.21203727020901536,0.0,0.0,0.0,0.0,0.014076576576576577,0.025182573659027953,0.0,0.0,0.08600788288288289,0.1538655250566608,0.3403716216216216,0.6089146310752959
昆明,2020,8195,3856,0.14252593044539352,0.3029045643153527,0.0,0.0,0.007077486272117145,0.01504149377593361,0.0,0.0,0.0,0.0,0.08859060402684564,0.18827800829875518,0.23233679072605248,0.49377593360995853
昆明,2021,9279,4845,0.1296475913352732,0.248297213622291,0.0,0.0,0.0062506735639616335,0.01197110423116615,0.0,0.0,0.0,0.0,0.07425369113050975,0.14220846233230133,0.3119948270287747,0.5975232198142415
昆明,2022,11054,6387,0.15116699837163017,0.2616251761390324,0.0,0.0,0.009679753935227067,0.01675277908251135,0.0,0.0,0.0,0.0,0.07445268681020445,0.12885548770940974,0.34250045232495024,0.5927665570690465
昆明,2023,12538,7451,0.18200669963311533,0.30626761508522343,0.0,0.0,0.0,0.0,0.0,0.0,0.0,0.0,0.04737597702982932,0.07972084283988726,0.36489073217419044,0.6140115420748893
昆玉,2021,1,1,1.0,1.0,0.0,0.0,0.0,0.0,0.0,0.0,0.0,0.0,0.0,0.0,0.0,0.0
昌吉,2016,1,1,1.0,1.0,0.0,0.0,0.0,0.0,0.0,0.0,0.0,0.0,0.0,0.0,0.0,0.0
昌吉,2017,8,8,0.875,0.875,0.0,0.0,0.0,0.0,0.125,0.125,0.0,0.0,0.0,0.0,0.0,0.0
昌吉,2018,19,19,0.7368421052631579,0.7368421052631579,0.0,0.0,0.0,0.0,0.2631578947368421,0.2631578947368421,0.0,0.0,0.0,0.0,0.0,0.0
昌吉,2019,23,23,0.782608695652174,0.782608695652174,0.0,0.0,0.0,0.0,0.17391304347826086,0.17391304347826086,0.043478260869565216,0.043478260869565216,0.0,0.0,0.0,0.0
昌吉,2020,20,20,0.95,0.95,0.0,0.0,0.0,0.0,0.0,0.0,0.0,0.0,0.05,0.05,0.0,0.0
昌吉,2021,33,28,0.8181818181818182,0.9642857142857143,0.0,0.0,0.0,0.0,0.0,0.0,0.0,0.0,0.0,0.0,0.030303030303030304,0.03571428571428571
昌吉,2022,55,34,0.5636363636363636,0.9117647058823529,0.0,0.0,0.0,0.0,0.0,0.0,0.0,0.0,0.0,0.0,0.05454545454545454,0.08823529411764706
昌吉,2023,136,79,0.3897058823529412,0.6708860759493671,0.0,0.0,0.0,0.0,0.014705882352941176,0.02531645569620253,0.022058823529411766,0.0379746835443038,0.0,0.0,0.15441176470588236,0.26582278481012656
昌吉回族自治州,2008,40,40,0.25,0.25,0.0,0.0,0.0,0.0,0.75,0.75,0.0,0.0,0.0,0.0,0.0,0.0
昌吉回族自治州,2009,26,23,0.34615384615384615,0.391304347826087,0.0,0.0,0.0,0.0,0.5,0.5652173913043478,0.0,0.0,0.0,0.0,0.038461538461538464,0.043478260869565216
昌吉回族自治州,2010,30,30,0.4,0.4,0.0,0.0,0.0,0.0,0.5666666666666667,0.5666666666666667,0.03333333333333333,0.03333333333333333,0.0,0.0,0.0,0.0
昌吉回族自治州,2011,55,45,0.5454545454545454,0.6666666666666666,0.0,0.0,0.0,0.0,0.2727272727272727,0.3333333333333333,0.0,0.0,0.0,0.0,0.0,0.0
昌吉回族自治州,2012,105,70,0.5523809523809524,0.8285714285714286,0.0,0.0,0.0,0.0,0.05714285714285714,0.08571428571428572,0.0,0.0,0.0380952380952381,0.05714285714285714,0.01904761904761905,0.02857142857142857
昌吉回族自治州,2013,125,70,0.392,0.7,0.0,0.0,0.0,0.0,0.08,0.14285714285714285,0.04,0.07142857142857142,0.048,0.08571428571428572,0.0,0.0
昌吉回族自治州,2014,121,66,0.4628099173553719,0.8484848484848485,0.0,0.0,0.0,0.0,0.08264462809917356,0.15151515151515152,0.0,0.0,0.0,0.0,0.0,0.0
昌吉回族自治州,2015,215,115,0.40930232558139534,0.7652173913043478,0.0,0.0,0.0,0.0,0.12558139534883722,0.23478260869565218,0.0,0.0,0.0,0.0,0.0,0.0
昌吉回族自治州,2016,171,93,0.4327485380116959,0.7956989247311828,0.0,0.0,0.0,0.0,0.05847953216374269,0.10752688172043011,0.0,0.0,0.023391812865497075,0.043010752688172046,0.029239766081871343,0.053763440860215055
昌吉回族自治州,2017,205,122,0.5219512195121951,0.8770491803278688,0.0,0.0,0.0,0.0,0.04390243902439024,0.07377049180327869,0.0,0.0,0.0,0.0,0.02926829268292683,0.04918032786885246
昌吉回族自治州,2018,197,112,0.4263959390862944,0.75,0.0,0.0,0.0,0.0,0.09137055837563451,0.16071428571428573,0.0,0.0,0.0,0.0,0.050761421319796954,0.08928571428571429
昌吉回族自治州,2019,198,112,0.48484848484848486,0.8571428571428571,0.0,0.0,0.0,0.0,0.030303030303030304,0.05357142857142857,0.0,0.0,0.020202020202020204,0.03571428571428571,0.030303030303030304,0.05357142857142857
昌吉回族自治州,2020,247,130,0.4008097165991903,0.7615384615384615,0.0,0.0,0.0,0.0,0.10526315789473684,0.2,0.0,0.0,0.0,0.0,0.020242914979757085,0.038461538461538464
昌吉回族自治州,2021,223,128,0.3901345291479821,0.6796875,0.0,0.0,0.0,0.0,0.13004484304932734,0.2265625,0.0,0.0,0.0,0.0,0.053811659192825115,0.09375
昌吉回族自治州,2022,225,119,0.48444444444444446,0.9159663865546218,0.0,0.0,0.0,0.0,0.013333333333333334,0.025210084033613446,0.0,0.0,0.0,0.0,0.03111111111111111,0.058823529411764705
昌吉回族自治州,2023,231,139,0.5151515151515151,0.8561151079136691,0.0,0.0,0.0,0.0,0.0,0.0,0.0,0.0,0.012987012987012988,0.02158273381294964,0.0735930735930736,0.1223021582733813
昌江,2018,2,2,0.5,0.5,0.0,0.0,0.0,0.0,0.5,0.5,0.0,0.0,0.0,0.0,0.0,0.0
昌江,2020,6,6,0.8333333333333334,0.8333333333333334,0.0,0.0,0.0,0.0,0.16666666666666666,0.16666666666666666,0.0,0.0,0.0,0.0,0.0,0.0
昌江,2021,8,8,1.0,1.0,0.0,0.0,0.0,0.0,0.0,0.0,0.0,0.0,0.0,0.0,0.0,0.0
昌江,2022,6,6,1.0,1.0,0.0,0.0,0.0,0.0,0.0,0.0,0.0,0.0,0.0,0.0,0.0,0.0
昌江,2023,27,27,1.0,1.0,0.0,0.0,0.0,0.0,0.0,0.0,0.0,0.0,0.0,0.0,0.0,0.0
昌江黎族自治县,2009,1,1,0.0,0.0,0.0,0.0,0.0,0.0,1.0,1.0,0.0,0.0,0.0,0.0,0.0,0.0
昌江黎族自治县,2013,1,1,0.0,0.0,0.0,0.0,0.0,0.0,1.0,1.0,0.0,0.0,0.0,0.0,0.0,0.0
昌江黎族自治县,2014,1,1,1.0,1.0,0.0,0.0,0.0,0.0,0.0,0.0,0.0,0.0,0.0,0.0,0.0,0.0
昌江黎族自治县,2015,1,1,1.0,1.0,0.0,0.0,0.0,0.0,0.0,0.0,0.0,0.0,0.0,0.0,0.0,0.0
昌江黎族自治县,2016,2,2,0.0,0.0,0.0,0.0,0.0,0.0,1.0,1.0,0.0,0.0,0.0,0.0,0.0,0.0
昌江黎族自治县,2017,13,13,0.9230769230769231,0.9230769230769231,0.0,0.0,0.0,0.0,0.07692307692307693,0.07692307692307693,0.0,0.0,0.0,0.0,0.0,0.0
昌江黎族自治县,2018,13,13,0.7692307692307693,0.7692307692307693,0.0,0.0,0.0,0.0,0.23076923076923078,0.23076923076923078,0.0,0.0,0.0,0.0,0.0,0.0
昌江黎族自治县,2019,14,14,0.9285714285714286,0.9285714285714286,0.0,0.0,0.0,0.0,0.07142857142857142,0.07142857142857142,0.0,0.0,0.0,0.0,0.0,0.0
昌江黎族自治县,2020,30,30,0.9333333333333333,0.9333333333333333,0.0,0.0,0.0,0.0,0.06666666666666667,0.06666666666666667,0.0,0.0,0.0,0.0,0.0,0.0
昌江黎族自治县,2021,49,49,0.8571428571428571,0.8571428571428571,0.0,0.0,0.0,0.0,0.14285714285714285,0.14285714285714285,0.0,0.0,0.0,0.0,0.0,0.0
昌江黎族自治县,2022,40,40,0.975,0.975,0.0,0.0,0.0,0.0,0.025,0.025,0.0,0.0,0.0,0.0,0.0,0.0
昌江黎族自治县,2023,17,17,0.9411764705882353,0.9411764705882353,0.0,0.0,0.0,0.0,0.058823529411764705,0.058823529411764705,0.0,0.0,0.0,0.0,0.0,0.0
昌都,2011,1,1,1.0,1.0,0.0,0.0,0.0,0.0,0.0,0.0,0.0,0.0,0.0,0.0,0.0,0.0
昌都,2015,2,2,0.5,0.5,0.0,0.0,0.0,0.0,0.5,0.5,0.0,0.0,0.0,0.0,0.0,0.0
昌都,2016,4,4,1.0,1.0,0.0,0.0,0.0,0.0,0.0,0.0,0.0,0.0,0.0,0.0,0.0,0.0
昌都,2017,5,5,0.8,0.8,0.0,0.0,0.0,0.0,0.2,0.2,0.0,0.0,0.0,0.0,0.0,0.0
昌都,2018,16,16,0.6875,0.6875,0.0,0.0,0.0,0.0,0.3125,0.3125,0.0,0.0,0.0,0.0,0.0,0.0
昌都,2019,9,9,0.8888888888888888,0.8888888888888888,0.0,0.0,0.0,0.0,0.1111111111111111,0.1111111111111111,0.0,0.0,0.0,0.0,0.0,0.0
昌都,2020,14,14,0.9285714285714286,0.9285714285714286,0.0,0.0,0.07142857142857142,0.07142857142857142,0.0,0.0,0.0,0.0,0.0,0.0,0.0,0.0
昌都,2021,14,14,0.9285714285714286,0.9285714285714286,0.0,0.0,0.0,0.0,0.07142857142857142,0.07142857142857142,0.0,0.0,0.0,0.0,0.0,0.0
昌都,2022,20,20,0.75,0.75,0.0,0.0,0.05,0.05,0.2,0.2,0.0,0.0,0.0,0.0,0.0,0.0
昌都,2023,15,15,1.0,1.0,0.0,0.0,0.0,0.0,0.0,0.0,0.0,0.0,0.0,0.0,0.0,0.0
昭通,2008,7,7,0.42857142857142855,0.42857142857142855,0.0,0.0,0.0,0.0,0.5714285714285714,0.5714285714285714,0.0,0.0,0.0,0.0,0.0,0.0
昭通,2009,12,12,0.3333333333333333,0.3333333333333333,0.0,0.0,0.0,0.0,0.6666666666666666,0.6666666666666666,0.0,0.0,0.0,0.0,0.0,0.0
昭通,2010,15,15,0.3333333333333333,0.3333333333333333,0.0,0.0,0.0,0.0,0.6666666666666666,0.6666666666666666,0.0,0.0,0.0,0.0,0.0,0.0
昭通,2011,20,20,0.5,0.5,0.0,0.0,0.0,0.0,0.45,0.45,0.0,0.0,0.05,0.05,0.0,0.0
昭通,2012,39,39,0.6666666666666666,0.6666666666666666,0.0,0.0,0.0,0.0,0.3333333333333333,0.3333333333333333,0.0,0.0,0.0,0.0,0.0,0.0
昭通,2013,36,34,0.5833333333333334,0.6176470588235294,0.0,0.0,0.0,0.0,0.3333333333333333,0.35294117647058826,0.027777777777777776,0.029411764705882353,0.0,0.0,0.0,0.0
昭通,2014,27,25,0.6296296296296297,0.68,0.0,0.0,0.037037037037037035,0.04,0.18518518518518517,0.2,0.037037037037037035,0.04,0.0,0.0,0.037037037037037035,0.04
昭通,2015,58,47,0.3793103448275862,0.46808510638297873,0.0,0.0,0.0,0.0,0.3620689655172414,0.44680851063829785,0.017241379310344827,0.02127659574468085,0.034482758620689655,0.0425531914893617,0.017241379310344827,0.02127659574468085
昭通,2016,68,38,0.39705882352941174,0.7105263157894737,0.0,0.0,0.0,0.0,0.11764705882352941,0.21052631578947367,0.04411764705882353,0.07894736842105263,0.0,0.0,0.0,0.0
昭通,2017,108,68,0.4537037037037037,0.7205882352941176,0.0,0.0,0.0,0.0,0.12037037037037036,0.19117647058823528,0.037037037037037035,0.058823529411764705,0.0,0.0,0.018518518518518517,0.029411764705882353
昭通,2018,141,86,0.24822695035460993,0.4069767441860465,0.0,0.0,0.0,0.0,0.3404255319148936,0.5581395348837209,0.0,0.0,0.0,0.0,0.02127659574468085,0.03488372093023256
昭通,2019,105,65,0.4,0.6461538461538462,0.0,0.0,0.0,0.0,0.10476190476190476,0.16923076923076924,0.02857142857142857,0.046153846153846156,0.01904761904761905,0.03076923076923077,0.06666666666666667,0.1076923076923077
昭通,2020,245,109,0.2,0.44954128440366975,0.0,0.0,0.0,0.0,0.1836734693877551,0.41284403669724773,0.02040816326530612,0.045871559633027525,0.0163265306122449,0.03669724770642202,0.024489795918367346,0.05504587155963303
昭通,2021,248,114,0.2782258064516129,0.6052631578947368,0.0,0.0,0.0,0.0,0.14112903225806453,0.30701754385964913,0.0,0.0,0.020161290322580645,0.043859649122807015,0.020161290322580645,0.043859649122807015
昭通,2022,199,123,0.5678391959798995,0.9186991869918699,0.0,0.0,0.0,0.0,0.0,0.0,0.0,0.0,0.01507537688442211,0.024390243902439025,0.035175879396984924,0.056910569105691054
昭通,2023,189,139,0.6455026455026455,0.8776978417266187,0.0,0.0,0.0,0.0,0.021164021164021163,0.02877697841726619,0.010582010582010581,0.014388489208633094,0.026455026455026454,0.03597122302158273,0.031746031746031744,0.04316546762589928
晋中,2008,71,46,0.323943661971831,0.5,0.0,0.0,0.0,0.0,0.22535211267605634,0.34782608695652173,0.0,0.0,0.0,0.0,0.09859154929577464,0.15217391304347827
晋中,2009,82,48,0.2682926829268293,0.4583333333333333,0.0,0.0,0.0,0.0,0.1951219512195122,0.3333333333333333,0.024390243902439025,0.041666666666666664,0.0,0.0,0.0975609756097561,0.16666666666666666
晋中,2010,140,96,0.20714285714285716,0.3020833333333333,0.0,0.0,0.03571428571428571,0.052083333333333336,0.37142857142857144,0.5416666666666666,0.0,0.0,0.0,0.0,0.07142857142857142,0.10416666666666667
晋中,2011,171,103,0.32748538011695905,0.5436893203883495,0.0,0.0,0.0,0.0,0.2222222222222222,0.36893203883495146,0.0,0.0,0.0,0.0,0.05263157894736842,0.08737864077669903
晋中,2012,201,121,0.23383084577114427,0.3884297520661157,0.0,0.0,0.0,0.0,0.19900497512437812,0.3305785123966942,0.029850746268656716,0.049586776859504134,0.014925373134328358,0.024793388429752067,0.12437810945273632,0.2066115702479339
晋中,2013,241,160,0.17427385892116182,0.2625,0.0,0.0,0.0,0.0,0.2987551867219917,0.45,0.016597510373443983,0.025,0.029045643153526972,0.04375,0.14522821576763487,0.21875
晋中,2014,201,135,0.3781094527363184,0.562962962962963,0.0,0.0,0.0,0.0,0.07960199004975124,0.11851851851851852,0.01990049751243781,0.02962962962962963,0.014925373134328358,0.022222222222222223,0.1791044776119403,0.26666666666666666
晋中,2015,257,155,0.3424124513618677,0.567741935483871,0.0,0.0,0.0,0.0,0.0933852140077821,0.15483870967741936,0.0,0.0,0.0,0.0,0.16731517509727625,0.27741935483870966
晋中,2016,288,163,0.3125,0.5521472392638037,0.0,0.0,0.0,0.0,0.04513888888888889,0.07975460122699386,0.0,0.0,0.034722222222222224,0.06134969325153374,0.1736111111111111,0.3067484662576687
晋中,2017,485,226,0.177319587628866,0.3805309734513274,0.0,0.0,0.0,0.0,0.049484536082474224,0.10619469026548672,0.0,0.0,0.010309278350515464,0.022123893805309734,0.2288659793814433,0.4911504424778761
晋中,2018,597,314,0.1658291457286432,0.31528662420382164,0.0,0.0,0.0,0.0,0.1457286432160804,0.2770700636942675,0.0,0.0,0.0,0.0,0.21440536013400335,0.40764331210191085
晋中,2019,631,419,0.2266244057052298,0.3412887828162291,0.0,0.0,0.0,0.0,0.05388272583201268,0.081145584725537,0.0,0.0,0.009508716323296355,0.014319809069212411,0.37400950871632327,0.5632458233890215
晋中,2020,589,318,0.20543293718166383,0.3805031446540881,0.0,0.0,0.0,0.0,0.04753820033955857,0.0880503144654088,0.0,0.0,0.008488964346349746,0.015723270440251572,0.27843803056027167,0.5157232704402516
晋中,2021,692,321,0.15606936416184972,0.3364485981308411,0.0,0.0,0.0,0.0,0.036127167630057806,0.0778816199376947,0.0,0.0,0.008670520231213872,0.018691588785046728,0.2630057803468208,0.5669781931464174
晋中,2022,575,340,0.16869565217391305,0.2852941176470588,0.0,0.0,0.0,0.0,0.0,0.0,0.0,0.0,0.01217391304347826,0.020588235294117647,0.41043478260869565,0.6941176470588235
晋中,2023,781,367,0.18693982074263765,0.3978201634877384,0.0,0.0,0.0,0.0,0.0,0.0,0.0,0.0,0.0,0.0,0.28297055057618437,0.6021798365122616
晋城,2008,55,49,0.18181818181818182,0.20408163265306123,0.0,0.0,0.0,0.0,0.6909090909090909,0.7755102040816326,0.0,0.0,0.01818181818181818,0.02040816326530612,0.0,0.0
晋城,2009,132,121,0.22727272727272727,0.24793388429752067,0.0,0.0,0.0,0.0,0.6893939393939394,0.7520661157024794,0.0,0.0,0.0,0.0,0.0,0.0
晋城,2010,123,109,0.44715447154471544,0.5045871559633027,0.0,0.0,0.0,0.0,0.43902439024390244,0.4954128440366973,0.0,0.0,0.0,0.0,0.0,0.0
晋城,2011,159,112,0.31446540880503143,0.44642857142857145,0.0,0.0,0.0,0.0,0.389937106918239,0.5535714285714286,0.0,0.0,0.0,0.0,0.0,0.0
晋城,2012,216,130,0.2175925925925926,0.36153846153846153,0.0,0.0,0.0,0.0,0.38425925925925924,0.6384615384615384,0.0,0.0,0.0,0.0,0.0,0.0
晋城,2013,265,156,0.21132075471698114,0.358974358974359,0.0,0.0,0.0,0.0,0.37735849056603776,0.6410256410256411,0.0,0.0,0.0,0.0,0.0,0.0
晋城,2014,216,143,0.35648148148148145,0.5384615384615384,0.0,0.0,0.0,0.0,0.2777777777777778,0.4195804195804196,0.0,0.0,0.027777777777777776,0.04195804195804196,0.0,0.0
晋城,2015,257,156,0.35019455252918286,0.5769230769230769,0.0,0.0,0.0,0.0,0.22178988326848248,0.36538461538461536,0.0,0.0,0.03501945525291829,0.057692307692307696,0.0,0.0
晋城,2016,229,153,0.1965065502183406,0.29411764705882354,0.0,0.0,0.0,0.0,0.45414847161572053,0.6797385620915033,0.017467248908296942,0.026143790849673203,0.0,0.0,0.0,0.0
晋城,2017,425,245,0.4423529411764706,0.7673469387755102,0.0,0.0,0.0,0.0,0.1223529411764706,0.21224489795918366,0.0,0.0,0.011764705882352941,0.02040816326530612,0.0,0.0
晋城,2018,288,200,0.5138888888888888,0.74,0.0,0.0,0.0,0.0,0.1527777777777778,0.22,0.0,0.0,0.027777777777777776,0.04,0.0,0.0
晋城,2019,239,184,0.698744769874477,0.907608695652174,0.0,0.0,0.0,0.0,0.03347280334728033,0.043478260869565216,0.0,0.0,0.03765690376569038,0.04891304347826087,0.0,0.0
晋城,2020,290,199,0.5586206896551724,0.8140703517587939,0.0,0.0,0.0,0.0,0.06551724137931035,0.09547738693467336,0.0,0.0,0.06206896551724138,0.09045226130653267,0.0,0.0
晋城,2021,407,241,0.4864864864864865,0.8215767634854771,0.0,0.0,0.0,0.0,0.02702702702702703,0.04564315352697095,0.0,0.0,0.07862407862407862,0.13278008298755187,0.0,0.0
晋城,2022,346,211,0.5086705202312138,0.8341232227488151,0.0,0.0,0.05491329479768786,0.09004739336492891,0.0,0.0,0.0,0.0,0.046242774566473986,0.07582938388625593,0.0,0.0
晋城,2023,467,304,0.6124197002141327,0.9407894736842105,0.0,0.0,0.01284796573875803,0.019736842105263157,0.0,0.0,0.0,0.0,0.02569593147751606,0.039473684210526314,0.0,0.0
普洱,2008,5,5,0.0,0.0,0.2,0.2,0.0,0.0,0.8,0.8,0.0,0.0,0.0,0.0,0.0,0.0
普洱,2009,26,26,0.11538461538461539,0.11538461538461539,0.15384615384615385,0.15384615384615385,0.0,0.0,0.7307692307692307,0.7307692307692307,0.0,0.0,0.0,0.0,0.0,0.0
普洱,2010,28,28,0.6071428571428571,0.6071428571428571,0.03571428571428571,0.03571428571428571,0.0,0.0,0.25,0.25,0.0,0.0,0.10714285714285714,0.10714285714285714,0.0,0.0
普洱,2011,31,31,0.6774193548387096,0.6774193548387096,0.0,0.0,0.0,0.0,0.25806451612903225,0.25806451612903225,0.0,0.0,0.06451612903225806,0.06451612903225806,0.0,0.0
普洱,2012,49,47,0.7755102040816326,0.8085106382978723,0.0,0.0,0.0,0.0,0.08163265306122448,0.0851063829787234,0.10204081632653061,0.10638297872340426,0.0,0.0,0.0,0.0
普洱,2013,64,53,0.65625,0.7924528301886793,0.0,0.0,0.0,0.0,0.171875,0.20754716981132076,0.0,0.0,0.0,0.0,0.0,0.0
普洱,2014,71,57,0.6338028169014085,0.7894736842105263,0.0,0.0,0.0,0.0,0.15492957746478872,0.19298245614035087,0.0,0.0,0.0,0.0,0.014084507042253521,0.017543859649122806
普洱,2015,89,59,0.6629213483146067,1.0,0.0,0.0,0.0,0.0,0.0,0.0,0.0,0.0,0.0,0.0,0.0,0.0
普洱,2016,125,70,0.392,0.7,0.0,0.0,0.0,0.0,0.064,0.11428571428571428,0.024,0.04285714285714286,0.024,0.04285714285714286,0.056,0.1
普洱,2017,76,50,0.5789473684210527,0.88,0.0,0.0,0.0,0.0,0.07894736842105263,0.12,0.0,0.0,0.0,0.0,0.0,0.0
普洱,2018,77,60,0.6363636363636364,0.8166666666666667,0.0,0.0,0.0,0.0,0.0,0.0,0.06493506493506493,0.08333333333333333,0.05194805194805195,0.06666666666666667,0.025974025974025976,0.03333333333333333
普洱,2019,91,72,0.4835164835164835,0.6111111111111112,0.0,0.0,0.04395604395604396,0.05555555555555555,0.054945054945054944,0.06944444444444445,0.02197802197802198,0.027777777777777776,0.04395604395604396,0.05555555555555555,0.14285714285714285,0.18055555555555555
普洱,2020,108,82,0.4074074074074074,0.5365853658536586,0.0,0.0,0.0,0.0,0.14814814814814814,0.1951219512195122,0.027777777777777776,0.036585365853658534,0.0,0.0,0.17592592592592593,0.23170731707317074
普洱,2021,89,61,0.449438202247191,0.6557377049180327,0.0,0.0,0.02247191011235955,0.03278688524590164,0.1348314606741573,0.19672131147540983,0.0,0.0,0.02247191011235955,0.03278688524590164,0.056179775280898875,0.08196721311475409
普洱,2022,125,84,0.408,0.6071428571428571,0.0,0.0,0.016,0.023809523809523808,0.04,0.05952380952380952,0.048,0.07142857142857142,0.0,0.0,0.16,0.23809523809523808
普洱,2023,121,79,0.512396694214876,0.7848101265822784,0.0,0.0,0.03305785123966942,0.05063291139240506,0.03305785123966942,0.05063291139240506,0.01652892561983471,0.02531645569620253,0.024793388429752067,0.0379746835443038,0.03305785123966942,0.05063291139240506
景德镇,2008,35,35,0.5142857142857142,0.5142857142857142,0.0,0.0,0.0,0.0,0.3142857142857143,0.3142857142857143,0.0,0.0,0.0,0.0,0.17142857142857143,0.17142857142857143
景德镇,2009,46,43,0.30434782608695654,0.32558139534883723,0.0,0.0,0.0,0.0,0.15217391304347827,0.16279069767441862,0.021739130434782608,0.023255813953488372,0.08695652173913043,0.09302325581395349,0.3695652173913043,0.3953488372093023
景德镇,2010,72,62,0.4166666666666667,0.4838709677419355,0.0,0.0,0.0,0.0,0.125,0.14516129032258066,0.0,0.0,0.013888888888888888,0.016129032258064516,0.3055555555555556,0.3548387096774194
景德镇,2011,84,76,0.23809523809523808,0.2631578947368421,0.0,0.0,0.0,0.0,0.13095238095238096,0.14473684210526316,0.0,0.0,0.047619047619047616,0.05263157894736842,0.4880952380952381,0.5394736842105263
景德镇,2012,84,77,0.2857142857142857,0.3116883116883117,0.0,0.0,0.0,0.0,0.14285714285714285,0.15584415584415584,0.0,0.0,0.17857142857142858,0.19480519480519481,0.30952380952380953,0.33766233766233766
景德镇,2013,135,126,0.3925925925925926,0.42063492063492064,0.0,0.0,0.0,0.0,0.05185185185185185,0.05555555555555555,0.0,0.0,0.17037037037037037,0.18253968253968253,0.31851851851851853,0.3412698412698413
景德镇,2014,211,198,0.26540284360189575,0.2828282828282828,0.0,0.0,0.0,0.0,0.0947867298578199,0.10101010101010101,0.0,0.0,0.2985781990521327,0.3181818181818182,0.2796208530805687,0.29797979797979796
景德镇,2015,425,383,0.20941176470588235,0.23237597911227154,0.0,0.0,0.0,0.0,0.4023529411764706,0.4464751958224543,0.0,0.0,0.15764705882352942,0.17493472584856398,0.13176470588235295,0.1462140992167102
景德镇,2016,394,348,0.22588832487309646,0.2557471264367816,0.0,0.0,0.0,0.0,0.2436548223350254,0.27586206896551724,0.0,0.0,0.2436548223350254,0.27586206896551724,0.1700507614213198,0.1925287356321839
景德镇,2017,471,398,0.2505307855626327,0.2964824120603015,0.0,0.0,0.0,0.0,0.14861995753715498,0.17587939698492464,0.0,0.0,0.24628450106157113,0.2914572864321608,0.19957537154989385,0.23618090452261306
景德镇,2018,541,464,0.34750462107208874,0.4051724137931034,0.0,0.0,0.0,0.0,0.027726432532347505,0.032327586206896554,0.0,0.0,0.2920517560073937,0.34051724137931033,0.19038817005545286,0.22198275862068967
景德镇,2019,425,365,0.2988235294117647,0.34794520547945207,0.0,0.0,0.0,0.0,0.007058823529411765,0.00821917808219178,0.0,0.0,0.3552941176470588,0.4136986301369863,0.1976470588235294,0.23013698630136986
景德镇,2020,611,513,0.2520458265139116,0.3001949317738791,0.0,0.0,0.0,0.0,0.04091653027823241,0.04873294346978557,0.0,0.0,0.41080196399345337,0.48927875243664715,0.13584288052373159,0.1617933723196881
景德镇,2021,648,530,0.2777777777777778,0.33962264150943394,0.0,0.0,0.0,0.0,0.029320987654320986,0.035849056603773584,0.0,0.0,0.3425925925925926,0.4188679245283019,0.16820987654320987,0.20566037735849058
景德镇,2022,632,494,0.2231012658227848,0.2854251012145749,0.0,0.0,0.0,0.0,0.007911392405063292,0.010121457489878543,0.0,0.0,0.31645569620253167,0.4048582995951417,0.23417721518987342,0.29959514170040485
景德镇,2023,638,516,0.2617554858934169,0.3236434108527132,0.0,0.0,0.0,0.0,0.0,0.0,0.0,0.0,0.28996865203761757,0.35852713178294576,0.25705329153605017,0.3178294573643411
曲靖,2008,38,37,0.5789473684210527,0.5945945945945946,0.0,0.0,0.0,0.0,0.39473684210526316,0.40540540540540543,0.0,0.0,0.0,0.0,0.0,0.0
曲靖,2009,29,29,0.4827586206896552,0.4827586206896552,0.0,0.0,0.0,0.0,0.41379310344827586,0.41379310344827586,0.034482758620689655,0.034482758620689655,0.0,0.0,0.06896551724137931,0.06896551724137931
曲靖,2010,56,35,0.4642857142857143,0.7428571428571429,0.0,0.0,0.0,0.0,0.125,0.2,0.0,0.0,0.0,0.0,0.03571428571428571,0.05714285714285714
曲靖,2011,70,51,0.6714285714285714,0.9215686274509803,0.0,0.0,0.0,0.0,0.0,0.0,0.0,0.0,0.014285714285714285,0.0196078431372549,0.04285714285714286,0.058823529411764705
曲靖,2012,87,53,0.5632183908045977,0.9245283018867925,0.0,0.0,0.0,0.0,0.022988505747126436,0.03773584905660377,0.0,0.0,0.0,0.0,0.022988505747126436,0.03773584905660377
曲靖,2013,115,70,0.5304347826086957,0.8714285714285714,0.0,0.0,0.0,0.0,0.043478260869565216,0.07142857142857142,0.034782608695652174,0.05714285714285714,0.0,0.0,0.0,0.0
曲靖,2014,169,88,0.42011834319526625,0.8068181818181818,0.0,0.0,0.023668639053254437,0.045454545454545456,0.01775147928994083,0.03409090909090909,0.023668639053254437,0.045454545454545456,0.0,0.0,0.03550295857988166,0.06818181818181818
曲靖,2015,208,123,0.5144230769230769,0.8699186991869918,0.0,0.0,0.0,0.0,0.0625,0.10569105691056911,0.014423076923076924,0.024390243902439025,0.0,0.0,0.0,0.0
曲靖,2016,289,156,0.4429065743944637,0.8205128205128205,0.0,0.0,0.0,0.0,0.06920415224913495,0.1282051282051282,0.0,0.0,0.0,0.0,0.02768166089965398,0.05128205128205128
曲靖,2017,331,192,0.48036253776435045,0.828125,0.0,0.0,0.0,0.0,0.030211480362537766,0.052083333333333336,0.0,0.0,0.0,0.0,0.06948640483383686,0.11979166666666667
曲靖,2018,370,236,0.5135135135135135,0.8050847457627118,0.0,0.0,0.0,0.0,0.05405405405405406,0.0847457627118644,0.0,0.0,0.0,0.0,0.07027027027027027,0.11016949152542373
曲靖,2019,368,214,0.5461956521739131,0.9392523364485982,0.0,0.0,0.0,0.0,0.0,0.0,0.0,0.0,0.0,0.0,0.035326086956521736,0.06074766355140187
曲靖,2020,515,221,0.32427184466019415,0.755656108597285,0.0,0.0,0.0,0.0,0.05631067961165048,0.13122171945701358,0.0,0.0,0.0,0.0,0.04854368932038835,0.11312217194570136
曲靖,2021,467,220,0.3683083511777302,0.7818181818181819,0.0,0.0,0.0,0.0,0.032119914346895075,0.06818181818181818,0.0,0.0,0.0,0.0,0.07066381156316917,0.15
曲靖,2022,472,272,0.4766949152542373,0.8272058823529411,0.0,0.0,0.014830508474576272,0.025735294117647058,0.01059322033898305,0.01838235294117647,0.0,0.0,0.0,0.0,0.07415254237288135,0.12867647058823528
曲靖,2023,642,460,0.677570093457944,0.9456521739130435,0.0,0.0,0.0,0.0,0.0,0.0,0.009345794392523364,0.013043478260869565,0.0,0.0,0.029595015576323987,0.041304347826086954
朔州,2008,27,27,0.2962962962962963,0.2962962962962963,0.0,0.0,0.0,0.0,0.7037037037037037,0.7037037037037037,0.0,0.0,0.0,0.0,0.0,0.0
朔州,2009,64,61,0.046875,0.04918032786885246,0.0,0.0,0.0,0.0,0.90625,0.9508196721311475,0.0,0.0,0.0,0.0,0.0,0.0
朔州,2010,95,73,0.11578947368421053,0.1506849315068493,0.0,0.0,0.0,0.0,0.631578947368421,0.821917808219178,0.021052631578947368,0.0273972602739726,0.0,0.0,0.0,0.0
朔州,2011,187,109,0.20320855614973263,0.3486238532110092,0.0,0.0,0.0,0.0,0.35294117647058826,0.6055045871559633,0.026737967914438502,0.045871559633027525,0.0,0.0,0.0,0.0
朔州,2012,231,108,0.22077922077922077,0.4722222222222222,0.0,0.0,0.0,0.0,0.22510822510822512,0.48148148148148145,0.021645021645021644,0.046296296296296294,0.0,0.0,0.0,0.0
朔州,2013,345,208,0.16521739130434782,0.27403846153846156,0.0,0.0,0.0,0.0,0.3652173913043478,0.6057692307692307,0.07246376811594203,0.1201923076923077,0.0,0.0,0.0,0.0
朔州,2014,505,395,0.08118811881188119,0.10379746835443038,0.0,0.0,0.0,0.0,0.700990099009901,0.8962025316455696,0.0,0.0,0.0,0.0,0.0,0.0
朔州,2015,63,54,0.15873015873015872,0.18518518518518517,0.0,0.0,0.0,0.0,0.6825396825396826,0.7962962962962963,0.0,0.0,0.0,0.0,0.015873015873015872,0.018518518518518517
朔州,2016,55,42,0.4909090909090909,0.6428571428571429,0.0,0.0,0.0,0.0,0.2545454545454545,0.3333333333333333,0.0,0.0,0.01818181818181818,0.023809523809523808,0.0,0.0
朔州,2017,93,60,0.3010752688172043,0.4666666666666667,0.0,0.0,0.0,0.0,0.34408602150537637,0.5333333333333333,0.0,0.0,0.0,0.0,0.0,0.0
朔州,2018,92,72,0.3804347826086957,0.4861111111111111,0.0,0.0,0.0,0.0,0.40217391304347827,0.5138888888888888,0.0,0.0,0.0,0.0,0.0,0.0
朔州,2019,58,43,0.43103448275862066,0.5813953488372093,0.0,0.0,0.0,0.0,0.27586206896551724,0.37209302325581395,0.0,0.0,0.017241379310344827,0.023255813953488372,0.017241379310344827,0.023255813953488372
朔州,2020,119,72,0.3697478991596639,0.6111111111111112,0.0,0.0,0.0,0.0,0.23529411764705882,0.3888888888888889,0.0,0.0,0.0,0.0,0.0,0.0
朔州,2021,174,77,0.3275862068965517,0.7402597402597403,0.0,0.0,0.0,0.0,0.11494252873563218,0.2597402597402597,0.0,0.0,0.0,0.0,0.0,0.0
朔州,2022,154,81,0.4935064935064935,0.9382716049382716,0.0,0.0,0.0,0.0,0.0,0.0,0.032467532467532464,0.06172839506172839,0.0,0.0,0.0,0.0
朔州,2023,187,109,0.45989304812834225,0.7889908256880734,0.0,0.0,0.0,0.0,0.0374331550802139,0.06422018348623854,0.0427807486631016,0.07339449541284404,0.0,0.0,0.0427807486631016,0.07339449541284404
朝阳,2008,62,48,0.3709677419354839,0.4791666666666667,0.0,0.0,0.0,0.0,0.3225806451612903,0.4166666666666667,0.0,0.0,0.08064516129032258,0.10416666666666667,0.0,0.0
朝阳,2009,53,35,0.39622641509433965,0.6,0.0,0.0,0.0,0.0,0.2641509433962264,0.4,0.0,0.0,0.0,0.0,0.0,0.0
朝阳,2010,82,67,0.6585365853658537,0.8059701492537313,0.0,0.0,0.0,0.0,0.13414634146341464,0.16417910447761194,0.0,0.0,0.024390243902439025,0.029850746268656716,0.0,0.0
朝阳,2011,74,58,0.5540540540540541,0.7068965517241379,0.0,0.0,0.0,0.0,0.17567567567567569,0.22413793103448276,0.02702702702702703,0.034482758620689655,0.02702702702702703,0.034482758620689655,0.0,0.0
朝阳,2012,86,75,0.7558139534883721,0.8666666666666667,0.0,0.0,0.0,0.0,0.06976744186046512,0.08,0.0,0.0,0.046511627906976744,0.05333333333333334,0.0,0.0
朝阳,2013,189,121,0.3968253968253968,0.6198347107438017,0.0,0.0,0.0,0.0,0.21693121693121692,0.33884297520661155,0.0,0.0,0.026455026455026454,0.04132231404958678,0.0,0.0
朝阳,2014,105,62,0.4,0.6774193548387096,0.0,0.0,0.0,0.0,0.19047619047619047,0.3225806451612903,0.0,0.0,0.0,0.0,0.0,0.0
朝阳,2015,146,98,0.5753424657534246,0.8571428571428571,0.0,0.0,0.0,0.0,0.08904109589041095,0.1326530612244898,0.00684931506849315,0.01020408163265306,0.0,0.0,0.0,0.0
朝阳,2016,190,101,0.32105263157894737,0.6039603960396039,0.0,0.0,0.0,0.0,0.19473684210526315,0.36633663366336633,0.0,0.0,0.015789473684210527,0.0297029702970297,0.0,0.0
朝阳,2017,206,129,0.3737864077669903,0.5968992248062015,0.0,0.0,0.0,0.0,0.23300970873786409,0.37209302325581395,0.0,0.0,0.019417475728155338,0.031007751937984496,0.0,0.0
朝阳,2018,128,78,0.515625,0.8461538461538461,0.0,0.0,0.0,0.0,0.09375,0.15384615384615385,0.0,0.0,0.0,0.0,0.0,0.0
朝阳,2019,170,110,0.5764705882352941,0.8909090909090909,0.0,0.0,0.0,0.0,0.047058823529411764,0.07272727272727272,0.0,0.0,0.023529411764705882,0.03636363636363636,0.0,0.0
朝阳,2020,254,140,0.28346456692913385,0.5142857142857142,0.0,0.0,0.0,0.0,0.2677165354330709,0.4857142857142857,0.0,0.0,0.0,0.0,0.0,0.0
朝阳,2021,296,137,0.2668918918918919,0.5766423357664233,0.0,0.0,0.0,0.0,0.19594594594594594,0.4233576642335766,0.0,0.0,0.0,0.0,0.0,0.0
朝阳,2022,235,131,0.46382978723404256,0.8320610687022901,0.0,0.0,0.0,0.0,0.02553191489361702,0.04580152671755725,0.01702127659574468,0.030534351145038167,0.05106382978723404,0.0916030534351145,0.0,0.0
朝阳,2023,194,126,0.5412371134020618,0.8333333333333334,0.0,0.0,0.0,0.0,0.0,0.0,0.0,0.0,0.10824742268041238,0.16666666666666666,0.0,0.0
本溪,2008,125,106,0.112,0.1320754716981132,0.0,0.0,0.0,0.0,0.72,0.8490566037735849,0.0,0.0,0.0,0.0,0.016,0.018867924528301886
本溪,2009,65,55,0.38461538461538464,0.45454545454545453,0.0,0.0,0.0,0.0,0.4307692307692308,0.509090909090909,0.0,0.0,0.0,0.0,0.03076923076923077,0.03636363636363636
本溪,2010,71,39,0.22535211267605634,0.41025641025641024,0.0,0.0,0.0,0.0,0.323943661971831,0.5897435897435898,0.0,0.0,0.0,0.0,0.0,0.0
本溪,2011,91,55,0.37362637362637363,0.6181818181818182,0.0,0.0,0.0,0.0,0.2087912087912088,0.34545454545454546,0.0,0.0,0.0,0.0,0.02197802197802198,0.03636363636363636
本溪,2012,110,70,0.43636363636363634,0.6857142857142857,0.0,0.0,0.0,0.0,0.14545454545454545,0.22857142857142856,0.0,0.0,0.0,0.0,0.05454545454545454,0.08571428571428572
本溪,2013,124,69,0.28225806451612906,0.5072463768115942,0.0,0.0,0.0,0.0,0.23387096774193547,0.42028985507246375,0.0,0.0,0.0,0.0,0.04032258064516129,0.07246376811594203
本溪,2014,153,104,0.5228758169934641,0.7692307692307693,0.0,0.0,0.0,0.0,0.11764705882352941,0.17307692307692307,0.0,0.0,0.0,0.0,0.0392156862745098,0.057692307692307696
本溪,2015,161,128,0.5031055900621118,0.6328125,0.0,0.0,0.0,0.0,0.20496894409937888,0.2578125,0.0,0.0,0.0,0.0,0.08695652173913043,0.109375
本溪,2016,277,217,0.516245487364621,0.6589861751152074,0.0,0.0,0.0,0.0,0.09386281588447654,0.11981566820276497,0.0,0.0,0.0,0.0,0.17328519855595667,0.22119815668202766
本溪,2017,273,203,0.45054945054945056,0.6059113300492611,0.0,0.0,0.0,0.0,0.1794871794871795,0.2413793103448276,0.0,0.0,0.0,0.0,0.11355311355311355,0.15270935960591134
本溪,2018,275,205,0.4581818181818182,0.6146341463414634,0.0,0.0,0.0,0.0,0.18181818181818182,0.24390243902439024,0.0,0.0,0.0,0.0,0.10545454545454545,0.14146341463414633
本溪,2019,260,195,0.5192307692307693,0.6923076923076923,0.0,0.0,0.0,0.0,0.07692307692307693,0.10256410256410256,0.0,0.0,0.0,0.0,0.15384615384615385,0.20512820512820512
本溪,2020,365,278,0.5561643835616439,0.7302158273381295,0.0,0.0,0.0,0.0,0.057534246575342465,0.07553956834532374,0.0,0.0,0.0,0.0,0.14794520547945206,0.19424460431654678
本溪,2021,491,401,0.3095723014256619,0.3790523690773067,0.0,0.0,0.0,0.0,0.04684317718940937,0.057356608478802994,0.0,0.0,0.0,0.0,0.46028513238289204,0.5635910224438903
本溪,2022,677,614,0.4963072378138848,0.5472312703583062,0.0,0.0,0.0,0.0,0.007385524372230428,0.008143322475570033,0.0,0.0,0.0,0.0,0.4032496307237814,0.44462540716612375
本溪,2023,756,704,0.6058201058201058,0.6505681818181818,0.0,0.0,0.0,0.0,0.003968253968253968,0.004261363636363636,0.0026455026455026454,0.002840909090909091,0.0,0.0,0.3187830687830688,0.34232954545454547
来宾,2008,9,9,0.0,0.0,0.0,0.0,0.0,0.0,1.0,1.0,0.0,0.0,0.0,0.0,0.0,0.0
来宾,2009,9,9,0.3333333333333333,0.3333333333333333,0.0,0.0,0.0,0.0,0.6666666666666666,0.6666666666666666,0.0,0.0,0.0,0.0,0.0,0.0
来宾,2010,10,10,0.7,0.7,0.0,0.0,0.0,0.0,0.3,0.3,0.0,0.0,0.0,0.0,0.0,0.0
来宾,2011,61,49,0.13114754098360656,0.16326530612244897,0.0,0.0,0.0,0.0,0.6229508196721312,0.7755102040816326,0.04918032786885246,0.061224489795918366,0.0,0.0,0.0,0.0
来宾,2012,74,63,0.40540540540540543,0.47619047619047616,0.0,0.0,0.06756756756756757,0.07936507936507936,0.35135135135135137,0.4126984126984127,0.02702702702702703,0.031746031746031744,0.0,0.0,0.0,0.0
来宾,2013,161,103,0.2981366459627329,0.46601941747572817,0.0,0.0,0.0,0.0,0.2484472049689441,0.3883495145631068,0.018633540372670808,0.02912621359223301,0.07453416149068323,0.11650485436893204,0.0,0.0
来宾,2014,257,129,0.30739299610894943,0.6124031007751938,0.0,0.0,0.0,0.0,0.1245136186770428,0.24806201550387597,0.054474708171206226,0.10852713178294573,0.01556420233463035,0.031007751937984496,0.0,0.0
来宾,2015,379,194,0.21899736147757257,0.42783505154639173,0.0,0.0,0.023746701846965697,0.04639175257731959,0.11081794195250659,0.21649484536082475,0.09498680738786279,0.18556701030927836,0.0633245382585752,0.12371134020618557,0.0,0.0
来宾,2016,668,365,0.15568862275449102,0.28493150684931506,0.0,0.0,0.01347305389221557,0.024657534246575342,0.3158682634730539,0.5780821917808219,0.061377245508982034,0.11232876712328767,0.0,0.0,0.0,0.0
来宾,2017,487,290,0.17248459958932238,0.2896551724137931,0.0,0.0,0.01642710472279261,0.027586206896551724,0.25256673511293637,0.4241379310344828,0.0,0.0,0.12320328542094455,0.20689655172413793,0.030800821355236138,0.05172413793103448
来宾,2018,572,306,0.1993006993006993,0.37254901960784315,0.0,0.0,0.019230769230769232,0.03594771241830065,0.243006993006993,0.4542483660130719,0.0,0.0,0.027972027972027972,0.05228758169934641,0.045454545454545456,0.08496732026143791
来宾,2019,186,115,0.23118279569892472,0.3739130434782609,0.0,0.0,0.04838709677419355,0.0782608695652174,0.1989247311827957,0.3217391304347826,0.0,0.0,0.021505376344086023,0.034782608695652174,0.11827956989247312,0.19130434782608696
来宾,2020,277,176,0.2996389891696751,0.4715909090909091,0.0,0.0,0.04693140794223827,0.07386363636363637,0.17328519855595667,0.2727272727272727,0.0,0.0,0.02888086642599278,0.045454545454545456,0.08664259927797834,0.13636363636363635
来宾,2021,199,117,0.4020100502512563,0.6837606837606838,0.0,0.0,0.0,0.0,0.09547738693467336,0.1623931623931624,0.0,0.0,0.0,0.0,0.09045226130653267,0.15384615384615385
来宾,2022,243,152,0.448559670781893,0.7171052631578947,0.0,0.0,0.0,0.0,0.0205761316872428,0.03289473684210526,0.0,0.0,0.01646090534979424,0.02631578947368421,0.13991769547325103,0.2236842105263158
来宾,2023,234,162,0.5128205128205128,0.7407407407407407,0.0,0.0,0.0,0.0,0.0,0.0,0.0,0.0,0.0,0.0,0.1794871794871795,0.25925925925925924
杭州,2008,4911,3027,0.1062919975565058,0.17244796828543113,0.0,0.0,0.0,0.0,0.005090612909794339,0.008259002312520648,0.0,0.0,0.013439218081857055,0.02180376610505451,0.4915495825697414,0.7974892632969938
杭州,2009,6399,3782,0.16408813877168307,0.27763088313061873,0.0,0.0,0.0,0.0,0.003125488357555868,0.005288207297726071,0.0,0.0,0.01468979528051258,0.024854574299312534,0.4091264260040631,0.6922263352723427
杭州,2010,7182,4007,0.09579504316346421,0.17169952582979786,0.0,0.0,0.0,0.0,0.005291005291005291,0.009483404042924881,0.0,0.0,0.019353940406571984,0.034689293735962065,0.4374825953773322,0.7841277763913151
杭州,2011,8672,4436,0.08717712177121771,0.1704238052299369,0.0,0.0,0.0,0.0,0.004843173431734318,0.009467989179440937,0.0,0.0,0.012569188191881919,0.024571686203787194,0.4069418819188192,0.795536519386835
杭州,2012,11008,5448,0.10337936046511628,0.2088839941262849,0.0,0.0,0.0,0.0,0.0055414244186046515,0.011196769456681351,0.0,0.0,0.00436046511627907,0.00881057268722467,0.3816315406976744,0.7711086637298091
杭州,2013,13110,6862,0.13043478260869565,0.24919848440687847,0.0,0.0,0.0,0.0,0.0,0.0,0.0,0.0,0.005873379099923723,0.011221218303701545,0.38710907704042713,0.73958029728942
杭州,2014,13737,6913,0.1059183227778991,0.21047302184290467,0.0,0.0,0.0,0.0,0.0,0.0,0.0,0.0,0.012375336681953846,0.024591349631129755,0.3849457669068938,0.7649356285259655
杭州,2015,16419,7660,0.10585297521164505,0.22689295039164492,0.0,0.0,0.0,0.0,0.0,0.0,0.0,0.0,0.007125890736342043,0.015274151436031332,0.3535538096108167,0.7578328981723238
杭州,2016,22591,9236,0.09415253862157497,0.23029449978345604,0.0,0.0,0.0,0.0,0.0,0.0,0.0,0.0,0.011730335089194813,0.028692074491121697,0.3029525032092426,0.7410134257254223
杭州,2017,28180,10656,0.0921930447125621,0.24380630630630631,0.0,0.0,0.0,0.0,0.00766501064584812,0.02027027027027027,0.0,0.0,0.012384669978708305,0.0327515015015015,0.26589779985805534,0.7031719219219219
杭州,2018,38640,13779,0.09855072463768116,0.27636258073880543,0.0,0.0,0.0,0.0,0.0,0.0,0.0,0.0,0.004218426501035197,0.011829595761666303,0.25383022774327124,0.7118078234995283
杭州,2019,48177,17563,0.12925254789629906,0.3545521835677276,0.0,0.0,0.0,0.0,0.0,0.0,0.0,0.0,0.0,0.0,0.23529900159827302,0.6454478164322723
杭州,2020,63277,20007,0.15455852837523903,0.4888289098815415,0.0,0.0,0.0,0.0,0.0,0.0,0.0,0.0,0.005088736823806438,0.016094366971559953,0.1565339696888285,0.4950767231468986
杭州,2021,71758,26001,0.17322110426712004,0.47805853621014577,0.0,0.0,0.0,0.0,0.0,0.0,0.0,0.0,0.010451796315393405,0.02884504442136841,0.17866997407954513,0.4930964193684858
杭州,2022,72775,29845,0.18818275506698728,0.4588708326352823,0.0,0.0,0.0,0.0,0.0,0.0,0.0,0.0,0.015321195465475782,0.037359691740660075,0.20659567159051873,0.5037694756240576
杭州,2023,73445,28011,0.15630744094220164,0.40983899182464034,0.0,0.0,0.0,0.0,0.0,0.0,0.0,0.0,0.034107155013956024,0.08942915283281568,0.19097283681666552,0.500731855342544
松原,2008,16,16,0.0,0.0,0.0,0.0,0.0,0.0,0.9375,0.9375,0.0,0.0,0.0,0.0,0.0625,0.0625
松原,2009,23,23,0.17391304347826086,0.17391304347826086,0.0,0.0,0.0,0.0,0.8260869565217391,0.8260869565217391,0.0,0.0,0.0,0.0,0.0,0.0
松原,2010,34,31,0.14705882352941177,0.16129032258064516,0.0,0.0,0.0,0.0,0.7647058823529411,0.8387096774193549,0.0,0.0,0.0,0.0,0.0,0.0
松原,2011,21,21,0.09523809523809523,0.09523809523809523,0.0,0.0,0.0,0.0,0.9047619047619048,0.9047619047619048,0.0,0.0,0.0,0.0,0.0,0.0
松原,2012,44,40,0.06818181818181818,0.075,0.0,0.0,0.022727272727272728,0.025,0.7954545454545454,0.875,0.022727272727272728,0.025,0.0,0.0,0.0,0.0
松原,2013,41,36,0.17073170731707318,0.19444444444444445,0.0,0.0,0.0,0.0,0.7073170731707317,0.8055555555555556,0.0,0.0,0.0,0.0,0.0,0.0
松原,2014,38,33,0.4473684210526316,0.5151515151515151,0.0,0.0,0.0,0.0,0.42105263157894735,0.48484848484848486,0.0,0.0,0.0,0.0,0.0,0.0
松原,2015,48,34,0.25,0.35294117647058826,0.0,0.0,0.0,0.0,0.4583333333333333,0.6470588235294118,0.0,0.0,0.0,0.0,0.0,0.0
松原,2016,81,64,0.09876543209876543,0.125,0.0,0.0,0.0,0.0,0.691358024691358,0.875,0.0,0.0,0.0,0.0,0.0,0.0
松原,2017,117,95,0.1794871794871795,0.22105263157894736,0.0,0.0,0.0,0.0,0.6324786324786325,0.7789473684210526,0.0,0.0,0.0,0.0,0.0,0.0
松原,2018,97,69,0.4536082474226804,0.6376811594202898,0.0,0.0,0.0,0.0,0.25773195876288657,0.36231884057971014,0.0,0.0,0.0,0.0,0.0,0.0
松原,2019,298,201,0.0,0.0,0.0,0.0,0.0,0.0,0.674496644295302,1.0,0.0,0.0,0.0,0.0,0.0,0.0
松原,2020,155,91,0.11612903225806452,0.1978021978021978,0.0,0.0,0.0,0.0,0.47096774193548385,0.8021978021978022,0.0,0.0,0.0,0.0,0.0,0.0
松原,2021,136,67,0.19852941176470587,0.40298507462686567,0.0,0.0,0.0,0.0,0.29411764705882354,0.5970149253731343,0.0,0.0,0.0,0.0,0.0,0.0
松原,2022,91,45,0.23076923076923078,0.4666666666666667,0.0,0.0,0.01098901098901099,0.022222222222222223,0.25274725274725274,0.5111111111111111,0.0,0.0,0.0,0.0,0.0,0.0
松原,2023,139,62,0.38848920863309355,0.8709677419354839,0.0,0.0,0.0,0.0,0.050359712230215826,0.11290322580645161,0.0,0.0,0.0,0.0,0.007194244604316547,0.016129032258064516
林芝,2008,1,1,0.0,0.0,0.0,0.0,0.0,0.0,0.0,0.0,0.0,0.0,0.0,0.0,1.0,1.0
林芝,2009,1,1,0.0,0.0,0.0,0.0,0.0,0.0,0.0,0.0,0.0,0.0,0.0,0.0,1.0,1.0
林芝,2010,20,20,0.85,0.85,0.0,0.0,0.0,0.0,0.0,0.0,0.0,0.0,0.0,0.0,0.15,0.15
林芝,2011,14,14,0.7142857142857143,0.7142857142857143,0.0,0.0,0.0,0.0,0.2857142857142857,0.2857142857142857,0.0,0.0,0.0,0.0,0.0,0.0
林芝,2012,13,13,0.7692307692307693,0.7692307692307693,0.0,0.0,0.0,0.0,0.0,0.0,0.0,0.0,0.0,0.0,0.23076923076923078,0.23076923076923078
林芝,2013,7,7,0.14285714285714285,0.14285714285714285,0.0,0.0,0.0,0.0,0.0,0.0,0.0,0.0,0.0,0.0,0.8571428571428571,0.8571428571428571
林芝,2014,2,2,1.0,1.0,0.0,0.0,0.0,0.0,0.0,0.0,0.0,0.0,0.0,0.0,0.0,0.0
林芝,2015,14,14,0.07142857142857142,0.07142857142857142,0.0,0.0,0.0,0.0,0.5,0.5,0.0,0.0,0.0,0.0,0.42857142857142855,0.42857142857142855
林芝,2016,11,11,0.09090909090909091,0.09090909090909091,0.0,0.0,0.0,0.0,0.36363636363636365,0.36363636363636365,0.0,0.0,0.0,0.0,0.5454545454545454,0.5454545454545454
林芝,2017,40,40,0.55,0.55,0.0,0.0,0.0,0.0,0.05,0.05,0.0,0.0,0.0,0.0,0.4,0.4
林芝,2018,123,123,0.7154471544715447,0.7154471544715447,0.0,0.0,0.0,0.0,0.04065040650406504,0.04065040650406504,0.008130081300813009,0.008130081300813009,0.0,0.0,0.23577235772357724,0.23577235772357724
林芝,2019,39,39,0.20512820512820512,0.20512820512820512,0.0,0.0,0.0,0.0,0.23076923076923078,0.23076923076923078,0.07692307692307693,0.07692307692307693,0.0,0.0,0.48717948717948717,0.48717948717948717
林芝,2020,54,54,0.1111111111111111,0.1111111111111111,0.0,0.0,0.0,0.0,0.37037037037037035,0.37037037037037035,0.0,0.0,0.0,0.0,0.5185185185185185,0.5185185185185185
林芝,2021,32,32,0.1875,0.1875,0.0,0.0,0.03125,0.03125,0.125,0.125,0.03125,0.03125,0.0,0.0,0.625,0.625
林芝,2022,19,19,0.21052631578947367,0.21052631578947367,0.0,0.0,0.0,0.0,0.21052631578947367,0.21052631578947367,0.0,0.0,0.0,0.0,0.5789473684210527,0.5789473684210527
林芝,2023,62,62,0.46774193548387094,0.46774193548387094,0.0,0.0,0.0,0.0,0.03225806451612903,0.03225806451612903,0.0,0.0,0.0,0.0,0.5,0.5
果洛,2019,1,1,0.0,0.0,0.0,0.0,0.0,0.0,1.0,1.0,0.0,0.0,0.0,0.0,0.0,0.0
果洛,2020,1,1,1.0,1.0,0.0,0.0,0.0,0.0,0.0,0.0,0.0,0.0,0.0,0.0,0.0,0.0
果洛,2023,10,10,1.0,1.0,0.0,0.0,0.0,0.0,0.0,0.0,0.0,0.0,0.0,0.0,0.0,0.0
果洛藏族自治州,2017,1,1,0.0,0.0,0.0,0.0,0.0,0.0,1.0,1.0,0.0,0.0,0.0,0.0,0.0,0.0
果洛藏族自治州,2018,6,6,1.0,1.0,0.0,0.0,0.0,0.0,0.0,0.0,0.0,0.0,0.0,0.0,0.0,0.0
果洛藏族自治州,2019,10,10,0.5,0.5,0.0,0.0,0.0,0.0,0.5,0.5,0.0,0.0,0.0,0.0,0.0,0.0
果洛藏族自治州,2020,10,10,0.9,0.9,0.0,0.0,0.0,0.0,0.1,0.1,0.0,0.0,0.0,0.0,0.0,0.0
果洛藏族自治州,2021,12,12,0.5833333333333334,0.5833333333333334,0.0,0.0,0.0,0.0,0.4166666666666667,0.4166666666666667,0.0,0.0,0.0,0.0,0.0,0.0
果洛藏族自治州,2022,11,11,0.45454545454545453,0.45454545454545453,0.0,0.0,0.0,0.0,0.5454545454545454,0.5454545454545454,0.0,0.0,0.0,0.0,0.0,0.0
果洛藏族自治州,2023,25,25,1.0,1.0,0.0,0.0,0.0,0.0,0.0,0.0,0.0,0.0,0.0,0.0,0.0,0.0
枣庄,2008,212,82,0.20754716981132076,0.5365853658536586,0.0,0.0,0.0,0.0,0.1792452830188679,0.4634146341463415,0.0,0.0,0.0,0.0,0.0,0.0
枣庄,2009,191,80,0.16753926701570682,0.4,0.0,0.0,0.0,0.0,0.225130890052356,0.5375,0.02617801047120419,0.0625,0.0,0.0,0.0,0.0
枣庄,2010,305,79,0.08852459016393442,0.34177215189873417,0.0,0.0,0.0,0.0,0.14426229508196722,0.5569620253164557,0.02622950819672131,0.10126582278481013,0.0,0.0,0.0,0.0
枣庄,2011,365,119,0.21643835616438356,0.6638655462184874,0.0,0.0,0.0,0.0,0.1095890410958904,0.33613445378151263,0.0,0.0,0.0,0.0,0.0,0.0
枣庄,2012,473,155,0.2536997885835095,0.7741935483870968,0.0,0.0,0.0,0.0,0.07399577167019028,0.22580645161290322,0.0,0.0,0.0,0.0,0.0,0.0
枣庄,2013,601,207,0.2978369384359401,0.8647342995169082,0.0,0.0,0.0,0.0,0.04658901830282862,0.13526570048309178,0.0,0.0,0.0,0.0,0.0,0.0
枣庄,2014,580,222,0.25689655172413794,0.6711711711711712,0.0,0.0,0.0,0.0,0.0896551724137931,0.23423423423423423,0.01896551724137931,0.04954954954954955,0.0,0.0,0.017241379310344827,0.04504504504504504
枣庄,2015,866,335,0.24018475750577367,0.6208955223880597,0.0,0.0,0.0,0.0,0.1351039260969977,0.3492537313432836,0.0,0.0,0.0,0.0,0.011547344110854504,0.029850746268656716
枣庄,2016,999,416,0.2042042042042042,0.49038461538461536,0.0,0.0,0.0,0.0,0.1961961961961962,0.47115384615384615,0.0,0.0,0.0,0.0,0.016016016016016016,0.038461538461538464
枣庄,2017,1346,444,0.14933135215453194,0.4527027027027027,0.0,0.0,0.0,0.0,0.15824665676077265,0.4797297297297297,0.0,0.0,0.0,0.0,0.022288261515601784,0.06756756756756757
枣庄,2018,2044,688,0.2299412915851272,0.6831395348837209,0.0,0.0,0.0,0.0,0.02201565557729941,0.06540697674418605,0.0,0.0,0.04598825831702544,0.13662790697674418,0.038649706457925634,0.11482558139534883
枣庄,2019,1644,543,0.21715328467153286,0.6574585635359116,0.0,0.0,0.0,0.0,0.0,0.0,0.006082725060827251,0.01841620626151013,0.04257907542579075,0.1289134438305709,0.06447688564476886,0.19521178637200737
枣庄,2020,1970,459,0.13908629441624365,0.5969498910675382,0.0,0.0,0.0,0.0,0.015228426395939087,0.06535947712418301,0.0,0.0,0.014720812182741117,0.06318082788671024,0.06395939086294417,0.27450980392156865
枣庄,2021,1880,418,0.13670212765957446,0.6148325358851675,0.0,0.0,0.0,0.0,0.0,0.0,0.0,0.0,0.02127659574468085,0.09569377990430622,0.06436170212765957,0.2894736842105263
枣庄,2022,1898,481,0.1554267650158061,0.6133056133056133,0.0,0.0,0.011591148577449948,0.04573804573804574,0.0,0.0,0.007376185458377239,0.029106029106029108,0.006322444678609062,0.02494802494802495,0.07270811380400422,0.2869022869022869
枣庄,2023,1765,400,0.19036827195467423,0.84,0.0,0.0,0.0,0.0,0.0,0.0,0.0,0.0,0.0,0.0,0.036260623229461754,0.16
柳州,2008,162,119,0.5617283950617284,0.7647058823529411,0.0,0.0,0.0,0.0,0.12962962962962962,0.17647058823529413,0.0,0.0,0.0,0.0,0.043209876543209874,0.058823529411764705
柳州,2009,173,112,0.3699421965317919,0.5714285714285714,0.0,0.0,0.0,0.0,0.17341040462427745,0.26785714285714285,0.0,0.0,0.011560693641618497,0.017857142857142856,0.09248554913294797,0.14285714285714285
柳州,2010,167,99,0.4311377245508982,0.7272727272727273,0.0,0.0,0.0,0.0,0.10778443113772455,0.18181818181818182,0.0,0.0,0.0,0.0,0.05389221556886228,0.09090909090909091
柳州,2011,228,135,0.4649122807017544,0.7851851851851852,0.0,0.0,0.0,0.0,0.04824561403508772,0.08148148148148149,0.0,0.0,0.0,0.0,0.07894736842105263,0.13333333333333333
柳州,2012,872,469,0.44839449541284404,0.8336886993603412,0.0,0.0,0.017201834862385322,0.031982942430703626,0.0,0.0,0.0,0.0,0.0,0.0,0.07224770642201835,0.13432835820895522
柳州,2013,3180,1652,0.3,0.5774818401937046,0.0,0.0,0.0,0.0,0.0,0.0,0.010377358490566037,0.019975786924939468,0.0,0.0,0.20911949685534592,0.4025423728813559
柳州,2014,4551,1878,0.23577235772357724,0.5713525026624068,0.0,0.0,0.0,0.0,0.06811689738519007,0.1650692225772098,0.0,0.0,0.0,0.0,0.10876730388925511,0.26357827476038337
柳州,2015,6335,1579,0.21673243883188634,0.8695376820772641,0.0,0.0,0.0,0.0,0.0,0.0,0.01578531965272297,0.06333122229259025,0.0,0.0,0.016732438831886347,0.06713109563014566
柳州,2016,8053,1696,0.14342481062957904,0.6810141509433962,0.0,0.0,0.0,0.0,0.0,0.0,0.04346206382714516,0.20636792452830188,0.0,0.0,0.02371786911709922,0.11261792452830188
柳州,2017,6067,1245,0.15361793308059996,0.7485943775100402,0.0,0.0,0.007252348772045492,0.035341365461847386,0.0,0.0,0.014339871435635405,0.06987951807228916,0.0,0.0,0.029998351738915446,0.1461847389558233
柳州,2018,3971,1289,0.232435154872828,0.7160589604344453,0.0,0.0,0.0,0.0,0.0,0.0,0.03651473180559053,0.11249030256012413,0.0,0.0,0.05565348778645177,0.17145073700543056
柳州,2019,1946,1060,0.29239465570400824,0.5367924528301887,0.0,0.0,0.017985611510791366,0.0330188679245283,0.006166495375128468,0.011320754716981131,0.04984583761562179,0.09150943396226414,0.0,0.0,0.17831449126413154,0.3273584905660377
柳州,2020,2392,1219,0.3072742474916388,0.6029532403609515,0.0,0.0,0.0225752508361204,0.044298605414273995,0.0,0.0,0.04013377926421405,0.07875307629204266,0.0,0.0,0.13963210702341136,0.27399507793273176
柳州,2021,2794,1811,0.5382963493199714,0.830480397570403,0.0,0.0,0.005368647100930566,0.008282716731087797,0.0,0.0,0.006084466714387974,0.009387078961899503,0.0,0.0,0.0984251968503937,0.1518498067366096
柳州,2022,2764,2104,0.6609985528219972,0.8683460076045627,0.0,0.0,0.0,0.0,0.0,0.0,0.0,0.0,0.007597684515195369,0.009980988593155894,0.09261939218523878,0.12167300380228137
柳州,2023,1940,1364,0.5969072164948453,0.8489736070381232,0.0,0.0,0.00979381443298969,0.013929618768328446,0.0,0.0,0.0,0.0,0.0,0.0,0.09639175257731959,0.13709677419354838
株洲,2008,273,157,0.5018315018315018,0.8726114649681529,0.0,0.0,0.0,0.0,0.03296703296703297,0.05732484076433121,0.0,0.0,0.018315018315018316,0.03184713375796178,0.02197802197802198,0.03821656050955414
株洲,2009,349,215,0.5730659025787965,0.9302325581395349,0.0,0.0,0.0,0.0,0.011461318051575931,0.018604651162790697,0.0,0.0,0.008595988538681949,0.013953488372093023,0.022922636103151862,0.037209302325581395
株洲,2010,439,272,0.5854214123006833,0.9448529411764706,0.0,0.0,0.0,0.0,0.009111617312072893,0.014705882352941176,0.0,0.0,0.01366742596810934,0.022058823529411766,0.011389521640091117,0.01838235294117647
株洲,2011,698,483,0.5816618911174785,0.8405797101449275,0.0,0.0,0.0,0.0,0.025787965616045846,0.037267080745341616,0.0,0.0,0.044412607449856735,0.06418219461697723,0.04011461318051576,0.057971014492753624
株洲,2012,810,552,0.5950617283950618,0.8731884057971014,0.0,0.0,0.0,0.0,0.018518518518518517,0.02717391304347826,0.0,0.0,0.030864197530864196,0.04528985507246377,0.037037037037037035,0.05434782608695652
株洲,2013,1123,790,0.5565449688334817,0.7911392405063291,0.0,0.0,0.0,0.0,0.03561887800534283,0.05063291139240506,0.0,0.0,0.04096170970614425,0.05822784810126582,0.07034728406055209,0.1
株洲,2014,1491,1057,0.579476861167002,0.8174077578051088,0.0,0.0,0.0,0.0,0.055667337357478204,0.07852412488174078,0.0,0.0,0.028839704896042925,0.04068117313150426,0.04493628437290409,0.06338694418164617
株洲,2015,1783,1369,0.6074032529444756,0.7910883856829802,0.0,0.0,0.0,0.0,0.021873247335950644,0.028487947406866325,0.0,0.0,0.022994952327537857,0.029948867786705625,0.1155356141334829,0.15047479912344777
株洲,2016,2192,1558,0.5337591240875912,0.7509627727856226,0.0,0.0,0.0,0.0,0.01322992700729927,0.018613607188703467,0.0,0.0,0.03512773722627737,0.04942233632862644,0.12864963503649635,0.1810012836970475
株洲,2017,3194,1771,0.41045710707576705,0.7402597402597403,0.0,0.0,0.0,0.0,0.03788353162179086,0.06832298136645963,0.0,0.0,0.024733876017532873,0.044607566346696784,0.08140262993112085,0.14680971202710333
株洲,2018,3092,1798,0.43434670116429497,0.7469410456062291,0.0,0.0,0.0,0.0,0.007761966364812419,0.013348164627363738,0.0,0.0,0.02425614489003881,0.04171301446051168,0.11513583441138421,0.19799777530589543
株洲,2019,4060,2585,0.35960591133004927,0.5647969052224371,0.0,0.0,0.0,0.0,0.0,0.0,0.0,0.0,0.016995073891625617,0.026692456479690523,0.2600985221674877,0.4085106382978723
株洲,2020,3947,2202,0.42031922979478087,0.7534059945504087,0.0,0.0,0.0,0.0,0.0,0.0,0.0,0.0,0.029642766658221433,0.05313351498637602,0.1079300734735242,0.19346049046321526
株洲,2021,3488,2003,0.44352064220183485,0.7723414877683474,0.0,0.0,0.0,0.0,0.0,0.0,0.0,0.0,0.05561926605504587,0.09685471792311533,0.07511467889908256,0.1308037943085372
株洲,2022,3425,1890,0.36875912408759126,0.6682539682539682,0.0,0.0,0.0,0.0,0.0,0.0,0.0,0.0,0.08963503649635036,0.16243386243386243,0.09343065693430656,0.1693121693121693
株洲,2023,3764,2085,0.37885228480340066,0.6839328537170264,0.0,0.0,0.0,0.0,0.0,0.0,0.0,0.0,0.10255047821466524,0.18513189448441247,0.07252922422954304,0.13093525179856116
桂林,2008,293,179,0.23890784982935154,0.39106145251396646,0.0,0.0,0.0,0.0,0.05802047781569966,0.09497206703910614,0.0,0.0,0.010238907849829351,0.01675977653631285,0.3037542662116041,0.4972067039106145
桂林,2009,274,169,0.1386861313868613,0.22485207100591717,0.0,0.0,0.0,0.0,0.04744525547445255,0.07692307692307693,0.0,0.0,0.032846715328467155,0.05325443786982249,0.3978102189781022,0.6449704142011834
桂林,2010,376,236,0.11702127659574468,0.1864406779661017,0.0,0.0,0.0,0.0,0.06648936170212766,0.1059322033898305,0.0,0.0,0.007978723404255319,0.012711864406779662,0.43617021276595747,0.6949152542372882
桂林,2011,641,354,0.0873634945397816,0.15819209039548024,0.0,0.0,0.0,0.0,0.06396255850234009,0.11581920903954802,0.0,0.0,0.0343213728549142,0.062146892655367235,0.3666146645865835,0.6638418079096046
桂林,2012,1118,501,0.05635062611806798,0.12574850299401197,0.0,0.0,0.0,0.0,0.06082289803220036,0.13572854291417166,0.0,0.0,0.017889087656529516,0.03992015968063872,0.31305903398926654,0.6986027944111777
桂林,2013,2422,1129,0.09785301403798513,0.20992028343666963,0.0,0.0,0.0,0.0,0.03963666391412056,0.08503100088573959,0.0,0.0,0.01032204789430223,0.022143489813994686,0.3183319570602808,0.6829052258635961
桂林,2014,3498,1265,0.07833047455688966,0.216600790513834,0.0,0.0,0.0,0.0,0.04259576901086335,0.11778656126482213,0.0,0.0,0.0,0.0,0.24070897655803317,0.6656126482213439
桂林,2015,5000,1900,0.1576,0.4147368421052632,0.0,0.0,0.0,0.0,0.0054,0.014210526315789474,0.0,0.0,0.0,0.0,0.217,0.5710526315789474
桂林,2016,5474,2384,0.17793204238217025,0.4085570469798658,0.0,0.0,0.0,0.0,0.007489952502740226,0.017197986577181208,0.0,0.0,0.0,0.0,0.2500913408841798,0.574244966442953
桂林,2017,6416,2646,0.1563279301745636,0.37906273620559333,0.0,0.0,0.0,0.0,0.00763715710723192,0.018518518518518517,0.009663341645885287,0.02343159486016629,0.0,0.0,0.2387780548628429,0.5789871504157218
桂林,2018,3390,2163,0.12507374631268436,0.19602404068423485,0.0,0.0,0.0,0.0,0.0,0.0,0.01592920353982301,0.024965325936199722,0.01504424778761062,0.023578363384188627,0.48200589970501473,0.7554322699953768
桂林,2019,2610,2086,0.089272030651341,0.11169702780441035,0.0,0.0,0.0,0.0,0.0,0.0,0.0,0.0,0.03486590038314176,0.0436241610738255,0.675095785440613,0.8446788111217641
桂林,2020,3042,2252,0.08053911900065747,0.10879218472468917,0.0,0.0,0.008875739644970414,0.011989342806394316,0.0,0.0,0.006903353057199211,0.009325044404973356,0.04437869822485207,0.05994671403197158,0.5996055226824457,0.8099467140319716
桂林,2021,3314,2522,0.09686179843089922,0.12727993655828707,0.0,0.0,0.00724200362100181,0.00951625693893735,0.005733252866626433,0.00753370340999207,0.004828002414001207,0.006344171292624901,0.03530476765238383,0.04639175257731959,0.6110440555220278,0.802934179222839
桂林,2022,3095,2476,0.0691437802907916,0.0864297253634895,0.0,0.0,0.0,0.0,0.0,0.0,0.005815831987075929,0.007269789983844911,0.04394184168012924,0.05492730210016155,0.6810985460420033,0.851373182552504
桂林,2023,3564,2973,0.06285072951739619,0.0753447695930037,0.0,0.0,0.010942760942760943,0.013118062563067608,0.0,0.0,0.013187429854096521,0.01580894719138917,0.05415263748597082,0.06491759165825765,0.6930415263748597,0.8308106289942818
桃园,2011,2,2,1.0,1.0,0.0,0.0,0.0,0.0,0.0,0.0,0.0,0.0,0.0,0.0,0.0,0.0
桃园,2015,4,4,1.0,1.0,0.0,0.0,0.0,0.0,0.0,0.0,0.0,0.0,0.0,0.0,0.0,0.0
桃园,2016,7,7,0.8571428571428571,0.8571428571428571,0.0,0.0,0.14285714285714285,0.14285714285714285,0.0,0.0,0.0,0.0,0.0,0.0,0.0,0.0
桃园,2017,8,8,1.0,1.0,0.0,0.0,0.0,0.0,0.0,0.0,0.0,0.0,0.0,0.0,0.0,0.0
桃园,2018,18,18,1.0,1.0,0.0,0.0,0.0,0.0,0.0,0.0,0.0,0.0,0.0,0.0,0.0,0.0
桃园,2019,76,64,0.7894736842105263,0.9375,0.0,0.0,0.0,0.0,0.05263157894736842,0.0625,0.0,0.0,0.0,0.0,0.0,0.0
桃园,2020,244,196,0.7786885245901639,0.9693877551020408,0.0,0.0,0.0,0.0,0.012295081967213115,0.015306122448979591,0.0,0.0,0.0,0.0,0.012295081967213115,0.015306122448979591
桃园,2021,258,187,0.7015503875968992,0.9679144385026738,0.0,0.0,0.0,0.0,0.007751937984496124,0.0106951871657754,0.0,0.0,0.0,0.0,0.015503875968992248,0.0213903743315508
桃园,2022,286,182,0.6363636363636364,1.0,0.0,0.0,0.0,0.0,0.0,0.0,0.0,0.0,0.0,0.0,0.0,0.0
桃园,2023,627,420,0.6523125996810207,0.9738095238095238,0.0,0.0,0.0,0.0,0.017543859649122806,0.02619047619047619,0.0,0.0,0.0,0.0,0.0,0.0
梅州,2008,52,36,0.19230769230769232,0.2777777777777778,0.0,0.0,0.0,0.0,0.4230769230769231,0.6111111111111112,0.0,0.0,0.0,0.0,0.07692307692307693,0.1111111111111111
梅州,2009,64,44,0.296875,0.4318181818181818,0.0,0.0,0.0,0.0,0.25,0.36363636363636365,0.0,0.0,0.0,0.0,0.140625,0.20454545454545456
梅州,2010,81,51,0.5308641975308642,0.8431372549019608,0.0,0.0,0.0,0.0,0.04938271604938271,0.0784313725490196,0.0,0.0,0.0,0.0,0.04938271604938271,0.0784313725490196
梅州,2011,91,62,0.46153846153846156,0.6774193548387096,0.0,0.0,0.0,0.0,0.10989010989010989,0.16129032258064516,0.0,0.0,0.0,0.0,0.10989010989010989,0.16129032258064516
梅州,2012,111,65,0.5135135135135135,0.8769230769230769,0.0,0.0,0.0,0.0,0.018018018018018018,0.03076923076923077,0.0,0.0,0.0,0.0,0.05405405405405406,0.09230769230769231
梅州,2013,103,61,0.33980582524271846,0.5737704918032787,0.0,0.0,0.0,0.0,0.21359223300970873,0.36065573770491804,0.0,0.0,0.0,0.0,0.038834951456310676,0.06557377049180328
梅州,2014,156,91,0.3717948717948718,0.6373626373626373,0.0,0.0,0.0,0.0,0.14743589743589744,0.25274725274725274,0.0,0.0,0.0,0.0,0.0641025641025641,0.10989010989010989
梅州,2015,149,71,0.40939597315436244,0.8591549295774648,0.0,0.0,0.0,0.0,0.026845637583892617,0.056338028169014086,0.0,0.0,0.0,0.0,0.040268456375838924,0.08450704225352113
梅州,2016,168,72,0.30357142857142855,0.7083333333333334,0.0,0.0,0.0,0.0,0.07142857142857142,0.16666666666666666,0.0,0.0,0.0,0.0,0.05357142857142857,0.125
梅州,2017,279,120,0.25806451612903225,0.6,0.0,0.0,0.0,0.0,0.15412186379928317,0.35833333333333334,0.0,0.0,0.0,0.0,0.017921146953405017,0.041666666666666664
梅州,2018,337,108,0.21364985163204747,0.6666666666666666,0.0,0.0,0.0,0.0,0.0712166172106825,0.2222222222222222,0.0,0.0,0.0,0.0,0.03560830860534125,0.1111111111111111
梅州,2019,398,166,0.24120603015075376,0.5783132530120482,0.0,0.0,0.0,0.0,0.08542713567839195,0.20481927710843373,0.0,0.0,0.0,0.0,0.09045226130653267,0.21686746987951808
梅州,2020,645,320,0.3674418604651163,0.740625,0.0,0.0,0.0,0.0,0.06511627906976744,0.13125,0.0,0.0,0.0,0.0,0.06356589147286822,0.128125
梅州,2021,620,272,0.31129032258064515,0.7095588235294118,0.0,0.0,0.00967741935483871,0.022058823529411766,0.014516129032258065,0.03308823529411765,0.0,0.0,0.0,0.0,0.1032258064516129,0.23529411764705882
梅州,2022,606,291,0.33003300330033003,0.6872852233676976,0.0,0.0,0.018151815181518153,0.037800687285223365,0.0,0.0,0.0,0.0,0.0,0.0,0.132013201320132,0.27491408934707906
梅州,2023,491,261,0.35845213849287166,0.6743295019157088,0.0,0.0,0.026476578411405296,0.04980842911877394,0.0,0.0,0.008146639511201629,0.01532567049808429,0.0,0.0,0.1384928716904277,0.26053639846743293
梧州,2008,27,27,0.1111111111111111,0.1111111111111111,0.0,0.0,0.0,0.0,0.8888888888888888,0.8888888888888888,0.0,0.0,0.0,0.0,0.0,0.0
梧州,2009,26,26,0.34615384615384615,0.34615384615384615,0.0,0.0,0.0,0.0,0.6153846153846154,0.6153846153846154,0.038461538461538464,0.038461538461538464,0.0,0.0,0.0,0.0
梧州,2010,32,30,0.375,0.4,0.0,0.0,0.0,0.0,0.5625,0.6,0.0,0.0,0.0,0.0,0.0,0.0
梧州,2011,54,43,0.4074074074074074,0.5116279069767442,0.0,0.0,0.0,0.0,0.3888888888888889,0.4883720930232558,0.0,0.0,0.0,0.0,0.0,0.0
梧州,2012,255,158,0.5686274509803921,0.9177215189873418,0.0,0.0,0.0,0.0,0.050980392156862744,0.08227848101265822,0.0,0.0,0.0,0.0,0.0,0.0
梧州,2013,451,315,0.6031042128603105,0.8634920634920635,0.0,0.0,0.0,0.0,0.03547671840354767,0.050793650793650794,0.0,0.0,0.0,0.0,0.0598669623059867,0.08571428571428572
梧州,2014,683,552,0.7774524158125915,0.9619565217391305,0.0,0.0,0.0,0.0,0.014641288433382138,0.018115942028985508,0.0,0.0,0.0,0.0,0.016105417276720352,0.019927536231884056
梧州,2015,875,599,0.4845714285714286,0.7078464106844741,0.0,0.0,0.0,0.0,0.037714285714285714,0.05509181969949917,0.144,0.21035058430717862,0.0,0.0,0.018285714285714287,0.02671118530884808
梧州,2016,1470,832,0.3517006802721088,0.6213942307692307,0.0,0.0,0.0,0.0,0.04625850340136054,0.08173076923076923,0.16802721088435374,0.296875,0.0,0.0,0.0,0.0
梧州,2017,1371,795,0.3690736688548505,0.6364779874213836,0.0,0.0,0.0,0.0,0.07075127644055434,0.1220125786163522,0.11597374179431072,0.2,0.0,0.0,0.024070021881838075,0.04150943396226415
梧州,2018,618,425,0.36084142394822005,0.5247058823529411,0.0,0.0,0.0,0.0,0.21197411003236247,0.30823529411764705,0.0,0.0,0.0,0.0,0.11488673139158576,0.16705882352941176
梧州,2019,243,159,0.5349794238683128,0.8176100628930818,0.0,0.0,0.0,0.0,0.012345679012345678,0.018867924528301886,0.06584362139917696,0.10062893081761007,0.0,0.0,0.0411522633744856,0.06289308176100629
梧州,2020,530,246,0.3905660377358491,0.8414634146341463,0.0,0.0,0.0,0.0,0.04905660377358491,0.10569105691056911,0.0,0.0,0.0,0.0,0.024528301886792454,0.052845528455284556
梧州,2021,397,253,0.49622166246851385,0.7786561264822134,0.0,0.0,0.010075566750629723,0.015810276679841896,0.07556675062972293,0.11857707509881422,0.0,0.0,0.0,0.0,0.055415617128463476,0.08695652173913043
梧州,2022,348,194,0.45689655172413796,0.8195876288659794,0.0,0.0,0.020114942528735632,0.03608247422680412,0.011494252873563218,0.020618556701030927,0.017241379310344827,0.030927835051546393,0.0,0.0,0.05172413793103448,0.09278350515463918
梧州,2023,388,228,0.49742268041237114,0.8464912280701754,0.0,0.0,0.01288659793814433,0.021929824561403508,0.01288659793814433,0.021929824561403508,0.0,0.0,0.0,0.0,0.06443298969072164,0.10964912280701754
楚雄,2018,4,4,0.5,0.5,0.0,0.0,0.0,0.0,0.5,0.5,0.0,0.0,0.0,0.0,0.0,0.0
楚雄,2019,5,5,0.4,0.4,0.0,0.0,0.0,0.0,0.2,0.2,0.2,0.2,0.0,0.0,0.2,0.2
楚雄,2020,14,14,0.8571428571428571,0.8571428571428571,0.0,0.0,0.0,0.0,0.0,0.0,0.07142857142857142,0.07142857142857142,0.07142857142857142,0.07142857142857142,0.0,0.0
楚雄,2021,18,18,0.9444444444444444,0.9444444444444444,0.0,0.0,0.0,0.0,0.05555555555555555,0.05555555555555555,0.0,0.0,0.0,0.0,0.0,0.0
楚雄,2022,59,56,0.8983050847457628,0.9464285714285714,0.0,0.0,0.0,0.0,0.01694915254237288,0.017857142857142856,0.0,0.0,0.01694915254237288,0.017857142857142856,0.01694915254237288,0.017857142857142856
楚雄,2023,122,94,0.6967213114754098,0.9042553191489362,0.0,0.0,0.0,0.0,0.01639344262295082,0.02127659574468085,0.0,0.0,0.02459016393442623,0.031914893617021274,0.03278688524590164,0.0425531914893617
楚雄彝族自治州,2008,43,43,0.09302325581395349,0.09302325581395349,0.0,0.0,0.0,0.0,0.4418604651162791,0.4418604651162791,0.0,0.0,0.3953488372093023,0.3953488372093023,0.06976744186046512,0.06976744186046512
楚雄彝族自治州,2009,44,40,0.4318181818181818,0.475,0.0,0.0,0.022727272727272728,0.025,0.4090909090909091,0.45,0.0,0.0,0.045454545454545456,0.05,0.0,0.0
楚雄彝族自治州,2010,45,34,0.4,0.5294117647058824,0.0,0.0,0.0,0.0,0.2,0.2647058823529412,0.0,0.0,0.15555555555555556,0.20588235294117646,0.0,0.0
楚雄彝族自治州,2011,76,70,0.7105263157894737,0.7714285714285715,0.0,0.0,0.0,0.0,0.10526315789473684,0.11428571428571428,0.0,0.0,0.06578947368421052,0.07142857142857142,0.039473684210526314,0.04285714285714286
楚雄彝族自治州,2012,86,73,0.7209302325581395,0.8493150684931506,0.0,0.0,0.0,0.0,0.09302325581395349,0.1095890410958904,0.0,0.0,0.011627906976744186,0.0136986301369863,0.023255813953488372,0.0273972602739726
楚雄彝族自治州,2013,87,73,0.7471264367816092,0.8904109589041096,0.0,0.0,0.0,0.0,0.034482758620689655,0.0410958904109589,0.0,0.0,0.034482758620689655,0.0410958904109589,0.022988505747126436,0.0273972602739726
楚雄彝族自治州,2014,144,91,0.4513888888888889,0.7142857142857143,0.0,0.0,0.0,0.0,0.10416666666666667,0.16483516483516483,0.0,0.0,0.041666666666666664,0.06593406593406594,0.034722222222222224,0.054945054945054944
楚雄彝族自治州,2015,107,59,0.42990654205607476,0.7796610169491526,0.0,0.0,0.0,0.0,0.018691588785046728,0.03389830508474576,0.018691588785046728,0.03389830508474576,0.056074766355140186,0.1016949152542373,0.028037383177570093,0.05084745762711865
楚雄彝族自治州,2016,207,116,0.46859903381642515,0.8362068965517241,0.0,0.0,0.0,0.0,0.057971014492753624,0.10344827586206896,0.01932367149758454,0.034482758620689655,0.014492753623188406,0.02586206896551724,0.0,0.0
楚雄彝族自治州,2017,225,150,0.37333333333333335,0.56,0.0,0.0,0.0,0.0,0.08,0.12,0.13333333333333333,0.2,0.035555555555555556,0.05333333333333334,0.044444444444444446,0.06666666666666667
楚雄彝族自治州,2018,239,136,0.39330543933054396,0.6911764705882353,0.0,0.0,0.0,0.0,0.0,0.0,0.09205020920502092,0.16176470588235295,0.03765690376569038,0.0661764705882353,0.04602510460251046,0.08088235294117647
楚雄彝族自治州,2019,192,130,0.4791666666666667,0.7076923076923077,0.0,0.0,0.0,0.0,0.046875,0.06923076923076923,0.06770833333333333,0.1,0.041666666666666664,0.06153846153846154,0.041666666666666664,0.06153846153846154
楚雄彝族自治州,2020,196,127,0.5408163265306123,0.8346456692913385,0.0,0.0,0.015306122448979591,0.023622047244094488,0.04081632653061224,0.06299212598425197,0.0,0.0,0.05102040816326531,0.07874015748031496,0.0,0.0
楚雄彝族自治州,2021,189,120,0.5291005291005291,0.8333333333333334,0.0,0.0,0.0,0.0,0.05291005291005291,0.08333333333333333,0.0,0.0,0.05291005291005291,0.08333333333333333,0.0,0.0
楚雄彝族自治州,2022,263,174,0.6121673003802282,0.9252873563218391,0.0,0.0,0.0,0.0,0.0,0.0,0.0,0.0,0.030418250950570342,0.04597701149425287,0.019011406844106463,0.028735632183908046
楚雄彝族自治州,2023,211,160,0.6635071090047393,0.875,0.0,0.0,0.0,0.0,0.0,0.0,0.0,0.0,0.07109004739336493,0.09375,0.023696682464454975,0.03125
榆林,2008,20,20,0.15,0.15,0.0,0.0,0.0,0.0,0.85,0.85,0.0,0.0,0.0,0.0,0.0,0.0
榆林,2009,16,16,0.125,0.125,0.0,0.0,0.0,0.0,0.75,0.75,0.125,0.125,0.0,0.0,0.0,0.0
榆林,2010,43,36,0.23255813953488372,0.2777777777777778,0.0,0.0,0.0,0.0,0.5348837209302325,0.6388888888888888,0.0,0.0,0.0,0.0,0.06976744186046512,0.08333333333333333
榆林,2011,38,32,0.23684210526315788,0.28125,0.0,0.0,0.0,0.0,0.5263157894736842,0.625,0.0,0.0,0.0,0.0,0.07894736842105263,0.09375
榆林,2012,54,41,0.42592592592592593,0.5609756097560976,0.0,0.0,0.0,0.0,0.3333333333333333,0.43902439024390244,0.0,0.0,0.0,0.0,0.0,0.0
榆林,2013,269,239,0.08178438661710037,0.09205020920502092,0.0,0.0,0.007434944237918215,0.008368200836820083,0.7806691449814126,0.8786610878661087,0.0,0.0,0.0,0.0,0.01858736059479554,0.02092050209205021
榆林,2014,227,145,0.06167400881057269,0.09655172413793103,0.0,0.0,0.0,0.0,0.46255506607929514,0.7241379310344828,0.030837004405286344,0.04827586206896552,0.0,0.0,0.08370044052863436,0.1310344827586207
榆林,2015,172,132,0.37209302325581395,0.48484848484848486,0.0,0.0,0.0,0.0,0.1511627906976744,0.19696969696969696,0.0,0.0,0.0,0.0,0.2441860465116279,0.3181818181818182
榆林,2016,239,137,0.1297071129707113,0.22627737226277372,0.0,0.0,0.0,0.0,0.26778242677824265,0.46715328467153283,0.0,0.0,0.0,0.0,0.17573221757322174,0.30656934306569344
榆林,2017,466,266,0.13733905579399142,0.24060150375939848,0.0,0.0,0.0,0.0,0.10085836909871244,0.17669172932330826,0.02575107296137339,0.045112781954887216,0.0,0.0,0.30686695278969955,0.5375939849624061
榆林,2018,593,270,0.09274873524451939,0.2037037037037037,0.0,0.0,0.0,0.0,0.10118043844856661,0.2222222222222222,0.01854974704890388,0.040740740740740744,0.008431703204047217,0.018518518518518517,0.23440134907251264,0.5148148148148148
榆林,2019,931,316,0.13319011815252416,0.3924050632911392,0.0,0.0,0.0,0.0,0.07733619763694952,0.22784810126582278,0.0,0.0,0.0,0.0,0.1288936627282492,0.379746835443038
榆林,2020,706,318,0.2521246458923513,0.559748427672956,0.0,0.0,0.0,0.0,0.043909348441926344,0.09748427672955975,0.0,0.0,0.0,0.0,0.15439093484419264,0.34276729559748426
榆林,2021,688,288,0.32558139534883723,0.7777777777777778,0.0,0.0,0.00872093023255814,0.020833333333333332,0.0,0.0,0.0,0.0,0.00872093023255814,0.020833333333333332,0.0755813953488372,0.18055555555555555
榆林,2022,845,359,0.2875739644970414,0.6768802228412256,0.0,0.0,0.02485207100591716,0.0584958217270195,0.0,0.0,0.0,0.0,0.010650887573964497,0.025069637883008356,0.10177514792899409,0.2395543175487465
榆林,2023,903,445,0.41971207087486156,0.851685393258427,0.0,0.0,0.0,0.0,0.0,0.0,0.0,0.0,0.0,0.0,0.07308970099667775,0.14831460674157304
武威,2008,11,11,0.5454545454545454,0.5454545454545454,0.0,0.0,0.0,0.0,0.45454545454545453,0.45454545454545453,0.0,0.0,0.0,0.0,0.0,0.0
武威,2009,10,10,0.4,0.4,0.0,0.0,0.0,0.0,0.6,0.6,0.0,0.0,0.0,0.0,0.0,0.0
武威,2010,12,12,0.5833333333333334,0.5833333333333334,0.0,0.0,0.0,0.0,0.3333333333333333,0.3333333333333333,0.08333333333333333,0.08333333333333333,0.0,0.0,0.0,0.0
武威,2011,36,36,0.6111111111111112,0.6111111111111112,0.0,0.0,0.0,0.0,0.3888888888888889,0.3888888888888889,0.0,0.0,0.0,0.0,0.0,0.0
武威,2012,60,50,0.4,0.48,0.0,0.0,0.0,0.0,0.38333333333333336,0.46,0.0,0.0,0.05,0.06,0.0,0.0
武威,2013,44,38,0.3181818181818182,0.3684210526315789,0.0,0.0,0.0,0.0,0.4772727272727273,0.5526315789473685,0.0,0.0,0.06818181818181818,0.07894736842105263,0.0,0.0
武威,2014,67,47,0.47761194029850745,0.6808510638297872,0.0,0.0,0.029850746268656716,0.0425531914893617,0.14925373134328357,0.2127659574468085,0.014925373134328358,0.02127659574468085,0.029850746268656716,0.0425531914893617,0.0,0.0
武威,2015,184,127,0.27717391304347827,0.4015748031496063,0.0,0.0,0.0,0.0,0.3967391304347826,0.5748031496062992,0.016304347826086956,0.023622047244094488,0.0,0.0,0.0,0.0
武威,2016,273,198,0.16483516483516483,0.22727272727272727,0.0,0.0,0.0,0.0,0.46886446886446886,0.6464646464646465,0.0,0.0,0.09157509157509157,0.12626262626262627,0.0,0.0
武威,2017,440,300,0.2431818181818182,0.3566666666666667,0.0,0.0,0.0,0.0,0.3704545454545455,0.5433333333333333,0.0,0.0,0.06818181818181818,0.1,0.0,0.0
武威,2018,269,164,0.379182156133829,0.6219512195121951,0.0,0.0,0.0,0.0,0.1524163568773234,0.25,0.0,0.0,0.07806691449814127,0.12804878048780488,0.0,0.0
武威,2019,210,127,0.2619047619047619,0.4330708661417323,0.0,0.0,0.0,0.0,0.14285714285714285,0.23622047244094488,0.06666666666666667,0.11023622047244094,0.13333333333333333,0.2204724409448819,0.0,0.0
武威,2020,175,90,0.26857142857142857,0.5222222222222223,0.0,0.0,0.0,0.0,0.11428571428571428,0.2222222222222222,0.02857142857142857,0.05555555555555555,0.08571428571428572,0.16666666666666666,0.017142857142857144,0.03333333333333333
武威,2021,191,104,0.14659685863874344,0.2692307692307692,0.0,0.0,0.08376963350785341,0.15384615384615385,0.14659685863874344,0.2692307692307692,0.02617801047120419,0.04807692307692308,0.05235602094240838,0.09615384615384616,0.08900523560209424,0.16346153846153846
武威,2022,134,80,0.1791044776119403,0.3,0.0,0.0,0.05223880597014925,0.0875,0.06716417910447761,0.1125,0.05970149253731343,0.1,0.03731343283582089,0.0625,0.20149253731343283,0.3375
武威,2023,190,100,0.28421052631578947,0.54,0.021052631578947368,0.04,0.0,0.0,0.0,0.0,0.06315789473684211,0.12,0.09473684210526316,0.18,0.06315789473684211,0.12
武汉,2008,2755,1618,0.13466424682395645,0.22929542645241038,0.0,0.0,0.0,0.0,0.0,0.0,0.0,0.0,0.026497277676951,0.04511742892459827,0.4261343012704174,0.7255871446229913
武汉,2009,3738,1981,0.13830925628678437,0.2609793033821302,0.0,0.0,0.0,0.0,0.0,0.0,0.0,0.0,0.02113429641519529,0.039878849066128215,0.37051899411449973,0.6991418475517416
武汉,2010,4228,2164,0.11376537369914853,0.2222735674676525,0.0,0.0,0.0,0.0,0.0,0.0,0.0,0.0,0.015610217596972564,0.030499075785582256,0.3824503311258278,0.7472273567467652
武汉,2011,5710,2827,0.13257443082311735,0.2677750265298903,0.0,0.0,0.0,0.0,0.0,0.0,0.0,0.0,0.00788091068301226,0.01591793420587195,0.35464098073555167,0.7163070392642377
武汉,2012,7259,3636,0.1797768287642926,0.3589108910891089,0.0,0.0,0.0,0.0,0.0,0.0,0.0,0.0,0.008816641410662625,0.0176017601760176,0.3123019699683152,0.6234873487348734
武汉,2013,8957,4504,0.13665289717539356,0.27175843694493784,0.0,0.0,0.0,0.0,0.0,0.0,0.00859662833538015,0.017095914742451153,0.015965166908563134,0.03174955595026643,0.3416322429384839,0.6793960923623446
武汉,2014,10962,5352,0.13419084108739282,0.27485052316890884,0.0,0.0,0.0,0.0,0.0,0.0,0.0,0.0,0.006659368728334246,0.013639760837070254,0.34738186462324394,0.7115097159940209
武汉,2015,13844,6867,0.16613695463738803,0.3349351973205184,0.0,0.0,0.0,0.0,0.0,0.0,0.0,0.0,0.0,0.0,0.32989020514302225,0.6650648026794815
武汉,2016,19316,9586,0.15836612135017603,0.31911120383893177,0.0,0.0,0.0,0.0,0.0,0.0,0.0,0.0,0.007869124042244772,0.015856457333611518,0.33003727479809486,0.6650323388274567
武汉,2017,25034,11686,0.15954302149077254,0.3417764846825261,0.0,0.0,0.0,0.0,0.0,0.0,0.0,0.0,0.0,0.0,0.30726212351202364,0.6582235153174739
武汉,2018,30124,13501,0.14981410171291992,0.33427153544181915,0.0,0.0,0.0,0.0,0.0,0.0,0.0,0.0,0.009759660071703626,0.021776164728538626,0.2886070906918072,0.6439522998296422
武汉,2019,35649,15825,0.13405705629891443,0.3019905213270142,0.0,0.0,0.008583690987124463,0.01933649289099526,0.0,0.0,0.0,0.0,0.0,0.0,0.30127072288142726,0.6786729857819905
武汉,2020,38547,15641,0.16408540223623108,0.4043859088293587,0.0,0.0,0.008586919864062055,0.021162329774311105,0.0,0.0,0.0,0.0,0.009391132902690223,0.023144300236557766,0.22370093651905465,0.5513074611597724
武汉,2021,48040,18601,0.14052872606161532,0.36293747647975916,0.0,0.0,0.0,0.0,0.0,0.0,0.0,0.0,0.00776436303080766,0.020052685339497875,0.23890507910074937,0.617009838180743
武汉,2022,52806,22431,0.12290270045070636,0.2893317284115733,0.0,0.0,0.011438094155967126,0.02692702064107708,0.0,0.0,0.0,0.0,0.009620118925879636,0.02264722928090589,0.280820361322577,0.6610940216664437
武汉,2023,55830,21668,0.1428801719505642,0.36814657559534797,0.0,0.0,0.0,0.0,0.0,0.0,0.0,0.0,0.0,0.0,0.24522658069138456,0.631853424404652
毕节,2008,8,8,0.0,0.0,0.0,0.0,0.0,0.0,1.0,1.0,0.0,0.0,0.0,0.0,0.0,0.0
毕节,2009,10,10,0.0,0.0,0.0,0.0,0.0,0.0,1.0,1.0,0.0,0.0,0.0,0.0,0.0,0.0
毕节,2010,19,19,0.3157894736842105,0.3157894736842105,0.0,0.0,0.0,0.0,0.42105263157894735,0.42105263157894735,0.10526315789473684,0.10526315789473684,0.10526315789473684,0.10526315789473684,0.05263157894736842,0.05263157894736842
毕节,2011,59,48,0.2542372881355932,0.3125,0.0,0.0,0.0,0.0,0.559322033898305,0.6875,0.0,0.0,0.0,0.0,0.0,0.0
毕节,2012,56,39,0.375,0.5384615384615384,0.0,0.0,0.0,0.0,0.2857142857142857,0.41025641025641024,0.017857142857142856,0.02564102564102564,0.017857142857142856,0.02564102564102564,0.0,0.0
毕节,2013,88,74,0.6477272727272727,0.7702702702702703,0.0,0.0,0.0,0.0,0.17045454545454544,0.20270270270270271,0.0,0.0,0.0,0.0,0.022727272727272728,0.02702702702702703
毕节,2014,75,49,0.29333333333333333,0.4489795918367347,0.0,0.0,0.0,0.0,0.18666666666666668,0.2857142857142857,0.04,0.061224489795918366,0.09333333333333334,0.14285714285714285,0.04,0.061224489795918366
毕节,2015,177,99,0.3898305084745763,0.696969696969697,0.0,0.0,0.0,0.0,0.15254237288135594,0.2727272727272727,0.0,0.0,0.01694915254237288,0.030303030303030304,0.0,0.0
毕节,2016,90,65,0.4222222222222222,0.5846153846153846,0.0,0.0,0.0,0.0,0.26666666666666666,0.36923076923076925,0.0,0.0,0.03333333333333333,0.046153846153846156,0.0,0.0
毕节,2017,230,116,0.1782608695652174,0.35344827586206895,0.0,0.0,0.0,0.0,0.1608695652173913,0.31896551724137934,0.0,0.0,0.013043478260869565,0.02586206896551724,0.15217391304347827,0.3017241379310345
毕节,2018,617,293,0.3273905996758509,0.689419795221843,0.03241491085899514,0.06825938566552901,0.0,0.0,0.04051863857374392,0.08532423208191127,0.02106969205834684,0.04436860068259386,0.0,0.0,0.05348460291734198,0.11262798634812286
毕节,2019,283,159,0.127208480565371,0.22641509433962265,0.0,0.0,0.0,0.0,0.14840989399293286,0.2641509433962264,0.028268551236749116,0.050314465408805034,0.0176678445229682,0.031446540880503145,0.24028268551236748,0.4276729559748428
毕节,2020,403,215,0.13895781637717122,0.26046511627906976,0.0,0.0,0.0,0.0,0.09181141439205956,0.17209302325581396,0.009925558312655087,0.018604651162790697,0.009925558312655087,0.018604651162790697,0.28287841191067,0.5302325581395348
毕节,2021,401,145,0.14463840399002495,0.4,0.0,0.0,0.0,0.0,0.10224438902743142,0.2827586206896552,0.0,0.0,0.059850374064837904,0.16551724137931034,0.05486284289276808,0.15172413793103448
毕节,2022,378,149,0.25925925925925924,0.6577181208053692,0.010582010582010581,0.026845637583892617,0.010582010582010581,0.026845637583892617,0.0,0.0,0.031746031746031744,0.08053691275167785,0.013227513227513227,0.03355704697986577,0.06878306878306878,0.174496644295302
毕节,2023,429,251,0.3333333333333333,0.5697211155378487,0.0,0.0,0.04195804195804196,0.07171314741035857,0.0,0.0,0.03263403263403263,0.055776892430278883,0.053613053613053616,0.09163346613545817,0.12354312354312354,0.21115537848605578
永州,2008,79,54,0.12658227848101267,0.18518518518518517,0.0,0.0,0.0,0.0,0.5569620253164557,0.8148148148148148,0.0,0.0,0.0,0.0,0.0,0.0
永州,2009,104,70,0.2403846153846154,0.35714285714285715,0.0,0.0,0.0,0.0,0.4326923076923077,0.6428571428571429,0.0,0.0,0.0,0.0,0.0,0.0
永州,2010,158,98,0.1962025316455696,0.3163265306122449,0.0,0.0,0.0,0.0,0.4240506329113924,0.6836734693877551,0.0,0.0,0.0,0.0,0.0,0.0
永州,2011,216,164,0.24074074074074073,0.3170731707317073,0.0,0.0,0.0,0.0,0.46296296296296297,0.6097560975609756,0.0,0.0,0.0,0.0,0.05555555555555555,0.07317073170731707
永州,2012,147,85,0.25170068027210885,0.43529411764705883,0.0,0.0,0.0,0.0,0.272108843537415,0.47058823529411764,0.0,0.0,0.0,0.0,0.05442176870748299,0.09411764705882353
永州,2013,290,167,0.2,0.3473053892215569,0.0,0.0,0.0,0.0,0.32068965517241377,0.5568862275449101,0.0,0.0,0.0,0.0,0.05517241379310345,0.09580838323353294
永州,2014,311,179,0.13183279742765272,0.22905027932960895,0.0,0.0,0.0,0.0,0.3311897106109325,0.5754189944134078,0.028938906752411574,0.05027932960893855,0.0,0.0,0.08360128617363344,0.1452513966480447
永州,2015,349,210,0.10601719197707736,0.1761904761904762,0.0,0.0,0.0,0.0,0.44412607449856734,0.7380952380952381,0.0,0.0,0.0,0.0,0.05157593123209169,0.08571428571428572
永州,2016,677,528,0.10930576070901034,0.14015151515151514,0.0,0.0,0.0,0.0,0.604135893648449,0.7746212121212122,0.0,0.0,0.0,0.0,0.06646971935007386,0.08522727272727272
永州,2017,828,374,0.08695652173913043,0.1925133689839572,0.0,0.0,0.0,0.0,0.3079710144927536,0.6818181818181818,0.0,0.0,0.0,0.0,0.05676328502415459,0.12566844919786097
永州,2018,1010,320,0.12376237623762376,0.390625,0.0,0.0,0.0,0.0,0.12277227722772277,0.3875,0.009900990099009901,0.03125,0.0,0.0,0.060396039603960394,0.190625
永州,2019,1555,342,0.1202572347266881,0.5467836257309941,0.0,0.0,0.0,0.0,0.01864951768488746,0.0847953216374269,0.0,0.0,0.0,0.0,0.08102893890675242,0.3684210526315789
永州,2020,2241,325,0.08612226684515842,0.5938461538461538,0.0,0.0,0.0,0.0,0.011601963409192326,0.08,0.0,0.0,0.0,0.0,0.04730031236055333,0.3261538461538461
永州,2021,776,225,0.18814432989690721,0.6488888888888888,0.0,0.0,0.0,0.0,0.0,0.0,0.0,0.0,0.0,0.0,0.1018041237113402,0.3511111111111111
永州,2022,652,211,0.19938650306748465,0.6161137440758294,0.0,0.0,0.0,0.0,0.0,0.0,0.007668711656441718,0.023696682464454975,0.0,0.0,0.1165644171779141,0.36018957345971564
永州,2023,765,289,0.19084967320261437,0.5051903114186851,0.0,0.0,0.0,0.0,0.0,0.0,0.0,0.0,0.011764705882352941,0.031141868512110725,0.17516339869281045,0.46366782006920415
汉中,2008,58,42,0.2413793103448276,0.3333333333333333,0.0,0.0,0.0,0.0,0.39655172413793105,0.5476190476190477,0.0,0.0,0.0,0.0,0.08620689655172414,0.11904761904761904
汉中,2009,65,44,0.16923076923076924,0.25,0.0,0.0,0.0,0.0,0.4307692307692308,0.6363636363636364,0.0,0.0,0.0,0.0,0.07692307692307693,0.11363636363636363
汉中,2010,86,68,0.2441860465116279,0.3088235294117647,0.0,0.0,0.0,0.0,0.313953488372093,0.39705882352941174,0.0,0.0,0.0,0.0,0.23255813953488372,0.29411764705882354
汉中,2011,156,110,0.27564102564102566,0.39090909090909093,0.0,0.0,0.0,0.0,0.20512820512820512,0.2909090909090909,0.0,0.0,0.0,0.0,0.22435897435897437,0.3181818181818182
汉中,2012,139,108,0.4028776978417266,0.5185185185185185,0.0,0.0,0.007194244604316547,0.009259259259259259,0.07194244604316546,0.09259259259259259,0.0,0.0,0.0,0.0,0.2949640287769784,0.37962962962962965
汉中,2013,228,179,0.2631578947368421,0.33519553072625696,0.0,0.0,0.0,0.0,0.08333333333333333,0.10614525139664804,0.008771929824561403,0.0111731843575419,0.0,0.0,0.4298245614035088,0.547486033519553
汉中,2014,214,164,0.32242990654205606,0.42073170731707316,0.0,0.0,0.0,0.0,0.102803738317757,0.13414634146341464,0.009345794392523364,0.012195121951219513,0.0,0.0,0.3317757009345794,0.4329268292682927
汉中,2015,337,269,0.20178041543026706,0.2527881040892193,0.0,0.0,0.0,0.0,0.14540059347181009,0.1821561338289963,0.0,0.0,0.0,0.0,0.45103857566765576,0.5650557620817844
汉中,2016,423,338,0.24822695035460993,0.3106508875739645,0.0,0.0,0.0,0.0,0.1607565011820331,0.20118343195266272,0.0,0.0,0.016548463356973995,0.020710059171597635,0.3735224586288416,0.46745562130177515
汉中,2017,847,519,0.09681227863046045,0.1579961464354528,0.0,0.0,0.0,0.0,0.27744982290436837,0.4527938342967245,0.0,0.0,0.0,0.0,0.2384887839433294,0.3892100192678227
汉中,2018,1062,686,0.21563088512241055,0.3338192419825073,0.0,0.0,0.0,0.0,0.1854990583804143,0.28717201166180756,0.0,0.0,0.0,0.0,0.2448210922787194,0.37900874635568516
汉中,2019,809,572,0.13597033374536466,0.19230769230769232,0.0,0.0,0.0,0.0,0.18541409147095178,0.26223776223776224,0.0,0.0,0.0,0.0,0.3856613102595797,0.5454545454545454
汉中,2020,641,359,0.1934477379095164,0.34540389972144847,0.0,0.0,0.0124804992199688,0.022284122562674095,0.062402496099843996,0.11142061281337047,0.0,0.0,0.0,0.0,0.2917316692667707,0.520891364902507
汉中,2021,580,385,0.32068965517241377,0.4831168831168831,0.0,0.0,0.017241379310344827,0.025974025974025976,0.027586206896551724,0.04155844155844156,0.0,0.0,0.0,0.0,0.2982758620689655,0.44935064935064933
汉中,2022,692,496,0.3699421965317919,0.5161290322580645,0.0,0.0,0.010115606936416185,0.014112903225806451,0.01300578034682081,0.018145161290322582,0.0,0.0,0.0,0.0,0.3236994219653179,0.45161290322580644
汉中,2023,575,435,0.34956521739130436,0.46206896551724136,0.0,0.0,0.0052173913043478265,0.006896551724137931,0.006956521739130435,0.009195402298850575,0.0052173913043478265,0.006896551724137931,0.0,0.0,0.38956521739130434,0.5149425287356322
汕头,2008,176,90,0.29545454545454547,0.5777777777777777,0.0,0.0,0.0,0.0,0.13068181818181818,0.25555555555555554,0.0,0.0,0.028409090909090908,0.05555555555555555,0.056818181818181816,0.1111111111111111
汕头,2009,259,136,0.3088803088803089,0.5882352941176471,0.0,0.0,0.0,0.0,0.14671814671814673,0.27941176470588236,0.0,0.0,0.0,0.0,0.0694980694980695,0.1323529411764706
汕头,2010,490,203,0.0653061224489796,0.15763546798029557,0.0,0.0,0.0,0.0,0.3306122448979592,0.7980295566502463,0.0,0.0,0.0,0.0,0.018367346938775512,0.04433497536945813
汕头,2011,1060,401,0.07452830188679245,0.1970074812967581,0.0,0.0,0.0,0.0,0.2830188679245283,0.7481296758104738,0.0,0.0,0.0,0.0,0.020754716981132074,0.05486284289276808
汕头,2012,1103,503,0.09700815956482321,0.21272365805168986,0.0,0.0,0.0,0.0,0.3300090661831369,0.7236580516898609,0.0,0.0,0.0,0.0,0.02901178603807797,0.0636182902584493
汕头,2013,1586,688,0.0,0.0,0.0,0.0,0.0,0.0,0.41424968474148804,0.9549418604651163,0.0,0.0,0.0,0.0,0.019546027742749054,0.04505813953488372
汕头,2014,734,373,0.1307901907356948,0.257372654155496,0.0,0.0,0.013623978201634877,0.02680965147453083,0.2956403269754768,0.5817694369973191,0.0,0.0,0.0,0.0,0.0681198910081744,0.13404825737265416
汕头,2015,885,283,0.1344632768361582,0.4204946996466431,0.0,0.0,0.012429378531073447,0.038869257950530034,0.14124293785310735,0.4416961130742049,0.0,0.0,0.0,0.0,0.031638418079096044,0.0989399293286219
汕头,2016,1160,444,0.07758620689655173,0.20270270270270271,0.0,0.0,0.014655172413793103,0.038288288288288286,0.23275862068965517,0.6081081081081081,0.0,0.0,0.0,0.0,0.05775862068965517,0.15090090090090091
汕头,2017,1561,637,0.06213965406790519,0.152276295133438,0.0,0.0,0.0,0.0,0.29404228058936577,0.7205651491365777,0.0,0.0,0.0,0.0,0.051889814221652786,0.1271585557299843
汕头,2018,1527,528,0.07400130975769482,0.21401515151515152,0.0,0.0,0.0,0.0,0.20497707924034053,0.5928030303030303,0.0,0.0,0.0,0.0,0.06679764243614932,0.19318181818181818
汕头,2019,1193,443,0.19027661357921208,0.5124153498871332,0.0,0.0,0.025146689019279127,0.06772009029345373,0.008382229673093043,0.022573363431151242,0.009220452640402346,0.024830699774266364,0.0,0.0,0.1383067896060352,0.3724604966139955
汕头,2020,1363,397,0.15260454878943508,0.5239294710327456,0.0,0.0,0.0,0.0,0.013939838591342627,0.04785894206549118,0.0,0.0,0.0,0.0,0.12472487160674982,0.4282115869017632
汕头,2021,1284,486,0.1721183800623053,0.4547325102880658,0.0,0.0,0.022585669781931463,0.059670781893004114,0.006230529595015576,0.01646090534979424,0.0,0.0,0.01791277258566978,0.047325102880658436,0.15965732087227413,0.4218106995884774
汕头,2022,1332,537,0.18693693693693694,0.46368715083798884,0.0,0.0,0.006756756756756757,0.01675977653631285,0.0,0.0,0.0,0.0,0.03978978978978979,0.09869646182495345,0.16966966966966968,0.4208566108007449
汕头,2023,1367,532,0.17264081931236283,0.44360902255639095,0.0,0.0,0.02487198244330651,0.06390977443609022,0.0,0.0,0.0,0.0,0.024140453547915143,0.06203007518796992,0.16752011704462327,0.43045112781954886
汕尾,2008,21,21,0.42857142857142855,0.42857142857142855,0.0,0.0,0.0,0.0,0.5714285714285714,0.5714285714285714,0.0,0.0,0.0,0.0,0.0,0.0
汕尾,2009,21,21,0.3333333333333333,0.3333333333333333,0.0,0.0,0.0,0.0,0.6190476190476191,0.6190476190476191,0.047619047619047616,0.047619047619047616,0.0,0.0,0.0,0.0
汕尾,2010,57,57,0.5614035087719298,0.5614035087719298,0.0,0.0,0.0,0.0,0.43859649122807015,0.43859649122807015,0.0,0.0,0.0,0.0,0.0,0.0
汕尾,2011,56,56,0.7678571428571429,0.7678571428571429,0.0,0.0,0.0,0.0,0.23214285714285715,0.23214285714285715,0.0,0.0,0.0,0.0,0.0,0.0
汕尾,2012,92,92,0.9239130434782609,0.9239130434782609,0.0,0.0,0.0,0.0,0.07608695652173914,0.07608695652173914,0.0,0.0,0.0,0.0,0.0,0.0
汕尾,2013,80,80,0.8625,0.8625,0.0,0.0,0.0,0.0,0.1375,0.1375,0.0,0.0,0.0,0.0,0.0,0.0
汕尾,2014,76,73,0.8289473684210527,0.863013698630137,0.0,0.0,0.0,0.0,0.11842105263157894,0.1232876712328767,0.013157894736842105,0.0136986301369863,0.0,0.0,0.0,0.0
汕尾,2015,90,86,0.7666666666666667,0.8023255813953488,0.0,0.0,0.0,0.0,0.18888888888888888,0.19767441860465115,0.0,0.0,0.0,0.0,0.0,0.0
汕尾,2016,191,183,0.8167539267015707,0.8524590163934426,0.0,0.0,0.0,0.0,0.14136125654450263,0.14754098360655737,0.0,0.0,0.0,0.0,0.0,0.0
汕尾,2017,717,696,0.8772663877266388,0.9037356321839081,0.0,0.0,0.0,0.0,0.08786610878661087,0.09051724137931035,0.0,0.0,0.005578800557880056,0.005747126436781609,0.0,0.0
汕尾,2018,833,734,0.6530612244897959,0.7411444141689373,0.0,0.0,0.0,0.0,0.22809123649459784,0.25885558583106266,0.0,0.0,0.0,0.0,0.0,0.0
汕尾,2019,347,265,0.6109510086455331,0.8,0.0,0.0,0.0,0.0,0.1440922190201729,0.18867924528301888,0.0,0.0,0.008645533141210375,0.011320754716981131,0.0,0.0
汕尾,2020,176,104,0.35795454545454547,0.6057692307692307,0.0,0.0,0.0,0.0,0.23295454545454544,0.3942307692307692,0.0,0.0,0.0,0.0,0.0,0.0
汕尾,2021,307,192,0.50814332247557,0.8125,0.0,0.0,0.0,0.0,0.08143322475570032,0.13020833333333334,0.0,0.0,0.0,0.0,0.035830618892508145,0.057291666666666664
汕尾,2022,280,184,0.5785714285714286,0.8804347826086957,0.0,0.0,0.0,0.0,0.02142857142857143,0.03260869565217391,0.0,0.0,0.0,0.0,0.05714285714285714,0.08695652173913043
汕尾,2023,345,243,0.6028985507246377,0.8559670781893004,0.0,0.0,0.028985507246376812,0.0411522633744856,0.0,0.0,0.0,0.0,0.020289855072463767,0.02880658436213992,0.05217391304347826,0.07407407407407407
江门,2008,287,125,0.20209059233449478,0.464,0.0,0.0,0.0,0.0,0.21254355400696864,0.488,0.0,0.0,0.0,0.0,0.020905923344947737,0.048
江门,2009,389,182,0.14910025706940874,0.31868131868131866,0.0,0.0,0.0,0.0,0.2262210796915167,0.4835164835164835,0.0,0.0,0.0,0.0,0.09254498714652956,0.1978021978021978
江门,2010,488,181,0.18032786885245902,0.4861878453038674,0.0,0.0,0.0,0.0,0.16188524590163936,0.43646408839779005,0.0,0.0,0.0,0.0,0.028688524590163935,0.07734806629834254
江门,2011,733,253,0.16780354706684858,0.48616600790513836,0.0,0.0,0.0,0.0,0.1582537517053206,0.45849802371541504,0.0,0.0,0.0,0.0,0.019099590723055934,0.05533596837944664
江门,2012,1077,349,0.12349117920148561,0.38108882521489973,0.0,0.0,0.0,0.0,0.18384401114206128,0.5673352435530086,0.0,0.0,0.0,0.0,0.016713091922005572,0.05157593123209169
江门,2013,1613,484,0.09485430874147552,0.31611570247933884,0.0,0.0,0.0,0.0,0.18226906385616862,0.6074380165289256,0.0,0.0,0.0,0.0,0.022938623682579044,0.07644628099173553
江门,2014,1868,642,0.10599571734475374,0.308411214953271,0.0,0.0,0.0,0.0,0.21413276231263384,0.6230529595015576,0.0,0.0,0.0,0.0,0.023554603854389723,0.06853582554517133
江门,2015,2260,652,0.11238938053097346,0.3895705521472393,0.0,0.0,0.0,0.0,0.13584070796460176,0.4708588957055215,0.026991150442477876,0.09355828220858896,0.0,0.0,0.01327433628318584,0.046012269938650305
江门,2016,2835,656,0.11922398589065256,0.5152439024390244,0.0,0.0,0.0,0.0,0.08324514991181658,0.3597560975609756,0.014109347442680775,0.06097560975609756,0.0,0.0,0.014814814814814815,0.06402439024390244
江门,2017,5686,878,0.10323601829053816,0.6685649202733486,0.0,0.0,0.0,0.0,0.02409426661976785,0.1560364464692483,0.0,0.0,0.0,0.0,0.027084066127330286,0.17539863325740318
江门,2018,4774,868,0.09300377042312526,0.511520737327189,0.0,0.0,0.0,0.0,0.0033514872224549644,0.018433179723502304,0.0,0.0,0.0,0.0,0.0854629241726016,0.4700460829493088
江门,2019,3356,932,0.11263408820023837,0.4055793991416309,0.0,0.0,0.0038736591179976162,0.013948497854077254,0.0,0.0,0.0,0.0,0.0,0.0,0.16120381406436235,0.5804721030042919
江门,2020,4171,1103,0.11795732438264205,0.4460562103354488,0.0,0.0,0.0,0.0,0.017262047470630544,0.06527651858567543,0.0,0.0,0.0,0.0,0.12922560537041478,0.4886672710788758
江门,2021,3046,976,0.20387393302692056,0.6362704918032787,0.0,0.0,0.0,0.0,0.008535784635587657,0.02663934426229508,0.0,0.0,0.0,0.0,0.10801050558108996,0.33709016393442626
江门,2022,2985,1191,0.22579564489112228,0.5659109991603695,0.0,0.0,0.004690117252931323,0.011754827875734676,0.0,0.0,0.0,0.0,0.0,0.0,0.16850921273031827,0.42233417296389586
江门,2023,3229,1265,0.23072158563022607,0.5889328063241107,0.0,0.0,0.0,0.0,0.0,0.0,0.0,0.0,0.0,0.0,0.16104056983586248,0.41106719367588934
池州,2008,17,17,0.17647058823529413,0.17647058823529413,0.0,0.0,0.0,0.0,0.8235294117647058,0.8235294117647058,0.0,0.0,0.0,0.0,0.0,0.0
池州,2009,42,38,0.5476190476190477,0.6052631578947368,0.0,0.0,0.0,0.0,0.35714285714285715,0.39473684210526316,0.0,0.0,0.0,0.0,0.0,0.0
池州,2010,70,49,0.5,0.7142857142857143,0.0,0.0,0.0,0.0,0.14285714285714285,0.20408163265306123,0.014285714285714285,0.02040816326530612,0.0,0.0,0.04285714285714286,0.061224489795918366
池州,2011,176,89,0.36363636363636365,0.7191011235955056,0.0,0.0,0.0,0.0,0.125,0.24719101123595505,0.0,0.0,0.0,0.0,0.017045454545454544,0.033707865168539325
池州,2012,289,152,0.47058823529411764,0.8947368421052632,0.0,0.0,0.0,0.0,0.0,0.0,0.05536332179930796,0.10526315789473684,0.0,0.0,0.0,0.0
池州,2013,612,210,0.3022875816993464,0.8809523809523809,0.0,0.0,0.0,0.0,0.024509803921568627,0.07142857142857142,0.016339869281045753,0.047619047619047616,0.0,0.0,0.0,0.0
池州,2014,1076,333,0.2862453531598513,0.924924924924925,0.0,0.0,0.0,0.0,0.011152416356877323,0.036036036036036036,0.0,0.0,0.0,0.0,0.012081784386617101,0.03903903903903904
池州,2015,1482,492,0.3191632928475034,0.9613821138211383,0.0,0.0,0.0,0.0,0.0,0.0,0.0,0.0,0.0,0.0,0.01282051282051282,0.03861788617886179
池州,2016,1880,572,0.28829787234042553,0.9475524475524476,0.0,0.0,0.0,0.0,0.0,0.0,0.0,0.0,0.0,0.0,0.015957446808510637,0.05244755244755245
池州,2017,1509,533,0.32273028495692513,0.9136960600375235,0.0,0.0,0.0,0.0,0.0,0.0,0.0,0.0,0.0,0.0,0.030483764082173626,0.08630393996247655
池州,2018,1780,600,0.33707865168539325,1.0,0.0,0.0,0.0,0.0,0.0,0.0,0.0,0.0,0.0,0.0,0.0,0.0
池州,2019,558,223,0.2867383512544803,0.7174887892376681,0.0,0.0,0.0,0.0,0.044802867383512544,0.11210762331838565,0.0,0.0,0.0,0.0,0.06810035842293907,0.17040358744394618
池州,2020,1058,508,0.44139886578449905,0.9192913385826772,0.0,0.0,0.0,0.0,0.027410207939508508,0.05708661417322835,0.0,0.0,0.0,0.0,0.011342155009451797,0.023622047244094488
池州,2021,748,246,0.27807486631016043,0.8455284552845529,0.0,0.0,0.0,0.0,0.0,0.0,0.0,0.0,0.0,0.0,0.05080213903743316,0.15447154471544716
池州,2022,953,301,0.2759706190975866,0.8737541528239202,0.0,0.0,0.0,0.0,0.0,0.0,0.0,0.0,0.0,0.0,0.03987408184679958,0.12624584717607973
池州,2023,954,310,0.3018867924528302,0.9290322580645162,0.0,0.0,0.0,0.0,0.0,0.0,0.0,0.0,0.0,0.0,0.023060796645702306,0.07096774193548387
沈阳,2008,2498,1074,0.06164931945556445,0.14338919925512103,0.0,0.0,0.0,0.0,0.026821457165732587,0.06238361266294227,0.009207365892714172,0.021415270018621976,0.17293835068054444,0.4022346368715084,0.15932746196957567,0.37057728119180633
沈阳,2009,2772,1149,0.0836940836940837,0.20191470844212359,0.0,0.0,0.0,0.0,0.013708513708513708,0.03307223672758921,0.0,0.0,0.13275613275613277,0.3202785030461271,0.18434343434343434,0.44473455178416016
沈阳,2010,3357,1359,0.09711051534107834,0.2398822663723326,0.0,0.0,0.0,0.0,0.01459636580280012,0.036055923473142015,0.0,0.0,0.08698242478403337,0.21486387049300956,0.20613643133750373,0.5091979396615158
沈阳,2011,4327,1831,0.11647792928125722,0.2752594210813763,0.0,0.0,0.0,0.0,0.011555350127108852,0.027307482250136537,0.0,0.0,0.07487866882366535,0.17695248498088476,0.2202449734226947,0.5204806116876024
沈阳,2012,4871,2455,0.26277971669061795,0.5213849287169042,0.0,0.0,0.0,0.0,0.0,0.0,0.0,0.0,0.06651611578731266,0.1319755600814664,0.17470745226852802,0.34663951120162934
沈阳,2013,7002,2666,0.1329620108540417,0.34921230307576895,0.0,0.0,0.0,0.0,0.016709511568123392,0.04388597149287322,0.0,0.0,0.052984861468151956,0.13915978994748687,0.17809197372179378,0.46774193548387094
沈阳,2014,8118,3273,0.1198571076619857,0.29728078215704246,0.0,0.0,0.0,0.0,0.0,0.0,0.0,0.0,0.07920670115792067,0.1964558509013138,0.20411431387041143,0.5062633669416438
沈阳,2015,8902,3474,0.10716692878004942,0.27461139896373055,0.0,0.0,0.0,0.0,0.023028532913951922,0.0590097869890616,0.0,0.0,0.0832397214109189,0.21329879101899826,0.1768141990563918,0.45308002302820954
沈阳,2016,10150,3961,0.08226600985221674,0.21080535218379198,0.0,0.0,0.0,0.0,0.026600985221674877,0.0681646048977531,0.0,0.0,0.06305418719211822,0.16157535975763695,0.21832512315270935,0.5594546831608179
沈阳,2017,8981,4598,0.12403963923839216,0.24227925184862983,0.0,0.0,0.0,0.0,0.0,0.0,0.0,0.0,0.08952232490813941,0.17485863418877773,0.298407749693798,0.5828621139625925
沈阳,2018,10217,6131,0.10120387589311931,0.16865111727287554,0.0,0.0,0.0,0.0,0.0,0.0,0.0,0.0,0.09542918664970147,0.15902789104550644,0.4034452383282764,0.672320991681618
沈阳,2019,10389,6093,0.1182019443642314,0.20154275397997704,0.0,0.0,0.0,0.0,0.0,0.0,0.0,0.0,0.10299355087111368,0.17561135729525684,0.3652902107998845,0.6228458887247661
沈阳,2020,10300,4924,0.11475728155339805,0.24004874086108854,0.0,0.0,0.0,0.0,0.015728155339805826,0.03290008123476848,0.0,0.0,0.1454368932038835,0.3042242079610073,0.20213592233009708,0.4228269699431357
沈阳,2021,11310,5863,0.09778956675508399,0.1886406276650179,0.0,0.0,0.0,0.0,0.0,0.0,0.0,0.0,0.15844385499557914,0.30564557393825686,0.26215738284703805,0.5057137983967253
沈阳,2022,11657,6579,0.11152097452174659,0.1975984192126463,0.0,0.0,0.0,0.0,0.0,0.0,0.0,0.0,0.1975636956335249,0.3500531995744034,0.25529724628978295,0.4523483812129503
沈阳,2023,12742,7003,0.09260712603986815,0.16849921462230472,0.0,0.0,0.0,0.0,0.0,0.0,0.0,0.0,0.17744467116622195,0.32286163072968727,0.279547951655941,0.508639154648008
沧州,2008,107,62,0.14953271028037382,0.25806451612903225,0.0,0.0,0.0,0.0,0.411214953271028,0.7096774193548387,0.0,0.0,0.0,0.0,0.018691588785046728,0.03225806451612903
沧州,2009,148,72,0.20270270270270271,0.4166666666666667,0.0,0.0,0.0,0.0,0.28378378378378377,0.5833333333333334,0.0,0.0,0.0,0.0,0.0,0.0
沧州,2010,114,42,0.14035087719298245,0.38095238095238093,0.0,0.0,0.0,0.0,0.22807017543859648,0.6190476190476191,0.0,0.0,0.0,0.0,0.0,0.0
沧州,2011,168,73,0.26785714285714285,0.6164383561643836,0.0,0.0,0.0,0.0,0.16666666666666666,0.3835616438356164,0.0,0.0,0.0,0.0,0.0,0.0
沧州,2012,203,114,0.4827586206896552,0.8596491228070176,0.0,0.0,0.0,0.0,0.07881773399014778,0.14035087719298245,0.0,0.0,0.0,0.0,0.0,0.0
沧州,2013,301,146,0.3953488372093023,0.815068493150685,0.026578073089700997,0.0547945205479452,0.016611295681063124,0.03424657534246575,0.046511627906976744,0.0958904109589041,0.0,0.0,0.0,0.0,0.0,0.0
沧州,2014,315,141,0.3968253968253968,0.8865248226950354,0.0,0.0,0.0,0.0,0.0380952380952381,0.0851063829787234,0.0,0.0,0.012698412698412698,0.028368794326241134,0.0,0.0
沧州,2015,499,191,0.3406813627254509,0.8900523560209425,0.0,0.0,0.01002004008016032,0.02617801047120419,0.03206412825651302,0.08376963350785341,0.0,0.0,0.0,0.0,0.0,0.0
沧州,2016,686,276,0.26676384839650147,0.6630434782608695,0.0,0.0,0.0,0.0,0.119533527696793,0.2971014492753623,0.0,0.0,0.016034985422740525,0.03985507246376811,0.0,0.0
沧州,2017,575,137,0.11130434782608696,0.46715328467153283,0.0,0.0,0.0,0.0,0.06086956521739131,0.25547445255474455,0.036521739130434785,0.15328467153284672,0.01217391304347826,0.051094890510948905,0.017391304347826087,0.072992700729927
沧州,2018,994,282,0.19014084507042253,0.6702127659574468,0.0,0.0,0.0,0.0,0.06338028169014084,0.22340425531914893,0.009054325955734407,0.031914893617021274,0.0,0.0,0.02112676056338028,0.07446808510638298
沧州,2019,1064,300,0.23778195488721804,0.8433333333333334,0.0,0.0,0.0,0.0,0.02631578947368421,0.09333333333333334,0.006578947368421052,0.023333333333333334,0.011278195488721804,0.04,0.0,0.0
沧州,2020,1353,342,0.21729490022172948,0.8596491228070176,0.0,0.0,0.005912786400591279,0.023391812865497075,0.0,0.0,0.0,0.0,0.012564671101256468,0.049707602339181284,0.016999260901699925,0.06725146198830409
沧州,2021,1354,391,0.2673559822747415,0.9258312020460358,0.0,0.0,0.0,0.0,0.005908419497784343,0.020460358056265986,0.0,0.0,0.0066469719350073855,0.023017902813299233,0.008862629246676515,0.030690537084398978
沧州,2022,1521,413,0.25706771860618016,0.9467312348668281,0.0,0.0,0.0,0.0,0.0,0.0,0.0,0.0,0.006574621959237344,0.024213075060532687,0.007889546351084813,0.029055690072639227
沧州,2023,2598,465,0.13818321785989224,0.7720430107526882,0.0,0.0,0.0,0.0,0.006543494996150885,0.03655913978494624,0.00962278675904542,0.053763440860215055,0.012317167051578136,0.06881720430107527,0.012317167051578136,0.06881720430107527
河池,2008,9,9,0.1111111111111111,0.1111111111111111,0.0,0.0,0.0,0.0,0.7777777777777778,0.7777777777777778,0.0,0.0,0.0,0.0,0.1111111111111111,0.1111111111111111
河池,2009,24,24,0.08333333333333333,0.08333333333333333,0.0,0.0,0.0,0.0,0.875,0.875,0.0,0.0,0.0,0.0,0.041666666666666664,0.041666666666666664
河池,2010,21,21,0.42857142857142855,0.42857142857142855,0.0,0.0,0.0,0.0,0.47619047619047616,0.47619047619047616,0.0,0.0,0.0,0.0,0.09523809523809523,0.09523809523809523
河池,2011,45,31,0.3111111111111111,0.45161290322580644,0.0,0.0,0.0,0.0,0.37777777777777777,0.5483870967741935,0.0,0.0,0.0,0.0,0.0,0.0
河池,2012,126,64,0.21428571428571427,0.421875,0.0,0.0,0.0,0.0,0.29365079365079366,0.578125,0.0,0.0,0.0,0.0,0.0,0.0
河池,2013,316,133,0.14873417721518986,0.3533834586466165,0.0,0.0,0.0,0.0,0.2563291139240506,0.6090225563909775,0.0,0.0,0.0,0.0,0.015822784810126583,0.03759398496240601
河池,2014,455,170,0.09010989010989011,0.2411764705882353,0.0,0.0,0.0,0.0,0.2725274725274725,0.7294117647058823,0.01098901098901099,0.029411764705882353,0.0,0.0,0.0,0.0
河池,2015,656,259,0.20426829268292682,0.5173745173745173,0.0,0.0,0.0,0.0,0.13414634146341464,0.33976833976833976,0.018292682926829267,0.04633204633204633,0.012195121951219513,0.03088803088803089,0.025914634146341462,0.06563706563706563
河池,2016,1566,894,0.10025542784163474,0.1756152125279642,0.0,0.0,0.0,0.0,0.04086845466155811,0.07158836689038031,0.1500638569604087,0.26286353467561524,0.16602809706257982,0.29082774049217003,0.1136653895274585,0.19910514541387025
河池,2017,779,369,0.26957637997432604,0.5691056910569106,0.0,0.0,0.019255455712451863,0.04065040650406504,0.07958921694480103,0.16802168021680217,0.08087291399229782,0.17073170731707318,0.0,0.0,0.024390243902439025,0.051490514905149054
河池,2018,582,326,0.29381443298969073,0.5245398773006135,0.0,0.0,0.0,0.0,0.07388316151202749,0.13190184049079753,0.15807560137457044,0.2822085889570552,0.0,0.0,0.03436426116838488,0.06134969325153374
河池,2019,151,102,0.23178807947019867,0.3431372549019608,0.0,0.0,0.019867549668874173,0.029411764705882353,0.19205298013245034,0.28431372549019607,0.0,0.0,0.0,0.0,0.23178807947019867,0.3431372549019608
河池,2020,155,86,0.1870967741935484,0.3372093023255814,0.0,0.0,0.0,0.0,0.25806451612903225,0.46511627906976744,0.012903225806451613,0.023255813953488372,0.0,0.0,0.0967741935483871,0.1744186046511628
河池,2021,180,104,0.34444444444444444,0.5961538461538461,0.0,0.0,0.022222222222222223,0.038461538461538464,0.10555555555555556,0.18269230769230768,0.044444444444444446,0.07692307692307693,0.0,0.0,0.06111111111111111,0.10576923076923077
河池,2022,195,113,0.4153846153846154,0.7168141592920354,0.0,0.0,0.020512820512820513,0.035398230088495575,0.02564102564102564,0.04424778761061947,0.0,0.0,0.015384615384615385,0.02654867256637168,0.10256410256410256,0.17699115044247787
河池,2023,209,147,0.5598086124401914,0.7959183673469388,0.0,0.0,0.019138755980861243,0.027210884353741496,0.023923444976076555,0.034013605442176874,0.023923444976076555,0.034013605442176874,0.014354066985645933,0.02040816326530612,0.06220095693779904,0.08843537414965986
河源,2008,20,20,0.25,0.25,0.0,0.0,0.0,0.0,0.55,0.55,0.15,0.15,0.0,0.0,0.05,0.05
河源,2009,23,23,0.43478260869565216,0.43478260869565216,0.0,0.0,0.0,0.0,0.4782608695652174,0.4782608695652174,0.043478260869565216,0.043478260869565216,0.0,0.0,0.043478260869565216,0.043478260869565216
河源,2010,62,60,0.6774193548387096,0.7,0.0,0.0,0.0,0.0,0.27419354838709675,0.2833333333333333,0.0,0.0,0.0,0.0,0.016129032258064516,0.016666666666666666
河源,2011,78,60,0.6025641025641025,0.7833333333333333,0.0,0.0,0.0,0.0,0.16666666666666666,0.21666666666666667,0.0,0.0,0.0,0.0,0.0,0.0
河源,2012,77,63,0.5064935064935064,0.6190476190476191,0.0,0.0,0.0,0.0,0.2727272727272727,0.3333333333333333,0.0,0.0,0.0,0.0,0.03896103896103896,0.047619047619047616
河源,2013,116,73,0.43103448275862066,0.684931506849315,0.0,0.0,0.0,0.0,0.1810344827586207,0.2876712328767123,0.0,0.0,0.0,0.0,0.017241379310344827,0.0273972602739726
河源,2014,133,91,0.45864661654135336,0.6703296703296703,0.0,0.0,0.0,0.0,0.22556390977443608,0.32967032967032966,0.0,0.0,0.0,0.0,0.0,0.0
河源,2015,189,125,0.48148148148148145,0.728,0.0,0.0,0.0,0.0,0.17989417989417988,0.272,0.0,0.0,0.0,0.0,0.0,0.0
河源,2016,331,206,0.5226586102719033,0.8398058252427184,0.0,0.0,0.0,0.0,0.01812688821752266,0.02912621359223301,0.0,0.0,0.05740181268882175,0.09223300970873786,0.02416918429003021,0.038834951456310676
河源,2017,349,177,0.41260744985673353,0.8135593220338984,0.0,0.0,0.0,0.0,0.02865329512893983,0.05649717514124294,0.0,0.0,0.0659025787965616,0.12994350282485875,0.0,0.0
河源,2018,990,332,0.12828282828282828,0.3825301204819277,0.0,0.0,0.0,0.0,0.19292929292929292,0.5753012048192772,0.0,0.0,0.0,0.0,0.014141414141414142,0.04216867469879518
河源,2019,544,220,0.29044117647058826,0.7181818181818181,0.0,0.0,0.0,0.0,0.05514705882352941,0.13636363636363635,0.0,0.0,0.042279411764705885,0.10454545454545454,0.016544117647058824,0.04090909090909091
河源,2020,525,177,0.24571428571428572,0.7288135593220338,0.0,0.0,0.0,0.0,0.05714285714285714,0.1694915254237288,0.0,0.0,0.011428571428571429,0.03389830508474576,0.022857142857142857,0.06779661016949153
河源,2021,524,212,0.3511450381679389,0.8679245283018868,0.0,0.0,0.0,0.0,0.011450381679389313,0.02830188679245283,0.0,0.0,0.026717557251908396,0.0660377358490566,0.015267175572519083,0.03773584905660377
河源,2022,529,231,0.39697542533081287,0.9090909090909091,0.0,0.0,0.0,0.0,0.0,0.0,0.0,0.0,0.03969754253308128,0.09090909090909091,0.0,0.0
河源,2023,464,218,0.3922413793103448,0.8348623853211009,0.0,0.0,0.023706896551724137,0.05045871559633028,0.0,0.0,0.0,0.0,0.023706896551724137,0.05045871559633028,0.03017241379310345,0.06422018348623854
泉州,2008,304,144,0.35855263157894735,0.7569444444444444,0.0,0.0,0.0,0.0,0.0625,0.13194444444444445,0.0,0.0,0.0,0.0,0.05263157894736842,0.1111111111111111
泉州,2009,463,164,0.22462203023758098,0.6341463414634146,0.0,0.0,0.0,0.0,0.04319654427645788,0.12195121951219512,0.04319654427645788,0.12195121951219512,0.0,0.0,0.04319654427645788,0.12195121951219512
泉州,2010,605,206,0.17520661157024794,0.5145631067961165,0.0,0.0,0.0,0.0,0.08099173553719008,0.23786407766990292,0.0,0.0,0.0,0.0,0.08429752066115702,0.24757281553398058
泉州,2011,833,270,0.17767106842737096,0.5481481481481482,0.0,0.0,0.0,0.0,0.0468187274909964,0.14444444444444443,0.0,0.0,0.0,0.0,0.09963985594237695,0.3074074074074074
泉州,2012,1298,382,0.10400616332819723,0.35340314136125656,0.0,0.0,0.0,0.0,0.13636363636363635,0.46335078534031415,0.0,0.0,0.0,0.0,0.053929121725731895,0.18324607329842932
泉州,2013,1913,545,0.10611604809200209,0.3724770642201835,0.0,0.0,0.0,0.0,0.09513852587558808,0.3339449541284404,0.01986408782017773,0.06972477064220184,0.0,0.0,0.06377417668583377,0.22385321100917432
泉州,2014,2181,634,0.13113250802384227,0.45110410094637227,0.0,0.0,0.0,0.0,0.030261348005502064,0.10410094637223975,0.014672168729940394,0.050473186119873815,0.0,0.0,0.11462631820265932,0.3943217665615142
泉州,2015,3280,753,0.1198170731707317,0.5219123505976095,0.0,0.0,0.0,0.0,0.016158536585365854,0.0703851261620186,0.0,0.0,0.022560975609756097,0.09827357237715803,0.07103658536585365,0.3094289508632138
泉州,2016,5352,1002,0.093796711509716,0.500998003992016,0.0,0.0,0.0,0.0,0.013639760837070254,0.07285429141716566,0.0,0.0,0.008968609865470852,0.04790419161676647,0.07081464872944694,0.3782435129740519
泉州,2017,6888,1033,0.06475029036004645,0.4317521781219748,0.0,0.0,0.0,0.0,0.008275261324041812,0.05517909002904162,0.0,0.0,0.0040650406504065045,0.027105517909002903,0.07288037166085946,0.48596321393998065
泉州,2018,10566,1614,0.06804845731591899,0.4454770755885997,0.0,0.0,0.0,0.0,0.002744652659473784,0.017967781908302356,0.0,0.0,0.0,0.0,0.08196100700359644,0.5365551425030979
泉州,2019,7410,1792,0.08367071524966262,0.34598214285714285,0.0,0.0,0.0,0.0,0.0,0.0,0.0,0.0,0.007692307692307693,0.03180803571428571,0.150472334682861,0.6222098214285714
泉州,2020,8457,1847,0.09861653068463995,0.4515430427720628,0.0,0.0,0.0,0.0,0.00886839304717985,0.040606388738494856,0.0,0.0,0.004848054865791652,0.022198159177043854,0.10606598084427102,0.4856524093123985
泉州,2021,6380,1605,0.10877742946708464,0.432398753894081,0.0,0.0,0.0,0.0,0.0,0.0,0.0,0.0,0.013322884012539185,0.0529595015576324,0.12946708463949844,0.5146417445482866
泉州,2022,5894,1772,0.12385476756023074,0.41196388261851014,0.0,0.0,0.0,0.0,0.0,0.0,0.004241601628775025,0.014108352144469526,0.014251781472684086,0.04740406320541761,0.15829657278588394,0.5265237020316027
泉州,2023,6438,1957,0.11649580615097857,0.3832396525293817,0.0,0.0,0.0,0.0,0.0,0.0,0.0,0.0,0.016930723827275552,0.05569749616760347,0.17054986020503263,0.5610628513030148
泰安,2008,1150,443,0.0,0.0,0.0,0.0,0.0,0.0,0.35130434782608694,0.9119638826185101,0.0,0.0,0.008695652173913044,0.022573363431151242,0.025217391304347827,0.0654627539503386
泰安,2009,1168,377,0.016267123287671232,0.050397877984084884,0.0,0.0,0.0,0.0,0.2585616438356164,0.8010610079575596,0.0,0.0,0.0,0.0,0.04794520547945205,0.14854111405835543
泰安,2010,1654,383,0.006045949214026602,0.02610966057441253,0.0,0.0,0.0,0.0,0.18319226118500603,0.7911227154046997,0.0,0.0,0.0,0.0,0.04232164449818621,0.18276762402088773
泰安,2011,1639,562,0.009762050030506406,0.028469750889679714,0.0,0.0,0.0,0.0,0.27394752898108604,0.798932384341637,0.0,0.0,0.0,0.0,0.059182428309945086,0.17259786476868327
泰安,2012,1778,587,0.024184476940382452,0.07325383304940375,0.0,0.0,0.0,0.0,0.23790776152980878,0.7206132879045997,0.0,0.0,0.0,0.0,0.06805399325084364,0.2061328790459966
泰安,2013,1148,521,0.15853658536585366,0.3493282149712092,0.0,0.0,0.0,0.0,0.10801393728222997,0.2380038387715931,0.0,0.0,0.013066202090592335,0.028790786948176585,0.17421602787456447,0.3838771593090211
泰安,2014,913,455,0.12048192771084337,0.24175824175824176,0.0,0.0,0.0,0.0,0.09529025191675794,0.1912087912087912,0.0,0.0,0.03504928806133625,0.07032967032967033,0.2475355969331873,0.4967032967032967
泰安,2015,1294,586,0.12442040185471406,0.27474402730375425,0.0,0.0,0.0,0.0,0.04868624420401855,0.1075085324232082,0.0,0.0,0.03168469860896445,0.06996587030716724,0.24806800618238023,0.5477815699658704
泰安,2016,1581,660,0.09297912713472485,0.22272727272727272,0.0,0.0,0.0,0.0,0.043010752688172046,0.10303030303030303,0.0,0.0,0.03795066413662239,0.09090909090909091,0.24351676154332702,0.5833333333333334
泰安,2017,2025,807,0.056296296296296296,0.1412639405204461,0.0,0.0,0.008888888888888889,0.022304832713754646,0.0671604938271605,0.16852540272614622,0.0,0.0,0.021728395061728394,0.05452292441140025,0.24444444444444444,0.6133828996282528
泰安,2018,2242,988,0.06333630686886708,0.1437246963562753,0.0,0.0,0.0,0.0,0.0735950044603033,0.16700404858299595,0.0,0.0,0.023639607493309546,0.053643724696356275,0.280107047279215,0.6356275303643725
泰安,2019,1941,878,0.14631633178773829,0.3234624145785877,0.0,0.0,0.0,0.0,0.0,0.0,0.0,0.0,0.04636785162287481,0.10250569476082004,0.2596599690880989,0.5740318906605922
泰安,2020,2204,723,0.1265880217785844,0.38589211618257263,0.0,0.0,0.007713248638838476,0.02351313969571231,0.0,0.0,0.0,0.0,0.03312159709618875,0.10096818810511757,0.16061705989110708,0.4896265560165975
泰安,2021,2415,917,0.18881987577639753,0.49727371864776443,0.0,0.0,0.016149068322981366,0.04252998909487459,0.0,0.0,0.0,0.0,0.018219461697722567,0.04798255179934569,0.1565217391304348,0.4122137404580153
泰安,2022,2843,1119,0.1632078790010552,0.41465594280607687,0.0,0.0,0.01723531480830109,0.043789097408400354,0.0,0.0,0.028139289482940557,0.07149240393208221,0.016883573689764335,0.04289544235924933,0.16813225466056983,0.42716711349419123
泰安,2023,3284,1242,0.1933617539585871,0.5112721417069244,0.0,0.0,0.010048721071863581,0.026570048309178744,0.0,0.0,0.02192448233861145,0.057971014492753624,0.009135200974421437,0.024154589371980676,0.14372716199756394,0.38003220611916266
泰州,2008,647,151,0.14219474497681608,0.609271523178808,0.0,0.0,0.0,0.0,0.09119010819165378,0.39072847682119205,0.0,0.0,0.0,0.0,0.0,0.0
泰州,2009,833,173,0.14405762304921968,0.6936416184971098,0.0,0.0,0.0,0.0,0.06362545018007203,0.3063583815028902,0.0,0.0,0.0,0.0,0.0,0.0
泰州,2010,1103,235,0.17769718948322757,0.8340425531914893,0.0,0.0,0.0,0.0,0.03535811423390753,0.16595744680851063,0.0,0.0,0.0,0.0,0.0,0.0
泰州,2011,1944,411,0.15123456790123457,0.7153284671532847,0.0,0.0,0.0,0.0,0.06018518518518518,0.2846715328467153,0.0,0.0,0.0,0.0,0.0,0.0
泰州,2012,3009,503,0.1548687271518777,0.9264413518886679,0.0,0.0,0.0,0.0,0.012296444001329345,0.073558648111332,0.0,0.0,0.0,0.0,0.0,0.0
泰州,2013,2975,443,0.0692436974789916,0.4650112866817156,0.0,0.0,0.0,0.0,0.07025210084033613,0.4717832957110609,0.009411764705882352,0.06320541760722348,0.0,0.0,0.0,0.0
泰州,2014,4318,515,0.03937007874015748,0.3300970873786408,0.0,0.0,0.0,0.0,0.07364520611394164,0.6174757281553398,0.0,0.0,0.0,0.0,0.006252894858730894,0.05242718446601942
泰州,2015,4410,528,0.044444444444444446,0.3712121212121212,0.0,0.0,0.0,0.0,0.06303854875283446,0.5265151515151515,0.0,0.0,0.0,0.0,0.012244897959183673,0.10227272727272728
泰州,2016,5829,970,0.02110138960370561,0.1268041237113402,0.0,0.0,0.0,0.0,0.14530794304340366,0.8731958762886598,0.0,0.0,0.0,0.0,0.0,0.0
泰州,2017,10328,1159,0.022075910147172733,0.19672131147540983,0.0,0.0,0.0,0.0,0.07126258714175059,0.635030198446937,0.0,0.0,0.0,0.0,0.018880712625871418,0.16824849007765316
泰州,2018,9514,959,0.06684885431994955,0.6631908237747653,0.0,0.0,0.0,0.0,0.018709270548665124,0.18561001042752867,0.0,0.0,0.0,0.0,0.015240697918856422,0.15119916579770595
泰州,2019,5913,823,0.1119567055640115,0.804374240583232,0.0,0.0,0.0,0.0,0.004904447826822256,0.03523693803159174,0.005580923389142567,0.040097205346294046,0.0,0.0,0.0167427701674277,0.12029161603888214
泰州,2020,6562,691,0.08914964949710454,0.8465991316931982,0.0,0.0,0.0,0.0,0.0,0.0,0.0,0.0,0.0,0.0,0.016153611703748856,0.15340086830680175
泰州,2021,5416,635,0.09416543574593796,0.8031496062992126,0.0,0.0,0.009416543574593796,0.08031496062992126,0.0,0.0,0.0,0.0,0.0,0.0,0.013663220088626292,0.11653543307086614
泰州,2022,5184,708,0.09837962962962964,0.7203389830508474,0.0,0.0,0.00945216049382716,0.0692090395480226,0.0,0.0,0.0,0.0,0.0,0.0,0.028742283950617283,0.21045197740112995
泰州,2023,7604,782,0.08627038400841662,0.8388746803069054,0.0,0.0,0.0038137822198842713,0.0370843989769821,0.0,0.0,0.0,0.0,0.0,0.0,0.012756443976854288,0.12404092071611253
泸州,2008,24,24,0.375,0.375,0.0,0.0,0.041666666666666664,0.041666666666666664,0.5833333333333334,0.5833333333333334,0.0,0.0,0.0,0.0,0.0,0.0
泸州,2009,44,43,0.4090909090909091,0.4186046511627907,0.0,0.0,0.045454545454545456,0.046511627906976744,0.5227272727272727,0.5348837209302325,0.0,0.0,0.0,0.0,0.0,0.0
泸州,2010,100,83,0.42,0.5060240963855421,0.0,0.0,0.0,0.0,0.4,0.4819277108433735,0.0,0.0,0.01,0.012048192771084338,0.0,0.0
泸州,2011,142,113,0.647887323943662,0.8141592920353983,0.0,0.0,0.0,0.0,0.11267605633802817,0.1415929203539823,0.0,0.0,0.0,0.0,0.035211267605633804,0.04424778761061947
泸州,2012,187,135,0.5133689839572193,0.7111111111111111,0.0,0.0,0.0106951871657754,0.014814814814814815,0.18181818181818182,0.2518518518518518,0.0,0.0,0.0,0.0,0.016042780748663103,0.022222222222222223
泸州,2013,205,131,0.3853658536585366,0.6030534351145038,0.0,0.0,0.0,0.0,0.2,0.31297709923664124,0.0,0.0,0.0,0.0,0.05365853658536585,0.08396946564885496
泸州,2014,331,209,0.2930513595166163,0.46411483253588515,0.0,0.0,0.0,0.0,0.311178247734139,0.49282296650717705,0.0,0.0,0.0,0.0,0.027190332326283987,0.0430622009569378
泸州,2015,401,205,0.314214463840399,0.6146341463414634,0.0,0.0,0.02743142144638404,0.05365853658536585,0.14713216957605985,0.28780487804878047,0.0,0.0,0.0,0.0,0.022443890274314215,0.04390243902439024
泸州,2016,671,272,0.26527570789865873,0.6544117647058824,0.0,0.0,0.03427719821162444,0.08455882352941177,0.08494783904619971,0.20955882352941177,0.0,0.0,0.0,0.0,0.020864381520119227,0.051470588235294115
泸州,2017,925,397,0.20216216216216215,0.47103274559193953,0.0,0.0,0.04,0.09319899244332494,0.18702702702702703,0.4357682619647355,0.0,0.0,0.0,0.0,0.0,0.0
泸州,2018,785,327,0.28280254777070063,0.6788990825688074,0.0,0.0,0.05732484076433121,0.13761467889908258,0.03184713375796178,0.0764525993883792,0.0,0.0,0.0,0.0,0.044585987261146494,0.10703363914373089
泸州,2019,454,214,0.2709251101321586,0.5747663551401869,0.0,0.0,0.09251101321585903,0.19626168224299065,0.04185022026431718,0.08878504672897196,0.0,0.0,0.0,0.0,0.06607929515418502,0.14018691588785046
泸州,2020,608,303,0.2582236842105263,0.5181518151815182,0.0,0.0,0.11677631578947369,0.23432343234323433,0.03125,0.0627062706270627,0.0,0.0,0.0,0.0,0.09210526315789473,0.1848184818481848
泸州,2021,754,387,0.20822281167108753,0.40568475452196384,0.0,0.0,0.16312997347480107,0.3178294573643411,0.022546419098143235,0.04392764857881137,0.0,0.0,0.0,0.0,0.11936339522546419,0.23255813953488372
泸州,2022,867,557,0.2675893886966551,0.41651705565529623,0.0,0.0,0.22837370242214533,0.35547576301615796,0.0,0.0,0.0,0.0,0.0,0.0,0.14648212226066898,0.22800718132854578
泸州,2023,903,557,0.2812846068660022,0.45601436265709155,0.0,0.0,0.1672203765227021,0.2710951526032316,0.0,0.0,0.0,0.0,0.0,0.0,0.16832779623477298,0.27289048473967686
洛阳,2008,647,362,0.3400309119010819,0.6077348066298343,0.0,0.0,0.0,0.0,0.06491499227202473,0.11602209944751381,0.012364760432766615,0.022099447513812154,0.08500772797527048,0.15193370165745856,0.0571870170015456,0.10220994475138122
洛阳,2009,704,349,0.2784090909090909,0.5616045845272206,0.0,0.0,0.0,0.0,0.026988636363636364,0.054441260744985676,0.0,0.0,0.08380681818181818,0.16905444126074498,0.10653409090909091,0.2148997134670487
洛阳,2010,896,527,0.34375,0.5844402277039848,0.0,0.0,0.0,0.0,0.022321428571428572,0.03795066413662239,0.0,0.0,0.06473214285714286,0.11005692599620494,0.15736607142857142,0.2675521821631879
洛阳,2011,1680,929,0.2392857142857143,0.4327233584499462,0.0,0.0,0.011904761904761904,0.021528525296017224,0.0125,0.022604951560818085,0.0,0.0,0.029166666666666667,0.0527448869752422,0.26011904761904764,0.4703982777179763
洛阳,2012,1751,888,0.2073101085094232,0.40878378378378377,0.0,0.0,0.013135351227869789,0.0259009009009009,0.0,0.0,0.00799543118218161,0.015765765765765764,0.0336950314106225,0.06644144144144144,0.24500285551113649,0.4831081081081081
洛阳,2013,2855,1383,0.2329246935201401,0.48083875632682577,0.0,0.0,0.03607705779334501,0.07447577729573392,0.00840630472854641,0.01735357917570499,0.0,0.0,0.04588441330998249,0.09472161966738973,0.16112084063047286,0.33261026753434564
洛阳,2014,3933,1956,0.16603101957793034,0.3338445807770961,0.0,0.0,0.0813628273582507,0.16359918200409,0.013475718281210271,0.0270961145194274,0.006610729722857869,0.013292433537832311,0.02440884820747521,0.049079754601226995,0.205441139079583,0.4130879345603272
洛阳,2015,3512,1754,0.17966970387243736,0.3597491448118586,0.0,0.0,0.020216400911161732,0.04047890535917902,0.009965831435079727,0.019954389965792473,0.0,0.0,0.04299544419134396,0.08608893956670467,0.24658314350797267,0.49372862029646525
洛阳,2016,3233,1294,0.17909062789978347,0.4474497681607419,0.0,0.0,0.0,0.0,0.028765852149706155,0.07187017001545595,0.0,0.0,0.05753170429941231,0.1437403400309119,0.13485926384163316,0.3369397217928903
洛阳,2017,4141,2081,0.20840376720598888,0.4147044690052859,0.0,0.0,0.014489253803429124,0.028832292167227293,0.010625452789181358,0.02114368092263335,0.0,0.0,0.06640907993238349,0.13214800576645844,0.20260806568461726,0.403171552138395
洛阳,2018,4454,2049,0.15603951504265828,0.33918984870668617,0.0,0.0,0.03435114503816794,0.0746705710102489,0.010776829815895825,0.02342606149341142,0.0058374494836102376,0.01268911664226452,0.05343511450381679,0.1161542215714983,0.1995958688819039,0.43387018057589066
洛阳,2019,3800,1840,0.16815789473684212,0.3472826086956522,0.0,0.0,0.0431578947368421,0.0891304347826087,0.0,0.0,0.0,0.0,0.07210526315789474,0.14891304347826087,0.20078947368421052,0.4146739130434783
洛阳,2020,4265,1856,0.12192262602579132,0.2801724137931034,0.0,0.0,0.06635404454865182,0.15247844827586207,0.0,0.0,0.010550996483001172,0.024245689655172414,0.0858147713950762,0.19719827586206898,0.15052754982415006,0.3459051724137931
洛阳,2021,4829,2170,0.12197142265479395,0.2714285714285714,0.0,0.0,0.09463657071857527,0.21059907834101382,0.0,0.0,0.011389521640091117,0.02534562211981567,0.07123628080347898,0.1585253456221198,0.1501346034375647,0.33410138248847926
洛阳,2022,4540,2269,0.15859030837004406,0.31732040546496254,0.0,0.0,0.039427312775330396,0.07888937858087264,0.0,0.0,0.033700440528634364,0.06743058616130454,0.07533039647577093,0.1507271925958572,0.19273127753303965,0.3856324371970031
洛阳,2023,4317,2045,0.2019921241602965,0.42640586797066016,0.0,0.0,0.010655547834144082,0.022493887530562348,0.0,0.0,0.010423905489923557,0.022004889975550123,0.03474635163307853,0.07334963325183375,0.21589066481352792,0.4557457212713936
济南,2008,2506,948,0.1484437350359138,0.3924050632911392,0.0,0.0,0.0,0.0,0.044293695131683956,0.11708860759493671,0.0,0.0,0.018754988028731046,0.049578059071729956,0.16679968076616122,0.4409282700421941
济南,2009,2864,1251,0.13512569832402235,0.30935251798561153,0.0,0.0,0.0,0.0,0.03317039106145252,0.0759392486011191,0.0,0.0,0.04259776536312849,0.09752198241406874,0.2259078212290503,0.5171862509992007
济南,2010,3227,1242,0.13294081189959714,0.34541062801932365,0.0,0.0,0.0,0.0,0.01673380849085838,0.043478260869565216,0.0,0.0,0.029748992872637124,0.07729468599033816,0.20545398202665013,0.533816425120773
济南,2011,4677,1688,0.12315586914688903,0.3412322274881517,0.0,0.0,0.0,0.0,0.0,0.0,0.0,0.0,0.03720333547145606,0.10308056872037914,0.2005559119093436,0.5556872037914692
济南,2012,7740,2381,0.11808785529715762,0.3838723225535489,0.0,0.0,0.0,0.0,0.0,0.0,0.0,0.0,0.022868217054263566,0.0743385132297354,0.16666666666666666,0.5417891642167156
济南,2013,10898,3378,0.1323178564874289,0.4268798105387803,0.0,0.0,0.005689117269223711,0.018354055654233273,0.0112864745824922,0.03641207815275311,0.0,0.0,0.010827674802716094,0.03493191237418591,0.14984400807487613,0.48342214328004735
济南,2014,12203,4640,0.20986642628861754,0.5519396551724138,0.0,0.0,0.0,0.0,0.0,0.0,0.0,0.0,0.0,0.0,0.17036794230926822,0.4480603448275862
济南,2015,13985,6160,0.22388273149803362,0.5082792207792208,0.0,0.0,0.0,0.0,0.0,0.0,0.0,0.0,0.011154808723632463,0.025324675324675326,0.20543439399356453,0.4663961038961039
济南,2016,13893,6250,0.20369970488735334,0.4528,0.0,0.0,0.0,0.0,0.0,0.0,0.0,0.0,0.020657885265961275,0.04592,0.22550924926221838,0.50128
济南,2017,12435,5640,0.14145556895858463,0.3118794326241135,0.0,0.0,0.0,0.0,0.0,0.0,0.0,0.0,0.027744270205066344,0.061170212765957445,0.28435866505830315,0.6269503546099291
济南,2018,14677,6126,0.1077195612182326,0.2580803134182174,0.0,0.0,0.006881515296041425,0.016487104146261835,0.0,0.0,0.0,0.0,0.024664440962049464,0.059092393078681034,0.27812223206377323,0.6663401893568397
济南,2019,17305,7139,0.12753539439468362,0.3091469393472475,0.0,0.0,0.00722334585379948,0.017509455105757108,0.0,0.0,0.0,0.0,0.009188095926032938,0.022272026894523043,0.26859289222767985,0.6510715786524723
济南,2020,21238,7386,0.12369337979094076,0.35567289466558355,0.0,0.0,0.0,0.0,0.0,0.0,0.0,0.0,0.010923815801864582,0.0314107771459518,0.21315566437517658,0.6129163281884646
济南,2021,24113,9481,0.18056649939866462,0.45923425798966355,0.0,0.0,0.0,0.0,0.0,0.0,0.0,0.0,0.012814664288972754,0.03259149878704778,0.19980923153485672,0.5081742432232886
济南,2022,26596,10483,0.1632952323657693,0.4142898025374416,0.0,0.0,0.007031132501127989,0.017838405036726127,0.0,0.0,0.00710633177921492,0.018029190117332825,0.011467889908256881,0.029094724792521225,0.20525642953827644,0.5207478775159783
济南,2023,30966,11513,0.16069237227927405,0.4322070702683923,0.0,0.0,0.0,0.0,0.0,0.0,0.008137957760124007,0.021888300182402502,0.05538332364528838,0.148962042908017,0.14758121811018537,0.3969425866411882
济宁,2008,315,86,0.0761904761904762,0.27906976744186046,0.0,0.0,0.0,0.0,0.17142857142857143,0.627906976744186,0.0,0.0,0.009523809523809525,0.03488372093023256,0.015873015873015872,0.05813953488372093
济宁,2009,282,100,0.20567375886524822,0.58,0.0,0.0,0.0,0.0,0.1276595744680851,0.36,0.0,0.0,0.02127659574468085,0.06,0.0,0.0
济宁,2010,317,122,0.25236593059936907,0.6557377049180327,0.0,0.0,0.0,0.0,0.1167192429022082,0.30327868852459017,0.0,0.0,0.0,0.0,0.015772870662460567,0.040983606557377046
济宁,2011,568,200,0.25528169014084506,0.725,0.0,0.0,0.0,0.0,0.09683098591549295,0.275,0.0,0.0,0.0,0.0,0.0,0.0
济宁,2012,901,249,0.22086570477247502,0.7991967871485943,0.0,0.0,0.0,0.0,0.03995560488346282,0.14457831325301204,0.0,0.0,0.008879023307436182,0.0321285140562249,0.006659267480577136,0.024096385542168676
济宁,2013,1216,360,0.15296052631578946,0.5166666666666667,0.0,0.0,0.0,0.0,0.1225328947368421,0.41388888888888886,0.0,0.0,0.009046052631578948,0.030555555555555555,0.011513157894736841,0.03888888888888889
济宁,2014,1220,305,0.1737704918032787,0.6950819672131148,0.0,0.0,0.0,0.0,0.04672131147540984,0.18688524590163935,0.0,0.0,0.0,0.0,0.029508196721311476,0.1180327868852459
济宁,2015,1536,299,0.1171875,0.6020066889632107,0.0,0.0,0.0,0.0,0.052083333333333336,0.26755852842809363,0.0,0.0,0.0,0.0,0.025390625,0.13043478260869565
济宁,2016,1847,559,0.16946399566865186,0.5599284436493739,0.0,0.0,0.0,0.0,0.062263129399025445,0.20572450805008943,0.0,0.0,0.009204114780725501,0.03041144901610018,0.06172171088251218,0.2039355992844365
济宁,2017,2820,1011,0.2680851063829787,0.7477744807121661,0.0,0.0,0.0,0.0,0.0,0.0,0.0,0.0,0.02801418439716312,0.0781404549950544,0.062411347517730496,0.17408506429277942
济宁,2018,2920,777,0.1643835616438356,0.6177606177606177,0.0,0.0,0.0,0.0,0.014383561643835616,0.05405405405405406,0.0,0.0,0.010273972602739725,0.03861003861003861,0.07705479452054795,0.28957528957528955
济宁,2019,2323,674,0.13129573826947913,0.45252225519287836,0.0,0.0,0.0,0.0,0.018080068876452863,0.06231454005934718,0.0,0.0,0.023676280671545414,0.08160237388724036,0.11708996986655187,0.4035608308605341
济宁,2020,2996,804,0.11882510013351134,0.4427860696517413,0.0,0.0,0.0,0.0,0.014018691588785047,0.05223880597014925,0.0,0.0,0.021695594125500667,0.08084577114427861,0.11381842456608812,0.42412935323383083
济宁,2021,3287,778,0.1259507149376331,0.532133676092545,0.0,0.0,0.0,0.0,0.0,0.0,0.009126863401277762,0.038560411311053984,0.01794949802251293,0.07583547557840617,0.0836629145117128,0.35347043701799485
济宁,2022,3523,1055,0.11779733181947204,0.3933649289099526,0.0,0.0,0.00709622480840193,0.023696682464454975,0.0,0.0,0.02838489923360772,0.0947867298578199,0.022424070394550098,0.07488151658767772,0.12375816065852967,0.4132701421800948
济宁,2023,4200,1049,0.12571428571428572,0.5033365109628217,0.0,0.0,0.0,0.0,0.0,0.0,0.019523809523809523,0.07816968541468065,0.022857142857142857,0.09151572926596759,0.08166666666666667,0.32697807435653004
济源,2008,35,35,0.5428571428571428,0.5428571428571428,0.0,0.0,0.0,0.0,0.45714285714285713,0.45714285714285713,0.0,0.0,0.0,0.0,0.0,0.0
济源,2009,26,26,0.6923076923076923,0.6923076923076923,0.0,0.0,0.0,0.0,0.3076923076923077,0.3076923076923077,0.0,0.0,0.0,0.0,0.0,0.0
济源,2010,41,41,0.8536585365853658,0.8536585365853658,0.0,0.0,0.0,0.0,0.14634146341463414,0.14634146341463414,0.0,0.0,0.0,0.0,0.0,0.0
济源,2011,14,14,0.5,0.5,0.0,0.0,0.0,0.0,0.5,0.5,0.0,0.0,0.0,0.0,0.0,0.0
济源,2012,21,21,0.6666666666666666,0.6666666666666666,0.0,0.0,0.0,0.0,0.3333333333333333,0.3333333333333333,0.0,0.0,0.0,0.0,0.0,0.0
济源,2013,33,33,0.8181818181818182,0.8181818181818182,0.0,0.0,0.0,0.0,0.18181818181818182,0.18181818181818182,0.0,0.0,0.0,0.0,0.0,0.0
济源,2014,42,42,0.8809523809523809,0.8809523809523809,0.0,0.0,0.0,0.0,0.11904761904761904,0.11904761904761904,0.0,0.0,0.0,0.0,0.0,0.0
济源,2015,45,45,0.6666666666666666,0.6666666666666666,0.0,0.0,0.0,0.0,0.3111111111111111,0.3111111111111111,0.0,0.0,0.022222222222222223,0.022222222222222223,0.0,0.0
济源,2016,47,47,0.851063829787234,0.851063829787234,0.0,0.0,0.0,0.0,0.10638297872340426,0.10638297872340426,0.0,0.0,0.0425531914893617,0.0425531914893617,0.0,0.0
济源,2017,167,123,0.7125748502994012,0.967479674796748,0.0,0.0,0.0,0.0,0.0,0.0,0.023952095808383235,0.032520325203252036,0.0,0.0,0.0,0.0
济源,2018,274,178,0.6167883211678832,0.949438202247191,0.0,0.0,0.0,0.0,0.0,0.0,0.0,0.0,0.0,0.0,0.032846715328467155,0.05056179775280899
济源,2019,190,131,0.5842105263157895,0.8473282442748091,0.0,0.0,0.0,0.0,0.015789473684210527,0.022900763358778626,0.021052631578947368,0.030534351145038167,0.0,0.0,0.06842105263157895,0.09923664122137404
济源,2020,190,137,0.6578947368421053,0.9124087591240876,0.0,0.0,0.0,0.0,0.015789473684210527,0.021897810218978103,0.0,0.0,0.0,0.0,0.04736842105263158,0.06569343065693431
济源,2021,284,169,0.4753521126760563,0.7988165680473372,0.0,0.0,0.0,0.0,0.04929577464788732,0.08284023668639054,0.014084507042253521,0.023668639053254437,0.0,0.0,0.056338028169014086,0.09467455621301775
济源,2022,259,183,0.5907335907335908,0.8360655737704918,0.0,0.0,0.0,0.0,0.023166023166023165,0.03278688524590164,0.019305019305019305,0.0273224043715847,0.0,0.0,0.07335907335907337,0.10382513661202186
济源,2023,334,219,0.6137724550898204,0.9360730593607306,0.0,0.0,0.0,0.0,0.0,0.0,0.0,0.0,0.0,0.0,0.041916167664670656,0.0639269406392694
海东,2008,2,2,0.0,0.0,0.0,0.0,0.0,0.0,1.0,1.0,0.0,0.0,0.0,0.0,0.0,0.0
海东,2009,4,4,0.0,0.0,0.0,0.0,0.0,0.0,1.0,1.0,0.0,0.0,0.0,0.0,0.0,0.0
海东,2010,12,12,0.25,0.25,0.0,0.0,0.0,0.0,0.75,0.75,0.0,0.0,0.0,0.0,0.0,0.0
海东,2011,3,3,1.0,1.0,0.0,0.0,0.0,0.0,0.0,0.0,0.0,0.0,0.0,0.0,0.0,0.0
海东,2012,14,14,0.5714285714285714,0.5714285714285714,0.0,0.0,0.0,0.0,0.42857142857142855,0.42857142857142855,0.0,0.0,0.0,0.0,0.0,0.0
海东,2013,13,13,0.8461538461538461,0.8461538461538461,0.0,0.0,0.0,0.0,0.15384615384615385,0.15384615384615385,0.0,0.0,0.0,0.0,0.0,0.0
海东,2014,37,37,0.7297297297297297,0.7297297297297297,0.0,0.0,0.0,0.0,0.2702702702702703,0.2702702702702703,0.0,0.0,0.0,0.0,0.0,0.0
海东,2015,45,45,0.9111111111111111,0.9111111111111111,0.0,0.0,0.0,0.0,0.08888888888888889,0.08888888888888889,0.0,0.0,0.0,0.0,0.0,0.0
海东,2016,35,35,0.6857142857142857,0.6857142857142857,0.0,0.0,0.0,0.0,0.3142857142857143,0.3142857142857143,0.0,0.0,0.0,0.0,0.0,0.0
海东,2017,30,30,0.6333333333333333,0.6333333333333333,0.0,0.0,0.0,0.0,0.3333333333333333,0.3333333333333333,0.03333333333333333,0.03333333333333333,0.0,0.0,0.0,0.0
海东,2018,68,60,0.6470588235294118,0.7333333333333333,0.0,0.0,0.0,0.0,0.23529411764705882,0.26666666666666666,0.0,0.0,0.0,0.0,0.0,0.0
海东,2019,60,60,0.8166666666666667,0.8166666666666667,0.0,0.0,0.03333333333333333,0.03333333333333333,0.15,0.15,0.0,0.0,0.0,0.0,0.0,0.0
海东,2020,207,166,0.13043478260869565,0.16265060240963855,0.0,0.0,0.0,0.0,0.6714975845410628,0.8373493975903614,0.0,0.0,0.0,0.0,0.0,0.0
海东,2021,87,66,0.4367816091954023,0.5757575757575758,0.0,0.0,0.0,0.0,0.27586206896551724,0.36363636363636365,0.0,0.0,0.022988505747126436,0.030303030303030304,0.022988505747126436,0.030303030303030304
海东,2022,65,52,0.5076923076923077,0.6346153846153846,0.0,0.0,0.0,0.0,0.26153846153846155,0.3269230769230769,0.0,0.0,0.0,0.0,0.03076923076923077,0.038461538461538464
海东,2023,85,74,0.6588235294117647,0.7567567567567568,0.0,0.0,0.023529411764705882,0.02702702702702703,0.1411764705882353,0.16216216216216217,0.0,0.0,0.0,0.0,0.047058823529411764,0.05405405405405406
海北,2018,1,1,1.0,1.0,0.0,0.0,0.0,0.0,0.0,0.0,0.0,0.0,0.0,0.0,0.0,0.0
海北,2019,1,1,1.0,1.0,0.0,0.0,0.0,0.0,0.0,0.0,0.0,0.0,0.0,0.0,0.0,0.0
海北,2020,2,2,1.0,1.0,0.0,0.0,0.0,0.0,0.0,0.0,0.0,0.0,0.0,0.0,0.0,0.0
海北,2021,1,1,1.0,1.0,0.0,0.0,0.0,0.0,0.0,0.0,0.0,0.0,0.0,0.0,0.0,0.0
海北,2022,3,3,1.0,1.0,0.0,0.0,0.0,0.0,0.0,0.0,0.0,0.0,0.0,0.0,0.0,0.0
海北,2023,25,25,1.0,1.0,0.0,0.0,0.0,0.0,0.0,0.0,0.0,0.0,0.0,0.0,0.0,0.0
海北藏族自治州,2013,2,2,0.0,0.0,0.0,0.0,0.0,0.0,1.0,1.0,0.0,0.0,0.0,0.0,0.0,0.0
海北藏族自治州,2014,2,2,1.0,1.0,0.0,0.0,0.0,0.0,0.0,0.0,0.0,0.0,0.0,0.0,0.0,0.0
海北藏族自治州,2015,22,22,1.0,1.0,0.0,0.0,0.0,0.0,0.0,0.0,0.0,0.0,0.0,0.0,0.0,0.0
海北藏族自治州,2016,35,35,1.0,1.0,0.0,0.0,0.0,0.0,0.0,0.0,0.0,0.0,0.0,0.0,0.0,0.0
海北藏族自治州,2017,14,14,0.8571428571428571,0.8571428571428571,0.0,0.0,0.0,0.0,0.14285714285714285,0.14285714285714285,0.0,0.0,0.0,0.0,0.0,0.0
海北藏族自治州,2018,20,20,0.85,0.85,0.0,0.0,0.0,0.0,0.15,0.15,0.0,0.0,0.0,0.0,0.0,0.0
海北藏族自治州,2019,15,15,0.8666666666666667,0.8666666666666667,0.0,0.0,0.0,0.0,0.06666666666666667,0.06666666666666667,0.06666666666666667,0.06666666666666667,0.0,0.0,0.0,0.0
海北藏族自治州,2020,17,17,0.6470588235294118,0.6470588235294118,0.0,0.0,0.0,0.0,0.35294117647058826,0.35294117647058826,0.0,0.0,0.0,0.0,0.0,0.0
海北藏族自治州,2021,18,18,0.8333333333333334,0.8333333333333334,0.05555555555555555,0.05555555555555555,0.0,0.0,0.1111111111111111,0.1111111111111111,0.0,0.0,0.0,0.0,0.0,0.0
海北藏族自治州,2022,30,30,0.8,0.8,0.03333333333333333,0.03333333333333333,0.0,0.0,0.16666666666666666,0.16666666666666666,0.0,0.0,0.0,0.0,0.0,0.0
海北藏族自治州,2023,37,37,0.8918918918918919,0.8918918918918919,0.0,0.0,0.0,0.0,0.10810810810810811,0.10810810810810811,0.0,0.0,0.0,0.0,0.0,0.0
海南,2016,1,1,1.0,1.0,0.0,0.0,0.0,0.0,0.0,0.0,0.0,0.0,0.0,0.0,0.0,0.0
海南,2017,1,1,1.0,1.0,0.0,0.0,0.0,0.0,0.0,0.0,0.0,0.0,0.0,0.0,0.0,0.0
海南,2020,1,1,1.0,1.0,0.0,0.0,0.0,0.0,0.0,0.0,0.0,0.0,0.0,0.0,0.0,0.0
海南,2021,4,4,0.75,0.75,0.0,0.0,0.0,0.0,0.0,0.0,0.25,0.25,0.0,0.0,0.0,0.0
海南,2022,1,1,1.0,1.0,0.0,0.0,0.0,0.0,0.0,0.0,0.0,0.0,0.0,0.0,0.0,0.0
海南,2023,26,26,1.0,1.0,0.0,0.0,0.0,0.0,0.0,0.0,0.0,0.0,0.0,0.0,0.0,0.0
海南藏族自治州,2009,2,2,0.5,0.5,0.0,0.0,0.0,0.0,0.5,0.5,0.0,0.0,0.0,0.0,0.0,0.0
海南藏族自治州,2010,4,4,0.75,0.75,0.0,0.0,0.0,0.0,0.25,0.25,0.0,0.0,0.0,0.0,0.0,0.0
海南藏族自治州,2011,1,1,0.0,0.0,0.0,0.0,0.0,0.0,1.0,1.0,0.0,0.0,0.0,0.0,0.0,0.0
海南藏族自治州,2012,1,1,0.0,0.0,0.0,0.0,0.0,0.0,1.0,1.0,0.0,0.0,0.0,0.0,0.0,0.0
海南藏族自治州,2013,1,1,1.0,1.0,0.0,0.0,0.0,0.0,0.0,0.0,0.0,0.0,0.0,0.0,0.0,0.0
海南藏族自治州,2014,1,1,0.0,0.0,0.0,0.0,0.0,0.0,1.0,1.0,0.0,0.0,0.0,0.0,0.0,0.0
海南藏族自治州,2015,9,9,0.6666666666666666,0.6666666666666666,0.0,0.0,0.0,0.0,0.3333333333333333,0.3333333333333333,0.0,0.0,0.0,0.0,0.0,0.0
海南藏族自治州,2016,17,17,0.9411764705882353,0.9411764705882353,0.0,0.0,0.0,0.0,0.058823529411764705,0.058823529411764705,0.0,0.0,0.0,0.0,0.0,0.0
海南藏族自治州,2017,13,13,0.8461538461538461,0.8461538461538461,0.0,0.0,0.0,0.0,0.15384615384615385,0.15384615384615385,0.0,0.0,0.0,0.0,0.0,0.0
海南藏族自治州,2018,9,9,0.6666666666666666,0.6666666666666666,0.0,0.0,0.0,0.0,0.3333333333333333,0.3333333333333333,0.0,0.0,0.0,0.0,0.0,0.0
海南藏族自治州,2019,7,7,0.5714285714285714,0.5714285714285714,0.0,0.0,0.0,0.0,0.42857142857142855,0.42857142857142855,0.0,0.0,0.0,0.0,0.0,0.0
海南藏族自治州,2020,22,22,0.8181818181818182,0.8181818181818182,0.0,0.0,0.0,0.0,0.18181818181818182,0.18181818181818182,0.0,0.0,0.0,0.0,0.0,0.0
海南藏族自治州,2021,37,37,0.6216216216216216,0.6216216216216216,0.0,0.0,0.0,0.0,0.32432432432432434,0.32432432432432434,0.05405405405405406,0.05405405405405406,0.0,0.0,0.0,0.0
海南藏族自治州,2022,18,18,0.5,0.5,0.0,0.0,0.0,0.0,0.4444444444444444,0.4444444444444444,0.05555555555555555,0.05555555555555555,0.0,0.0,0.0,0.0
海南藏族自治州,2023,11,11,0.8181818181818182,0.8181818181818182,0.0,0.0,0.0,0.0,0.09090909090909091,0.09090909090909091,0.09090909090909091,0.09090909090909091,0.0,0.0,0.0,0.0
海口,2008,257,153,0.25680933852140075,0.43137254901960786,0.0,0.0,0.0,0.0,0.17898832684824903,0.3006535947712418,0.0,0.0,0.07392996108949416,0.12418300653594772,0.08560311284046693,0.1437908496732026
海口,2009,330,202,0.25757575757575757,0.4207920792079208,0.0,0.0,0.0,0.0,0.21515151515151515,0.35148514851485146,0.012121212121212121,0.019801980198019802,0.08181818181818182,0.13366336633663367,0.045454545454545456,0.07425742574257425
海口,2010,437,299,0.2700228832951945,0.39464882943143814,0.0,0.0,0.0,0.0,0.21739130434782608,0.3177257525083612,0.0,0.0,0.04576659038901602,0.06688963210702341,0.15102974828375287,0.22073578595317725
海口,2011,549,380,0.39526411657559196,0.5710526315789474,0.0,0.0,0.0,0.0,0.09289617486338798,0.13421052631578947,0.0,0.0,0.07650273224043716,0.11052631578947368,0.12750455373406194,0.18421052631578946
海口,2012,591,373,0.3739424703891709,0.5924932975871313,0.0,0.0,0.0,0.0,0.05583756345177665,0.08847184986595175,0.0,0.0,0.09306260575296109,0.14745308310991956,0.10829103214890017,0.17158176943699732
海口,2013,605,346,0.12396694214876033,0.21676300578034682,0.0,0.0,0.0,0.0,0.15041322314049588,0.2630057803468208,0.0,0.0,0.13388429752066117,0.23410404624277456,0.16363636363636364,0.2861271676300578
海口,2014,630,368,0.16031746031746033,0.27445652173913043,0.0,0.0,0.0,0.0,0.13174603174603175,0.22554347826086957,0.0,0.0,0.07301587301587302,0.125,0.21904761904761905,0.375
海口,2015,787,470,0.14358322744599747,0.2404255319148936,0.0,0.0,0.0,0.0,0.08005082592121983,0.13404255319148936,0.0,0.0,0.11181702668360864,0.18723404255319148,0.2617534942820839,0.43829787234042555
海口,2016,798,428,0.12155388471177944,0.2266355140186916,0.0,0.0,0.0,0.0,0.06140350877192982,0.11448598130841121,0.0,0.0,0.14035087719298245,0.2616822429906542,0.21303258145363407,0.397196261682243
海口,2017,1406,790,0.06116642958748222,0.10886075949367088,0.0,0.0,0.0,0.0,0.06614509246088193,0.11772151898734177,0.0,0.0,0.09815078236130868,0.17468354430379746,0.3364153627311522,0.5987341772151898
海口,2018,1512,826,0.083994708994709,0.15375302663438256,0.0,0.0,0.012566137566137565,0.023002421307506054,0.0,0.0,0.0,0.0,0.09457671957671958,0.17312348668280872,0.3551587301587302,0.6501210653753027
海口,2019,1613,759,0.0731556106633602,0.155467720685112,0.0,0.0,0.0,0.0,0.018598884066955982,0.039525691699604744,0.008679479231246125,0.01844532279314888,0.09671419714817112,0.20553359683794467,0.27340359578425294,0.5810276679841897
海口,2020,2164,1035,0.11876155268022182,0.24830917874396136,0.0,0.0,0.0,0.0,0.007855822550831794,0.01642512077294686,0.0,0.0,0.08410351201478743,0.1758454106280193,0.2675600739371534,0.5594202898550724
海口,2021,4002,1837,0.11294352823588207,0.24605334784975502,0.0,0.0,0.0,0.0,0.0,0.0,0.0,0.0,0.08770614692653673,0.19107240065323897,0.25837081459270367,0.562874251497006
海口,2022,3109,1457,0.08169829527179158,0.17433081674673986,0.0,0.0,0.0,0.0,0.005789642972016726,0.012354152367879203,0.0,0.0,0.1058218076551946,0.22580645161290322,0.2753296880025732,0.5875085792724777
海口,2023,3762,1989,0.06166932482721956,0.11664152840623429,0.0,0.0,0.007442849548112706,0.014077425842131725,0.0,0.0,0.008506113769271665,0.01608848667672197,0.13503455608718767,0.25540472599296127,0.31605528973950026,0.5977878330819507
海西,2017,1,1,1.0,1.0,0.0,0.0,0.0,0.0,0.0,0.0,0.0,0.0,0.0,0.0,0.0,0.0
海西,2019,3,3,1.0,1.0,0.0,0.0,0.0,0.0,0.0,0.0,0.0,0.0,0.0,0.0,0.0,0.0
海西,2020,6,6,0.6666666666666666,0.6666666666666666,0.0,0.0,0.0,0.0,0.0,0.0,0.3333333333333333,0.3333333333333333,0.0,0.0,0.0,0.0
海西,2021,15,15,0.7333333333333333,0.7333333333333333,0.0,0.0,0.0,0.0,0.13333333333333333,0.13333333333333333,0.13333333333333333,0.13333333333333333,0.0,0.0,0.0,0.0
海西,2022,25,25,0.88,0.88,0.0,0.0,0.0,0.0,0.0,0.0,0.12,0.12,0.0,0.0,0.0,0.0
海西,2023,72,68,0.8888888888888888,0.9411764705882353,0.0,0.0,0.0,0.0,0.027777777777777776,0.029411764705882353,0.027777777777777776,0.029411764705882353,0.0,0.0,0.0,0.0
海西蒙古族藏族自治州,2008,7,7,0.7142857142857143,0.7142857142857143,0.0,0.0,0.0,0.0,0.2857142857142857,0.2857142857142857,0.0,0.0,0.0,0.0,0.0,0.0
海西蒙古族藏族自治州,2009,6,6,0.5,0.5,0.0,0.0,0.0,0.0,0.5,0.5,0.0,0.0,0.0,0.0,0.0,0.0
海西蒙古族藏族自治州,2010,4,4,0.5,0.5,0.0,0.0,0.0,0.0,0.5,0.5,0.0,0.0,0.0,0.0,0.0,0.0
海西蒙古族藏族自治州,2011,7,7,0.14285714285714285,0.14285714285714285,0.0,0.0,0.0,0.0,0.8571428571428571,0.8571428571428571,0.0,0.0,0.0,0.0,0.0,0.0
海西蒙古族藏族自治州,2012,14,14,0.8571428571428571,0.8571428571428571,0.0,0.0,0.0,0.0,0.14285714285714285,0.14285714285714285,0.0,0.0,0.0,0.0,0.0,0.0
海西蒙古族藏族自治州,2013,46,46,0.8260869565217391,0.8260869565217391,0.0,0.0,0.0,0.0,0.17391304347826086,0.17391304347826086,0.0,0.0,0.0,0.0,0.0,0.0
海西蒙古族藏族自治州,2014,35,35,0.7428571428571429,0.7428571428571429,0.0,0.0,0.0,0.0,0.2571428571428571,0.2571428571428571,0.0,0.0,0.0,0.0,0.0,0.0
海西蒙古族藏族自治州,2015,66,66,0.9393939393939394,0.9393939393939394,0.0,0.0,0.0,0.0,0.045454545454545456,0.045454545454545456,0.015151515151515152,0.015151515151515152,0.0,0.0,0.0,0.0
海西蒙古族藏族自治州,2016,90,88,0.8888888888888888,0.9090909090909091,0.0,0.0,0.0,0.0,0.08888888888888889,0.09090909090909091,0.0,0.0,0.0,0.0,0.0,0.0
海西蒙古族藏族自治州,2017,100,94,0.93,0.9893617021276596,0.0,0.0,0.0,0.0,0.01,0.010638297872340425,0.0,0.0,0.0,0.0,0.0,0.0
海西蒙古族藏族自治州,2018,132,120,0.8333333333333334,0.9166666666666666,0.0,0.0,0.0,0.0,0.06060606060606061,0.06666666666666667,0.015151515151515152,0.016666666666666666,0.0,0.0,0.0,0.0
海西蒙古族藏族自治州,2019,140,122,0.8071428571428572,0.9262295081967213,0.0,0.0,0.0,0.0,0.06428571428571428,0.07377049180327869,0.0,0.0,0.0,0.0,0.0,0.0
海西蒙古族藏族自治州,2020,136,109,0.6544117647058824,0.8165137614678899,0.014705882352941176,0.01834862385321101,0.0,0.0,0.08088235294117647,0.10091743119266056,0.051470588235294115,0.06422018348623854,0.0,0.0,0.0,0.0
海西蒙古族藏族自治州,2021,130,87,0.5307692307692308,0.7931034482758621,0.0,0.0,0.0,0.0,0.1,0.14942528735632185,0.015384615384615385,0.022988505747126436,0.023076923076923078,0.034482758620689655,0.0,0.0
海西蒙古族藏族自治州,2022,81,62,0.7530864197530864,0.9838709677419355,0.0,0.0,0.0,0.0,0.012345679012345678,0.016129032258064516,0.0,0.0,0.0,0.0,0.0,0.0
海西蒙古族藏族自治州,2023,134,116,0.8059701492537313,0.9310344827586207,0.0,0.0,0.0,0.0,0.014925373134328358,0.017241379310344827,0.022388059701492536,0.02586206896551724,0.0,0.0,0.022388059701492536,0.02586206896551724
淄博,2008,620,214,0.17580645161290323,0.5093457943925234,0.0,0.0,0.0,0.0,0.0935483870967742,0.27102803738317754,0.0,0.0,0.0,0.0,0.07580645161290323,0.21962616822429906
淄博,2009,749,325,0.2656875834445928,0.6123076923076923,0.0,0.0,0.0,0.0,0.06275033377837116,0.14461538461538462,0.020026702269692925,0.046153846153846156,0.0,0.0,0.08544726301735647,0.19692307692307692
淄博,2010,1182,548,0.12859560067681894,0.2773722627737226,0.0,0.0,0.0,0.0,0.09137055837563451,0.19708029197080293,0.05245346869712352,0.11313868613138686,0.0,0.0,0.19120135363790186,0.4124087591240876
淄博,2011,1445,724,0.2519031141868512,0.5027624309392266,0.0,0.0,0.0,0.0,0.10380622837370242,0.20718232044198895,0.010380622837370242,0.020718232044198894,0.0,0.0,0.13494809688581316,0.26933701657458564
淄博,2012,1281,599,0.2427790788446526,0.5191986644407346,0.0,0.0,0.0,0.0,0.04059328649492584,0.08681135225375626,0.0,0.0,0.0,0.0,0.18423106947697113,0.39398998330550916
淄博,2013,2150,1169,0.2669767441860465,0.49101796407185627,0.0,0.0,0.0,0.0,0.04837209302325581,0.08896492728828058,0.0,0.0,0.0,0.0,0.2283720930232558,0.42001710863986313
淄博,2014,2275,1132,0.18285714285714286,0.3674911660777385,0.0,0.0,0.0,0.0,0.07868131868131868,0.15812720848056538,0.0,0.0,0.0,0.0,0.23604395604395603,0.4743816254416961
淄博,2015,3022,1586,0.3742554599602912,0.7131147540983607,0.0,0.0,0.0,0.0,0.02382528127068167,0.04539722572509458,0.0,0.0,0.0,0.0,0.12673726009265388,0.24148802017654478
淄博,2016,3930,2354,0.33435114503816793,0.5581988105352591,0.0,0.0,0.0,0.0,0.028244274809160305,0.04715378079864061,0.0,0.0,0.0,0.0,0.23638676844783715,0.39464740866610026
淄博,2017,5249,2749,0.25452467136597445,0.485994907238996,0.0,0.0,0.0,0.0,0.07315679176986092,0.13968715896689704,0.0,0.0,0.0,0.0,0.1960373404457992,0.37431793379410694
淄博,2018,3823,1450,0.1300026157467957,0.3427586206896552,0.0,0.0,0.0,0.0,0.017263928851687156,0.04551724137931035,0.0,0.0,0.0,0.0,0.23201674077949255,0.6117241379310345
淄博,2019,3582,1364,0.18453378001116694,0.4846041055718475,0.0,0.0,0.0,0.0,0.010887772194304857,0.028592375366568914,0.0,0.0,0.0,0.0,0.1853713009491904,0.4868035190615836
淄博,2020,4990,1571,0.1474949899799599,0.4684914067472947,0.0,0.0,0.006412825651302605,0.020369191597708464,0.0,0.0,0.0,0.0,0.0,0.0,0.16092184368737475,0.5111394016549968
淄博,2021,4076,1428,0.18866535819430816,0.538515406162465,0.0,0.0,0.008832188420019628,0.025210084033613446,0.0,0.0,0.0,0.0,0.0,0.0,0.1528459273797841,0.4362745098039216
淄博,2022,4075,1415,0.16024539877300614,0.4614840989399293,0.0,0.0,0.018404907975460124,0.053003533568904596,0.0,0.0,0.0,0.0,0.0,0.0,0.16858895705521473,0.48551236749116605
淄博,2023,4748,1552,0.20935130581297387,0.6404639175257731,0.0,0.0,0.009477674810446503,0.028994845360824743,0.0,0.0,0.0,0.0,0.0,0.0,0.10804549283909014,0.33054123711340205
淮北,2008,41,39,0.2682926829268293,0.28205128205128205,0.0,0.0,0.0,0.0,0.6829268292682927,0.717948717948718,0.0,0.0,0.0,0.0,0.0,0.0
淮北,2009,86,68,0.27906976744186046,0.35294117647058826,0.0,0.0,0.0,0.0,0.4069767441860465,0.5147058823529411,0.023255813953488372,0.029411764705882353,0.0,0.0,0.08139534883720931,0.10294117647058823
淮北,2010,84,51,0.21428571428571427,0.35294117647058826,0.0,0.0,0.0,0.0,0.36904761904761907,0.6078431372549019,0.0,0.0,0.0,0.0,0.023809523809523808,0.0392156862745098
淮北,2011,180,111,0.3388888888888889,0.5495495495495496,0.0,0.0,0.0,0.0,0.24444444444444444,0.3963963963963964,0.011111111111111112,0.018018018018018018,0.022222222222222223,0.036036036036036036,0.0,0.0
淮北,2012,273,142,0.358974358974359,0.6901408450704225,0.0,0.0,0.0,0.0,0.16117216117216118,0.30985915492957744,0.0,0.0,0.0,0.0,0.0,0.0
淮北,2013,613,265,0.17455138662316477,0.4037735849056604,0.0,0.0,0.0,0.0,0.25774877650897227,0.5962264150943396,0.0,0.0,0.0,0.0,0.0,0.0
淮北,2014,1158,478,0.0,0.0,0.0,0.0,0.0,0.0,0.41278065630397237,1.0,0.0,0.0,0.0,0.0,0.0,0.0
淮北,2015,1543,695,0.0,0.0,0.0,0.0,0.0,0.0,0.4504212572909916,1.0,0.0,0.0,0.0,0.0,0.0,0.0
淮北,2016,1490,805,0.08859060402684564,0.1639751552795031,0.0,0.0,0.0,0.0,0.436241610738255,0.8074534161490683,0.0,0.0,0.0,0.0,0.015436241610738255,0.02857142857142857
淮北,2017,1812,764,0.056291390728476824,0.13350785340314136,0.0,0.0,0.0,0.0,0.3443708609271523,0.8167539267015707,0.0,0.0,0.0,0.0,0.02097130242825607,0.049738219895287955
淮北,2018,2770,824,0.0851985559566787,0.28640776699029125,0.0,0.0,0.0,0.0,0.19169675090252708,0.6444174757281553,0.0,0.0,0.0,0.0,0.020577617328519857,0.0691747572815534
淮北,2019,940,408,0.3404255319148936,0.7843137254901961,0.0,0.0,0.0,0.0,0.03297872340425532,0.07598039215686274,0.0,0.0,0.0,0.0,0.06063829787234042,0.13970588235294118
淮北,2020,2125,602,0.12423529411764705,0.43853820598006643,0.0,0.0,0.0,0.0,0.13976470588235293,0.49335548172757476,0.0,0.0,0.0,0.0,0.019294117647058823,0.0681063122923588
淮北,2021,2426,571,0.19579554822753503,0.8318739054290718,0.0,0.0,0.0,0.0,0.00989282769991756,0.04203152364273205,0.0,0.0,0.0,0.0,0.02967848309975268,0.12609457092819615
淮北,2022,1454,779,0.47455295735900965,0.8857509627727856,0.0,0.0,0.0,0.0,0.0,0.0,0.0,0.0,0.0,0.0,0.061210453920220086,0.11424903722721438
淮北,2023,1469,881,0.5316541865214431,0.8864926220204313,0.0,0.0,0.012253233492171545,0.02043132803632236,0.0,0.0,0.0,0.0,0.0,0.0,0.055820285908781485,0.09307604994324631
淮南,2008,55,45,0.2727272727272727,0.3333333333333333,0.0,0.0,0.0,0.0,0.2727272727272727,0.3333333333333333,0.0,0.0,0.05454545454545454,0.06666666666666667,0.21818181818181817,0.26666666666666666
淮南,2009,89,60,0.34831460674157305,0.5166666666666667,0.0,0.0,0.0,0.0,0.1797752808988764,0.26666666666666666,0.02247191011235955,0.03333333333333333,0.0,0.0,0.12359550561797752,0.18333333333333332
淮南,2010,209,173,0.5885167464114832,0.7109826589595376,0.0,0.0,0.0,0.0,0.14832535885167464,0.1791907514450867,0.0,0.0,0.014354066985645933,0.017341040462427744,0.07655502392344497,0.09248554913294797
淮南,2011,318,252,0.4811320754716981,0.6071428571428571,0.0,0.0,0.0,0.0,0.10062893081761007,0.12698412698412698,0.0,0.0,0.0,0.0,0.21069182389937108,0.26587301587301587
淮南,2012,601,465,0.30948419301164726,0.4,0.0,0.0,0.04326123128119801,0.05591397849462366,0.16638935108153077,0.21505376344086022,0.0,0.0,0.016638935108153077,0.021505376344086023,0.23793677204658903,0.30752688172043013
淮南,2013,1445,1192,0.39515570934256056,0.4790268456375839,0.0,0.0,0.0,0.0,0.03460207612456748,0.04194630872483222,0.01660899653979239,0.020134228187919462,0.007612456747404845,0.009228187919463088,0.37093425605536334,0.44966442953020136
淮南,2014,894,604,0.2740492170022371,0.4056291390728477,0.0,0.0,0.016778523489932886,0.024834437086092714,0.0447427293064877,0.06622516556291391,0.0,0.0,0.017897091722595078,0.026490066225165563,0.3221476510067114,0.4768211920529801
淮南,2015,970,692,0.25463917525773194,0.3569364161849711,0.0,0.0,0.0,0.0,0.061855670103092786,0.08670520231213873,0.0,0.0,0.018556701030927835,0.02601156069364162,0.3783505154639175,0.5303468208092486
淮南,2016,1908,1269,0.26781970649895176,0.4026792750197006,0.0,0.0,0.0,0.0,0.044549266247379454,0.06698187549251379,0.031446540880503145,0.04728132387706856,0.0,0.0,0.32127882599580715,0.4830575256107171
淮南,2017,1724,1223,0.15487238979118328,0.21831561733442356,0.0,0.0,0.0,0.0,0.08410672853828306,0.11856091578086672,0.0,0.0,0.009860788863109048,0.013900245298446443,0.4605568445475638,0.6492232215862633
淮南,2018,1845,1220,0.14850948509485096,0.22459016393442624,0.0,0.0,0.0,0.0,0.06612466124661247,0.1,0.0,0.0,0.0,0.0,0.44661246612466127,0.6754098360655738
淮南,2019,2222,1416,0.12871287128712872,0.2019774011299435,0.0,0.0,0.0,0.0,0.022952295229522954,0.036016949152542374,0.0067506750675067504,0.01059322033898305,0.01485148514851485,0.023305084745762712,0.463996399639964,0.7281073446327684
淮南,2020,2380,1304,0.1810924369747899,0.330521472392638,0.0,0.0,0.0,0.0,0.0,0.0,0.0,0.0,0.0,0.0,0.3668067226890756,0.6694785276073619
淮南,2021,2088,1471,0.11350574712643678,0.1611148878314072,0.0,0.0,0.0,0.0,0.004310344827586207,0.006118286879673691,0.0,0.0,0.004310344827586207,0.006118286879673691,0.5823754789272031,0.8266485384092455
淮南,2022,2165,1639,0.10577367205542725,0.13971934106162295,0.0,0.0,0.0,0.0,0.0,0.0,0.0,0.0,0.005080831408775982,0.006711409395973154,0.646189376443418,0.8535692495424039
淮南,2023,2102,1473,0.12321598477640343,0.1758316361167685,0.0,0.0,0.0,0.0,0.0,0.0,0.0,0.0,0.007611798287345386,0.010862186014935505,0.5699333967649858,0.813306177868296
淮安,2008,294,173,0.11224489795918367,0.1907514450867052,0.0,0.0,0.0,0.0,0.35374149659863946,0.6011560693641619,0.0,0.0,0.0,0.0,0.12244897959183673,0.20809248554913296
淮安,2009,358,207,0.08659217877094973,0.1497584541062802,0.0,0.0,0.0,0.0,0.39385474860335196,0.6811594202898551,0.0,0.0,0.0,0.0,0.09776536312849161,0.16908212560386474
淮安,2010,578,281,0.13667820069204153,0.28113879003558717,0.0,0.0,0.0,0.0,0.21280276816608998,0.4377224199288256,0.0,0.0,0.0,0.0,0.13667820069204153,0.28113879003558717
淮安,2011,747,366,0.0321285140562249,0.06557377049180328,0.0,0.0,0.0,0.0,0.3614457831325301,0.7377049180327869,0.0,0.0,0.0,0.0,0.0963855421686747,0.19672131147540983
淮安,2012,966,517,0.2908902691511387,0.5435203094777563,0.0,0.0,0.0,0.0,0.17287784679089027,0.3230174081237911,0.0,0.0,0.0,0.0,0.07142857142857142,0.13346228239845262
淮安,2013,1385,781,0.10108303249097472,0.1792573623559539,0.0,0.0,0.0,0.0,0.41155234657039713,0.7298335467349552,0.0,0.0,0.0,0.0,0.051263537906137184,0.09090909090909091
淮安,2014,2197,875,0.020482476103777878,0.05142857142857143,0.0,0.0,0.0,0.0,0.3413746017296313,0.8571428571428571,0.0,0.0,0.0,0.0,0.03641329085116067,0.09142857142857143
淮安,2015,2213,879,0.02666064166290104,0.0671217292377702,0.0,0.0,0.0,0.0,0.324898328061455,0.8179749715585893,0.0,0.0,0.0,0.0,0.045639403524627205,0.1149032992036405
淮安,2016,2167,1134,0.0696815874480849,0.13315696649029982,0.0,0.0,0.0,0.0,0.3281033687125058,0.626984126984127,0.0,0.0,0.0,0.0,0.12551915089986157,0.23985890652557318
淮安,2017,3571,1208,0.1775413049565948,0.5248344370860927,0.0,0.0,0.0,0.0,0.024922990758891067,0.07367549668874172,0.016802016241949033,0.04966887417218543,0.0,0.0,0.11901428171380565,0.3518211920529801
淮安,2018,3967,1565,0.19637005293672802,0.49776357827476037,0.0,0.0,0.0,0.0,0.03629947063271994,0.09201277955271565,0.0,0.0,0.0,0.0,0.16183513990420972,0.41022364217252394
淮安,2019,2660,1399,0.187593984962406,0.3566833452466047,0.0,0.0,0.0,0.0,0.010902255639097745,0.020729092208720514,0.0,0.0,0.005263157894736842,0.010007147962830594,0.32218045112781957,0.6125804145818442
淮安,2020,2864,1279,0.13023743016759776,0.29163408913213446,0.0,0.0,0.0,0.0,0.0,0.0,0.0,0.0,0.0,0.0,0.316340782122905,0.7083659108678655
淮安,2021,3138,1346,0.12173358827278521,0.2838038632986627,0.0,0.0,0.0,0.0,0.0,0.0,0.0,0.0,0.0,0.0,0.30720203951561503,0.7161961367013373
淮安,2022,3279,1492,0.08844159804818542,0.19436997319034852,0.0,0.0,0.040866117718816715,0.08981233243967829,0.0,0.0,0.004574565416285453,0.010053619302949061,0.004879536444037816,0.010723860589812333,0.316254955779201,0.6950402144772118
淮安,2023,4395,2030,0.10170648464163823,0.22019704433497536,0.0,0.0,0.014334470989761093,0.03103448275862069,0.0,0.0,0.0,0.0,0.006370875995449375,0.013793103448275862,0.33947667804323095,0.734975369458128
深圳,2008,18880,14460,0.7658898305084746,1.0,0.0,0.0,0.0,0.0,0.0,0.0,0.0,0.0,0.0,0.0,0.0,0.0
深圳,2009,21167,15249,0.7157367600510228,0.9935077710013771,0.0,0.0,0.0,0.0,0.0,0.0,0.0,0.0,0.004677091699343317,0.006492228998622861,0.0,0.0
深圳,2010,22755,15447,0.6700944847286311,0.9871172395934485,0.0,0.0,0.0,0.0,0.0,0.0,0.0,0.0,0.004570424082619205,0.006732698905936428,0.004174906613931004,0.006150061500615006
深圳,2011,26935,17420,0.6086875812140338,0.9411595866819747,0.0,0.0,0.0,0.0,0.0,0.0,0.0,0.0,0.03805457583070355,0.05884041331802526,0.0,0.0
深圳,2012,29830,18747,0.6021454911163259,0.9581266335947085,0.0,0.0,0.0,0.0,0.0,0.0,0.0,0.0,0.01709688233322159,0.027204352696431428,0.00921890714046262,0.014669013708860085
深圳,2013,33175,19727,0.5614770158251695,0.9442388604450753,0.0,0.0,0.0,0.0,0.0,0.0,0.0,0.0,0.02776186887716654,0.04668728139098697,0.005395629238884703,0.009073858163937751
深圳,2014,31510,16367,0.4847984766740717,0.9333414798069286,0.0,0.0,0.0,0.0,0.0,0.0,0.0,0.0,0.018565534750872737,0.035742652899126294,0.016058394160583942,0.030915867293945132
深圳,2015,38109,17338,0.4257524469285471,0.9358057446072211,0.0,0.0,0.0,0.0,0.0,0.0,0.0,0.0,0.01162455063108452,0.025550813242588535,0.01758114880999239,0.03864344215019033
深圳,2016,55158,24197,0.41178070270858264,0.9386700830681489,0.0,0.0,0.0,0.0,0.0,0.0,0.0,0.0,0.011965626019797672,0.027276108608505188,0.014938902788353458,0.03405380832334587
深圳,2017,70291,26203,0.34883555504972186,0.9357707132771057,0.0,0.0,0.0,0.0,0.0,0.0,0.0,0.0,0.012135266250302314,0.03255352440560241,0.011808055085288302,0.03167576231729191
深圳,2018,82079,27516,0.3166705247383618,0.9446140427387701,0.0,0.0,0.0,0.0,0.0,0.0,0.0,0.0,0.005860207848536167,0.01748073847943015,0.012707269825412103,0.03790521878179968
深圳,2019,98840,36719,0.3541380008093889,0.9532667011628857,0.0,0.0,0.0,0.0,0.0,0.0,0.0,0.0,0.0054633751517604206,0.014706282850840165,0.01189801699716714,0.03202701598627414
深圳,2020,115901,41759,0.339841761503352,0.9432218204458919,0.0,0.0,0.0,0.0,0.0,0.0,0.0,0.0,0.0058584481583420335,0.016259967911108984,0.014598666102967188,0.04051821164299911
深圳,2021,131971,38433,0.2592539269991134,0.8902245466135873,0.0,0.0,0.0,0.0,0.0,0.0,0.0,0.0,0.010866023596093082,0.03731168527047069,0.021103121140250508,0.07246376811594203
深圳,2022,123338,38635,0.2765652110460685,0.8829041024977352,0.0,0.0,0.0,0.0,0.0,0.0,0.0,0.0,0.006915954531450161,0.022078426297398732,0.029763738669347645,0.09501747120486606
深圳,2023,131418,39488,0.2609840356724345,0.8685676661264181,0.0,0.0,0.0,0.0,0.0,0.0,0.0,0.0,0.015332755025947739,0.05102816045380875,0.024159551963962318,0.0804041734197731
清远,2008,24,24,0.375,0.375,0.0,0.0,0.0,0.0,0.625,0.625,0.0,0.0,0.0,0.0,0.0,0.0
清远,2009,39,34,0.3333333333333333,0.38235294117647056,0.0,0.0,0.0,0.0,0.5384615384615384,0.6176470588235294,0.0,0.0,0.0,0.0,0.0,0.0
清远,2010,45,36,0.6222222222222222,0.7777777777777778,0.0,0.0,0.0,0.0,0.15555555555555556,0.19444444444444445,0.0,0.0,0.022222222222222223,0.027777777777777776,0.0,0.0
清远,2011,116,84,0.6896551724137931,0.9523809523809523,0.0,0.0,0.0,0.0,0.034482758620689655,0.047619047619047616,0.0,0.0,0.0,0.0,0.0,0.0
清远,2012,114,76,0.6140350877192983,0.9210526315789473,0.0,0.0,0.0,0.0,0.05263157894736842,0.07894736842105263,0.0,0.0,0.0,0.0,0.0,0.0
清远,2013,182,118,0.5879120879120879,0.9067796610169492,0.0,0.0,0.0,0.0,0.06043956043956044,0.09322033898305085,0.0,0.0,0.0,0.0,0.0,0.0
清远,2014,156,114,0.6987179487179487,0.956140350877193,0.0,0.0,0.0,0.0,0.03205128205128205,0.043859649122807015,0.0,0.0,0.0,0.0,0.0,0.0
清远,2015,320,217,0.409375,0.6036866359447005,0.0,0.0,0.0,0.0,0.26875,0.39631336405529954,0.0,0.0,0.0,0.0,0.0,0.0
清远,2016,349,152,0.4183381088825215,0.9605263157894737,0.0,0.0,0.0,0.0,0.0,0.0,0.0,0.0,0.0,0.0,0.017191977077363897,0.039473684210526314
清远,2017,1073,520,0.4846225535880708,1.0,0.0,0.0,0.0,0.0,0.0,0.0,0.0,0.0,0.0,0.0,0.0,0.0
清远,2018,1280,464,0.3625,1.0,0.0,0.0,0.0,0.0,0.0,0.0,0.0,0.0,0.0,0.0,0.0,0.0
清远,2019,1323,305,0.2214663643235072,0.9606557377049181,0.0,0.0,0.0,0.0,0.0,0.0,0.0,0.0,0.0,0.0,0.009070294784580499,0.03934426229508197
清远,2020,1736,570,0.32085253456221197,0.9771929824561404,0.0,0.0,0.0,0.0,0.0,0.0,0.0,0.0,0.0,0.0,0.007488479262672811,0.02280701754385965
清远,2021,1547,511,0.32255979314802846,0.9765166340508806,0.0,0.0,0.0,0.0,0.0,0.0,0.0,0.0,0.0,0.0,0.007756948933419522,0.023483365949119372
清远,2022,1583,696,0.4396715097915351,1.0,0.0,0.0,0.0,0.0,0.0,0.0,0.0,0.0,0.0,0.0,0.0,0.0
清远,2023,1534,637,0.4152542372881356,1.0,0.0,0.0,0.0,0.0,0.0,0.0,0.0,0.0,0.0,0.0,0.0,0.0
温州,2008,853,241,0.04337631887456037,0.15352697095435686,0.0,0.0,0.0,0.0,0.15005861664712777,0.5311203319502075,0.0,0.0,0.005861664712778429,0.02074688796680498,0.08323563892145369,0.2946058091286307
温州,2009,1065,293,0.028169014084507043,0.10238907849829351,0.0,0.0,0.0,0.0,0.14366197183098592,0.5221843003412969,0.0,0.0,0.011267605633802818,0.040955631399317405,0.09201877934272301,0.33447098976109213
温州,2010,1265,289,0.03557312252964427,0.15570934256055363,0.0,0.0,0.0,0.0,0.13201581027667983,0.5778546712802768,0.0,0.0,0.011857707509881422,0.05190311418685121,0.04901185770750988,0.21453287197231835
温州,2011,1653,487,0.03932244404113733,0.13347022587268995,0.0,0.0,0.0,0.0,0.16515426497277677,0.5605749486652978,0.0,0.0,0.004839685420447671,0.01642710472279261,0.0852994555353902,0.28952772073921973
温州,2012,2012,537,0.0437375745526839,0.16387337057728119,0.0,0.0,0.0,0.0,0.15159045725646123,0.5679702048417132,0.0,0.0,0.0,0.0,0.07157057654075547,0.2681564245810056
温州,2013,2992,894,0.06149732620320856,0.2058165548098434,0.0,0.0,0.0,0.0,0.16143048128342247,0.540268456375839,0.0,0.0,0.0,0.0,0.07586898395721925,0.2539149888143177
温州,2014,3809,914,0.04069309530060383,0.16958424507658643,0.0,0.0,0.0,0.0,0.1296928327645051,0.5404814004376368,0.0,0.0,0.0,0.0,0.06957206615909688,0.2899343544857768
温州,2015,5434,1186,0.032756716967243284,0.15008431703204048,0.0,0.0,0.0,0.0,0.11446448288553551,0.524451939291737,0.008649245491350755,0.03962900505902192,0.0,0.0,0.06238498343761502,0.28583473861720066
温州,2016,9339,1658,0.0369418567298426,0.2080820265379976,0.0,0.0,0.0043901916693436125,0.024728588661037394,0.059214048613341896,0.3335343787696019,0.0057822036620623195,0.032569360675512665,0.0,0.0,0.07120676731984152,0.4010856453558504
温州,2017,11299,1788,0.04903088768917603,0.3098434004474273,0.0,0.0,0.005133197628108682,0.03243847874720358,0.007965306664306575,0.050335570469798654,0.0,0.0,0.009646871404549074,0.06096196868008948,0.08646782901141693,0.546420581655481
温州,2018,14263,2544,0.03126971885297623,0.17531446540880502,0.0,0.0,0.023206898969361286,0.13011006289308177,0.0,0.0,0.0,0.0,0.01605552828998107,0.09001572327044025,0.10783145200869382,0.6045597484276729
温州,2019,10161,1849,0.03651215431552013,0.20064899945916712,0.0,0.0,0.02263556736541679,0.12439156300703083,0.0031492963291014663,0.017306652244456464,0.0,0.0,0.009349473477019978,0.051379123850730124,0.11032378702883575,0.6062736614386155
温州,2020,15282,2524,0.034288705666797537,0.2076069730586371,0.0,0.0,0.022510142651485408,0.13629160063391443,0.013087292239235703,0.07923930269413629,0.0,0.0,0.0036644418269859967,0.022187004754358162,0.09161104567464992,0.554675118858954
温州,2021,11578,2845,0.037139402314734844,0.15114235500878734,0.0,0.0,0.04802211089998273,0.1954305799648506,0.0,0.0,0.0,0.0,0.008550699602694766,0.03479789103690686,0.1520124373812403,0.6186291739894552
温州,2022,8736,2116,0.06570512820512821,0.2712665406427221,0.0,0.0,0.04418498168498169,0.1824196597353497,0.0,0.0,0.0,0.0,0.01179029304029304,0.048676748582230624,0.12053571428571429,0.4976370510396975
温州,2023,7940,1672,0.08828715365239295,0.4192583732057416,0.0,0.0,0.02544080604534005,0.12081339712918661,0.0,0.0,0.0,0.0,0.031486146095717885,0.14952153110047847,0.06536523929471033,0.3104066985645933
渭南,2008,146,129,0.19863013698630136,0.2248062015503876,0.0,0.0,0.0,0.0,0.6712328767123288,0.7596899224806202,0.0,0.0,0.0136986301369863,0.015503875968992248,0.0,0.0
渭南,2009,138,117,0.6594202898550725,0.7777777777777778,0.0,0.0,0.0,0.0,0.18840579710144928,0.2222222222222222,0.0,0.0,0.0,0.0,0.0,0.0
渭南,2010,76,52,0.42105263157894735,0.6153846153846154,0.0,0.0,0.0,0.0,0.23684210526315788,0.34615384615384615,0.02631578947368421,0.038461538461538464,0.0,0.0,0.0,0.0
渭南,2011,232,197,0.75,0.883248730964467,0.0,0.0,0.0,0.0,0.09051724137931035,0.1065989847715736,0.008620689655172414,0.01015228426395939,0.0,0.0,0.0,0.0
渭南,2012,578,515,0.8494809688581315,0.9533980582524272,0.0,0.0,0.0,0.0,0.04152249134948097,0.04660194174757282,0.0,0.0,0.0,0.0,0.0,0.0
渭南,2013,330,251,0.6272727272727273,0.8247011952191236,0.0,0.0,0.0,0.0,0.13333333333333333,0.1752988047808765,0.0,0.0,0.0,0.0,0.0,0.0
渭南,2014,318,251,0.720125786163522,0.9123505976095617,0.0,0.0,0.0,0.0,0.059748427672955975,0.07569721115537849,0.0,0.0,0.0,0.0,0.009433962264150943,0.01195219123505976
渭南,2015,258,169,0.627906976744186,0.9585798816568047,0.0,0.0,0.0,0.0,0.011627906976744186,0.01775147928994083,0.0,0.0,0.015503875968992248,0.023668639053254437,0.0,0.0
渭南,2016,251,153,0.47410358565737054,0.7777777777777778,0.0,0.0,0.0,0.0,0.06772908366533864,0.1111111111111111,0.0,0.0,0.0,0.0,0.06772908366533864,0.1111111111111111
渭南,2017,506,222,0.13438735177865613,0.3063063063063063,0.0,0.0,0.0,0.0,0.2509881422924901,0.5720720720720721,0.0,0.0,0.0,0.0,0.0533596837944664,0.12162162162162163
渭南,2018,669,214,0.21375186846038863,0.6682242990654206,0.0,0.0,0.0,0.0,0.08819133034379671,0.2757009345794392,0.0,0.0,0.0,0.0,0.017937219730941704,0.056074766355140186
渭南,2019,322,154,0.27639751552795033,0.577922077922078,0.0,0.0,0.0,0.0,0.13975155279503104,0.2922077922077922,0.0,0.0,0.0,0.0,0.062111801242236024,0.12987012987012986
渭南,2020,566,233,0.3462897526501767,0.8412017167381974,0.0,0.0,0.0,0.0,0.0176678445229682,0.04291845493562232,0.0,0.0,0.0,0.0,0.04770318021201413,0.11587982832618025
渭南,2021,601,244,0.3277870216306156,0.8073770491803278,0.0,0.0,0.0,0.0,0.02329450915141431,0.05737704918032787,0.019966722129783693,0.04918032786885246,0.0,0.0,0.03494176372712146,0.0860655737704918
渭南,2022,634,292,0.3864353312302839,0.839041095890411,0.0,0.0,0.0,0.0,0.0,0.0,0.0,0.0,0.026813880126182965,0.05821917808219178,0.0473186119873817,0.10273972602739725
渭南,2023,514,254,0.45330739299610895,0.9173228346456693,0.0,0.0,0.0,0.0,0.0,0.0,0.0,0.0,0.017509727626459144,0.03543307086614173,0.023346303501945526,0.047244094488188976
湖州,2008,531,184,0.1694915254237288,0.4891304347826087,0.0,0.0,0.0,0.0,0.17702448210922786,0.5108695652173914,0.0,0.0,0.0,0.0,0.0,0.0
湖州,2009,769,190,0.14434330299089726,0.5842105263157895,0.0,0.0,0.0,0.0,0.09232769830949285,0.3736842105263158,0.0,0.0,0.010403120936280884,0.042105263157894736,0.0,0.0
湖州,2010,996,230,0.07228915662650602,0.3130434782608696,0.0,0.0,0.0,0.0,0.14357429718875503,0.6217391304347826,0.015060240963855422,0.06521739130434782,0.0,0.0,0.0,0.0
湖州,2011,1546,357,0.1429495472186287,0.6190476190476191,0.0,0.0,0.0,0.0,0.07179818887451488,0.31092436974789917,0.007761966364812419,0.03361344537815126,0.0,0.0,0.008408796895213453,0.036414565826330535
湖州,2012,2012,483,0.14910536779324055,0.6211180124223602,0.0,0.0,0.0,0.0,0.05715705765407555,0.23809523809523808,0.022365805168986085,0.09316770186335403,0.0,0.0,0.01143141153081511,0.047619047619047616
湖州,2013,3658,827,0.1741388737014762,0.7702539298669892,0.0,0.0,0.0,0.0,0.04182613449972663,0.18500604594921402,0.0,0.0,0.0,0.0,0.010114816839803172,0.044740024183796856
湖州,2014,5498,770,0.1262277191706075,0.9012987012987013,0.0,0.0,0.0,0.0,0.0,0.0,0.0061840669334303384,0.04415584415584416,0.0,0.0,0.007639141506002182,0.05454545454545454
湖州,2015,5745,832,0.13855526544821584,0.9567307692307693,0.0,0.0,0.0,0.0,0.0,0.0,0.0,0.0,0.0,0.0,0.006266318537859008,0.04326923076923077
湖州,2016,6164,1018,0.14957819597663854,0.9056974459724951,0.0,0.0,0.0,0.0,0.005191434133679429,0.03143418467583497,0.0,0.0,0.0,0.0,0.010382868267358857,0.06286836935166994
湖州,2017,10980,958,0.07704918032786885,0.8830897703549061,0.0,0.0,0.0,0.0,0.0,0.0,0.0,0.0,0.0,0.0,0.010200364298724954,0.11691022964509394
湖州,2018,15962,1333,0.06609447437664454,0.7914478619654913,0.0,0.0,0.0,0.0,0.0,0.0,0.0,0.0,0.0,0.0,0.01741636386417742,0.20855213803450862
湖州,2019,7157,796,0.07181780075450608,0.6457286432160804,0.0,0.0,0.0,0.0,0.003912253737599553,0.035175879396984924,0.0,0.0,0.00433142378091379,0.038944723618090454,0.03115830655302501,0.28015075376884424
湖州,2020,10327,1184,0.09838287982957296,0.8581081081081081,0.0,0.0,0.002905006294180304,0.02533783783783784,0.0,0.0,0.0,0.0,0.0,0.0,0.013363028953229399,0.11655405405405406
湖州,2021,6640,1247,0.11295180722891567,0.6014434643143545,0.0,0.0,0.0,0.0,0.0,0.0,0.0,0.0,0.0463855421686747,0.24699278267842822,0.028463855421686748,0.15156375300721733
湖州,2022,7884,1780,0.08929477422628107,0.3955056179775281,0.0,0.0,0.0,0.0,0.0,0.0,0.0,0.0,0.09855403348554033,0.43651685393258427,0.03792491121258244,0.16797752808988764
湖州,2023,7570,2217,0.1273447820343461,0.4348218313035634,0.0,0.0,0.0,0.0,0.0,0.0,0.0,0.0,0.1441215323645971,0.492106450157871,0.021400264200792603,0.07307171853856563
湘潭,2008,195,123,0.2564102564102564,0.4065040650406504,0.0,0.0,0.0,0.0,0.1076923076923077,0.17073170731707318,0.0,0.0,0.0,0.0,0.26666666666666666,0.42276422764227645
湘潭,2009,253,164,0.2450592885375494,0.3780487804878049,0.0,0.0,0.0,0.0,0.11067193675889328,0.17073170731707318,0.0,0.0,0.0,0.0,0.2924901185770751,0.45121951219512196
湘潭,2010,368,224,0.22554347826086957,0.3705357142857143,0.0,0.0,0.0,0.0,0.04619565217391304,0.07589285714285714,0.0,0.0,0.0,0.0,0.33695652173913043,0.5535714285714286
湘潭,2011,479,313,0.19832985386221294,0.3035143769968051,0.0,0.0,0.0,0.0,0.037578288100208766,0.05750798722044728,0.0,0.0,0.0,0.0,0.4175365344467641,0.6389776357827476
湘潭,2012,513,298,0.29434697855750486,0.5067114093959731,0.0,0.0,0.0,0.0,0.011695906432748537,0.020134228187919462,0.0,0.0,0.0,0.0,0.27485380116959063,0.47315436241610737
湘潭,2013,730,452,0.26438356164383564,0.4269911504424779,0.0,0.0,0.0,0.0,0.021917808219178082,0.035398230088495575,0.0,0.0,0.0,0.0,0.33287671232876714,0.5376106194690266
湘潭,2014,965,690,0.24974093264248703,0.3492753623188406,0.0,0.0,0.0,0.0,0.0,0.0,0.0,0.0,0.0,0.0,0.46528497409326425,0.6507246376811594
湘潭,2015,1139,899,0.31782265144863914,0.40266963292547275,0.0,0.0,0.0,0.0,0.00877963125548727,0.011123470522803115,0.0,0.0,0.0,0.0,0.4626865671641791,0.5862068965517241
湘潭,2016,1149,908,0.22019147084421237,0.2786343612334802,0.0,0.0,0.0,0.0,0.0,0.0,0.0,0.0,0.0,0.0,0.5700609225413403,0.7213656387665198
湘潭,2017,1941,1344,0.24471921689850593,0.35342261904761907,0.0,0.0,0.0,0.0,0.0,0.0,0.013910355486862442,0.020089285714285716,0.0,0.0,0.4337970118495621,0.6264880952380952
湘潭,2018,2383,1782,0.2140159462861939,0.28619528619528617,0.0,0.0,0.0,0.0,0.0,0.0,0.029374737725556023,0.03928170594837262,0.0,0.0,0.5044062106588334,0.6745230078563412
湘潭,2019,2989,1812,0.14954834392773503,0.24668874172185432,0.0,0.0,0.0,0.0,0.005687520910003346,0.009381898454746136,0.0,0.0,0.0,0.0,0.45098695215791235,0.7439293598233996
湘潭,2020,3634,1768,0.1422674738580077,0.292420814479638,0.0,0.0,0.0,0.0,0.0,0.0,0.0,0.0,0.0,0.0,0.3442487616951018,0.707579185520362
湘潭,2021,2142,1508,0.15592903828197946,0.22148541114058357,0.0,0.0,0.0,0.0,0.0,0.0,0.004201680672268907,0.005968169761273209,0.0,0.0,0.5438842203548085,0.7725464190981433
湘潭,2022,2793,2160,0.18152524167561762,0.23472222222222222,0.0,0.0,0.0,0.0,0.0,0.0,0.0,0.0,0.0,0.0,0.5918367346938775,0.7652777777777777
湘潭,2023,2792,2008,0.21955587392550144,0.3052788844621514,0.0,0.0,0.0,0.0,0.0,0.0,0.0,0.0,0.0,0.0,0.4996418338108882,0.6947211155378487
湘西,2017,1,1,0.0,0.0,0.0,0.0,0.0,0.0,1.0,1.0,0.0,0.0,0.0,0.0,0.0,0.0
湘西,2018,4,4,0.25,0.25,0.0,0.0,0.0,0.0,0.5,0.5,0.0,0.0,0.0,0.0,0.25,0.25
湘西,2019,10,10,0.3,0.3,0.0,0.0,0.0,0.0,0.2,0.2,0.0,0.0,0.0,0.0,0.5,0.5
湘西,2020,8,8,0.5,0.5,0.0,0.0,0.0,0.0,0.125,0.125,0.0,0.0,0.0,0.0,0.375,0.375
湘西,2021,13,13,0.8461538461538461,0.8461538461538461,0.0,0.0,0.0,0.0,0.0,0.0,0.0,0.0,0.0,0.0,0.15384615384615385,0.15384615384615385
湘西,2022,28,28,0.6785714285714286,0.6785714285714286,0.0,0.0,0.0,0.0,0.03571428571428571,0.03571428571428571,0.03571428571428571,0.03571428571428571,0.0,0.0,0.25,0.25
湘西,2023,103,80,0.5728155339805825,0.7375,0.0,0.0,0.0,0.0,0.0,0.0,0.019417475728155338,0.025,0.0,0.0,0.18446601941747573,0.2375
湘西土家族苗族自治州,2008,38,29,0.23684210526315788,0.3103448275862069,0.0,0.0,0.0,0.0,0.39473684210526316,0.5172413793103449,0.0,0.0,0.0,0.0,0.13157894736842105,0.1724137931034483
湘西土家族苗族自治州,2009,36,30,0.3611111111111111,0.43333333333333335,0.0,0.0,0.0,0.0,0.3333333333333333,0.4,0.0,0.0,0.0,0.0,0.1388888888888889,0.16666666666666666
湘西土家族苗族自治州,2010,60,47,0.25,0.3191489361702128,0.0,0.0,0.0,0.0,0.3,0.3829787234042553,0.08333333333333333,0.10638297872340426,0.0,0.0,0.15,0.19148936170212766
湘西土家族苗族自治州,2011,63,47,0.25396825396825395,0.3404255319148936,0.0,0.0,0.015873015873015872,0.02127659574468085,0.20634920634920634,0.2765957446808511,0.0,0.0,0.0,0.0,0.2698412698412698,0.3617021276595745
湘西土家族苗族自治州,2012,94,71,0.09574468085106383,0.1267605633802817,0.0,0.0,0.0,0.0,0.22340425531914893,0.29577464788732394,0.0,0.0,0.0,0.0,0.43617021276595747,0.5774647887323944
湘西土家族苗族自治州,2013,136,107,0.19117647058823528,0.24299065420560748,0.0,0.0,0.0,0.0,0.11029411764705882,0.14018691588785046,0.0,0.0,0.0,0.0,0.4852941176470588,0.616822429906542
湘西土家族苗族自治州,2014,236,190,0.13135593220338984,0.1631578947368421,0.00847457627118644,0.010526315789473684,0.0,0.0,0.09322033898305085,0.11578947368421053,0.0,0.0,0.0,0.0,0.5720338983050848,0.7105263157894737
湘西土家族苗族自治州,2015,403,366,0.09925558312655088,0.1092896174863388,0.0,0.0,0.0,0.0,0.04218362282878412,0.04644808743169399,0.0,0.0,0.0,0.0,0.7667493796526055,0.8442622950819673
湘西土家族苗族自治州,2016,410,373,0.08780487804878048,0.09651474530831099,0.0,0.0,0.0,0.0,0.05853658536585366,0.064343163538874,0.0024390243902439024,0.002680965147453083,0.0,0.0,0.7609756097560976,0.8364611260053619
湘西土家族苗族自治州,2017,429,304,0.055944055944055944,0.07894736842105263,0.0,0.0,0.0,0.0,0.5034965034965035,0.7105263157894737,0.0,0.0,0.0,0.0,0.14918414918414918,0.21052631578947367
湘西土家族苗族自治州,2018,224,136,0.24553571428571427,0.40441176470588236,0.0,0.0,0.0,0.0,0.08928571428571429,0.14705882352941177,0.008928571428571428,0.014705882352941176,0.0,0.0,0.26339285714285715,0.4338235294117647
湘西土家族苗族自治州,2019,173,118,0.23699421965317918,0.3474576271186441,0.0,0.0,0.0,0.0,0.1791907514450867,0.2627118644067797,0.0,0.0,0.0,0.0,0.2658959537572254,0.3898305084745763
湘西土家族苗族自治州,2020,245,135,0.17959183673469387,0.32592592592592595,0.0,0.0,0.0,0.0,0.22857142857142856,0.4148148148148148,0.0,0.0,0.0,0.0,0.14285714285714285,0.25925925925925924
湘西土家族苗族自治州,2021,237,155,0.4430379746835443,0.6774193548387096,0.0,0.0,0.0,0.0,0.05907172995780591,0.09032258064516129,0.0,0.0,0.0,0.0,0.1518987341772152,0.23225806451612904
湘西土家族苗族自治州,2022,180,120,0.5055555555555555,0.7583333333333333,0.0,0.0,0.0,0.0,0.03888888888888889,0.058333333333333334,0.0,0.0,0.0,0.0,0.12222222222222222,0.18333333333333332
湘西土家族苗族自治州,2023,143,100,0.5104895104895105,0.73,0.0,0.0,0.0,0.0,0.0,0.0,0.0,0.0,0.013986013986013986,0.02,0.17482517482517482,0.25
湛江,2008,192,147,0.07291666666666667,0.09523809523809523,0.0,0.0,0.0,0.0,0.15104166666666666,0.19727891156462585,0.026041666666666668,0.034013605442176874,0.09895833333333333,0.1292517006802721,0.4166666666666667,0.54421768707483
湛江,2009,196,145,0.05612244897959184,0.07586206896551724,0.0,0.0,0.0,0.0,0.1836734693877551,0.2482758620689655,0.0,0.0,0.09693877551020408,0.1310344827586207,0.4030612244897959,0.5448275862068965
湛江,2010,225,178,0.10666666666666667,0.1348314606741573,0.0,0.0,0.0,0.0,0.14666666666666667,0.1853932584269663,0.0,0.0,0.1288888888888889,0.16292134831460675,0.4088888888888889,0.5168539325842697
湛江,2011,189,137,0.13756613756613756,0.1897810218978102,0.0,0.0,0.0,0.0,0.12169312169312169,0.1678832116788321,0.0,0.0,0.15343915343915343,0.2116788321167883,0.31216931216931215,0.4306569343065693
湛江,2012,223,146,0.10762331838565023,0.1643835616438356,0.0,0.0,0.0,0.0,0.09417040358744394,0.14383561643835616,0.008968609865470852,0.0136986301369863,0.15246636771300448,0.2328767123287671,0.2914798206278027,0.4452054794520548
湛江,2013,267,177,0.1348314606741573,0.2033898305084746,0.0,0.0,0.026217228464419477,0.03954802259887006,0.06741573033707865,0.1016949152542373,0.0,0.0,0.15730337078651685,0.23728813559322035,0.27715355805243447,0.4180790960451977
湛江,2014,312,213,0.125,0.18309859154929578,0.0,0.0,0.009615384615384616,0.014084507042253521,0.125,0.18309859154929578,0.0,0.0,0.1282051282051282,0.18779342723004694,0.2948717948717949,0.431924882629108
湛江,2015,429,310,0.14685314685314685,0.2032258064516129,0.0,0.0,0.011655011655011656,0.016129032258064516,0.06293706293706294,0.08709677419354839,0.02564102564102564,0.035483870967741936,0.09557109557109557,0.13225806451612904,0.37995337995337997,0.5258064516129032
湛江,2016,616,456,0.0633116883116883,0.08552631578947369,0.0,0.0,0.006493506493506494,0.008771929824561403,0.048701298701298704,0.06578947368421052,0.00487012987012987,0.006578947368421052,0.08441558441558442,0.11403508771929824,0.5324675324675324,0.7192982456140351
湛江,2017,845,576,0.1467455621301775,0.2152777777777778,0.0,0.0,0.008284023668639054,0.012152777777777778,0.1349112426035503,0.19791666666666666,0.0,0.0,0.09112426035502959,0.13368055555555555,0.3005917159763314,0.4409722222222222
湛江,2018,1026,687,0.0769980506822612,0.11499272197962154,0.0,0.0,0.0,0.0,0.15009746588693956,0.22416302765647744,0.011695906432748537,0.017467248908296942,0.07797270955165692,0.11644832605531295,0.35282651072124754,0.5269286754002911
湛江,2019,1052,729,0.1150190114068441,0.16598079561042525,0.0,0.0,0.009505703422053232,0.013717421124828532,0.053231939163498096,0.07681755829903979,0.0,0.0,0.09885931558935361,0.14266117969821673,0.41634980988593157,0.6008230452674898
湛江,2020,1318,798,0.14036418816388468,0.23182957393483708,0.0,0.0,0.0,0.0,0.023520485584218515,0.03884711779448621,0.0,0.0,0.11229135053110774,0.18546365914786966,0.3292867981790592,0.543859649122807
湛江,2021,1623,1126,0.1392483056069008,0.20071047957371227,0.0,0.0,0.009858287122612447,0.014209591474245116,0.0073937153419593345,0.010657193605683837,0.008009858287122612,0.011545293072824156,0.1423290203327172,0.20515097690941386,0.3869377695625385,0.5577264653641207
湛江,2022,1506,1104,0.14741035856573706,0.20108695652173914,0.0,0.0,0.027224435590969456,0.03713768115942029,0.00796812749003984,0.010869565217391304,0.0,0.0,0.1049136786188579,0.1431159420289855,0.4455511288180611,0.6077898550724637
湛江,2023,1782,1468,0.15656565656565657,0.19005449591280654,0.0,0.0,0.03984287317620651,0.048365122615803814,0.0,0.0,0.0,0.0,0.10774410774410774,0.1307901907356948,0.5196408529741863,0.6307901907356949
滁州,2008,75,60,0.5333333333333333,0.6666666666666666,0.0,0.0,0.0,0.0,0.26666666666666666,0.3333333333333333,0.0,0.0,0.0,0.0,0.0,0.0
滁州,2009,150,99,0.36,0.5454545454545454,0.0,0.0,0.0,0.0,0.28,0.42424242424242425,0.0,0.0,0.0,0.0,0.02,0.030303030303030304
滁州,2010,158,91,0.4620253164556962,0.8021978021978022,0.0,0.0,0.0,0.0,0.11392405063291139,0.1978021978021978,0.0,0.0,0.0,0.0,0.0,0.0
滁州,2011,399,201,0.3458646616541353,0.6865671641791045,0.0,0.0,0.012531328320802004,0.024875621890547265,0.14536340852130325,0.2885572139303483,0.0,0.0,0.0,0.0,0.0,0.0
滁州,2012,1118,464,0.32379248658318427,0.7801724137931034,0.0,0.0,0.0,0.0,0.0706618962432916,0.17025862068965517,0.0,0.0,0.0,0.0,0.020572450805008944,0.04956896551724138
滁州,2013,2878,768,0.2077831827658096,0.7786458333333334,0.0,0.0,0.0,0.0,0.04551772063933287,0.17057291666666666,0.0,0.0,0.0,0.0,0.013551077136900626,0.05078125
滁州,2014,4076,1123,0.14597644749754662,0.5298308103294747,0.0,0.0,0.0,0.0,0.04735034347399411,0.17186108637577915,0.04808635917566242,0.1745325022261799,0.0,0.0,0.03410206084396467,0.12377560106856635
滁州,2015,5130,1149,0.07543859649122807,0.3368146214099217,0.0,0.0,0.0,0.0,0.09707602339181287,0.43342036553524804,0.02612085769980507,0.11662315056570931,0.0,0.0,0.025341130604288498,0.11314186248912098
滁州,2016,7467,1341,0.11423597160841034,0.6360924683072334,0.0,0.0,0.0,0.0,0.007365742600776751,0.041014168530947054,0.03307888040712468,0.18419090231170768,0.0,0.0,0.02490960224989956,0.13870246085011187
滁州,2017,6460,957,0.12368421052631579,0.8349007314524556,0.0,0.0,0.0,0.0,0.005108359133126935,0.034482758620689655,0.0,0.0,0.0,0.0,0.01934984520123839,0.13061650992685475
滁州,2018,7013,1148,0.1234849565093398,0.7543554006968641,0.0,0.0,0.0,0.0,0.0,0.0,0.0,0.0,0.0,0.0,0.04021103664622843,0.2456445993031359
滁州,2019,3350,855,0.1573134328358209,0.6163742690058479,0.0,0.0,0.0,0.0,0.0,0.0,0.0,0.0,0.0,0.0,0.09791044776119404,0.38362573099415204
滁州,2020,5029,980,0.13044342811692186,0.6693877551020408,0.0,0.0,0.0,0.0,0.0,0.0,0.0,0.0,0.0,0.0,0.06442632730165043,0.3306122448979592
滁州,2021,5041,1118,0.15433445744891885,0.6958855098389982,0.0,0.0,0.0,0.0,0.0,0.0,0.0,0.0,0.0,0.0,0.06744693513191827,0.3041144901610018
滁州,2022,4665,1108,0.1472668810289389,0.6200361010830325,0.0,0.0,0.0,0.0,0.0,0.0,0.0,0.0,0.0,0.0,0.0902465166130761,0.3799638989169675
滁州,2023,4450,927,0.15393258426966291,0.7389428263214671,0.0,0.0,0.0,0.0,0.0,0.0,0.0,0.0,0.0,0.0,0.05438202247191011,0.26105717367853293
滨州,2008,197,123,0.3197969543147208,0.5121951219512195,0.0,0.0,0.0,0.0,0.30456852791878175,0.4878048780487805,0.0,0.0,0.0,0.0,0.0,0.0
滨州,2009,139,73,0.4244604316546763,0.8082191780821918,0.0,0.0,0.0,0.0,0.10071942446043165,0.1917808219178082,0.0,0.0,0.0,0.0,0.0,0.0
滨州,2010,177,90,0.3502824858757062,0.6888888888888889,0.0,0.0,0.0,0.0,0.07344632768361582,0.14444444444444443,0.022598870056497175,0.044444444444444446,0.0,0.0,0.062146892655367235,0.12222222222222222
滨州,2011,339,144,0.3303834808259587,0.7777777777777778,0.0,0.0,0.0,0.0,0.06489675516224189,0.1527777777777778,0.0,0.0,0.011799410029498525,0.027777777777777776,0.017699115044247787,0.041666666666666664
滨州,2012,414,206,0.47101449275362317,0.9466019417475728,0.0,0.0,0.0,0.0,0.0,0.0,0.0,0.0,0.0,0.0,0.026570048309178744,0.05339805825242718
滨州,2013,738,330,0.3265582655826558,0.7303030303030303,0.0,0.0,0.018970189701897018,0.04242424242424243,0.08401084010840108,0.18787878787878787,0.0,0.0,0.0,0.0,0.017615176151761516,0.03939393939393939
滨州,2014,753,278,0.22841965471447542,0.6187050359712231,0.0,0.0,0.041168658698539175,0.11151079136690648,0.04780876494023904,0.12949640287769784,0.0,0.0,0.0,0.0,0.05179282868525897,0.14028776978417265
滨州,2015,958,317,0.2150313152400835,0.6498422712933754,0.0,0.0,0.0,0.0,0.060542797494780795,0.1829652996845426,0.0,0.0,0.0,0.0,0.055323590814196244,0.167192429022082
滨州,2016,1032,470,0.3905038759689923,0.8574468085106383,0.0,0.0,0.0,0.0,0.0,0.0,0.0,0.0,0.0,0.0,0.06492248062015504,0.1425531914893617
滨州,2017,1436,657,0.3008356545961003,0.6575342465753424,0.0,0.0,0.0,0.0,0.0,0.0,0.0,0.0,0.0,0.0,0.15668523676880222,0.3424657534246575
滨州,2018,1778,700,0.2215973003374578,0.5628571428571428,0.0,0.0,0.0,0.0,0.0,0.0,0.006749156355455568,0.017142857142857144,0.008998875140607425,0.022857142857142857,0.156355455568054,0.39714285714285713
滨州,2019,1612,655,0.26364764267990076,0.648854961832061,0.0,0.0,0.005583126550868486,0.013740458015267175,0.00620347394540943,0.015267175572519083,0.0,0.0,0.011786600496277916,0.02900763358778626,0.11910669975186104,0.2931297709923664
滨州,2020,2079,663,0.23617123617123617,0.7405731523378583,0.0,0.0,0.010582010582010581,0.033182503770739065,0.0,0.0,0.0,0.0,0.008177008177008177,0.02564102564102564,0.06397306397306397,0.20060331825037708
滨州,2021,1912,689,0.1950836820083682,0.5413642960812772,0.0,0.0,0.010983263598326359,0.030478955007256895,0.0,0.0,0.0,0.0,0.006799163179916318,0.018867924528301886,0.14748953974895398,0.409288824383164
滨州,2022,2309,832,0.2516240796881767,0.6983173076923077,0.0,0.0,0.023819835426591596,0.06610576923076923,0.0,0.0,0.0,0.0,0.0,0.0,0.08488523170203552,0.23557692307692307
滨州,2023,2692,736,0.25334323922734026,0.9266304347826086,0.0,0.0,0.0,0.0,0.0,0.0,0.0,0.0,0.0,0.0,0.020059435364041606,0.07336956521739131
漯河,2008,46,35,0.43478260869565216,0.5714285714285714,0.0,0.0,0.0,0.0,0.32608695652173914,0.42857142857142855,0.0,0.0,0.0,0.0,0.0,0.0
漯河,2009,43,36,0.6046511627906976,0.7222222222222222,0.0,0.0,0.0,0.0,0.23255813953488372,0.2777777777777778,0.0,0.0,0.0,0.0,0.0,0.0
漯河,2010,50,33,0.38,0.5757575757575758,0.0,0.0,0.0,0.0,0.28,0.42424242424242425,0.0,0.0,0.0,0.0,0.0,0.0
漯河,2011,99,79,0.6363636363636364,0.7974683544303798,0.0,0.0,0.0,0.0,0.16161616161616163,0.20253164556962025,0.0,0.0,0.0,0.0,0.0,0.0
漯河,2012,87,62,0.5632183908045977,0.7903225806451613,0.0,0.0,0.0,0.0,0.14942528735632185,0.20967741935483872,0.0,0.0,0.0,0.0,0.0,0.0
漯河,2013,129,110,0.7364341085271318,0.8636363636363636,0.0,0.0,0.0,0.0,0.023255813953488372,0.02727272727272727,0.07751937984496124,0.09090909090909091,0.015503875968992248,0.01818181818181818,0.0,0.0
漯河,2014,180,135,0.6666666666666666,0.8888888888888888,0.0,0.0,0.0,0.0,0.05555555555555555,0.07407407407407407,0.027777777777777776,0.037037037037037035,0.0,0.0,0.0,0.0
漯河,2015,199,140,0.5577889447236181,0.7928571428571428,0.0,0.0,0.0,0.0,0.07035175879396985,0.1,0.05527638190954774,0.07857142857142857,0.020100502512562814,0.02857142857142857,0.0,0.0
漯河,2016,217,136,0.4608294930875576,0.7352941176470589,0.0,0.0,0.0,0.0,0.03686635944700461,0.058823529411764705,0.06451612903225806,0.10294117647058823,0.041474654377880185,0.0661764705882353,0.02304147465437788,0.03676470588235294
漯河,2017,245,164,0.3510204081632653,0.524390243902439,0.0,0.0,0.0,0.0,0.15510204081632653,0.23170731707317074,0.11020408163265306,0.16463414634146342,0.0326530612244898,0.04878048780487805,0.02040816326530612,0.03048780487804878
漯河,2018,305,187,0.40327868852459015,0.6577540106951871,0.0,0.0,0.0,0.0,0.022950819672131147,0.0374331550802139,0.14098360655737704,0.22994652406417113,0.04590163934426229,0.0748663101604278,0.0,0.0
漯河,2019,374,196,0.29411764705882354,0.5612244897959183,0.0,0.0,0.029411764705882353,0.05612244897959184,0.0,0.0,0.15508021390374332,0.29591836734693877,0.029411764705882353,0.05612244897959184,0.016042780748663103,0.030612244897959183
漯河,2020,437,221,0.2906178489702517,0.5746606334841629,0.0,0.0,0.05263157894736842,0.10407239819004525,0.029748283752860413,0.058823529411764705,0.07780320366132723,0.15384615384615385,0.016018306636155607,0.03167420814479638,0.038901601830663615,0.07692307692307693
漯河,2021,475,243,0.2463157894736842,0.48148148148148145,0.0,0.0,0.11368421052631579,0.2222222222222222,0.008421052631578947,0.01646090534979424,0.09473684210526316,0.18518518518518517,0.0,0.0,0.04842105263157895,0.09465020576131687
漯河,2022,418,174,0.13636363636363635,0.3275862068965517,0.0,0.0,0.16267942583732056,0.39080459770114945,0.0215311004784689,0.05172413793103448,0.05502392344497608,0.13218390804597702,0.009569377990430622,0.022988505747126436,0.03110047846889952,0.07471264367816093
漯河,2023,426,184,0.27699530516431925,0.6413043478260869,0.0,0.0,0.0539906103286385,0.125,0.0,0.0,0.06103286384976526,0.14130434782608695,0.03990610328638498,0.09239130434782608,0.0,0.0
漳州,2008,103,66,0.34951456310679613,0.5454545454545454,0.0,0.0,0.0,0.0,0.2912621359223301,0.45454545454545453,0.0,0.0,0.0,0.0,0.0,0.0
漳州,2009,151,79,0.25165562913907286,0.4810126582278481,0.0,0.0,0.0,0.0,0.24503311258278146,0.46835443037974683,0.0,0.0,0.0,0.0,0.026490066225165563,0.05063291139240506
漳州,2010,184,86,0.358695652173913,0.7674418604651163,0.0,0.0,0.0,0.0,0.10869565217391304,0.23255813953488372,0.0,0.0,0.0,0.0,0.0,0.0
漳州,2011,317,185,0.5331230283911672,0.9135135135135135,0.0,0.0,0.0,0.0,0.050473186119873815,0.08648648648648649,0.0,0.0,0.0,0.0,0.0,0.0
漳州,2012,298,124,0.32550335570469796,0.782258064516129,0.0,0.0,0.0,0.0,0.040268456375838924,0.0967741935483871,0.0,0.0,0.0,0.0,0.050335570469798654,0.12096774193548387
漳州,2013,435,183,0.3425287356321839,0.8142076502732241,0.0,0.0,0.0,0.0,0.011494252873563218,0.0273224043715847,0.0,0.0,0.0,0.0,0.06666666666666667,0.15846994535519127
漳州,2014,496,211,0.3387096774193548,0.7962085308056872,0.0,0.0,0.0,0.0,0.02620967741935484,0.061611374407582936,0.0,0.0,0.018145161290322582,0.04265402843601896,0.04233870967741935,0.0995260663507109
漳州,2015,679,320,0.4108983799705449,0.871875,0.0,0.0,0.0,0.0,0.0,0.0,0.0,0.0,0.010309278350515464,0.021875,0.050073637702503684,0.10625
漳州,2016,1284,504,0.19003115264797507,0.48412698412698413,0.0,0.0,0.0,0.0,0.13473520249221183,0.34325396825396826,0.0,0.0,0.0,0.0,0.06775700934579439,0.17261904761904762
漳州,2017,1429,631,0.2470258922323303,0.5594294770206022,0.0,0.0,0.0,0.0,0.04548635409377187,0.10301109350237718,0.0,0.0,0.012596221133659902,0.028526148969889066,0.1364590622813156,0.3090332805071315
漳州,2018,1997,676,0.21331997996995494,0.6301775147928994,0.0,0.0,0.0,0.0,0.00801201802704056,0.023668639053254437,0.0,0.0,0.012518778167250876,0.03698224852071006,0.10465698547821732,0.3091715976331361
漳州,2019,1717,672,0.163075131042516,0.4166666666666667,0.0,0.0,0.0,0.0,0.0337798485730926,0.08630952380952381,0.0,0.0,0.006988934187536401,0.017857142857142856,0.1875364006988934,0.4791666666666667
漳州,2020,2049,561,0.232796486090776,0.8502673796791443,0.0,0.0,0.0,0.0,0.010736944851146901,0.0392156862745098,0.0,0.0,0.0,0.0,0.030258662762323085,0.11051693404634581
漳州,2021,1888,532,0.2245762711864407,0.7969924812030075,0.0,0.0,0.01059322033898305,0.03759398496240601,0.0,0.0,0.0,0.0,0.0,0.0,0.046610169491525424,0.16541353383458646
漳州,2022,1539,465,0.22871994801819362,0.7569892473118279,0.0,0.0,0.0,0.0,0.0,0.0,0.0,0.0,0.0,0.0,0.07342430149447693,0.24301075268817204
漳州,2023,1527,492,0.25212835625409297,0.782520325203252,0.0,0.0,0.01309757694826457,0.04065040650406504,0.0,0.0,0.0,0.0,0.0,0.0,0.05697445972495088,0.17682926829268292
潍坊,2008,521,155,0.12859884836852206,0.432258064516129,0.0,0.0,0.0,0.0,0.15738963531669867,0.5290322580645161,0.0,0.0,0.0,0.0,0.011516314779270634,0.03870967741935484
潍坊,2009,493,140,0.23529411764705882,0.8285714285714286,0.0,0.0,0.0,0.0,0.04056795131845842,0.14285714285714285,0.0,0.0,0.0,0.0,0.008113590263691683,0.02857142857142857
潍坊,2010,619,221,0.3570274636510501,1.0,0.0,0.0,0.0,0.0,0.0,0.0,0.0,0.0,0.0,0.0,0.0,0.0
潍坊,2011,1114,439,0.3644524236983842,0.9248291571753986,0.0,0.0,0.0,0.0,0.0,0.0,0.0,0.0,0.0,0.0,0.0296229802513465,0.07517084282460136
潍坊,2012,1849,610,0.29150892374256354,0.8836065573770492,0.0,0.0,0.0,0.0,0.018929150892374257,0.05737704918032787,0.0,0.0,0.0,0.0,0.019469983775013522,0.05901639344262295
潍坊,2013,3237,744,0.18443002780352177,0.8024193548387096,0.0,0.0,0.0,0.0,0.021316033364226137,0.09274193548387097,0.0,0.0,0.0,0.0,0.024096385542168676,0.10483870967741936
潍坊,2014,3366,856,0.22073677956030896,0.8679906542056075,0.0,0.0,0.0,0.0,0.010101010101010102,0.0397196261682243,0.0,0.0,0.0,0.0,0.023469994058229353,0.09228971962616822
潍坊,2015,4834,1948,0.29271824575920563,0.7263860369609856,0.0,0.0,0.0,0.0,0.06371534960695077,0.15811088295687886,0.0,0.0,0.00848158874637981,0.02104722792607803,0.03806371534960695,0.0944558521560575
潍坊,2016,6191,2387,0.31012760458730415,0.8043569333891915,0.0,0.0,0.0,0.0,0.04038119851397189,0.10473397570171764,0.0,0.0,0.0,0.0,0.035050880310127604,0.09090909090909091
潍坊,2017,6066,2169,0.32558522914606003,0.9105578607653296,0.0,0.0,0.0,0.0,0.0,0.0,0.0,0.0,0.0,0.0,0.03198153643257501,0.08944213923467036
潍坊,2018,7174,2309,0.2610816838583775,0.8111736682546556,0.0,0.0,0.0,0.0,0.0,0.0,0.0,0.0,0.0,0.0,0.06077502090883747,0.1888263317453443
潍坊,2019,6325,2539,0.33233201581027666,0.8278849940921623,0.0,0.0,0.0,0.0,0.0,0.0,0.0,0.0,0.0,0.0,0.06909090909090909,0.17211500590783774
潍坊,2020,7426,2601,0.2663614328036628,0.760476739715494,0.0,0.0,0.004443845946673849,0.012687427912341407,0.0,0.0,0.0,0.0,0.0,0.0,0.07945057904659306,0.22683583237216456
潍坊,2021,7707,2979,0.3062151291034125,0.792212151728768,0.0,0.0,0.004671078240560529,0.012084592145015106,0.0,0.0,0.008433891267678734,0.02181940248405505,0.0,0.0,0.06721162579473206,0.1738838536421618
潍坊,2022,8734,4036,0.3765743073047859,0.8149157581764123,0.0,0.0,0.016487291046485,0.035678889990089196,0.0,0.0,0.0068697046027020835,0.014866204162537165,0.0,0.0,0.06217082665445386,0.13453914767096134
潍坊,2023,9607,3927,0.36619131883001976,0.8958492487904253,0.0,0.0,0.01259498282502342,0.03081232492997199,0.0,0.0,0.0,0.0,0.0,0.0,0.02997814093889872,0.07333842627960276
潜江,2008,12,12,0.5,0.5,0.0,0.0,0.0,0.0,0.5,0.5,0.0,0.0,0.0,0.0,0.0,0.0
潜江,2009,22,22,0.3181818181818182,0.3181818181818182,0.0,0.0,0.0,0.0,0.6363636363636364,0.6363636363636364,0.045454545454545456,0.045454545454545456,0.0,0.0,0.0,0.0
潜江,2010,31,31,0.6129032258064516,0.6129032258064516,0.0,0.0,0.0,0.0,0.2903225806451613,0.2903225806451613,0.0967741935483871,0.0967741935483871,0.0,0.0,0.0,0.0
潜江,2011,15,15,0.3333333333333333,0.3333333333333333,0.0,0.0,0.0,0.0,0.6666666666666666,0.6666666666666666,0.0,0.0,0.0,0.0,0.0,0.0
潜江,2012,27,27,0.5555555555555556,0.5555555555555556,0.0,0.0,0.0,0.0,0.37037037037037035,0.37037037037037035,0.0,0.0,0.07407407407407407,0.07407407407407407,0.0,0.0
潜江,2013,36,35,0.5833333333333334,0.6,0.0,0.0,0.0,0.0,0.3611111111111111,0.37142857142857144,0.0,0.0,0.027777777777777776,0.02857142857142857,0.0,0.0
潜江,2014,34,33,0.5294117647058824,0.5454545454545454,0.0,0.0,0.0,0.0,0.4411764705882353,0.45454545454545453,0.0,0.0,0.0,0.0,0.0,0.0
潜江,2015,64,44,0.453125,0.6590909090909091,0.0,0.0,0.0,0.0,0.234375,0.3409090909090909,0.0,0.0,0.0,0.0,0.0,0.0
潜江,2016,299,247,0.5719063545150501,0.6923076923076923,0.0,0.0,0.0,0.0,0.14046822742474915,0.1700404858299595,0.11371237458193979,0.13765182186234817,0.0,0.0,0.0,0.0
潜江,2017,406,354,0.6847290640394089,0.7853107344632768,0.0,0.0,0.0,0.0,0.1625615763546798,0.1864406779661017,0.024630541871921183,0.02824858757062147,0.0,0.0,0.0,0.0
潜江,2018,105,65,0.47619047619047616,0.7692307692307693,0.0,0.0,0.0,0.0,0.14285714285714285,0.23076923076923078,0.0,0.0,0.0,0.0,0.0,0.0
潜江,2019,93,65,0.4946236559139785,0.7076923076923077,0.0,0.0,0.0,0.0,0.20430107526881722,0.2923076923076923,0.0,0.0,0.0,0.0,0.0,0.0
潜江,2020,130,82,0.33076923076923076,0.524390243902439,0.0,0.0,0.0,0.0,0.3,0.47560975609756095,0.0,0.0,0.0,0.0,0.0,0.0
潜江,2021,132,65,0.2878787878787879,0.5846153846153846,0.0,0.0,0.0,0.0,0.20454545454545456,0.4153846153846154,0.0,0.0,0.0,0.0,0.0,0.0
潜江,2022,118,75,0.6186440677966102,0.9733333333333334,0.0,0.0,0.0,0.0,0.01694915254237288,0.02666666666666667,0.0,0.0,0.0,0.0,0.0,0.0
潜江,2023,146,83,0.5684931506849316,1.0,0.0,0.0,0.0,0.0,0.0,0.0,0.0,0.0,0.0,0.0,0.0,0.0
潮州,2008,70,42,0.3,0.5,0.0,0.0,0.0,0.0,0.3,0.5,0.0,0.0,0.0,0.0,0.0,0.0
潮州,2009,87,39,0.11494252873563218,0.2564102564102564,0.0,0.0,0.0,0.0,0.25287356321839083,0.5641025641025641,0.0,0.0,0.0,0.0,0.08045977011494253,0.1794871794871795
潮州,2010,87,47,0.10344827586206896,0.19148936170212766,0.0,0.0,0.0,0.0,0.367816091954023,0.6808510638297872,0.0,0.0,0.0,0.0,0.06896551724137931,0.1276595744680851
潮州,2011,263,151,0.1634980988593156,0.2847682119205298,0.0,0.0,0.0,0.0,0.41064638783269963,0.7152317880794702,0.0,0.0,0.0,0.0,0.0,0.0
潮州,2012,237,125,0.3291139240506329,0.624,0.0,0.0,0.0,0.0,0.14767932489451477,0.28,0.0,0.0,0.0,0.0,0.05063291139240506,0.096
潮州,2013,363,198,0.07162534435261708,0.13131313131313133,0.0,0.0,0.0,0.0,0.44352617079889806,0.8131313131313131,0.0,0.0,0.0,0.0,0.030303030303030304,0.05555555555555555
潮州,2014,227,127,0.1894273127753304,0.33858267716535434,0.0,0.0,0.0,0.0,0.3436123348017621,0.6141732283464567,0.0,0.0,0.0,0.0,0.02643171806167401,0.047244094488188976
潮州,2015,207,124,0.2946859903381642,0.49193548387096775,0.0,0.0,0.0,0.0,0.1642512077294686,0.27419354838709675,0.024154589371980676,0.04032258064516129,0.0,0.0,0.11594202898550725,0.1935483870967742
潮州,2016,307,173,0.19218241042345277,0.34104046242774566,0.0,0.0,0.0,0.0,0.31921824104234525,0.5664739884393064,0.0,0.0,0.0,0.0,0.05211726384364821,0.09248554913294797
潮州,2017,447,267,0.116331096196868,0.1947565543071161,0.0,0.0,0.0,0.0,0.46756152125279643,0.7827715355805244,0.0,0.0,0.0,0.0,0.013422818791946308,0.02247191011235955
潮州,2018,598,295,0.06521739130434782,0.13220338983050847,0.0,0.0,0.0,0.0,0.4280936454849498,0.8677966101694915,0.0,0.0,0.0,0.0,0.0,0.0
潮州,2019,295,159,0.3694915254237288,0.6855345911949685,0.0,0.0,0.0,0.0,0.013559322033898305,0.025157232704402517,0.0,0.0,0.0,0.0,0.15593220338983052,0.2893081761006289
潮州,2020,537,241,0.21973929236499068,0.4896265560165975,0.0,0.0,0.0,0.0,0.11359404096834265,0.25311203319502074,0.0,0.0,0.0,0.0,0.1154562383612663,0.2572614107883817
潮州,2021,390,162,0.28717948717948716,0.691358024691358,0.0,0.0,0.0,0.0,0.028205128205128206,0.06790123456790123,0.0,0.0,0.020512820512820513,0.04938271604938271,0.07948717948717948,0.19135802469135801
潮州,2022,401,189,0.36159600997506236,0.7671957671957672,0.0,0.0,0.0,0.0,0.0,0.0,0.0,0.0,0.02743142144638404,0.0582010582010582,0.08229426433915212,0.1746031746031746
潮州,2023,577,289,0.36568457538994803,0.7301038062283737,0.0,0.0,0.0,0.0,0.0,0.0,0.0,0.0,0.05719237435008666,0.11418685121107267,0.0779896013864818,0.15570934256055363
澄迈,2017,1,1,1.0,1.0,0.0,0.0,0.0,0.0,0.0,0.0,0.0,0.0,0.0,0.0,0.0,0.0
澄迈,2018,4,4,0.75,0.75,0.0,0.0,0.0,0.0,0.0,0.0,0.0,0.0,0.25,0.25,0.0,0.0
澄迈,2019,2,2,1.0,1.0,0.0,0.0,0.0,0.0,0.0,0.0,0.0,0.0,0.0,0.0,0.0,0.0
澄迈,2020,15,15,1.0,1.0,0.0,0.0,0.0,0.0,0.0,0.0,0.0,0.0,0.0,0.0,0.0,0.0
澄迈,2021,51,51,0.9803921568627451,0.9803921568627451,0.0,0.0,0.0,0.0,0.0196078431372549,0.0196078431372549,0.0,0.0,0.0,0.0,0.0,0.0
澄迈,2022,74,66,0.8648648648648649,0.9696969696969697,0.0,0.0,0.0,0.0,0.0,0.0,0.0,0.0,0.02702702702702703,0.030303030303030304,0.0,0.0
澄迈,2023,152,131,0.8289473684210527,0.9618320610687023,0.0,0.0,0.013157894736842105,0.015267175572519083,0.019736842105263157,0.022900763358778626,0.0,0.0,0.0,0.0,0.0,0.0
澄迈县,2009,4,4,0.5,0.5,0.0,0.0,0.0,0.0,0.5,0.5,0.0,0.0,0.0,0.0,0.0,0.0
澄迈县,2011,9,9,1.0,1.0,0.0,0.0,0.0,0.0,0.0,0.0,0.0,0.0,0.0,0.0,0.0,0.0
澄迈县,2012,5,5,1.0,1.0,0.0,0.0,0.0,0.0,0.0,0.0,0.0,0.0,0.0,0.0,0.0,0.0
澄迈县,2013,51,51,1.0,1.0,0.0,0.0,0.0,0.0,0.0,0.0,0.0,0.0,0.0,0.0,0.0,0.0
澄迈县,2014,50,50,0.82,0.82,0.0,0.0,0.0,0.0,0.18,0.18,0.0,0.0,0.0,0.0,0.0,0.0
澄迈县,2015,39,39,0.7692307692307693,0.7692307692307693,0.0,0.0,0.0,0.0,0.23076923076923078,0.23076923076923078,0.0,0.0,0.0,0.0,0.0,0.0
澄迈县,2016,51,51,0.9411764705882353,0.9411764705882353,0.0,0.0,0.0,0.0,0.058823529411764705,0.058823529411764705,0.0,0.0,0.0,0.0,0.0,0.0
澄迈县,2017,51,51,0.8431372549019608,0.8431372549019608,0.0,0.0,0.0,0.0,0.1568627450980392,0.1568627450980392,0.0,0.0,0.0,0.0,0.0,0.0
澄迈县,2018,78,68,0.8461538461538461,0.9705882352941176,0.0,0.0,0.0,0.0,0.01282051282051282,0.014705882352941176,0.0,0.0,0.01282051282051282,0.014705882352941176,0.0,0.0
澄迈县,2019,145,123,0.8275862068965517,0.975609756097561,0.0,0.0,0.0,0.0,0.020689655172413793,0.024390243902439025,0.0,0.0,0.0,0.0,0.0,0.0
澄迈县,2020,178,135,0.7303370786516854,0.9629629629629629,0.0,0.0,0.0,0.0,0.028089887640449437,0.037037037037037035,0.0,0.0,0.0,0.0,0.0,0.0
澄迈县,2021,282,211,0.7340425531914894,0.981042654028436,0.0,0.0,0.0,0.0,0.014184397163120567,0.018957345971563982,0.0,0.0,0.0,0.0,0.0,0.0
澄迈县,2022,316,258,0.8069620253164557,0.9883720930232558,0.0,0.0,0.00949367088607595,0.011627906976744186,0.0,0.0,0.0,0.0,0.0,0.0,0.0,0.0
澄迈县,2023,228,192,0.8421052631578947,1.0,0.0,0.0,0.0,0.0,0.0,0.0,0.0,0.0,0.0,0.0,0.0,0.0
澎湖县,2023,1,1,1.0,1.0,0.0,0.0,0.0,0.0,0.0,0.0,0.0,0.0,0.0,0.0,0.0,0.0
澳门,2017,2,2,0.5,0.5,0.0,0.0,0.0,0.0,0.5,0.5,0.0,0.0,0.0,0.0,0.0,0.0
澳门,2018,5,5,0.0,0.0,0.0,0.0,0.0,0.0,0.0,0.0,0.0,0.0,0.0,0.0,1.0,1.0
澳门,2019,3,3,0.3333333333333333,0.3333333333333333,0.0,0.0,0.0,0.0,0.0,0.0,0.0,0.0,0.0,0.0,0.6666666666666666,0.6666666666666666
澳门,2020,4,4,0.0,0.0,0.0,0.0,0.0,0.0,0.0,0.0,0.0,0.0,0.0,0.0,1.0,1.0
澳门,2021,60,60,0.11666666666666667,0.11666666666666667,0.0,0.0,0.0,0.0,0.03333333333333333,0.03333333333333333,0.0,0.0,0.0,0.0,0.85,0.85
澳门,2022,57,57,0.12280701754385964,0.12280701754385964,0.0,0.0,0.0,0.0,0.0,0.0,0.0,0.0,0.12280701754385964,0.12280701754385964,0.7543859649122807,0.7543859649122807
澳门,2023,86,86,0.046511627906976744,0.046511627906976744,0.0,0.0,0.0,0.0,0.023255813953488372,0.023255813953488372,0.0,0.0,0.05813953488372093,0.05813953488372093,0.872093023255814,0.872093023255814
澳门特别行政区,2008,6,6,0.16666666666666666,0.16666666666666666,0.0,0.0,0.0,0.0,0.5,0.5,0.0,0.0,0.0,0.0,0.3333333333333333,0.3333333333333333
澳门特别行政区,2009,19,19,0.15789473684210525,0.15789473684210525,0.0,0.0,0.0,0.0,0.5263157894736842,0.5263157894736842,0.0,0.0,0.0,0.0,0.3157894736842105,0.3157894736842105
澳门特别行政区,2010,13,13,0.15384615384615385,0.15384615384615385,0.0,0.0,0.0,0.0,0.46153846153846156,0.46153846153846156,0.0,0.0,0.0,0.0,0.38461538461538464,0.38461538461538464
澳门特别行政区,2011,21,21,0.09523809523809523,0.09523809523809523,0.0,0.0,0.0,0.0,0.38095238095238093,0.38095238095238093,0.14285714285714285,0.14285714285714285,0.0,0.0,0.38095238095238093,0.38095238095238093
澳门特别行政区,2012,31,31,0.06451612903225806,0.06451612903225806,0.0,0.0,0.0,0.0,0.41935483870967744,0.41935483870967744,0.03225806451612903,0.03225806451612903,0.0,0.0,0.4838709677419355,0.4838709677419355
澳门特别行政区,2013,62,62,0.8387096774193549,0.8387096774193549,0.0,0.0,0.0,0.0,0.14516129032258066,0.14516129032258066,0.0,0.0,0.0,0.0,0.016129032258064516,0.016129032258064516
澳门特别行政区,2014,40,40,0.8,0.8,0.0,0.0,0.025,0.025,0.1,0.1,0.0,0.0,0.0,0.0,0.075,0.075
澳门特别行政区,2015,29,29,0.5862068965517241,0.5862068965517241,0.0,0.0,0.0,0.0,0.2413793103448276,0.2413793103448276,0.0,0.0,0.0,0.0,0.1724137931034483,0.1724137931034483
澳门特别行政区,2016,56,55,0.625,0.6363636363636364,0.0,0.0,0.0,0.0,0.21428571428571427,0.21818181818181817,0.0,0.0,0.0,0.0,0.14285714285714285,0.14545454545454545
澳门特别行政区,2017,120,120,0.7083333333333334,0.7083333333333334,0.0,0.0,0.0,0.0,0.10833333333333334,0.10833333333333334,0.025,0.025,0.0,0.0,0.15833333333333333,0.15833333333333333
澳门特别行政区,2018,105,105,0.5142857142857142,0.5142857142857142,0.0,0.0,0.0,0.0,0.10476190476190476,0.10476190476190476,0.047619047619047616,0.047619047619047616,0.0,0.0,0.3333333333333333,0.3333333333333333
澳门特别行政区,2019,95,91,0.42105263157894735,0.43956043956043955,0.0,0.0,0.0,0.0,0.11578947368421053,0.12087912087912088,0.010526315789473684,0.01098901098901099,0.0,0.0,0.4105263157894737,0.42857142857142855
澳门特别行政区,2020,68,68,0.22058823529411764,0.22058823529411764,0.0,0.0,0.0,0.0,0.1323529411764706,0.1323529411764706,0.0,0.0,0.0,0.0,0.6470588235294118,0.6470588235294118
澳门特别行政区,2021,143,142,0.08391608391608392,0.08450704225352113,0.0,0.0,0.0,0.0,0.1048951048951049,0.1056338028169014,0.0,0.0,0.0,0.0,0.8041958041958042,0.8098591549295775
澳门特别行政区,2022,115,115,0.1391304347826087,0.1391304347826087,0.0,0.0,0.0,0.0,0.06086956521739131,0.06086956521739131,0.0,0.0,0.0,0.0,0.8,0.8
澳门特别行政区,2023,130,130,0.046153846153846156,0.046153846153846156,0.0,0.0,0.0,0.0,0.08461538461538462,0.08461538461538462,0.0,0.0,0.0,0.0,0.8692307692307693,0.8692307692307693
濮阳,2008,157,90,0.2802547770700637,0.4888888888888889,0.0,0.0,0.0,0.0,0.2929936305732484,0.5111111111111111,0.0,0.0,0.0,0.0,0.0,0.0
濮阳,2009,127,63,0.25196850393700787,0.5079365079365079,0.0,0.0,0.0,0.0,0.2440944881889764,0.49206349206349204,0.0,0.0,0.0,0.0,0.0,0.0
濮阳,2010,209,103,0.4258373205741627,0.8640776699029126,0.0,0.0,0.0,0.0,0.06698564593301436,0.13592233009708737,0.0,0.0,0.0,0.0,0.0,0.0
濮阳,2011,169,84,0.3136094674556213,0.6309523809523809,0.0,0.0,0.0,0.0,0.17159763313609466,0.34523809523809523,0.0,0.0,0.011834319526627219,0.023809523809523808,0.0,0.0
濮阳,2012,187,84,0.25668449197860965,0.5714285714285714,0.0,0.0,0.0,0.0,0.1925133689839572,0.42857142857142855,0.0,0.0,0.0,0.0,0.0,0.0
濮阳,2013,187,90,0.2994652406417112,0.6222222222222222,0.0,0.0,0.0,0.0,0.18181818181818182,0.37777777777777777,0.0,0.0,0.0,0.0,0.0,0.0
濮阳,2014,283,125,0.34275618374558303,0.776,0.0,0.0,0.0,0.0,0.08480565371024736,0.192,0.0,0.0,0.0,0.0,0.014134275618374558,0.032
濮阳,2015,262,99,0.2748091603053435,0.7272727272727273,0.0,0.0,0.0,0.0,0.10305343511450382,0.2727272727272727,0.0,0.0,0.0,0.0,0.0,0.0
濮阳,2016,305,119,0.3344262295081967,0.8571428571428571,0.0,0.0,0.0,0.0,0.03934426229508197,0.10084033613445378,0.0,0.0,0.01639344262295082,0.04201680672268908,0.0,0.0
濮阳,2017,333,152,0.3783783783783784,0.8289473684210527,0.0,0.0,0.0,0.0,0.024024024024024024,0.05263157894736842,0.0,0.0,0.03303303303303303,0.07236842105263158,0.021021021021021023,0.046052631578947366
濮阳,2018,560,201,0.32857142857142857,0.9154228855721394,0.0,0.0,0.0,0.0,0.0,0.0,0.0,0.0,0.010714285714285714,0.029850746268656716,0.019642857142857142,0.05472636815920398
濮阳,2019,434,218,0.4216589861751152,0.8394495412844036,0.0,0.0,0.0,0.0,0.03686635944700461,0.07339449541284404,0.0,0.0,0.0,0.0,0.04377880184331797,0.0871559633027523
濮阳,2020,570,282,0.37543859649122807,0.7588652482269503,0.0,0.0,0.0,0.0,0.05263157894736842,0.10638297872340426,0.0,0.0,0.0,0.0,0.06666666666666667,0.1347517730496454
濮阳,2021,730,287,0.3013698630136986,0.7665505226480837,0.0,0.0,0.04657534246575343,0.11846689895470383,0.0,0.0,0.009589041095890411,0.024390243902439025,0.0,0.0,0.03561643835616438,0.09059233449477352
濮阳,2022,835,335,0.2898203592814371,0.7223880597014926,0.0,0.0,0.06946107784431138,0.17313432835820897,0.0,0.0,0.0,0.0,0.0,0.0,0.041916167664670656,0.1044776119402985
濮阳,2023,818,405,0.45354523227383864,0.9160493827160494,0.0,0.0,0.0,0.0,0.0,0.0,0.0,0.0,0.0,0.0,0.04156479217603912,0.08395061728395062
烟台,2008,1087,276,0.028518859245630176,0.11231884057971014,0.0,0.0,0.0,0.0,0.17847286108555657,0.7028985507246377,0.0,0.0,0.017479300827966882,0.06884057971014493,0.029438822447102116,0.11594202898550725
烟台,2009,1211,332,0.08422791081750619,0.3072289156626506,0.0,0.0,0.0,0.0,0.14285714285714285,0.5210843373493976,0.0,0.0,0.02559867877786953,0.09337349397590361,0.021469859620148638,0.0783132530120482
烟台,2010,1639,487,0.12751677852348994,0.42915811088295686,0.0,0.0,0.0,0.0,0.10982306284319707,0.36960985626283366,0.0,0.0,0.01464307504575961,0.049281314168377825,0.04514948139109213,0.15195071868583163
烟台,2011,1906,592,0.12749213011542498,0.41047297297297297,0.0,0.0,0.0,0.0,0.1012591815320042,0.3260135135135135,0.0,0.0,0.015215110178384051,0.048986486486486486,0.06663168940188877,0.21452702702702703
烟台,2012,2785,976,0.11202872531418312,0.319672131147541,0.0,0.0,0.0,0.0,0.17953321364452424,0.5122950819672131,0.0,0.0,0.017235188509874325,0.04918032786885246,0.04165170556552962,0.11885245901639344
烟台,2013,3703,922,0.12800432082095597,0.5140997830802603,0.0,0.0,0.0,0.0,0.06049149338374291,0.24295010845986983,0.0,0.0,0.024844720496894408,0.09978308026030369,0.035646772886848505,0.14316702819956617
烟台,2014,3315,971,0.07933634992458521,0.2708547888774459,0.0,0.0,0.0,0.0,0.14358974358974358,0.490216271884655,0.0,0.0,0.015384615384615385,0.05252317198764161,0.05460030165912519,0.18640576725025745
烟台,2015,3954,1275,0.08244815376833586,0.2556862745098039,0.0,0.0,0.0,0.0,0.16995447647951442,0.5270588235294118,0.0,0.0,0.020991401112797167,0.06509803921568627,0.049064238745574106,0.15215686274509804
烟台,2016,4543,1568,0.2168170812238609,0.6281887755102041,0.0,0.0,0.0,0.0,0.04930662557781202,0.14285714285714285,0.0,0.0,0.01100594320933304,0.03188775510204082,0.06801672903367818,0.19706632653061223
烟台,2017,4949,1495,0.18549201858961406,0.6140468227424749,0.0,0.0,0.0,0.0,0.008890684986866033,0.0294314381270903,0.0,0.0,0.02323701757930895,0.07692307692307693,0.08446150737522731,0.27959866220735785
烟台,2018,4884,1608,0.16646191646191646,0.5055970149253731,0.0,0.0,0.0,0.0,0.0,0.0,0.0,0.0,0.030507780507780507,0.09266169154228855,0.13226863226863228,0.4017412935323383
烟台,2019,4785,1748,0.17366771159874608,0.4754004576659039,0.0,0.0,0.0,0.0,0.0,0.0,0.0,0.0,0.031556948798328106,0.08638443935926773,0.16008359456635318,0.43821510297482835
烟台,2020,6653,2292,0.1552683000150308,0.45069808027923214,0.0,0.0,0.0,0.0,0.01533142943033218,0.04450261780104712,0.006012325266796933,0.017452006980802792,0.02164437096046896,0.06282722513089005,0.14624981211483543,0.4245200698080279
烟台,2021,6658,2416,0.19885851607089217,0.5480132450331126,0.0,0.0,0.005557224391709222,0.015314569536423841,0.0067587864223490534,0.018625827814569538,0.0,0.0,0.018774406728747372,0.05173841059602649,0.13292279963953138,0.3663079470198676
烟台,2022,7625,3126,0.2601967213114754,0.6346769033909149,0.0,0.0,0.0,0.0,0.0,0.0,0.0,0.0,0.01337704918032787,0.03262955854126679,0.13639344262295083,0.3326935380678183
烟台,2023,9627,3671,0.2329905474187182,0.6110051757014437,0.0,0.0,0.0,0.0,0.0,0.0,0.0,0.0,0.03334372078529137,0.08744211386543176,0.11498909317544406,0.3015527104331245
焦作,2008,191,107,0.2931937172774869,0.5233644859813084,0.0,0.0,0.0,0.0,0.18324607329842932,0.32710280373831774,0.0,0.0,0.0,0.0,0.08376963350785341,0.14953271028037382
焦作,2009,252,176,0.21031746031746032,0.30113636363636365,0.007936507936507936,0.011363636363636364,0.0,0.0,0.24603174603174602,0.3522727272727273,0.0,0.0,0.0,0.0,0.23412698412698413,0.3352272727272727
焦作,2010,383,221,0.26370757180156656,0.45701357466063347,0.0,0.0,0.0,0.0,0.0783289817232376,0.13574660633484162,0.0,0.0,0.0,0.0,0.2349869451697128,0.4072398190045249
焦作,2011,485,280,0.21855670103092784,0.37857142857142856,0.0,0.0,0.0,0.0,0.05154639175257732,0.08928571428571429,0.0,0.0,0.0,0.0,0.30721649484536084,0.5321428571428571
焦作,2012,526,269,0.24334600760456274,0.4758364312267658,0.0,0.0,0.0,0.0,0.030418250950570342,0.05947955390334572,0.0,0.0,0.0,0.0,0.2376425855513308,0.4646840148698885
焦作,2013,874,513,0.19908466819221968,0.3391812865497076,0.0,0.0,0.0,0.0,0.09153318077803203,0.15594541910331383,0.005720823798627002,0.009746588693957114,0.0,0.0,0.2906178489702517,0.4951267056530214
焦作,2014,771,449,0.16601815823605706,0.28507795100222716,0.0,0.0,0.0,0.0,0.07003891050583658,0.12026726057906459,0.009079118028534372,0.015590200445434299,0.0,0.0,0.33722438391699094,0.579064587973274
焦作,2015,837,563,0.08721624850657109,0.12966252220248667,0.0,0.0,0.0,0.0,0.16248506571087215,0.24156305506216696,0.0,0.0,0.0,0.0,0.4229390681003584,0.6287744227353463
焦作,2016,1074,696,0.12011173184357542,0.1853448275862069,0.0,0.0,0.0,0.0,0.056797020484171325,0.08764367816091954,0.00931098696461825,0.014367816091954023,0.0,0.0,0.4618249534450652,0.7126436781609196
焦作,2017,1259,790,0.11199364575059571,0.17848101265822786,0.0,0.0,0.0,0.0,0.06910246227164417,0.11012658227848102,0.0,0.0,0.0,0.0,0.44638602065131056,0.7113924050632912
焦作,2018,1469,956,0.14499659632402995,0.22280334728033474,0.0,0.0,0.0,0.0,0.041524846834581346,0.06380753138075314,0.0,0.0,0.0,0.0,0.46426140231449964,0.7133891213389121
焦作,2019,1485,1012,0.14612794612794613,0.21442687747035574,0.0,0.0,0.0,0.0,0.010101010101010102,0.014822134387351778,0.0,0.0,0.0,0.0,0.5252525252525253,0.7707509881422925
焦作,2020,1740,962,0.14655172413793102,0.26507276507276506,0.0,0.0,0.005747126436781609,0.010395010395010396,0.006896551724137931,0.012474012474012475,0.00632183908045977,0.011434511434511435,0.0,0.0,0.3873563218390805,0.7006237006237006
焦作,2021,1554,857,0.15894465894465895,0.2882147024504084,0.0,0.0,0.008365508365508366,0.015169194865810968,0.0,0.0,0.010939510939510939,0.019836639439906652,0.0,0.0,0.3732303732303732,0.676779463243874
焦作,2022,1589,853,0.19383259911894274,0.36107854630715125,0.0,0.0,0.02328508495909377,0.04337631887456037,0.0,0.0,0.007551919446192574,0.01406799531066823,0.0,0.0,0.31214600377595975,0.5814771395076201
焦作,2023,1724,983,0.2488399071925754,0.43641912512716174,0.0,0.0,0.009280742459396751,0.01627670396744659,0.0,0.0,0.010440835266821345,0.018311291963377416,0.0,0.0,0.30162412993039445,0.5289928789420142
牡丹江,2008,80,42,0.15,0.2857142857142857,0.0,0.0,0.0,0.0,0.3375,0.6428571428571429,0.0,0.0,0.0125,0.023809523809523808,0.025,0.047619047619047616
牡丹江,2009,66,39,0.21212121212121213,0.358974358974359,0.0,0.0,0.0,0.0,0.3333333333333333,0.5641025641025641,0.0,0.0,0.045454545454545456,0.07692307692307693,0.0,0.0
牡丹江,2010,59,39,0.1694915254237288,0.2564102564102564,0.0,0.0,0.0,0.0,0.4915254237288136,0.7435897435897436,0.0,0.0,0.0,0.0,0.0,0.0
牡丹江,2011,86,54,0.26744186046511625,0.42592592592592593,0.0,0.0,0.0,0.0,0.3372093023255814,0.5370370370370371,0.0,0.0,0.023255813953488372,0.037037037037037035,0.0,0.0
牡丹江,2012,77,37,0.025974025974025976,0.05405405405405406,0.0,0.0,0.0,0.0,0.4025974025974026,0.8378378378378378,0.05194805194805195,0.10810810810810811,0.0,0.0,0.0,0.0
牡丹江,2013,111,61,0.3153153153153153,0.5737704918032787,0.0,0.0,0.0,0.0,0.15315315315315314,0.2786885245901639,0.0,0.0,0.0,0.0,0.08108108108108109,0.14754098360655737
牡丹江,2014,132,77,0.2803030303030303,0.4805194805194805,0.0,0.0,0.0,0.0,0.15151515151515152,0.2597402597402597,0.0,0.0,0.07575757575757576,0.12987012987012986,0.07575757575757576,0.12987012987012986
牡丹江,2015,174,83,0.1839080459770115,0.3855421686746988,0.0,0.0,0.0,0.0,0.1724137931034483,0.3614457831325301,0.0,0.0,0.040229885057471264,0.08433734939759036,0.08045977011494253,0.1686746987951807
牡丹江,2016,192,115,0.125,0.20869565217391303,0.0,0.0,0.052083333333333336,0.08695652173913043,0.28125,0.46956521739130436,0.0,0.0,0.036458333333333336,0.06086956521739131,0.10416666666666667,0.17391304347826086
牡丹江,2017,270,201,0.1037037037037037,0.13930348258706468,0.0,0.0,0.0,0.0,0.1111111111111111,0.14925373134328357,0.0,0.0,0.018518518518518517,0.024875621890547265,0.5111111111111111,0.6865671641791045
牡丹江,2018,216,128,0.2037037037037037,0.34375,0.0,0.0,0.023148148148148147,0.0390625,0.08333333333333333,0.140625,0.0,0.0,0.013888888888888888,0.0234375,0.26851851851851855,0.453125
牡丹江,2019,292,191,0.2226027397260274,0.3403141361256545,0.0,0.0,0.010273972602739725,0.015706806282722512,0.0958904109589041,0.14659685863874344,0.0,0.0,0.0,0.0,0.3253424657534247,0.4973821989528796
牡丹江,2020,271,185,0.1992619926199262,0.2918918918918919,0.0,0.0,0.025830258302583026,0.03783783783783784,0.08118081180811808,0.11891891891891893,0.0,0.0,0.04797047970479705,0.07027027027027027,0.3284132841328413,0.4810810810810811
牡丹江,2021,347,167,0.19020172910662825,0.39520958083832336,0.0,0.0,0.037463976945244955,0.07784431137724551,0.05475504322766571,0.11377245508982035,0.0,0.0,0.0,0.0,0.1988472622478386,0.41317365269461076
牡丹江,2022,258,166,0.1434108527131783,0.22289156626506024,0.0,0.0,0.031007751937984496,0.04819277108433735,0.07364341085271318,0.1144578313253012,0.03488372093023256,0.05421686746987952,0.050387596899224806,0.0783132530120482,0.31007751937984496,0.4819277108433735
牡丹江,2023,283,179,0.2508833922261484,0.39664804469273746,0.0,0.0,0.01060070671378092,0.01675977653631285,0.0,0.0,0.06713780918727916,0.10614525139664804,0.024734982332155476,0.03910614525139665,0.2791519434628975,0.441340782122905
玉林,2008,54,54,0.6296296296296297,0.6296296296296297,0.0,0.0,0.037037037037037035,0.037037037037037035,0.3333333333333333,0.3333333333333333,0.0,0.0,0.0,0.0,0.0,0.0
玉林,2009,76,65,0.5394736842105263,0.6307692307692307,0.0,0.0,0.0,0.0,0.2894736842105263,0.3384615384615385,0.0,0.0,0.0,0.0,0.02631578947368421,0.03076923076923077
玉林,2010,94,79,0.5,0.5949367088607594,0.0,0.0,0.0,0.0,0.3404255319148936,0.4050632911392405,0.0,0.0,0.0,0.0,0.0,0.0
玉林,2011,160,133,0.69375,0.8345864661654135,0.0,0.0,0.0,0.0,0.1375,0.16541353383458646,0.0,0.0,0.0,0.0,0.0,0.0
玉林,2012,390,229,0.33076923076923076,0.5633187772925764,0.0,0.0,0.0,0.0,0.17435897435897435,0.29694323144104806,0.038461538461538464,0.06550218340611354,0.0,0.0,0.04358974358974359,0.07423580786026202
玉林,2013,1223,582,0.24856909239574815,0.5223367697594502,0.0,0.0,0.0,0.0,0.22730989370400653,0.47766323024054985,0.0,0.0,0.0,0.0,0.0,0.0
玉林,2014,1601,654,0.34415990006246094,0.8425076452599388,0.0,0.0,0.0,0.0,0.05246720799500312,0.12844036697247707,0.0,0.0,0.0,0.0,0.011867582760774516,0.0290519877675841
玉林,2015,2024,776,0.24011857707509882,0.6262886597938144,0.0,0.0,0.0,0.0,0.12845849802371542,0.33505154639175255,0.0,0.0,0.0,0.0,0.014822134387351778,0.03865979381443299
玉林,2016,2026,771,0.26258637709772953,0.6900129701686122,0.0,0.0,0.0,0.0,0.10513326752221125,0.27626459143968873,0.0,0.0,0.0,0.0,0.012833168805528134,0.03372243839169909
玉林,2017,2517,1017,0.2173222089789432,0.5378564405113078,0.0,0.0,0.0,0.0,0.0723083035359555,0.17895771878072764,0.07787048073102901,0.1927236971484759,0.023837902264600714,0.058997050147492625,0.012713547874453715,0.03146509341199607
玉林,2018,1135,726,0.4960352422907489,0.7754820936639119,0.0,0.0,0.0,0.0,0.09427312775330396,0.14738292011019283,0.030837004405286344,0.048209366391184574,0.0,0.0,0.018502202643171806,0.028925619834710745
玉林,2019,920,750,0.6043478260869565,0.7413333333333333,0.0,0.0,0.0,0.0,0.0891304347826087,0.10933333333333334,0.0,0.0,0.0,0.0,0.12173913043478261,0.14933333333333335
玉林,2020,1436,1135,0.6114206128133705,0.7735682819383259,0.0,0.0,0.0,0.0,0.11142061281337047,0.14096916299559473,0.0,0.0,0.0,0.0,0.06754874651810584,0.08546255506607929
玉林,2021,1250,1000,0.7208,0.901,0.0,0.0,0.0,0.0,0.0216,0.027,0.004,0.005,0.0,0.0,0.0536,0.067
玉林,2022,917,714,0.7033805888767721,0.9033613445378151,0.0,0.0,0.0,0.0,0.0,0.0,0.0,0.0,0.0054525627044711015,0.0070028011204481795,0.0697928026172301,0.0896358543417367
玉林,2023,665,520,0.6451127819548872,0.825,0.0,0.0,0.010526315789473684,0.013461538461538462,0.010526315789473684,0.013461538461538462,0.0,0.0,0.007518796992481203,0.009615384615384616,0.10827067669172932,0.13846153846153847
玉树,2021,3,3,0.6666666666666666,0.6666666666666666,0.0,0.0,0.0,0.0,0.3333333333333333,0.3333333333333333,0.0,0.0,0.0,0.0,0.0,0.0
玉树,2023,2,2,0.0,0.0,0.0,0.0,0.5,0.5,0.5,0.5,0.0,0.0,0.0,0.0,0.0,0.0
玉树藏族自治州,2012,7,7,1.0,1.0,0.0,0.0,0.0,0.0,0.0,0.0,0.0,0.0,0.0,0.0,0.0,0.0
玉树藏族自治州,2013,6,6,0.3333333333333333,0.3333333333333333,0.0,0.0,0.0,0.0,0.6666666666666666,0.6666666666666666,0.0,0.0,0.0,0.0,0.0,0.0
玉树藏族自治州,2015,20,20,0.95,0.95,0.0,0.0,0.0,0.0,0.05,0.05,0.0,0.0,0.0,0.0,0.0,0.0
玉树藏族自治州,2016,5,5,0.8,0.8,0.0,0.0,0.0,0.0,0.2,0.2,0.0,0.0,0.0,0.0,0.0,0.0
玉树藏族自治州,2017,3,3,1.0,1.0,0.0,0.0,0.0,0.0,0.0,0.0,0.0,0.0,0.0,0.0,0.0,0.0
玉树藏族自治州,2018,7,7,0.0,0.0,0.0,0.0,0.0,0.0,1.0,1.0,0.0,0.0,0.0,0.0,0.0,0.0
玉树藏族自治州,2019,3,3,0.6666666666666666,0.6666666666666666,0.0,0.0,0.0,0.0,0.3333333333333333,0.3333333333333333,0.0,0.0,0.0,0.0,0.0,0.0
玉树藏族自治州,2020,22,22,0.09090909090909091,0.09090909090909091,0.0,0.0,0.0,0.0,0.8636363636363636,0.8636363636363636,0.045454545454545456,0.045454545454545456,0.0,0.0,0.0,0.0
玉树藏族自治州,2021,21,21,0.42857142857142855,0.42857142857142855,0.0,0.0,0.0,0.0,0.5238095238095238,0.5238095238095238,0.047619047619047616,0.047619047619047616,0.0,0.0,0.0,0.0
玉树藏族自治州,2022,9,9,0.4444444444444444,0.4444444444444444,0.0,0.0,0.0,0.0,0.5555555555555556,0.5555555555555556,0.0,0.0,0.0,0.0,0.0,0.0
玉树藏族自治州,2023,7,7,1.0,1.0,0.0,0.0,0.0,0.0,0.0,0.0,0.0,0.0,0.0,0.0,0.0,0.0
玉溪,2008,97,73,0.27835051546391754,0.3698630136986301,0.0,0.0,0.0,0.0,0.36082474226804123,0.4794520547945205,0.0,0.0,0.1134020618556701,0.1506849315068493,0.0,0.0
玉溪,2009,122,96,0.21311475409836064,0.2708333333333333,0.0,0.0,0.0,0.0,0.3360655737704918,0.4270833333333333,0.0,0.0,0.21311475409836064,0.2708333333333333,0.02459016393442623,0.03125
玉溪,2010,207,183,0.6811594202898551,0.7704918032786885,0.0,0.0,0.0,0.0,0.06280193236714976,0.07103825136612021,0.01932367149758454,0.02185792349726776,0.12077294685990338,0.1366120218579235,0.0,0.0
玉溪,2011,174,143,0.6666666666666666,0.8111888111888111,0.0,0.0,0.0,0.0,0.040229885057471264,0.04895104895104895,0.0,0.0,0.11494252873563218,0.13986013986013987,0.0,0.0
玉溪,2012,202,149,0.5099009900990099,0.6912751677852349,0.0,0.0,0.0,0.0,0.13366336633663367,0.18120805369127516,0.0,0.0,0.09405940594059406,0.12751677852348994,0.0,0.0
玉溪,2013,259,186,0.6177606177606177,0.8602150537634409,0.0,0.0,0.0,0.0,0.05019305019305019,0.06989247311827956,0.0,0.0,0.02702702702702703,0.03763440860215054,0.023166023166023165,0.03225806451612903
玉溪,2014,243,178,0.5637860082304527,0.7696629213483146,0.0,0.0,0.0,0.0,0.14814814814814814,0.20224719101123595,0.0,0.0,0.0,0.0,0.0205761316872428,0.028089887640449437
玉溪,2015,312,223,0.5384615384615384,0.7533632286995515,0.0,0.0,0.0,0.0,0.1762820512820513,0.24663677130044842,0.0,0.0,0.0,0.0,0.0,0.0
玉溪,2016,318,190,0.4716981132075472,0.7894736842105263,0.0,0.0,0.0,0.0,0.11006289308176101,0.18421052631578946,0.0,0.0,0.0,0.0,0.015723270440251572,0.02631578947368421
玉溪,2017,434,300,0.5460829493087558,0.79,0.0,0.0,0.0,0.0,0.07373271889400922,0.10666666666666667,0.027649769585253458,0.04,0.020737327188940093,0.03,0.02304147465437788,0.03333333333333333
玉溪,2018,473,321,0.5750528541226215,0.8473520249221184,0.0,0.0,0.0,0.0,0.06976744186046512,0.102803738317757,0.0,0.0,0.016913319238900635,0.024922118380062305,0.016913319238900635,0.024922118380062305
玉溪,2019,365,245,0.5780821917808219,0.8612244897959184,0.0,0.0,0.0,0.0,0.07397260273972603,0.11020408163265306,0.0,0.0,0.0,0.0,0.019178082191780823,0.02857142857142857
玉溪,2020,443,229,0.48758465011286684,0.9432314410480349,0.0,0.0,0.0,0.0,0.0,0.0,0.0,0.0,0.0,0.0,0.029345372460496615,0.056768558951965066
玉溪,2021,469,261,0.5138592750533049,0.9233716475095786,0.0,0.0,0.010660980810234541,0.019157088122605363,0.031982942430703626,0.05747126436781609,0.0,0.0,0.0,0.0,0.0,0.0
玉溪,2022,467,313,0.6167023554603854,0.9201277955271565,0.0,0.0,0.0,0.0,0.017130620985010708,0.025559105431309903,0.0,0.0,0.0,0.0,0.03640256959314775,0.054313099041533544
玉溪,2023,576,419,0.671875,0.9236276849642004,0.0,0.0,0.008680555555555556,0.011933174224343675,0.0,0.0,0.0,0.0,0.017361111111111112,0.02386634844868735,0.029513888888888888,0.0405727923627685
珠海,2008,458,246,0.5,0.9308943089430894,0.0,0.0,0.0,0.0,0.03711790393013101,0.06910569105691057,0.0,0.0,0.0,0.0,0.0,0.0
珠海,2009,594,275,0.4074074074074074,0.88,0.0,0.0,0.0,0.0,0.04713804713804714,0.10181818181818182,0.008417508417508417,0.01818181818181818,0.0,0.0,0.0,0.0
珠海,2010,796,412,0.5037688442211056,0.9733009708737864,0.0,0.0,0.0,0.0,0.007537688442211055,0.014563106796116505,0.00628140703517588,0.012135922330097087,0.0,0.0,0.0,0.0
珠海,2011,1392,690,0.4892241379310345,0.9869565217391304,0.0,0.0,0.0,0.0,0.00646551724137931,0.013043478260869565,0.0,0.0,0.0,0.0,0.0,0.0
珠海,2012,2115,1420,0.6638297872340425,0.9887323943661972,0.0,0.0,0.0,0.0,0.0,0.0,0.0,0.0,0.0,0.0,0.007565011820330969,0.011267605633802818
珠海,2013,2719,1777,0.6535490989334314,1.0,0.0,0.0,0.0,0.0,0.0,0.0,0.0,0.0,0.0,0.0,0.0,0.0
珠海,2014,3081,2125,0.6897111327491074,1.0,0.0,0.0,0.0,0.0,0.0,0.0,0.0,0.0,0.0,0.0,0.0,0.0
珠海,2015,4353,3049,0.6905582356995176,0.9858970154148902,0.0,0.0,0.0,0.0,0.005743165632896853,0.008199409642505739,0.0,0.0,0.0,0.0,0.004135079255685734,0.005903574942604133
珠海,2016,7363,5409,0.7346190411517045,1.0,0.0,0.0,0.0,0.0,0.0,0.0,0.0,0.0,0.0,0.0,0.0,0.0
珠海,2017,9414,5942,0.6273635011684725,0.993941433860653,0.0,0.0,0.0,0.0,0.0,0.0,0.0,0.0,0.0,0.0,0.0038240917782026767,0.006058566139347021
珠海,2018,14789,9658,0.6530529447562378,1.0,0.0,0.0,0.0,0.0,0.0,0.0,0.0,0.0,0.0,0.0,0.0,0.0
珠海,2019,17428,11105,0.6371930227220565,1.0,0.0,0.0,0.0,0.0,0.0,0.0,0.0,0.0,0.0,0.0,0.0,0.0
珠海,2020,18143,11831,0.6520972275808852,1.0,0.0,0.0,0.0,0.0,0.0,0.0,0.0,0.0,0.0,0.0,0.0,0.0
珠海,2021,17909,11406,0.6368864816572672,1.0,0.0,0.0,0.0,0.0,0.0,0.0,0.0,0.0,0.0,0.0,0.0,0.0
珠海,2022,16213,9739,0.5969283907975081,0.9937365232570079,0.0037624128785542464,0.006263476742992094,0.0,0.0,0.0,0.0,0.0,0.0,0.0,0.0,0.0,0.0
珠海,2023,17081,9513,0.5569346057022423,1.0,0.0,0.0,0.0,0.0,0.0,0.0,0.0,0.0,0.0,0.0,0.0,0.0
琼中,2020,1,1,1.0,1.0,0.0,0.0,0.0,0.0,0.0,0.0,0.0,0.0,0.0,0.0,0.0,0.0
琼中,2021,1,1,1.0,1.0,0.0,0.0,0.0,0.0,0.0,0.0,0.0,0.0,0.0,0.0,0.0,0.0
琼中,2022,2,2,0.5,0.5,0.0,0.0,0.0,0.0,0.5,0.5,0.0,0.0,0.0,0.0,0.0,0.0
琼中,2023,5,5,1.0,1.0,0.0,0.0,0.0,0.0,0.0,0.0,0.0,0.0,0.0,0.0,0.0,0.0
琼中黎族苗族自治县,2013,2,2,0.5,0.5,0.0,0.0,0.0,0.0,0.5,0.5,0.0,0.0,0.0,0.0,0.0,0.0
琼中黎族苗族自治县,2015,1,1,1.0,1.0,0.0,0.0,0.0,0.0,0.0,0.0,0.0,0.0,0.0,0.0,0.0,0.0
琼中黎族苗族自治县,2017,9,9,0.4444444444444444,0.4444444444444444,0.0,0.0,0.0,0.0,0.5555555555555556,0.5555555555555556,0.0,0.0,0.0,0.0,0.0,0.0
琼中黎族苗族自治县,2018,1,1,0.0,0.0,0.0,0.0,0.0,0.0,1.0,1.0,0.0,0.0,0.0,0.0,0.0,0.0
琼中黎族苗族自治县,2019,8,8,0.25,0.25,0.0,0.0,0.0,0.0,0.75,0.75,0.0,0.0,0.0,0.0,0.0,0.0
琼中黎族苗族自治县,2020,23,23,0.4782608695652174,0.4782608695652174,0.0,0.0,0.0,0.0,0.5217391304347826,0.5217391304347826,0.0,0.0,0.0,0.0,0.0,0.0
琼中黎族苗族自治县,2021,21,21,0.42857142857142855,0.42857142857142855,0.0,0.0,0.0,0.0,0.42857142857142855,0.42857142857142855,0.0,0.0,0.14285714285714285,0.14285714285714285,0.0,0.0
琼中黎族苗族自治县,2022,8,8,0.625,0.625,0.0,0.0,0.0,0.0,0.375,0.375,0.0,0.0,0.0,0.0,0.0,0.0
琼中黎族苗族自治县,2023,3,3,1.0,1.0,0.0,0.0,0.0,0.0,0.0,0.0,0.0,0.0,0.0,0.0,0.0,0.0
琼海,2008,5,5,0.0,0.0,0.0,0.0,0.0,0.0,0.4,0.4,0.0,0.0,0.6,0.6,0.0,0.0
琼海,2009,1,1,0.0,0.0,0.0,0.0,0.0,0.0,0.0,0.0,0.0,0.0,1.0,1.0,0.0,0.0
琼海,2010,1,1,0.0,0.0,0.0,0.0,0.0,0.0,1.0,1.0,0.0,0.0,0.0,0.0,0.0,0.0
琼海,2011,7,7,0.2857142857142857,0.2857142857142857,0.0,0.0,0.0,0.0,0.2857142857142857,0.2857142857142857,0.0,0.0,0.42857142857142855,0.42857142857142855,0.0,0.0
琼海,2012,4,4,0.5,0.5,0.0,0.0,0.0,0.0,0.5,0.5,0.0,0.0,0.0,0.0,0.0,0.0
琼海,2013,5,5,0.6,0.6,0.0,0.0,0.0,0.0,0.0,0.0,0.2,0.2,0.2,0.2,0.0,0.0
琼海,2014,5,5,0.0,0.0,0.0,0.0,0.0,0.0,0.8,0.8,0.0,0.0,0.2,0.2,0.0,0.0
琼海,2015,5,5,0.0,0.0,0.0,0.0,0.0,0.0,0.8,0.8,0.0,0.0,0.2,0.2,0.0,0.0
琼海,2016,11,11,0.36363636363636365,0.36363636363636365,0.0,0.0,0.0,0.0,0.45454545454545453,0.45454545454545453,0.18181818181818182,0.18181818181818182,0.0,0.0,0.0,0.0
琼海,2017,25,25,0.44,0.44,0.0,0.0,0.04,0.04,0.52,0.52,0.0,0.0,0.0,0.0,0.0,0.0
琼海,2018,15,15,0.8,0.8,0.0,0.0,0.0,0.0,0.13333333333333333,0.13333333333333333,0.0,0.0,0.06666666666666667,0.06666666666666667,0.0,0.0
琼海,2019,32,32,0.5,0.5,0.0,0.0,0.0,0.0,0.28125,0.28125,0.0,0.0,0.1875,0.1875,0.03125,0.03125
琼海,2020,41,41,0.7317073170731707,0.7317073170731707,0.0,0.0,0.0975609756097561,0.0975609756097561,0.14634146341463414,0.14634146341463414,0.0,0.0,0.024390243902439025,0.024390243902439025,0.0,0.0
琼海,2021,36,35,0.3611111111111111,0.37142857142857144,0.0,0.0,0.027777777777777776,0.02857142857142857,0.5555555555555556,0.5714285714285714,0.0,0.0,0.0,0.0,0.027777777777777776,0.02857142857142857
琼海,2022,51,44,0.6470588235294118,0.75,0.0,0.0,0.11764705882352941,0.13636363636363635,0.0196078431372549,0.022727272727272728,0.0,0.0,0.0392156862745098,0.045454545454545456,0.0392156862745098,0.045454545454545456
琼海,2023,72,54,0.6111111111111112,0.8148148148148148,0.0,0.0,0.08333333333333333,0.1111111111111111,0.027777777777777776,0.037037037037037035,0.0,0.0,0.027777777777777776,0.037037037037037035,0.0,0.0
甘南,2020,1,1,0.0,0.0,0.0,0.0,0.0,0.0,0.0,0.0,1.0,1.0,0.0,0.0,0.0,0.0
甘南,2021,1,1,0.0,0.0,0.0,0.0,0.0,0.0,1.0,1.0,0.0,0.0,0.0,0.0,0.0,0.0
甘南,2022,3,3,0.6666666666666666,0.6666666666666666,0.0,0.0,0.0,0.0,0.0,0.0,0.0,0.0,0.3333333333333333,0.3333333333333333,0.0,0.0
甘南,2023,14,14,0.8571428571428571,0.8571428571428571,0.0,0.0,0.0,0.0,0.0,0.0,0.0,0.0,0.14285714285714285,0.14285714285714285,0.0,0.0
甘南藏族自治州,2010,1,1,1.0,1.0,0.0,0.0,0.0,0.0,0.0,0.0,0.0,0.0,0.0,0.0,0.0,0.0
甘南藏族自治州,2011,11,11,0.36363636363636365,0.36363636363636365,0.0,0.0,0.0,0.0,0.6363636363636364,0.6363636363636364,0.0,0.0,0.0,0.0,0.0,0.0
甘南藏族自治州,2012,11,11,0.0,0.0,0.0,0.0,0.0,0.0,0.9090909090909091,0.9090909090909091,0.0,0.0,0.0,0.0,0.09090909090909091,0.09090909090909091
甘南藏族自治州,2013,5,5,0.0,0.0,0.0,0.0,0.0,0.0,0.8,0.8,0.2,0.2,0.0,0.0,0.0,0.0
甘南藏族自治州,2014,18,18,0.7222222222222222,0.7222222222222222,0.0,0.0,0.0,0.0,0.2777777777777778,0.2777777777777778,0.0,0.0,0.0,0.0,0.0,0.0
甘南藏族自治州,2015,2,2,0.0,0.0,0.0,0.0,0.0,0.0,0.5,0.5,0.0,0.0,0.0,0.0,0.5,0.5
甘南藏族自治州,2016,15,15,0.13333333333333333,0.13333333333333333,0.0,0.0,0.0,0.0,0.6,0.6,0.0,0.0,0.0,0.0,0.26666666666666666,0.26666666666666666
甘南藏族自治州,2017,19,19,0.10526315789473684,0.10526315789473684,0.0,0.0,0.0,0.0,0.631578947368421,0.631578947368421,0.0,0.0,0.0,0.0,0.2631578947368421,0.2631578947368421
甘南藏族自治州,2018,18,18,0.7777777777777778,0.7777777777777778,0.0,0.0,0.0,0.0,0.0,0.0,0.0,0.0,0.0,0.0,0.2222222222222222,0.2222222222222222
甘南藏族自治州,2019,6,6,0.6666666666666666,0.6666666666666666,0.0,0.0,0.0,0.0,0.16666666666666666,0.16666666666666666,0.0,0.0,0.0,0.0,0.16666666666666666,0.16666666666666666
甘南藏族自治州,2020,28,28,0.5357142857142857,0.5357142857142857,0.0,0.0,0.0,0.0,0.35714285714285715,0.35714285714285715,0.07142857142857142,0.07142857142857142,0.03571428571428571,0.03571428571428571,0.0,0.0
甘南藏族自治州,2021,28,28,0.6428571428571429,0.6428571428571429,0.0,0.0,0.0,0.0,0.10714285714285714,0.10714285714285714,0.0,0.0,0.0,0.0,0.25,0.25
甘南藏族自治州,2022,42,38,0.3333333333333333,0.3684210526315789,0.0,0.0,0.0,0.0,0.2619047619047619,0.2894736842105263,0.14285714285714285,0.15789473684210525,0.047619047619047616,0.05263157894736842,0.11904761904761904,0.13157894736842105
甘南藏族自治州,2023,20,20,0.65,0.65,0.0,0.0,0.0,0.0,0.3,0.3,0.05,0.05,0.0,0.0,0.0,0.0
甘孜,2018,1,1,1.0,1.0,0.0,0.0,0.0,0.0,0.0,0.0,0.0,0.0,0.0,0.0,0.0,0.0
甘孜,2019,1,1,1.0,1.0,0.0,0.0,0.0,0.0,0.0,0.0,0.0,0.0,0.0,0.0,0.0,0.0
甘孜,2020,4,4,1.0,1.0,0.0,0.0,0.0,0.0,0.0,0.0,0.0,0.0,0.0,0.0,0.0,0.0
甘孜,2021,16,16,0.875,0.875,0.0,0.0,0.0,0.0,0.0625,0.0625,0.0,0.0,0.0625,0.0625,0.0,0.0
甘孜,2022,24,24,0.9583333333333334,0.9583333333333334,0.0,0.0,0.0,0.0,0.041666666666666664,0.041666666666666664,0.0,0.0,0.0,0.0,0.0,0.0
甘孜,2023,31,31,0.7741935483870968,0.7741935483870968,0.0,0.0,0.03225806451612903,0.03225806451612903,0.0,0.0,0.0,0.0,0.0967741935483871,0.0967741935483871,0.0967741935483871,0.0967741935483871
甘孜藏族自治州,2008,6,6,0.3333333333333333,0.3333333333333333,0.0,0.0,0.0,0.0,0.6666666666666666,0.6666666666666666,0.0,0.0,0.0,0.0,0.0,0.0
甘孜藏族自治州,2009,1,1,0.0,0.0,0.0,0.0,0.0,0.0,1.0,1.0,0.0,0.0,0.0,0.0,0.0,0.0
甘孜藏族自治州,2010,2,2,0.5,0.5,0.0,0.0,0.0,0.0,0.5,0.5,0.0,0.0,0.0,0.0,0.0,0.0
甘孜藏族自治州,2011,2,2,0.0,0.0,0.0,0.0,0.0,0.0,0.0,0.0,1.0,1.0,0.0,0.0,0.0,0.0
甘孜藏族自治州,2012,1,1,0.0,0.0,0.0,0.0,0.0,0.0,0.0,0.0,1.0,1.0,0.0,0.0,0.0,0.0
甘孜藏族自治州,2013,9,9,0.3333333333333333,0.3333333333333333,0.0,0.0,0.2222222222222222,0.2222222222222222,0.3333333333333333,0.3333333333333333,0.0,0.0,0.1111111111111111,0.1111111111111111,0.0,0.0
甘孜藏族自治州,2014,19,19,0.7368421052631579,0.7368421052631579,0.0,0.0,0.0,0.0,0.10526315789473684,0.10526315789473684,0.0,0.0,0.15789473684210525,0.15789473684210525,0.0,0.0
甘孜藏族自治州,2015,14,14,0.21428571428571427,0.21428571428571427,0.0,0.0,0.07142857142857142,0.07142857142857142,0.6428571428571429,0.6428571428571429,0.07142857142857142,0.07142857142857142,0.0,0.0,0.0,0.0
甘孜藏族自治州,2016,14,14,0.5,0.5,0.0,0.0,0.0,0.0,0.2857142857142857,0.2857142857142857,0.14285714285714285,0.14285714285714285,0.0,0.0,0.07142857142857142,0.07142857142857142
甘孜藏族自治州,2017,40,40,0.6,0.6,0.0,0.0,0.0,0.0,0.225,0.225,0.1,0.1,0.075,0.075,0.0,0.0
甘孜藏族自治州,2018,22,22,0.6363636363636364,0.6363636363636364,0.0,0.0,0.0,0.0,0.36363636363636365,0.36363636363636365,0.0,0.0,0.0,0.0,0.0,0.0
甘孜藏族自治州,2019,38,38,0.5526315789473685,0.5526315789473685,0.0,0.0,0.07894736842105263,0.07894736842105263,0.34210526315789475,0.34210526315789475,0.0,0.0,0.02631578947368421,0.02631578947368421,0.0,0.0
甘孜藏族自治州,2020,29,29,0.8620689655172413,0.8620689655172413,0.0,0.0,0.0,0.0,0.13793103448275862,0.13793103448275862,0.0,0.0,0.0,0.0,0.0,0.0
甘孜藏族自治州,2021,56,55,0.6607142857142857,0.6727272727272727,0.0,0.0,0.0,0.0,0.26785714285714285,0.2727272727272727,0.0,0.0,0.05357142857142857,0.05454545454545454,0.0,0.0
甘孜藏族自治州,2022,109,105,0.908256880733945,0.9428571428571428,0.0,0.0,0.01834862385321101,0.01904761904761905,0.027522935779816515,0.02857142857142857,0.0,0.0,0.0,0.0,0.009174311926605505,0.009523809523809525
甘孜藏族自治州,2023,111,105,0.8738738738738738,0.9238095238095239,0.0,0.0,0.018018018018018018,0.01904761904761905,0.0,0.0,0.02702702702702703,0.02857142857142857,0.018018018018018018,0.01904761904761905,0.009009009009009009,0.009523809523809525
白城,2008,12,12,0.16666666666666666,0.16666666666666666,0.0,0.0,0.0,0.0,0.8333333333333334,0.8333333333333334,0.0,0.0,0.0,0.0,0.0,0.0
白城,2009,9,9,0.3333333333333333,0.3333333333333333,0.0,0.0,0.0,0.0,0.6666666666666666,0.6666666666666666,0.0,0.0,0.0,0.0,0.0,0.0
白城,2010,23,23,0.391304347826087,0.391304347826087,0.0,0.0,0.0,0.0,0.5217391304347826,0.5217391304347826,0.0,0.0,0.0,0.0,0.08695652173913043,0.08695652173913043
白城,2011,30,30,0.16666666666666666,0.16666666666666666,0.0,0.0,0.0,0.0,0.8333333333333334,0.8333333333333334,0.0,0.0,0.0,0.0,0.0,0.0
白城,2012,40,30,0.325,0.43333333333333335,0.0,0.0,0.0,0.0,0.4,0.5333333333333333,0.025,0.03333333333333333,0.0,0.0,0.0,0.0
白城,2013,47,41,0.46808510638297873,0.5365853658536586,0.0,0.0,0.0,0.0,0.40425531914893614,0.4634146341463415,0.0,0.0,0.0,0.0,0.0,0.0
白城,2014,44,33,0.20454545454545456,0.2727272727272727,0.0,0.0,0.0,0.0,0.2727272727272727,0.36363636363636365,0.22727272727272727,0.30303030303030304,0.045454545454545456,0.06060606060606061,0.0,0.0
白城,2015,56,33,0.125,0.21212121212121213,0.0,0.0,0.0,0.0,0.2857142857142857,0.48484848484848486,0.14285714285714285,0.24242424242424243,0.03571428571428571,0.06060606060606061,0.0,0.0
白城,2016,70,50,0.45714285714285713,0.64,0.0,0.0,0.0,0.0,0.22857142857142856,0.32,0.014285714285714285,0.02,0.014285714285714285,0.02,0.0,0.0
白城,2017,65,48,0.23076923076923078,0.3125,0.0,0.0,0.0,0.0,0.4153846153846154,0.5625,0.09230769230769231,0.125,0.0,0.0,0.0,0.0
白城,2018,55,42,0.41818181818181815,0.5476190476190477,0.0,0.0,0.0,0.0,0.23636363636363636,0.30952380952380953,0.03636363636363636,0.047619047619047616,0.0,0.0,0.07272727272727272,0.09523809523809523
白城,2019,105,82,0.4095238095238095,0.524390243902439,0.0,0.0,0.0,0.0,0.08571428571428572,0.10975609756097561,0.14285714285714285,0.18292682926829268,0.01904761904761905,0.024390243902439025,0.12380952380952381,0.15853658536585366
白城,2020,113,79,0.35398230088495575,0.5063291139240507,0.0,0.0,0.0,0.0,0.12389380530973451,0.17721518987341772,0.13274336283185842,0.189873417721519,0.0,0.0,0.08849557522123894,0.12658227848101267
白城,2021,170,131,0.2823529411764706,0.366412213740458,0.0,0.0,0.0,0.0,0.052941176470588235,0.06870229007633588,0.21764705882352942,0.2824427480916031,0.041176470588235294,0.05343511450381679,0.17647058823529413,0.22900763358778625
白城,2022,220,168,0.4909090909090909,0.6428571428571429,0.0,0.0,0.0,0.0,0.00909090909090909,0.011904761904761904,0.10909090909090909,0.14285714285714285,0.00909090909090909,0.011904761904761904,0.14545454545454545,0.19047619047619047
白城,2023,153,127,0.5294117647058824,0.6377952755905512,0.0,0.0,0.0,0.0,0.013071895424836602,0.015748031496062992,0.1830065359477124,0.2204724409448819,0.0,0.0,0.10457516339869281,0.12598425196850394
白山,2008,34,25,0.14705882352941177,0.2,0.029411764705882353,0.04,0.0,0.0,0.5588235294117647,0.76,0.0,0.0,0.0,0.0,0.0,0.0
白山,2009,34,34,0.23529411764705882,0.23529411764705882,0.0,0.0,0.0,0.0,0.7647058823529411,0.7647058823529411,0.0,0.0,0.0,0.0,0.0,0.0
白山,2010,34,28,0.35294117647058826,0.42857142857142855,0.0,0.0,0.0,0.0,0.4411764705882353,0.5357142857142857,0.029411764705882353,0.03571428571428571,0.0,0.0,0.0,0.0
白山,2011,37,31,0.43243243243243246,0.5161290322580645,0.0,0.0,0.0,0.0,0.40540540540540543,0.4838709677419355,0.0,0.0,0.0,0.0,0.0,0.0
白山,2012,50,37,0.32,0.43243243243243246,0.0,0.0,0.0,0.0,0.42,0.5675675675675675,0.0,0.0,0.0,0.0,0.0,0.0
白山,2013,62,34,0.27419354838709675,0.5,0.0,0.0,0.0,0.0,0.25806451612903225,0.47058823529411764,0.016129032258064516,0.029411764705882353,0.0,0.0,0.0,0.0
白山,2014,52,47,0.23076923076923078,0.2553191489361702,0.0,0.0,0.0,0.0,0.6730769230769231,0.7446808510638298,0.0,0.0,0.0,0.0,0.0,0.0
白山,2015,85,58,0.2,0.29310344827586204,0.0,0.0,0.0,0.0,0.4823529411764706,0.7068965517241379,0.0,0.0,0.0,0.0,0.0,0.0
白山,2016,110,62,0.2818181818181818,0.5,0.0,0.0,0.0,0.0,0.2818181818181818,0.5,0.0,0.0,0.0,0.0,0.0,0.0
白山,2017,101,71,0.44554455445544555,0.6338028169014085,0.0,0.0,0.0,0.0,0.25742574257425743,0.36619718309859156,0.0,0.0,0.0,0.0,0.0,0.0
白山,2018,100,62,0.38,0.6129032258064516,0.0,0.0,0.0,0.0,0.18,0.2903225806451613,0.02,0.03225806451612903,0.04,0.06451612903225806,0.0,0.0
白山,2019,85,58,0.29411764705882354,0.43103448275862066,0.0,0.0,0.0,0.0,0.38823529411764707,0.5689655172413793,0.0,0.0,0.0,0.0,0.0,0.0
白山,2020,81,57,0.3333333333333333,0.47368421052631576,0.0,0.0,0.0,0.0,0.37037037037037035,0.5263157894736842,0.0,0.0,0.0,0.0,0.0,0.0
白山,2021,105,61,0.2857142857142857,0.4918032786885246,0.0,0.0,0.0,0.0,0.2761904761904762,0.47540983606557374,0.0,0.0,0.01904761904761905,0.03278688524590164,0.0,0.0
白山,2022,94,44,0.2872340425531915,0.6136363636363636,0.0,0.0,0.0,0.0,0.18085106382978725,0.38636363636363635,0.0,0.0,0.0,0.0,0.0,0.0
白山,2023,67,43,0.5373134328358209,0.8372093023255814,0.0,0.0,0.0,0.0,0.1044776119402985,0.16279069767441862,0.0,0.0,0.0,0.0,0.0,0.0
白沙,2019,4,4,1.0,1.0,0.0,0.0,0.0,0.0,0.0,0.0,0.0,0.0,0.0,0.0,0.0,0.0
白沙,2022,1,1,1.0,1.0,0.0,0.0,0.0,0.0,0.0,0.0,0.0,0.0,0.0,0.0,0.0,0.0
白沙,2023,2,2,1.0,1.0,0.0,0.0,0.0,0.0,0.0,0.0,0.0,0.0,0.0,0.0,0.0,0.0
白沙黎族自治县,2008,2,2,0.0,0.0,0.0,0.0,0.0,0.0,1.0,1.0,0.0,0.0,0.0,0.0,0.0,0.0
白沙黎族自治县,2012,1,1,0.0,0.0,0.0,0.0,0.0,0.0,1.0,1.0,0.0,0.0,0.0,0.0,0.0,0.0
白沙黎族自治县,2013,2,2,1.0,1.0,0.0,0.0,0.0,0.0,0.0,0.0,0.0,0.0,0.0,0.0,0.0,0.0
白沙黎族自治县,2016,2,2,0.5,0.5,0.0,0.0,0.0,0.0,0.5,0.5,0.0,0.0,0.0,0.0,0.0,0.0
白沙黎族自治县,2019,13,13,0.7692307692307693,0.7692307692307693,0.0,0.0,0.0,0.0,0.23076923076923078,0.23076923076923078,0.0,0.0,0.0,0.0,0.0,0.0
白沙黎族自治县,2020,12,12,0.25,0.25,0.0,0.0,0.0,0.0,0.75,0.75,0.0,0.0,0.0,0.0,0.0,0.0
白沙黎族自治县,2021,2,2,0.5,0.5,0.0,0.0,0.0,0.0,0.5,0.5,0.0,0.0,0.0,0.0,0.0,0.0
白沙黎族自治县,2022,6,6,0.6666666666666666,0.6666666666666666,0.0,0.0,0.0,0.0,0.16666666666666666,0.16666666666666666,0.16666666666666666,0.16666666666666666,0.0,0.0,0.0,0.0
白沙黎族自治县,2023,1,1,1.0,1.0,0.0,0.0,0.0,0.0,0.0,0.0,0.0,0.0,0.0,0.0,0.0,0.0
白银,2008,30,30,0.6666666666666666,0.6666666666666666,0.0,0.0,0.0,0.0,0.2,0.2,0.0,0.0,0.13333333333333333,0.13333333333333333,0.0,0.0
白银,2009,40,40,0.675,0.675,0.0,0.0,0.0,0.0,0.225,0.225,0.025,0.025,0.075,0.075,0.0,0.0
白银,2010,55,55,0.7636363636363637,0.7636363636363637,0.0,0.0,0.0,0.0,0.10909090909090909,0.10909090909090909,0.01818181818181818,0.01818181818181818,0.10909090909090909,0.10909090909090909,0.0,0.0
白银,2011,103,81,0.46601941747572817,0.5925925925925926,0.0,0.0,0.0,0.0,0.20388349514563106,0.25925925925925924,0.0,0.0,0.11650485436893204,0.14814814814814814,0.0,0.0
白银,2012,136,95,0.40441176470588236,0.5789473684210527,0.0,0.0,0.0,0.0,0.16911764705882354,0.24210526315789474,0.0,0.0,0.125,0.17894736842105263,0.0,0.0
白银,2013,126,96,0.4603174603174603,0.6041666666666666,0.0,0.0,0.0,0.0,0.1111111111111111,0.14583333333333334,0.0,0.0,0.19047619047619047,0.25,0.0,0.0
白银,2014,284,169,0.176056338028169,0.2958579881656805,0.0,0.0,0.0,0.0,0.30985915492957744,0.5207100591715976,0.0,0.0,0.10915492957746478,0.1834319526627219,0.0,0.0
白银,2015,106,90,0.4339622641509434,0.5111111111111111,0.0,0.0,0.0,0.0,0.10377358490566038,0.12222222222222222,0.0,0.0,0.3113207547169811,0.36666666666666664,0.0,0.0
白银,2016,244,227,0.6844262295081968,0.73568281938326,0.0,0.0,0.0,0.0,0.05327868852459016,0.05726872246696035,0.0,0.0,0.19262295081967212,0.20704845814977973,0.0,0.0
白银,2017,192,156,0.296875,0.36538461538461536,0.0,0.0,0.0,0.0,0.026041666666666668,0.03205128205128205,0.0,0.0,0.4895833333333333,0.6025641025641025,0.0,0.0
白银,2018,181,132,0.287292817679558,0.3939393939393939,0.0,0.0,0.0,0.0,0.08287292817679558,0.11363636363636363,0.0,0.0,0.35911602209944754,0.49242424242424243,0.0,0.0
白银,2019,254,173,0.40551181102362205,0.5953757225433526,0.0,0.0,0.0,0.0,0.011811023622047244,0.017341040462427744,0.0,0.0,0.2637795275590551,0.3872832369942196,0.0,0.0
白银,2020,360,216,0.225,0.375,0.0,0.0,0.016666666666666666,0.027777777777777776,0.10277777777777777,0.1712962962962963,0.0,0.0,0.25555555555555554,0.42592592592592593,0.0,0.0
白银,2021,353,243,0.4475920679886686,0.6502057613168725,0.0,0.0,0.0,0.0,0.0679886685552408,0.09876543209876543,0.0,0.0,0.17280453257790368,0.25102880658436216,0.0,0.0
白银,2022,270,169,0.4111111111111111,0.6568047337278107,0.0,0.0,0.0,0.0,0.037037037037037035,0.05917159763313609,0.0,0.0,0.17777777777777778,0.28402366863905326,0.0,0.0
白银,2023,377,273,0.5623342175066313,0.7765567765567766,0.0,0.0,0.0,0.0,0.023872679045092837,0.03296703296703297,0.0,0.0,0.13793103448275862,0.19047619047619047,0.0,0.0
百色,2008,25,25,0.0,0.0,0.0,0.0,0.0,0.0,1.0,1.0,0.0,0.0,0.0,0.0,0.0,0.0
百色,2009,25,25,0.2,0.2,0.0,0.0,0.0,0.0,0.8,0.8,0.0,0.0,0.0,0.0,0.0,0.0
百色,2010,28,28,0.32142857142857145,0.32142857142857145,0.0,0.0,0.0,0.0,0.6428571428571429,0.6428571428571429,0.0,0.0,0.0,0.0,0.03571428571428571,0.03571428571428571
百色,2011,57,54,0.19298245614035087,0.2037037037037037,0.0,0.0,0.0,0.0,0.7543859649122807,0.7962962962962963,0.0,0.0,0.0,0.0,0.0,0.0
百色,2012,246,182,0.04065040650406504,0.054945054945054944,0.0,0.0,0.0,0.0,0.6869918699186992,0.9285714285714286,0.012195121951219513,0.016483516483516484,0.0,0.0,0.0,0.0
百色,2013,372,285,0.11021505376344086,0.14385964912280702,0.0,0.0,0.0,0.0,0.6559139784946236,0.856140350877193,0.0,0.0,0.0,0.0,0.0,0.0
百色,2014,560,355,0.10535714285714286,0.16619718309859155,0.0,0.0,0.0,0.0,0.5142857142857142,0.8112676056338028,0.0,0.0,0.014285714285714285,0.022535211267605635,0.0,0.0
百色,2015,906,469,0.12362030905077263,0.23880597014925373,0.0,0.0,0.0,0.0,0.32671081677704195,0.6311300639658849,0.0,0.0,0.0,0.0,0.0673289183222958,0.1300639658848614
百色,2016,1184,635,0.17905405405405406,0.33385826771653543,0.0,0.0,0.0,0.0,0.29138513513513514,0.5433070866141733,0.011824324324324325,0.02204724409448819,0.0,0.0,0.05405405405405406,0.10078740157480315
百色,2017,1222,513,0.23895253682487724,0.5692007797270955,0.0,0.0,0.01718494271685761,0.04093567251461988,0.08756137479541735,0.20857699805068225,0.0,0.0,0.0,0.0,0.07610474631751228,0.18128654970760233
百色,2018,766,394,0.381201044386423,0.7411167512690355,0.0,0.0,0.0,0.0,0.02349869451697128,0.04568527918781726,0.0731070496083551,0.14213197969543148,0.0,0.0,0.03655352480417755,0.07106598984771574
百色,2019,216,145,0.4166666666666667,0.6206896551724138,0.0,0.0,0.10648148148148148,0.15862068965517243,0.06481481481481481,0.09655172413793103,0.0,0.0,0.0,0.0,0.08333333333333333,0.12413793103448276
百色,2020,289,198,0.18685121107266436,0.2727272727272727,0.0,0.0,0.1453287197231834,0.21212121212121213,0.10726643598615918,0.15656565656565657,0.0,0.0,0.0,0.0,0.24567474048442905,0.35858585858585856
百色,2021,331,222,0.18126888217522658,0.2702702702702703,0.0,0.0,0.14803625377643503,0.22072072072072071,0.0634441087613293,0.0945945945945946,0.0,0.0,0.0,0.0,0.27794561933534745,0.4144144144144144
百色,2022,388,214,0.29381443298969073,0.5327102803738317,0.0,0.0,0.06701030927835051,0.12149532710280374,0.0,0.0,0.0,0.0,0.0,0.0,0.19072164948453607,0.34579439252336447
百色,2023,330,217,0.42727272727272725,0.6497695852534562,0.0,0.0,0.030303030303030304,0.04608294930875576,0.012121212121212121,0.018433179723502304,0.0,0.0,0.0,0.0,0.18787878787878787,0.2857142857142857
益阳,2008,75,50,0.44,0.66,0.0,0.0,0.0,0.0,0.22666666666666666,0.34,0.0,0.0,0.0,0.0,0.0,0.0
益阳,2009,68,48,0.4411764705882353,0.625,0.0,0.0,0.0,0.0,0.22058823529411764,0.3125,0.0,0.0,0.0,0.0,0.04411764705882353,0.0625
益阳,2010,109,66,0.43119266055045874,0.7121212121212122,0.0,0.0,0.0,0.0,0.11009174311926606,0.18181818181818182,0.0,0.0,0.0,0.0,0.06422018348623854,0.10606060606060606
益阳,2011,165,78,0.41818181818181815,0.8846153846153846,0.0,0.0,0.0,0.0,0.05454545454545454,0.11538461538461539,0.0,0.0,0.0,0.0,0.0,0.0
益阳,2012,189,119,0.5608465608465608,0.8907563025210085,0.0,0.0,0.0,0.0,0.047619047619047616,0.07563025210084033,0.0,0.0,0.0,0.0,0.021164021164021163,0.03361344537815126
益阳,2013,193,99,0.35751295336787564,0.696969696969697,0.0,0.0,0.0,0.0,0.06217616580310881,0.12121212121212122,0.0,0.0,0.0,0.0,0.09326424870466321,0.18181818181818182
益阳,2014,226,99,0.30973451327433627,0.7070707070707071,0.0,0.0,0.0,0.0,0.030973451327433628,0.0707070707070707,0.0,0.0,0.0,0.0,0.09734513274336283,0.2222222222222222
益阳,2015,465,218,0.2623655913978495,0.5596330275229358,0.0,0.0,0.0,0.0,0.02795698924731183,0.05963302752293578,0.0,0.0,0.0,0.0,0.17849462365591398,0.38073394495412843
益阳,2016,653,342,0.23124042879019907,0.4415204678362573,0.0,0.0,0.0,0.0,0.15773353751914243,0.30116959064327486,0.0,0.0,0.0,0.0,0.13476263399693722,0.2573099415204678
益阳,2017,932,424,0.24034334763948498,0.5283018867924528,0.0,0.0,0.0,0.0,0.12660944206008584,0.2783018867924528,0.0,0.0,0.0,0.0,0.08798283261802575,0.19339622641509435
益阳,2018,1323,662,0.3167044595616024,0.6329305135951662,0.0,0.0,0.0,0.0,0.03779289493575208,0.0755287009063444,0.0,0.0,0.0,0.0,0.14588057445200303,0.29154078549848944
益阳,2019,1402,704,0.35520684736091296,0.7073863636363636,0.0,0.0,0.0,0.0,0.007845934379457917,0.015625,0.0,0.0,0.0,0.0,0.1390870185449358,0.27698863636363635
益阳,2020,1558,728,0.38189987163029526,0.8173076923076923,0.0,0.0,0.0,0.0,0.0,0.0,0.0,0.0,0.0,0.0,0.08536585365853659,0.18269230769230768
益阳,2021,1106,500,0.35804701627486435,0.792,0.0,0.0,0.0,0.0,0.0,0.0,0.0,0.0,0.0,0.0,0.09403254972875226,0.208
益阳,2022,1048,477,0.35782442748091603,0.7861635220125787,0.0,0.0,0.0,0.0,0.0,0.0,0.0,0.0,0.0,0.0,0.09732824427480916,0.2138364779874214
益阳,2023,973,408,0.32168550873586843,0.7671568627450981,0.0,0.0,0.0,0.0,0.0,0.0,0.0,0.0,0.0,0.0,0.09763617677286741,0.23284313725490197
盐城,2008,468,123,0.1346153846153846,0.5121951219512195,0.0,0.0,0.0,0.0,0.11324786324786325,0.43089430894308944,0.0,0.0,0.0,0.0,0.014957264957264958,0.056910569105691054
盐城,2009,568,155,0.14084507042253522,0.5161290322580645,0.0,0.0,0.0,0.0,0.07922535211267606,0.2903225806451613,0.0,0.0,0.0,0.0,0.0528169014084507,0.1935483870967742
盐城,2010,844,220,0.1848341232227488,0.7090909090909091,0.0,0.0,0.0,0.0,0.013033175355450236,0.05,0.0,0.0,0.0,0.0,0.06279620853080568,0.2409090909090909
盐城,2011,998,246,0.12224448897795591,0.4959349593495935,0.0,0.0,0.0,0.0,0.04008016032064128,0.16260162601626016,0.0,0.0,0.014028056112224449,0.056910569105691054,0.07014028056112225,0.2845528455284553
盐城,2012,1169,309,0.1317365269461078,0.49838187702265374,0.0,0.0,0.0,0.0,0.030795551753635585,0.11650485436893204,0.0,0.0,0.0,0.0,0.10179640718562874,0.3851132686084142
盐城,2013,1858,458,0.08503767491926803,0.34497816593886466,0.0,0.0,0.0,0.0,0.02099031216361679,0.0851528384279476,0.0,0.0,0.005382131324004306,0.021834061135371178,0.13509149623250807,0.5480349344978166
盐城,2014,2205,578,0.08979591836734693,0.34256055363321797,0.0,0.0,0.0,0.0,0.02312925170068027,0.08823529411764706,0.0,0.0,0.008616780045351474,0.0328719723183391,0.14058956916099774,0.5363321799307958
盐城,2015,3056,1036,0.08736910994764398,0.2577220077220077,0.0,0.0,0.0,0.0,0.05235602094240838,0.15444015444015444,0.0,0.0,0.005235602094240838,0.015444015444015444,0.19404450261780104,0.5723938223938224
盐城,2016,4140,1511,0.11376811594202899,0.3117140966247518,0.0,0.0,0.0,0.0,0.04009661835748792,0.10986101919258769,0.0,0.0,0.0,0.0,0.2111111111111111,0.5784248841826605
盐城,2017,9726,1601,0.10034957844951677,0.6096189881324172,0.0,0.0,0.0,0.0,0.004112687641373638,0.024984384759525295,0.0,0.0,0.0,0.0,0.06014805675508945,0.3653966271080575
盐城,2018,10706,1644,0.08126284326545861,0.5291970802919708,0.0,0.0,0.0,0.0,0.0,0.0,0.0,0.0,0.0,0.0,0.07229590883616664,0.4708029197080292
盐城,2019,6801,1481,0.09807381267460667,0.450371370695476,0.0,0.0,0.0,0.0,0.0,0.0,0.0,0.0,0.003822967210704308,0.017555705604321403,0.11586531392442288,0.5320729237002025
盐城,2020,8011,1821,0.07889152415428785,0.3470620538165843,0.0,0.0,0.0,0.0,0.0,0.0,0.0,0.0,0.0027462239420796403,0.012081274025260845,0.14567469729122456,0.6408566721581549
盐城,2021,8998,1855,0.06690375639030896,0.32452830188679244,0.0,0.0,0.0,0.0,0.0,0.0,0.0,0.0,0.0023338519671038008,0.011320754716981131,0.13691931540342298,0.6641509433962264
盐城,2022,8225,2088,0.08303951367781155,0.3271072796934866,0.0,0.0,0.0,0.0,0.0,0.0,0.0,0.0,0.0,0.0,0.17082066869300913,0.6728927203065134
盐城,2023,8936,1833,0.07620859444941809,0.37152209492635024,0.0,0.0,0.0,0.0,0.0,0.0,0.0,0.0,0.0,0.0,0.12891674127126232,0.6284779050736498
盘锦,2008,66,54,0.0,0.0,0.0,0.0,0.0,0.0,0.45454545454545453,0.5555555555555556,0.36363636363636365,0.4444444444444444,0.0,0.0,0.0,0.0
盘锦,2009,82,57,0.04878048780487805,0.07017543859649122,0.0,0.0,0.0,0.0,0.35365853658536583,0.5087719298245614,0.2073170731707317,0.2982456140350877,0.08536585365853659,0.12280701754385964,0.0,0.0
盘锦,2010,84,54,0.30952380952380953,0.48148148148148145,0.0,0.0,0.0,0.0,0.3333333333333333,0.5185185185185185,0.0,0.0,0.0,0.0,0.0,0.0
盘锦,2011,108,63,0.2962962962962963,0.5079365079365079,0.0,0.0,0.0,0.0,0.28703703703703703,0.49206349206349204,0.0,0.0,0.0,0.0,0.0,0.0
盘锦,2012,169,128,0.5621301775147929,0.7421875,0.0,0.0,0.0,0.0,0.1952662721893491,0.2578125,0.0,0.0,0.0,0.0,0.0,0.0
盘锦,2013,168,103,0.36904761904761907,0.6019417475728155,0.0,0.0,0.0,0.0,0.19047619047619047,0.3106796116504854,0.05357142857142857,0.08737864077669903,0.0,0.0,0.0,0.0
盘锦,2014,233,133,0.1759656652360515,0.3082706766917293,0.0,0.0,0.0,0.0,0.2875536480686695,0.5037593984962406,0.017167381974248927,0.03007518796992481,0.0,0.0,0.09012875536480687,0.15789473684210525
盘锦,2015,241,167,0.31950207468879666,0.46107784431137727,0.0,0.0,0.0,0.0,0.1825726141078838,0.2634730538922156,0.016597510373443983,0.023952095808383235,0.0,0.0,0.17427385892116182,0.25149700598802394
盘锦,2016,383,278,0.3838120104438642,0.5287769784172662,0.0,0.0,0.0,0.0,0.0835509138381201,0.11510791366906475,0.0,0.0,0.0,0.0,0.2584856396866841,0.35611510791366907
盘锦,2017,589,436,0.41086587436332767,0.555045871559633,0.0,0.0,0.0,0.0,0.011884550084889643,0.016055045871559634,0.0,0.0,0.008488964346349746,0.011467889908256881,0.3089983022071307,0.41743119266055045
盘锦,2018,516,346,0.2558139534883721,0.3815028901734104,0.0,0.0,0.0,0.0,0.07364341085271318,0.10982658959537572,0.0,0.0,0.01744186046511628,0.02601156069364162,0.3236434108527132,0.48265895953757226
盘锦,2019,495,313,0.2606060606060606,0.41214057507987223,0.0,0.0,0.0,0.0,0.06666666666666667,0.10543130990415335,0.0,0.0,0.010101010101010102,0.01597444089456869,0.29494949494949496,0.46645367412140576
盘锦,2020,585,349,0.36752136752136755,0.6160458452722063,0.0,0.0,0.0,0.0,0.10085470085470086,0.16905444126074498,0.0,0.0,0.010256410256410256,0.017191977077363897,0.11794871794871795,0.1977077363896848
盘锦,2021,631,403,0.38510301109350237,0.6029776674937966,0.0,0.0,0.0,0.0,0.1045958795562599,0.16377171215880892,0.009508716323296355,0.01488833746898263,0.04120443740095087,0.06451612903225806,0.098256735340729,0.15384615384615385
盘锦,2022,449,289,0.37193763919821826,0.5778546712802768,0.0,0.0,0.0,0.0,0.026726057906458798,0.04152249134948097,0.0,0.0,0.0957683741648107,0.14878892733564014,0.1492204899777283,0.23183391003460208
盘锦,2023,413,302,0.5012106537530266,0.6854304635761589,0.0,0.0,0.0,0.0,0.026634382566585957,0.03642384105960265,0.0,0.0,0.04600484261501211,0.06291390728476821,0.15738498789346247,0.2152317880794702
眉山,2008,46,44,0.7608695652173914,0.7954545454545454,0.0,0.0,0.0,0.0,0.17391304347826086,0.18181818181818182,0.021739130434782608,0.022727272727272728,0.0,0.0,0.0,0.0
眉山,2009,61,39,0.4098360655737705,0.6410256410256411,0.0,0.0,0.0,0.0,0.16393442622950818,0.2564102564102564,0.0,0.0,0.04918032786885246,0.07692307692307693,0.01639344262295082,0.02564102564102564
眉山,2010,81,58,0.3950617283950617,0.5517241379310345,0.0,0.0,0.0,0.0,0.1111111111111111,0.15517241379310345,0.0,0.0,0.07407407407407407,0.10344827586206896,0.13580246913580246,0.1896551724137931
眉山,2011,129,92,0.627906976744186,0.8804347826086957,0.0,0.0,0.0,0.0,0.08527131782945736,0.11956521739130435,0.0,0.0,0.0,0.0,0.0,0.0
眉山,2012,119,73,0.6134453781512605,1.0,0.0,0.0,0.0,0.0,0.0,0.0,0.0,0.0,0.0,0.0,0.0,0.0
眉山,2013,202,118,0.5198019801980198,0.8898305084745762,0.0,0.0,0.0,0.0,0.06435643564356436,0.11016949152542373,0.0,0.0,0.0,0.0,0.0,0.0
眉山,2014,283,161,0.33568904593639576,0.5900621118012422,0.0,0.0,0.0,0.0,0.20848056537102475,0.36645962732919257,0.0,0.0,0.024734982332155476,0.043478260869565216,0.0,0.0
眉山,2015,231,126,0.44155844155844154,0.8095238095238095,0.0,0.0,0.0,0.0,0.012987012987012988,0.023809523809523808,0.0,0.0,0.09090909090909091,0.16666666666666666,0.0,0.0
眉山,2016,401,199,0.32169576059850374,0.6482412060301508,0.0,0.0,0.0,0.0,0.14713216957605985,0.2964824120603015,0.0,0.0,0.02743142144638404,0.05527638190954774,0.0,0.0
眉山,2017,696,352,0.1896551724137931,0.375,0.0,0.0,0.0,0.0,0.25287356321839083,0.5,0.0,0.0,0.01293103448275862,0.02556818181818182,0.05028735632183908,0.09943181818181818
眉山,2018,528,285,0.375,0.6947368421052632,0.0,0.0,0.0,0.0,0.10984848484848485,0.20350877192982456,0.0,0.0,0.022727272727272728,0.042105263157894736,0.032196969696969696,0.05964912280701754
眉山,2019,612,326,0.4395424836601307,0.8251533742331288,0.0,0.0,0.032679738562091505,0.06134969325153374,0.011437908496732025,0.02147239263803681,0.0,0.0,0.013071895424836602,0.024539877300613498,0.03594771241830065,0.06748466257668712
眉山,2020,776,399,0.46134020618556704,0.8972431077694235,0.0,0.0,0.0,0.0,0.010309278350515464,0.020050125313283207,0.0,0.0,0.010309278350515464,0.020050125313283207,0.03221649484536082,0.06265664160401002
眉山,2021,797,397,0.4604767879548306,0.924433249370277,0.0,0.0,0.0,0.0,0.020075282308657464,0.04030226700251889,0.0,0.0,0.01756587202007528,0.03526448362720403,0.0,0.0
眉山,2022,871,451,0.5017221584385764,0.9689578713968958,0.0,0.0,0.0,0.0,0.016073478760045924,0.031042128603104215,0.0,0.0,0.0,0.0,0.0,0.0
眉山,2023,925,398,0.4097297297297297,0.9522613065326633,0.0,0.0,0.0,0.0,0.0,0.0,0.0,0.0,0.0,0.0,0.02054054054054054,0.04773869346733668
石嘴山,2008,20,20,0.75,0.75,0.0,0.0,0.0,0.0,0.25,0.25,0.0,0.0,0.0,0.0,0.0,0.0
石嘴山,2009,25,25,0.28,0.28,0.0,0.0,0.0,0.0,0.4,0.4,0.0,0.0,0.32,0.32,0.0,0.0
石嘴山,2010,41,41,0.7073170731707317,0.7073170731707317,0.0,0.0,0.0,0.0,0.24390243902439024,0.24390243902439024,0.0,0.0,0.04878048780487805,0.04878048780487805,0.0,0.0
石嘴山,2011,67,64,0.7611940298507462,0.796875,0.0,0.0,0.0,0.0,0.16417910447761194,0.171875,0.0,0.0,0.029850746268656716,0.03125,0.0,0.0
石嘴山,2012,142,127,0.7253521126760564,0.8110236220472441,0.0,0.0,0.0,0.0,0.056338028169014086,0.06299212598425197,0.04225352112676056,0.047244094488188976,0.07042253521126761,0.07874015748031496,0.0,0.0
石嘴山,2013,136,119,0.6985294117647058,0.7983193277310925,0.0,0.0,0.0,0.0,0.09558823529411764,0.1092436974789916,0.0,0.0,0.08088235294117647,0.09243697478991597,0.0,0.0
石嘴山,2014,125,104,0.752,0.9038461538461539,0.0,0.0,0.0,0.0,0.04,0.04807692307692308,0.0,0.0,0.04,0.04807692307692308,0.0,0.0
石嘴山,2015,114,87,0.7631578947368421,1.0,0.0,0.0,0.0,0.0,0.0,0.0,0.0,0.0,0.0,0.0,0.0,0.0
石嘴山,2016,214,142,0.5887850467289719,0.8873239436619719,0.0,0.0,0.0,0.0,0.056074766355140186,0.08450704225352113,0.0,0.0,0.018691588785046728,0.028169014084507043,0.0,0.0
石嘴山,2017,450,237,0.45555555555555555,0.8649789029535865,0.0,0.0,0.0,0.0,0.07111111111111111,0.1350210970464135,0.0,0.0,0.0,0.0,0.0,0.0
石嘴山,2018,313,175,0.5591054313099042,1.0,0.0,0.0,0.0,0.0,0.0,0.0,0.0,0.0,0.0,0.0,0.0,0.0
石嘴山,2019,355,185,0.5211267605633803,1.0,0.0,0.0,0.0,0.0,0.0,0.0,0.0,0.0,0.0,0.0,0.0,0.0
石嘴山,2020,396,166,0.4065656565656566,0.9698795180722891,0.0,0.0,0.0,0.0,0.012626262626262626,0.030120481927710843,0.0,0.0,0.0,0.0,0.0,0.0
石嘴山,2021,403,225,0.5483870967741935,0.9822222222222222,0.0,0.0,0.0,0.0,0.0,0.0,0.0,0.0,0.0,0.0,0.009925558312655087,0.017777777777777778
石嘴山,2022,453,230,0.48344370860927155,0.9521739130434783,0.0,0.0,0.0,0.0,0.0,0.0,0.0,0.0,0.0,0.0,0.024282560706401765,0.04782608695652174
石嘴山,2023,534,277,0.5187265917602997,1.0,0.0,0.0,0.0,0.0,0.0,0.0,0.0,0.0,0.0,0.0,0.0,0.0
石家庄,2008,646,294,0.18421052631578946,0.40476190476190477,0.0,0.0,0.0,0.0,0.0696594427244582,0.15306122448979592,0.0,0.0,0.1130030959752322,0.24829931972789115,0.08823529411764706,0.19387755102040816
石家庄,2009,718,323,0.12256267409470752,0.2724458204334365,0.0,0.0,0.0,0.0,0.06406685236768803,0.14241486068111456,0.0,0.0,0.116991643454039,0.26006191950464397,0.14623955431754876,0.32507739938080493
石家庄,2010,837,352,0.12186379928315412,0.2897727272727273,0.0,0.0,0.0,0.0,0.052568697729988054,0.125,0.0,0.0,0.11469534050179211,0.2727272727272727,0.13142174432497014,0.3125
石家庄,2011,1070,432,0.14672897196261683,0.36342592592592593,0.0,0.0,0.0,0.0,0.020560747663551402,0.05092592592592592,0.02336448598130841,0.05787037037037037,0.11495327102803739,0.2847222222222222,0.09813084112149532,0.24305555555555555
石家庄,2012,1311,483,0.14721586575133486,0.3995859213250518,0.0,0.0,0.0,0.0,0.010678871090770405,0.028985507246376812,0.0,0.0,0.10831426392067124,0.2939958592132505,0.10221205186880244,0.2774327122153209
石家庄,2013,1665,622,0.14234234234234233,0.38102893890675243,0.0,0.0,0.0,0.0,0.02762762762762763,0.07395498392282958,0.0,0.0,0.07927927927927927,0.21221864951768488,0.12432432432432433,0.3327974276527331
石家庄,2014,1905,722,0.12493438320209974,0.3296398891966759,0.0,0.0,0.0,0.0,0.02204724409448819,0.05817174515235457,0.0,0.0,0.09501312335958005,0.25069252077562326,0.13700787401574804,0.36149584487534625
石家庄,2015,2496,808,0.10817307692307693,0.3341584158415842,0.0,0.0,0.0,0.0,0.013621794871794872,0.04207920792079208,0.020432692307692308,0.06311881188118812,0.07932692307692307,0.24504950495049505,0.10216346153846154,0.3155940594059406
石家庄,2016,3174,1044,0.06868304977945809,0.20881226053639848,0.0,0.0,0.008191556395715185,0.02490421455938697,0.0,0.0,0.024259609325771897,0.07375478927203065,0.11121613106490233,0.3381226053639847,0.11657214870825457,0.3544061302681992
石家庄,2017,3898,1266,0.09338122113904566,0.28751974723538704,0.0,0.0,0.0,0.0,0.024114930733709596,0.07424960505529225,0.0,0.0,0.08183683940482299,0.2519747235387046,0.1254489481785531,0.3862559241706161
石家庄,2018,4838,1493,0.07007027697395618,0.22705961152042867,0.0,0.0,0.010748243075651096,0.034829202947086406,0.01756924348904506,0.056932350971198926,0.0,0.0,0.07069036792062836,0.2290689886135298,0.13952046300124019,0.4521098459477562
石家庄,2019,6121,2194,0.10276098676686816,0.2866909753874202,0.0,0.0,0.010619179872569842,0.029626253418413857,0.005391275935304689,0.01504102096627165,0.009638947884332625,0.026891522333637192,0.08805750694330991,0.24567000911577028,0.1419702662963568,0.39608021877848676
石家庄,2020,7093,2074,0.10080360919216129,0.34474445515911284,0.0,0.0,0.010996757366417595,0.037608486017357765,0.020160721838432257,0.06894889103182257,0.010573805160016918,0.03616200578592092,0.08628225010573805,0.29508196721311475,0.06358381502890173,0.21745419479267117
石家庄,2021,8338,3184,0.1424802110817942,0.3731155778894472,0.0,0.0,0.017390261453585992,0.04554020100502513,0.0,0.0,0.0,0.0,0.11609498680738786,0.30402010050251255,0.10590069561045815,0.2773241206030151
石家庄,2022,8969,3621,0.13513212175270375,0.3347141673570837,0.0,0.0,0.023413981491805107,0.0579950289975145,0.0,0.0,0.0,0.0,0.13613557810235255,0.3371996685998343,0.10904225666183522,0.27009113504556753
石家庄,2023,10145,3522,0.10734351897486447,0.3091993185689949,0.0,0.0,0.0,0.0,0.0,0.0,0.0,0.0,0.11335633316904879,0.326519023282226,0.12646623952686054,0.3642816581487791
石河子,2008,59,58,0.4576271186440678,0.46551724137931033,0.0,0.0,0.0,0.0,0.1864406779661017,0.1896551724137931,0.0,0.0,0.06779661016949153,0.06896551724137931,0.2711864406779661,0.27586206896551724
石河子,2009,50,47,0.24,0.2553191489361702,0.0,0.0,0.04,0.0425531914893617,0.22,0.23404255319148937,0.02,0.02127659574468085,0.1,0.10638297872340426,0.32,0.3404255319148936
石河子,2010,91,74,0.21978021978021978,0.2702702702702703,0.0,0.0,0.03296703296703297,0.04054054054054054,0.23076923076923078,0.28378378378378377,0.0,0.0,0.08791208791208792,0.10810810810810811,0.24175824175824176,0.2972972972972973
石河子,2011,112,88,0.25892857142857145,0.32954545454545453,0.0,0.0,0.017857142857142856,0.022727272727272728,0.20535714285714285,0.26136363636363635,0.0,0.0,0.10714285714285714,0.13636363636363635,0.19642857142857142,0.25
石河子,2012,165,138,0.3212121212121212,0.38405797101449274,0.0,0.0,0.01818181818181818,0.021739130434782608,0.06060606060606061,0.07246376811594203,0.0,0.0,0.08484848484848485,0.10144927536231885,0.3515151515151515,0.42028985507246375
石河子,2013,221,183,0.2850678733031674,0.3442622950819672,0.0,0.0,0.0,0.0,0.08597285067873303,0.10382513661202186,0.027149321266968326,0.03278688524590164,0.1583710407239819,0.1912568306010929,0.27149321266968324,0.32786885245901637
石河子,2014,240,201,0.16666666666666666,0.19900497512437812,0.0,0.0,0.0,0.0,0.07083333333333333,0.0845771144278607,0.0,0.0,0.18333333333333332,0.21890547263681592,0.4166666666666667,0.4975124378109453
石河子,2015,372,315,0.22043010752688172,0.26031746031746034,0.0,0.0,0.0,0.0,0.04032258064516129,0.047619047619047616,0.0,0.0,0.11827956989247312,0.13968253968253969,0.46774193548387094,0.5523809523809524
石河子,2016,373,319,0.19571045576407506,0.22884012539184953,0.0,0.0,0.010723860589812333,0.012539184952978056,0.02680965147453083,0.03134796238244514,0.0,0.0,0.14209115281501342,0.16614420062695925,0.47989276139410186,0.5611285266457681
石河子,2017,360,315,0.18611111111111112,0.2126984126984127,0.0,0.0,0.0,0.0,0.019444444444444445,0.022222222222222223,0.0,0.0,0.17777777777777778,0.20317460317460317,0.49166666666666664,0.5619047619047619
石河子,2018,340,307,0.17647058823529413,0.19543973941368079,0.0,0.0,0.0,0.0,0.041176470588235294,0.04560260586319218,0.0,0.0,0.17058823529411765,0.18892508143322476,0.5147058823529411,0.5700325732899023
石河子,2019,450,398,0.1111111111111111,0.12562814070351758,0.0,0.0,0.0,0.0,0.044444444444444446,0.05025125628140704,0.0,0.0,0.07333333333333333,0.0829145728643216,0.6555555555555556,0.7412060301507538
石河子,2020,553,497,0.162748643761302,0.18108651911468812,0.0,0.0,0.009041591320072333,0.01006036217303823,0.0705244122965642,0.07847082494969819,0.0,0.0,0.08318264014466546,0.0925553319919517,0.5732368896925859,0.6378269617706237
石河子,2021,602,560,0.12790697674418605,0.1375,0.0,0.0,0.0,0.0,0.023255813953488372,0.025,0.0,0.0,0.08970099667774087,0.09642857142857143,0.6893687707641196,0.7410714285714286
石河子,2022,624,592,0.16506410256410256,0.17398648648648649,0.0,0.0,0.01282051282051282,0.013513513513513514,0.008012820512820512,0.008445945945945946,0.0,0.0,0.08653846153846154,0.09121621621621621,0.6762820512820513,0.7128378378378378
石河子,2023,788,725,0.15862944162436549,0.1724137931034483,0.0,0.0,0.013959390862944163,0.015172413793103448,0.0,0.0,0.005076142131979695,0.005517241379310344,0.09390862944162437,0.10206896551724139,0.6484771573604061,0.7048275862068966
神农架,2021,1,1,1.0,1.0,0.0,0.0,0.0,0.0,0.0,0.0,0.0,0.0,0.0,0.0,0.0,0.0
神农架,2022,4,4,0.75,0.75,0.0,0.0,0.0,0.0,0.0,0.0,0.0,0.0,0.25,0.25,0.0,0.0
神农架,2023,11,11,0.9090909090909091,0.9090909090909091,0.0,0.0,0.0,0.0,0.0,0.0,0.09090909090909091,0.09090909090909091,0.0,0.0,0.0,0.0
神农架林区,2008,3,3,1.0,1.0,0.0,0.0,0.0,0.0,0.0,0.0,0.0,0.0,0.0,0.0,0.0,0.0
神农架林区,2009,5,5,1.0,1.0,0.0,0.0,0.0,0.0,0.0,0.0,0.0,0.0,0.0,0.0,0.0,0.0
神农架林区,2010,2,2,1.0,1.0,0.0,0.0,0.0,0.0,0.0,0.0,0.0,0.0,0.0,0.0,0.0,0.0
神农架林区,2011,6,6,0.0,0.0,0.0,0.0,0.0,0.0,1.0,1.0,0.0,0.0,0.0,0.0,0.0,0.0
神农架林区,2012,21,21,1.0,1.0,0.0,0.0,0.0,0.0,0.0,0.0,0.0,0.0,0.0,0.0,0.0,0.0
神农架林区,2013,15,15,1.0,1.0,0.0,0.0,0.0,0.0,0.0,0.0,0.0,0.0,0.0,0.0,0.0,0.0
神农架林区,2014,12,12,0.8333333333333334,0.8333333333333334,0.08333333333333333,0.08333333333333333,0.0,0.0,0.08333333333333333,0.08333333333333333,0.0,0.0,0.0,0.0,0.0,0.0
神农架林区,2015,14,14,0.8571428571428571,0.8571428571428571,0.14285714285714285,0.14285714285714285,0.0,0.0,0.0,0.0,0.0,0.0,0.0,0.0,0.0,0.0
神农架林区,2016,30,30,0.43333333333333335,0.43333333333333335,0.03333333333333333,0.03333333333333333,0.3333333333333333,0.3333333333333333,0.03333333333333333,0.03333333333333333,0.13333333333333333,0.13333333333333333,0.03333333333333333,0.03333333333333333,0.0,0.0
神农架林区,2017,21,21,0.5238095238095238,0.5238095238095238,0.0,0.0,0.42857142857142855,0.42857142857142855,0.047619047619047616,0.047619047619047616,0.0,0.0,0.0,0.0,0.0,0.0
神农架林区,2018,55,55,0.7272727272727273,0.7272727272727273,0.0,0.0,0.2,0.2,0.05454545454545454,0.05454545454545454,0.01818181818181818,0.01818181818181818,0.0,0.0,0.0,0.0
神农架林区,2019,7,7,1.0,1.0,0.0,0.0,0.0,0.0,0.0,0.0,0.0,0.0,0.0,0.0,0.0,0.0
神农架林区,2020,6,6,0.6666666666666666,0.6666666666666666,0.0,0.0,0.0,0.0,0.16666666666666666,0.16666666666666666,0.0,0.0,0.16666666666666666,0.16666666666666666,0.0,0.0
神农架林区,2021,4,4,0.75,0.75,0.0,0.0,0.0,0.0,0.25,0.25,0.0,0.0,0.0,0.0,0.0,0.0
神农架林区,2022,26,26,0.8076923076923077,0.8076923076923077,0.0,0.0,0.0,0.0,0.07692307692307693,0.07692307692307693,0.0,0.0,0.11538461538461539,0.11538461538461539,0.0,0.0
神农架林区,2023,6,6,0.8333333333333334,0.8333333333333334,0.0,0.0,0.0,0.0,0.0,0.0,0.16666666666666666,0.16666666666666666,0.0,0.0,0.0,0.0
福州,2008,1087,582,0.20515179392824287,0.38316151202749144,0.0,0.0,0.0,0.0,0.04139834406623735,0.07731958762886598,0.0,0.0,0.08739650413983441,0.16323024054982818,0.2014719411223551,0.37628865979381443
福州,2009,1420,765,0.28098591549295776,0.5215686274509804,0.0,0.0,0.0,0.0,0.04366197183098591,0.08104575163398693,0.0,0.0,0.0676056338028169,0.12549019607843137,0.14647887323943662,0.2718954248366013
福州,2010,1868,943,0.2462526766595289,0.4878048780487805,0.0,0.0,0.0,0.0,0.01980728051391863,0.03923647932131495,0.0,0.0,0.056745182012847964,0.11240721102863202,0.18201284796573874,0.3605514316012725
福州,2011,2887,1772,0.1368202286110149,0.2229119638826185,0.0,0.0,0.0,0.0,0.2344994804295116,0.38205417607223474,0.0,0.0,0.0626948389331486,0.10214446952595936,0.17977138898510564,0.29288939051918733
福州,2012,2757,1287,0.17881755531374682,0.38306138306138304,0.0,0.0,0.0,0.0,0.01088139281828074,0.023310023310023312,0.0,0.0,0.055495103373231776,0.11888111888111888,0.2216177003989844,0.47474747474747475
福州,2013,3123,1540,0.1786743515850144,0.36233766233766235,0.0,0.0,0.0,0.0,0.008005123278898496,0.016233766233766232,0.0,0.0,0.045789305155299394,0.09285714285714286,0.260646813960935,0.5285714285714286
福州,2014,3766,1942,0.14312267657992564,0.27754891864057674,0.0,0.0,0.0,0.0,0.008497079129049389,0.016477857878475798,0.0,0.0,0.030536378120021242,0.0592173017507724,0.3335103558151885,0.646755921730175
福州,2015,4850,2350,0.13835051546391752,0.285531914893617,0.0,0.0,0.0,0.0,0.04185567010309278,0.08638297872340425,0.0,0.0,0.033814432989690724,0.06978723404255319,0.2705154639175258,0.5582978723404255
福州,2016,8103,3690,0.1462421325435024,0.32113821138211385,0.0,0.0,0.0,0.0,0.0671356287794644,0.14742547425474256,0.0,0.0,0.018511662347278787,0.04065040650406504,0.22349747007281254,0.4907859078590786
福州,2017,10188,3743,0.10090302316450726,0.27464600587763827,0.0,0.0,0.0,0.0,0.040832351786415394,0.11114079615281859,0.0,0.0,0.023655280722418532,0.06438685546353193,0.20200235571260305,0.5498263425060113
福州,2018,13253,4577,0.06428733117030107,0.18614813196416866,0.0,0.0,0.0,0.0,0.038934580849618955,0.11273760104872187,0.0,0.0,0.018712744284312986,0.054183963294734544,0.2234211122010111,0.6469303036923749
福州,2019,9590,4308,0.10448383733055266,0.23259052924791088,0.0,0.0,0.0,0.0,0.0,0.0,0.0,0.0,0.021480709071949947,0.04781801299907149,0.3232533889468196,0.7195914577530177
福州,2020,12219,3527,0.09190604795809805,0.3184009072866459,0.0,0.0,0.0038464686144529013,0.013325772611284377,0.0,0.0,0.0,0.0,0.01718634912840658,0.05954068613552594,0.1757099598985187,0.6087326339665438
福州,2021,10664,4449,0.13634658664666166,0.3268150146100247,0.0,0.0,0.0,0.0,0.0,0.0,0.0,0.0,0.023724681170292573,0.05686671162058889,0.25712678169542386,0.6163182737693864
福州,2022,11603,5351,0.17314487632508835,0.37544384227247246,0.0,0.0,0.0,0.0,0.0,0.0,0.0,0.0,0.03714556580194777,0.08054569239394506,0.2508833922261484,0.5440104653335825
福州,2023,12197,5447,0.17963433631220793,0.4022397650082614,0.0,0.0,0.0,0.0,0.0,0.0,0.0,0.0,0.02885955562843322,0.06462272810721498,0.23809133393457407,0.5331375068845235
秦皇岛,2008,232,160,0.14655172413793102,0.2125,0.0,0.0,0.0,0.0,0.19827586206896552,0.2875,0.01293103448275862,0.01875,0.01293103448275862,0.01875,0.31896551724137934,0.4625
秦皇岛,2009,307,219,0.19218241042345277,0.2694063926940639,0.0,0.0,0.0,0.0,0.19218241042345277,0.2694063926940639,0.006514657980456026,0.0091324200913242,0.006514657980456026,0.0091324200913242,0.31596091205211724,0.4429223744292237
秦皇岛,2010,345,231,0.23478260869565218,0.35064935064935066,0.0,0.0,0.0,0.0,0.057971014492753624,0.08658008658008658,0.020289855072463767,0.030303030303030304,0.028985507246376812,0.04329004329004329,0.32753623188405795,0.48917748917748916
秦皇岛,2011,418,297,0.2535885167464115,0.3569023569023569,0.0,0.0,0.0,0.0,0.06698564593301436,0.09427609427609428,0.0,0.0,0.0,0.0,0.38995215311004783,0.5488215488215489
秦皇岛,2012,669,500,0.22122571001494767,0.296,0.0,0.0,0.0,0.0,0.02242152466367713,0.03,0.0,0.0,0.02242152466367713,0.03,0.4813153961136024,0.644
秦皇岛,2013,722,555,0.1994459833795014,0.2594594594594595,0.0,0.0,0.0,0.0,0.04155124653739612,0.05405405405405406,0.0,0.0,0.0,0.0,0.5277008310249307,0.6864864864864865
秦皇岛,2014,764,563,0.168848167539267,0.2291296625222025,0.0,0.0,0.0,0.0,0.04712041884816754,0.06394316163410302,0.009162303664921465,0.012433392539964476,0.013089005235602094,0.017761989342806393,0.4986910994764398,0.6767317939609236
秦皇岛,2015,988,738,0.19534412955465588,0.26151761517615174,0.0,0.0,0.0,0.0,0.13866396761133604,0.1856368563685637,0.008097165991902834,0.01084010840108401,0.0,0.0,0.4048582995951417,0.5420054200542005
秦皇岛,2016,1386,961,0.15800865800865802,0.2278876170655567,0.0,0.0,0.0,0.0,0.09451659451659451,0.13631633714880334,0.0,0.0,0.0,0.0,0.44083694083694086,0.63579604578564
秦皇岛,2017,1638,1120,0.18681318681318682,0.2732142857142857,0.0,0.0,0.0,0.0,0.051892551892551896,0.07589285714285714,0.0,0.0,0.007326007326007326,0.010714285714285714,0.43772893772893773,0.6401785714285714
秦皇岛,2018,2239,1575,0.15230013398838768,0.2165079365079365,0.0,0.0,0.0,0.0,0.056721750781598926,0.08063492063492063,0.0,0.0,0.0,0.0,0.4944171505136222,0.7028571428571428
秦皇岛,2019,2493,1859,0.19414360208584036,0.2603550295857988,0.0,0.0,0.0,0.0,0.034095467308463696,0.0457235072619688,0.0,0.0,0.0,0.0,0.5174488567990373,0.6939214631522324
秦皇岛,2020,2244,1461,0.12121212121212122,0.1861738535249829,0.0,0.0,0.0,0.0,0.012923351158645277,0.019849418206707735,0.0,0.0,0.004010695187165776,0.006160164271047228,0.5129233511586453,0.7878165639972622
秦皇岛,2021,2488,1786,0.13745980707395497,0.19148936170212766,0.0,0.0,0.0,0.0,0.0,0.0,0.0,0.0,0.007234726688102894,0.010078387458006719,0.5731511254019293,0.7984322508398656
秦皇岛,2022,2724,2071,0.12077826725403817,0.15886045388701112,0.0,0.0,0.0,0.0,0.0,0.0,0.0,0.0,0.004405286343612335,0.005794302269435055,0.6350954478707783,0.8353452438435538
秦皇岛,2023,2515,1772,0.1713717693836978,0.24322799097065462,0.0,0.0,0.0,0.0,0.0,0.0,0.0,0.0,0.0,0.0,0.5332007952286282,0.7567720090293454
红河,2014,1,1,0.0,0.0,0.0,0.0,0.0,0.0,1.0,1.0,0.0,0.0,0.0,0.0,0.0,0.0
红河,2015,1,1,1.0,1.0,0.0,0.0,0.0,0.0,0.0,0.0,0.0,0.0,0.0,0.0,0.0,0.0
红河,2017,2,2,0.0,0.0,0.0,0.0,0.0,0.0,1.0,1.0,0.0,0.0,0.0,0.0,0.0,0.0
红河,2018,14,14,0.35714285714285715,0.35714285714285715,0.0,0.0,0.0,0.0,0.35714285714285715,0.35714285714285715,0.0,0.0,0.14285714285714285,0.14285714285714285,0.14285714285714285,0.14285714285714285
红河,2019,15,15,0.5333333333333333,0.5333333333333333,0.0,0.0,0.0,0.0,0.06666666666666667,0.06666666666666667,0.0,0.0,0.26666666666666666,0.26666666666666666,0.13333333333333333,0.13333333333333333
红河,2020,25,25,0.56,0.56,0.0,0.0,0.0,0.0,0.36,0.36,0.0,0.0,0.04,0.04,0.04,0.04
红河,2021,16,16,0.375,0.375,0.0,0.0,0.0,0.0,0.0625,0.0625,0.0,0.0,0.375,0.375,0.1875,0.1875
红河,2022,46,40,0.6739130434782609,0.775,0.0,0.0,0.0,0.0,0.021739130434782608,0.025,0.0,0.0,0.17391304347826086,0.2,0.0,0.0
红河,2023,187,133,0.49732620320855614,0.6992481203007519,0.0,0.0,0.016042780748663103,0.022556390977443608,0.0,0.0,0.0,0.0,0.10160427807486631,0.14285714285714285,0.0962566844919786,0.13533834586466165
红河哈尼族彝族自治州,2008,64,57,0.265625,0.2982456140350877,0.0,0.0,0.0,0.0,0.265625,0.2982456140350877,0.0,0.0,0.3125,0.3508771929824561,0.046875,0.05263157894736842
红河哈尼族彝族自治州,2009,73,60,0.4383561643835616,0.5333333333333333,0.0,0.0,0.0,0.0,0.2465753424657534,0.3,0.0,0.0,0.1095890410958904,0.13333333333333333,0.0273972602739726,0.03333333333333333
红河哈尼族彝族自治州,2010,78,65,0.5641025641025641,0.676923076923077,0.0,0.0,0.0,0.0,0.1794871794871795,0.2153846153846154,0.0,0.0,0.08974358974358974,0.1076923076923077,0.0,0.0
红河哈尼族彝族自治州,2011,109,86,0.4954128440366973,0.627906976744186,0.0,0.0,0.0,0.0,0.11926605504587157,0.1511627906976744,0.0,0.0,0.1559633027522936,0.19767441860465115,0.01834862385321101,0.023255813953488372
红河哈尼族彝族自治州,2012,111,82,0.5675675675675675,0.7682926829268293,0.0,0.0,0.0,0.0,0.06306306306306306,0.08536585365853659,0.009009009009009009,0.012195121951219513,0.08108108108108109,0.10975609756097561,0.018018018018018018,0.024390243902439025
红河哈尼族彝族自治州,2013,129,86,0.4728682170542636,0.7093023255813954,0.0,0.0,0.0,0.0,0.07751937984496124,0.11627906976744186,0.0,0.0,0.06976744186046512,0.10465116279069768,0.046511627906976744,0.06976744186046512
红河哈尼族彝族自治州,2014,124,91,0.5483870967741935,0.7472527472527473,0.0,0.0,0.0,0.0,0.04838709677419355,0.06593406593406594,0.0,0.0,0.06451612903225806,0.08791208791208792,0.07258064516129033,0.0989010989010989
红河哈尼族彝族自治州,2015,181,109,0.48066298342541436,0.7981651376146789,0.0,0.0,0.0,0.0,0.06077348066298342,0.10091743119266056,0.0,0.0,0.03867403314917127,0.06422018348623854,0.022099447513812154,0.03669724770642202
红河哈尼族彝族自治州,2016,233,137,0.30472103004291845,0.5182481751824818,0.0,0.0,0.0,0.0,0.04291845493562232,0.072992700729927,0.017167381974248927,0.029197080291970802,0.08583690987124463,0.145985401459854,0.13733905579399142,0.23357664233576642
红河哈尼族彝族自治州,2017,228,133,0.40789473684210525,0.6992481203007519,0.0,0.0,0.0,0.0,0.05701754385964912,0.09774436090225563,0.0,0.0,0.04824561403508772,0.08270676691729323,0.07017543859649122,0.12030075187969924
红河哈尼族彝族自治州,2018,243,135,0.24691358024691357,0.4444444444444444,0.0,0.0,0.0,0.0,0.0411522633744856,0.07407407407407407,0.01646090534979424,0.02962962962962963,0.102880658436214,0.18518518518518517,0.14814814814814814,0.26666666666666666
红河哈尼族彝族自治州,2019,262,178,0.40076335877862596,0.5898876404494382,0.0,0.0,0.0,0.0,0.011450381679389313,0.016853932584269662,0.011450381679389313,0.016853932584269662,0.10687022900763359,0.15730337078651685,0.14885496183206107,0.21910112359550563
红河哈尼族彝族自治州,2020,294,167,0.3741496598639456,0.6586826347305389,0.0,0.0,0.0,0.0,0.10884353741496598,0.19161676646706588,0.0,0.0,0.05102040816326531,0.08982035928143713,0.034013605442176874,0.059880239520958084
红河哈尼族彝族自治州,2021,278,146,0.25539568345323743,0.4863013698630137,0.0,0.0,0.0,0.0,0.09712230215827339,0.18493150684931506,0.0,0.0,0.08992805755395683,0.17123287671232876,0.08273381294964029,0.15753424657534246
红河哈尼族彝族自治州,2022,291,195,0.3917525773195876,0.5846153846153846,0.0,0.0,0.010309278350515464,0.015384615384615385,0.010309278350515464,0.015384615384615385,0.0,0.0,0.16838487972508592,0.2512820512820513,0.08934707903780069,0.13333333333333333
红河哈尼族彝族自治州,2023,231,158,0.4458874458874459,0.6518987341772152,0.0,0.0,0.0,0.0,0.03463203463203463,0.05063291139240506,0.017316017316017316,0.02531645569620253,0.08658008658008658,0.12658227848101267,0.09956709956709957,0.14556962025316456
绍兴,2008,741,221,0.21727395411605938,0.7285067873303167,0.0,0.0,0.0,0.0,0.05128205128205128,0.17194570135746606,0.010796221322537112,0.03619909502262444,0.0,0.0,0.018893387314439947,0.06334841628959276
绍兴,2009,1033,340,0.17424975798644723,0.5294117647058824,0.0,0.0,0.0,0.0,0.10164569215876089,0.3088235294117647,0.0,0.0,0.0,0.0,0.05324298160696999,0.16176470588235295
绍兴,2010,978,340,0.18098159509202455,0.5205882352941177,0.0,0.0,0.0,0.0,0.050102249488752554,0.14411764705882352,0.007157464212678937,0.020588235294117647,0.0,0.0,0.10940695296523517,0.31470588235294117
绍兴,2011,1522,591,0.25098554533508544,0.6463620981387479,0.0,0.0,0.0,0.0,0.028252299605781867,0.0727580372250423,0.008541392904073587,0.021996615905245348,0.0,0.0,0.10052562417871222,0.25888324873096447
绍兴,2012,2270,813,0.16431718061674008,0.45879458794587946,0.0,0.0,0.0,0.0,0.030837004405286344,0.08610086100861009,0.014096916299559472,0.03936039360393604,0.0,0.0,0.14889867841409693,0.4157441574415744
绍兴,2013,2612,483,0.11217457886676876,0.6066252587991718,0.0,0.0,0.0,0.0,0.020673813169984685,0.11180124223602485,0.005359877488514548,0.028985507246376812,0.00880551301684533,0.047619047619047616,0.03790199081163859,0.20496894409937888
绍兴,2014,3673,637,0.11870405662945821,0.6844583987441131,0.0,0.0,0.0,0.0,0.028314729104274437,0.16326530612244897,0.0,0.0,0.0,0.0,0.02640893002994827,0.152276295133438
绍兴,2015,5396,1191,0.10266864343958487,0.4651553316540722,0.0,0.0,0.0,0.0,0.07616753150481838,0.345088161209068,0.0,0.0,0.0,0.0,0.041882876204596,0.1897565071368598
绍兴,2016,9869,1658,0.07244908298713142,0.4312424607961399,0.0,0.0,0.0,0.0,0.03283007396899382,0.195416164053076,0.0,0.0,0.0,0.0,0.0627216536629851,0.3733413751507841
绍兴,2017,13662,1596,0.06565656565656566,0.5620300751879699,0.0,0.0,0.0,0.0,0.028473137168789343,0.243734335839599,0.0,0.0,0.0,0.0,0.02269067486458791,0.19423558897243107
绍兴,2018,10365,1875,0.10631934394597202,0.5877333333333333,0.0,0.0,0.0,0.0,0.0,0.0,0.0,0.0,0.0,0.0,0.07457790641582247,0.41226666666666667
绍兴,2019,8449,1947,0.13895135518996332,0.6029789419619929,0.0,0.0,0.0,0.0,0.0,0.0,0.0,0.0,0.0,0.0,0.09149011717363001,0.3970210580380072
绍兴,2020,12817,2600,0.14090660841070454,0.6946153846153846,0.0,0.0,0.0,0.0,0.0,0.0,0.0,0.0,0.004603261293594445,0.022692307692307692,0.05734571272528673,0.2826923076923077
绍兴,2021,11203,2728,0.1736142104793359,0.7129765395894428,0.0,0.0,0.0,0.0,0.0,0.0,0.0,0.0,0.0038382576095688653,0.015762463343108504,0.06605373560653396,0.27126099706744866
绍兴,2022,8918,1863,0.15362188831576587,0.735373054213634,0.0,0.0,0.0,0.0,0.0,0.0,0.0,0.0,0.011101143754204979,0.05314009661835749,0.04418030948643194,0.21148684916800858
绍兴,2023,8186,1897,0.17077937942829222,0.7369530838165524,0.0,0.0,0.0,0.0,0.0,0.0,0.0,0.0,0.03444905936965551,0.14865577227200844,0.026508673344734914,0.11439114391143912
绥化,2008,45,32,0.3111111111111111,0.4375,0.0,0.0,0.0,0.0,0.4,0.5625,0.0,0.0,0.0,0.0,0.0,0.0
绥化,2009,52,39,0.11538461538461539,0.15384615384615385,0.0,0.0,0.0,0.0,0.6346153846153846,0.8461538461538461,0.0,0.0,0.0,0.0,0.0,0.0
绥化,2010,53,40,0.07547169811320754,0.1,0.0,0.0,0.0,0.0,0.6415094339622641,0.85,0.0,0.0,0.0,0.0,0.03773584905660377,0.05
绥化,2011,47,36,0.2978723404255319,0.3888888888888889,0.0,0.0,0.0,0.0,0.425531914893617,0.5555555555555556,0.0,0.0,0.0,0.0,0.0425531914893617,0.05555555555555555
绥化,2012,93,73,0.6451612903225806,0.821917808219178,0.0,0.0,0.0,0.0,0.08602150537634409,0.1095890410958904,0.021505376344086023,0.0273972602739726,0.0,0.0,0.03225806451612903,0.0410958904109589
绥化,2013,124,99,0.532258064516129,0.6666666666666666,0.0,0.0,0.0,0.0,0.20967741935483872,0.26262626262626265,0.024193548387096774,0.030303030303030304,0.0,0.0,0.03225806451612903,0.04040404040404041
绥化,2014,70,42,0.2571428571428571,0.42857142857142855,0.0,0.0,0.0,0.0,0.24285714285714285,0.40476190476190477,0.014285714285714285,0.023809523809523808,0.0,0.0,0.08571428571428572,0.14285714285714285
绥化,2015,83,55,0.21686746987951808,0.32727272727272727,0.0,0.0,0.0,0.0,0.2891566265060241,0.43636363636363634,0.0,0.0,0.0,0.0,0.1566265060240964,0.23636363636363636
绥化,2016,120,77,0.38333333333333336,0.5974025974025974,0.0,0.0,0.0,0.0,0.10833333333333334,0.16883116883116883,0.0,0.0,0.0,0.0,0.15,0.23376623376623376
绥化,2017,151,93,0.2781456953642384,0.45161290322580644,0.0,0.0,0.0,0.0,0.19205298013245034,0.3118279569892473,0.019867549668874173,0.03225806451612903,0.0728476821192053,0.11827956989247312,0.052980132450331126,0.08602150537634409
绥化,2018,152,88,0.21052631578947367,0.36363636363636365,0.0,0.0,0.0,0.0,0.23684210526315788,0.4090909090909091,0.0,0.0,0.05263157894736842,0.09090909090909091,0.07894736842105263,0.13636363636363635
绥化,2019,218,104,0.2706422018348624,0.5673076923076923,0.0,0.0,0.0,0.0,0.1651376146788991,0.34615384615384615,0.0,0.0,0.0,0.0,0.04128440366972477,0.08653846153846154
绥化,2020,286,120,0.1958041958041958,0.4666666666666667,0.0,0.0,0.0,0.0,0.11888111888111888,0.2833333333333333,0.0,0.0,0.08041958041958042,0.19166666666666668,0.024475524475524476,0.058333333333333334
绥化,2021,288,127,0.21875,0.49606299212598426,0.0,0.0,0.0,0.0,0.1527777777777778,0.3464566929133858,0.0,0.0,0.041666666666666664,0.09448818897637795,0.027777777777777776,0.06299212598425197
绥化,2022,170,86,0.31176470588235294,0.6162790697674418,0.0,0.0,0.0,0.0,0.11176470588235295,0.22093023255813954,0.0,0.0,0.03529411764705882,0.06976744186046512,0.047058823529411764,0.09302325581395349
绥化,2023,214,136,0.4485981308411215,0.7058823529411765,0.0,0.0,0.0,0.0,0.014018691588785047,0.022058823529411766,0.0,0.0,0.14018691588785046,0.22058823529411764,0.03271028037383177,0.051470588235294115
绵阳,2008,297,228,0.5151515151515151,0.6710526315789473,0.0,0.0,0.0,0.0,0.10437710437710437,0.13596491228070176,0.0,0.0,0.05723905723905724,0.07456140350877193,0.09090909090909091,0.11842105263157894
绵阳,2009,441,347,0.5192743764172335,0.659942363112392,0.0,0.0,0.0,0.0,0.04308390022675737,0.05475504322766571,0.0,0.0,0.08390022675736962,0.10662824207492795,0.14058956916099774,0.1786743515850144
绵阳,2010,529,402,0.5274102079395085,0.6940298507462687,0.0,0.0,0.0,0.0,0.0,0.0,0.0,0.0,0.1001890359168242,0.1318407960199005,0.1323251417769376,0.17412935323383086
绵阳,2011,855,637,0.47134502923976607,0.6326530612244898,0.0,0.0,0.0,0.0,0.017543859649122806,0.023547880690737835,0.0,0.0,0.11578947368421053,0.1554160125588697,0.14035087719298245,0.18838304552590268
绵阳,2012,1024,689,0.3955078125,0.5878084179970973,0.0,0.0,0.0,0.0,0.0244140625,0.036284470246734396,0.0,0.0,0.1455078125,0.216255442670537,0.107421875,0.15965166908563136
绵阳,2013,1569,1050,0.3798597833014659,0.5676190476190476,0.0,0.0,0.0,0.0,0.03760356915232632,0.05619047619047619,0.0,0.0,0.15997450605481198,0.23904761904761904,0.09177820267686425,0.13714285714285715
绵阳,2014,2010,1215,0.29950248756218906,0.49547325102880657,0.0,0.0,0.0,0.0,0.0,0.0,0.0,0.0,0.21791044776119403,0.36049382716049383,0.08706467661691543,0.1440329218106996
绵阳,2015,2356,1594,0.3297962648556876,0.4874529485570891,0.0,0.0,0.0,0.0,0.020797962648556875,0.030740276035131745,0.0,0.0,0.2533955857385399,0.37452948557089083,0.07258064516129033,0.10727728983688833
绵阳,2016,3279,2110,0.3266239707227813,0.5075829383886256,0.0,0.0,0.0,0.0,0.0,0.0,0.0,0.0,0.2573955474229948,0.4,0.059469350411710885,0.0924170616113744
绵阳,2017,4228,2262,0.2703405865657521,0.5053050397877984,0.0,0.0,0.0,0.0,0.0,0.0,0.0,0.0,0.20719016083254493,0.38726790450928383,0.05747398297067171,0.10742705570291777
绵阳,2018,4235,2505,0.23376623376623376,0.39520958083832336,0.0,0.0,0.0,0.0,0.0,0.0,0.0,0.0,0.2798110979929162,0.47305389221556887,0.07792207792207792,0.1317365269461078
绵阳,2019,4206,2730,0.25463623395149787,0.3923076923076923,0.0,0.0,0.0,0.0,0.0,0.0,0.0,0.0,0.30836899667142176,0.47509157509157507,0.08606752258678078,0.1326007326007326
绵阳,2020,4493,2768,0.2145559759626085,0.34826589595375723,0.0,0.0,0.0,0.0,0.0,0.0,0.0,0.0,0.32138882706432226,0.5216763005780347,0.08012463832628533,0.13005780346820808
绵阳,2021,4210,2438,0.16389548693586697,0.2830188679245283,0.0,0.0,0.0,0.0,0.0,0.0,0.0,0.0,0.3007125890736342,0.5192780968006563,0.11448931116389549,0.19770303527481542
绵阳,2022,4089,2511,0.16581071166544387,0.27001194743130225,0.0,0.0,0.0,0.0,0.0,0.0,0.0,0.0,0.31010026901442894,0.5049780963759458,0.13817559305453656,0.22500995619275188
绵阳,2023,4657,2758,0.16362465106291604,0.27628716461203773,0.0,0.0,0.0,0.0,0.0,0.0,0.0,0.0,0.2883830792355594,0.48694706308919505,0.14021902512347004,0.23676577229876722
聊城,2008,247,127,0.22672064777327935,0.4409448818897638,0.0,0.0,0.0,0.0,0.19838056680161945,0.3858267716535433,0.0,0.0,0.0,0.0,0.08906882591093117,0.1732283464566929
聊城,2009,315,126,0.1619047619047619,0.40476190476190477,0.0,0.0,0.0,0.0,0.13968253968253969,0.3492063492063492,0.0,0.0,0.0,0.0,0.09841269841269841,0.24603174603174602
聊城,2010,315,146,0.20317460317460317,0.4383561643835616,0.0,0.0,0.0,0.0,0.07936507936507936,0.17123287671232876,0.0,0.0,0.0,0.0,0.18095238095238095,0.3904109589041096
聊城,2011,357,149,0.19327731092436976,0.46308724832214765,0.0,0.0,0.0,0.0,0.10084033613445378,0.24161073825503357,0.0,0.0,0.0,0.0,0.12324929971988796,0.2953020134228188
聊城,2012,417,186,0.2014388489208633,0.45161290322580644,0.0,0.0,0.0,0.0,0.11031175059952038,0.24731182795698925,0.0,0.0,0.0,0.0,0.1342925659472422,0.3010752688172043
聊城,2013,614,277,0.2785016286644951,0.6173285198555957,0.0,0.0,0.0,0.0,0.057003257328990226,0.1263537906137184,0.0,0.0,0.0,0.0,0.11563517915309446,0.2563176895306859
聊城,2014,763,248,0.2018348623853211,0.6209677419354839,0.0,0.0,0.0,0.0,0.045871559633027525,0.14112903225806453,0.0,0.0,0.0,0.0,0.07732634338138926,0.23790322580645162
聊城,2015,1137,449,0.18997361477572558,0.48106904231625836,0.0,0.0,0.0,0.0,0.12049252418645559,0.3051224944320713,0.0,0.0,0.0,0.0,0.08443271767810026,0.21380846325167038
聊城,2016,1216,519,0.2993421052631579,0.7013487475915221,0.0,0.0,0.0,0.0,0.022203947368421052,0.05202312138728324,0.0,0.0,0.0,0.0,0.10526315789473684,0.2466281310211946
聊城,2017,1421,454,0.18859957776213934,0.5903083700440529,0.0,0.0,0.0,0.0,0.05137227304714989,0.16079295154185022,0.0,0.0,0.0,0.0,0.07952146375791697,0.2488986784140969
聊城,2018,1489,423,0.15715245130960376,0.5531914893617021,0.0,0.0,0.0,0.0,0.04701141705842848,0.16548463356973994,0.0,0.0,0.0,0.0,0.07991940899932841,0.28132387706855794
聊城,2019,1476,358,0.15040650406504066,0.6201117318435754,0.0,0.0,0.0,0.0,0.014905149051490514,0.061452513966480445,0.0,0.0,0.0,0.0,0.07723577235772358,0.31843575418994413
聊城,2020,1887,423,0.11181770005299417,0.4988179669030733,0.0,0.0,0.011128775834658187,0.04964539007092199,0.0498145204027557,0.2222222222222222,0.0,0.0,0.0,0.0,0.05140434552199258,0.2293144208037825
聊城,2021,1675,417,0.14149253731343284,0.5683453237410072,0.0,0.0,0.015522388059701492,0.06235011990407674,0.01253731343283582,0.050359712230215826,0.0,0.0,0.0,0.0,0.07940298507462687,0.31894484412470026
聊城,2022,1858,617,0.22228202368137784,0.6693679092382496,0.0,0.0,0.008073196986006458,0.024311183144246355,0.0,0.0,0.0,0.0,0.0,0.0,0.10172228202368137,0.3063209076175041
聊城,2023,2027,720,0.23680315737543167,0.6666666666666666,0.0,0.0,0.018746916625555006,0.05277777777777778,0.0,0.0,0.0,0.0,0.0,0.0,0.09965466206216082,0.28055555555555556
肇庆,2008,75,71,0.8933333333333333,0.9436619718309859,0.0,0.0,0.013333333333333334,0.014084507042253521,0.04,0.04225352112676056,0.0,0.0,0.0,0.0,0.0,0.0
肇庆,2009,98,76,0.6326530612244898,0.8157894736842105,0.0,0.0,0.0,0.0,0.14285714285714285,0.18421052631578946,0.0,0.0,0.0,0.0,0.0,0.0
肇庆,2010,150,98,0.62,0.9489795918367347,0.0,0.0,0.0,0.0,0.013333333333333334,0.02040816326530612,0.0,0.0,0.0,0.0,0.02,0.030612244897959183
肇庆,2011,263,173,0.6045627376425855,0.9190751445086706,0.0,0.0,0.0,0.0,0.04182509505703422,0.06358381502890173,0.011406844106463879,0.017341040462427744,0.0,0.0,0.0,0.0
肇庆,2012,295,166,0.5152542372881356,0.9156626506024096,0.0,0.0,0.0,0.0,0.04745762711864407,0.08433734939759036,0.0,0.0,0.0,0.0,0.0,0.0
肇庆,2013,279,147,0.37992831541218636,0.7210884353741497,0.0,0.0,0.0,0.0,0.1111111111111111,0.2108843537414966,0.0,0.0,0.0,0.0,0.035842293906810034,0.06802721088435375
肇庆,2014,358,216,0.31564245810055863,0.5231481481481481,0.0,0.0,0.0,0.0,0.25139664804469275,0.4166666666666667,0.0,0.0,0.0,0.0,0.036312849162011177,0.06018518518518518
肇庆,2015,431,235,0.25754060324825984,0.4723404255319149,0.0,0.0,0.0,0.0,0.20649651972157773,0.37872340425531914,0.05104408352668213,0.09361702127659574,0.0,0.0,0.030162412993039442,0.05531914893617021
肇庆,2016,836,401,0.2834928229665072,0.5910224438902744,0.0,0.0,0.0,0.0,0.1375598086124402,0.286783042394015,0.02033492822966507,0.04239401496259352,0.0,0.0,0.03827751196172249,0.0798004987531172
肇庆,2017,2085,718,0.2805755395683453,0.8147632311977716,0.0,0.0,0.0,0.0,0.010071942446043165,0.02924791086350975,0.0,0.0,0.022062350119904078,0.06406685236768803,0.031654676258992806,0.09192200557103064
肇庆,2018,2305,824,0.2629067245119306,0.7354368932038835,0.0,0.0,0.0,0.0,0.0,0.0,0.0,0.0,0.0420824295010846,0.11771844660194175,0.052494577006507594,0.14684466019417475
肇庆,2019,1772,650,0.172686230248307,0.4707692307692308,0.0,0.0,0.0,0.0,0.05981941309255079,0.16307692307692306,0.0,0.0,0.06038374717832957,0.1646153846153846,0.07392776523702031,0.20153846153846153
肇庆,2020,1683,619,0.27629233511586454,0.7512116316639742,0.0,0.0,0.0,0.0,0.011883541295306001,0.03231017770597738,0.0,0.0,0.058229352346999406,0.1583198707592892,0.0213903743315508,0.05815831987075929
肇庆,2021,1450,448,0.2386206896551724,0.7723214285714286,0.0,0.0,0.0,0.0,0.0,0.0,0.0,0.0,0.04758620689655172,0.15401785714285715,0.022758620689655173,0.07366071428571429
肇庆,2022,1501,553,0.27648234510326447,0.7504520795660036,0.0,0.0,0.0,0.0,0.011992005329780146,0.0325497287522604,0.009993337774816789,0.027124773960216998,0.017321785476349102,0.04701627486437613,0.05263157894736842,0.14285714285714285
肇庆,2023,1627,523,0.24892440073755379,0.7743785850860421,0.0,0.0,0.0,0.0,0.0,0.0,0.0,0.0,0.009834050399508297,0.030592734225621414,0.0626920712968654,0.1950286806883365
胡杨河,2022,1,1,1.0,1.0,0.0,0.0,0.0,0.0,0.0,0.0,0.0,0.0,0.0,0.0,0.0,0.0
胡杨河,2023,9,9,1.0,1.0,0.0,0.0,0.0,0.0,0.0,0.0,0.0,0.0,0.0,0.0,0.0,0.0
自贡,2008,54,43,0.3148148148148148,0.3953488372093023,0.0,0.0,0.0,0.0,0.25925925925925924,0.32558139534883723,0.0,0.0,0.18518518518518517,0.23255813953488372,0.037037037037037035,0.046511627906976744
自贡,2009,80,60,0.2875,0.38333333333333336,0.0,0.0,0.0,0.0,0.2625,0.35,0.0,0.0,0.15,0.2,0.05,0.06666666666666667
自贡,2010,108,74,0.35185185185185186,0.5135135135135135,0.0,0.0,0.0,0.0,0.046296296296296294,0.06756756756756757,0.06481481481481481,0.0945945945945946,0.12962962962962962,0.1891891891891892,0.09259259259259259,0.13513513513513514
自贡,2011,176,121,0.42045454545454547,0.6115702479338843,0.0,0.0,0.0,0.0,0.07386363636363637,0.10743801652892562,0.0,0.0,0.13068181818181818,0.19008264462809918,0.0625,0.09090909090909091
自贡,2012,206,159,0.5533980582524272,0.7169811320754716,0.0,0.0,0.0,0.0,0.06310679611650485,0.08176100628930817,0.009708737864077669,0.012578616352201259,0.07281553398058252,0.09433962264150944,0.07281553398058252,0.09433962264150944
自贡,2013,277,215,0.6028880866425993,0.7767441860465116,0.0,0.0,0.0,0.0,0.05054151624548736,0.06511627906976744,0.0,0.0,0.0,0.0,0.12274368231046931,0.15813953488372093
自贡,2014,293,219,0.4539249146757679,0.6073059360730594,0.0,0.0,0.0,0.0,0.03754266211604096,0.0502283105022831,0.0,0.0,0.0,0.0,0.25597269624573377,0.3424657534246575
自贡,2015,386,312,0.33419689119170987,0.41346153846153844,0.0,0.0,0.015544041450777202,0.019230769230769232,0.025906735751295335,0.03205128205128205,0.0,0.0,0.0,0.0,0.4326424870466321,0.5352564102564102
自贡,2016,537,405,0.33519553072625696,0.4444444444444444,0.0,0.0,0.0,0.0,0.0297951582867784,0.03950617283950617,0.0,0.0,0.0,0.0,0.3891992551210428,0.5160493827160494
自贡,2017,719,467,0.24895688456189152,0.38329764453961457,0.0,0.0,0.0,0.0,0.09040333796940195,0.139186295503212,0.0,0.0,0.0,0.0,0.3101529902642559,0.47751605995717344
自贡,2018,847,610,0.282172373081464,0.3918032786885246,0.0,0.0,0.018890200708382526,0.02622950819672131,0.07910271546635184,0.10983606557377049,0.0,0.0,0.0,0.0,0.3400236127508855,0.4721311475409836
自贡,2019,690,492,0.25507246376811593,0.35772357723577236,0.0,0.0,0.05652173913043478,0.07926829268292683,0.05507246376811594,0.07723577235772358,0.008695652173913044,0.012195121951219513,0.0,0.0,0.33768115942028987,0.4735772357723577
自贡,2020,711,469,0.30520393811533053,0.4626865671641791,0.0,0.0,0.06329113924050633,0.09594882729211088,0.03656821378340366,0.05543710021321962,0.0,0.0,0.0,0.0,0.2545710267229255,0.3859275053304904
自贡,2021,665,454,0.2631578947368421,0.3854625550660793,0.0,0.0,0.06917293233082707,0.1013215859030837,0.03308270676691729,0.048458149779735685,0.0,0.0,0.0,0.0,0.3172932330827068,0.4647577092511013
自贡,2022,763,570,0.2673656618610747,0.35789473684210527,0.0,0.0,0.08519003931847968,0.11403508771929824,0.005242463958060288,0.007017543859649123,0.015727391874180863,0.021052631578947368,0.0,0.0,0.3735255570117955,0.5
自贡,2023,873,673,0.27262313860252,0.3536404160475483,0.0,0.0,0.05956471935853379,0.07726597325408618,0.0,0.0,0.0,0.0,0.006872852233676976,0.008915304606240713,0.43184421534937,0.5601783060921248
舟山,2008,59,49,0.1864406779661017,0.22448979591836735,0.0,0.0,0.0,0.0,0.2033898305084746,0.24489795918367346,0.0,0.0,0.05084745762711865,0.061224489795918366,0.3898305084745763,0.46938775510204084
舟山,2009,106,85,0.19811320754716982,0.24705882352941178,0.0,0.0,0.0,0.0,0.07547169811320754,0.09411764705882353,0.018867924528301886,0.023529411764705882,0.05660377358490566,0.07058823529411765,0.4528301886792453,0.5647058823529412
舟山,2010,189,161,0.14285714285714285,0.16770186335403728,0.0,0.0,0.0,0.0,0.10582010582010581,0.12422360248447205,0.005291005291005291,0.006211180124223602,0.0,0.0,0.5978835978835979,0.7018633540372671
舟山,2011,386,296,0.13212435233160622,0.17229729729729729,0.0,0.0,0.0,0.0,0.07512953367875648,0.09797297297297297,0.0,0.0,0.12953367875647667,0.16891891891891891,0.43005181347150256,0.5608108108108109
舟山,2012,487,411,0.1026694045174538,0.12165450121654502,0.0,0.0,0.0,0.0,0.1026694045174538,0.12165450121654502,0.004106776180698152,0.004866180048661801,0.1540041067761807,0.18248175182481752,0.4804928131416838,0.5693430656934306
舟山,2013,550,441,0.08181818181818182,0.10204081632653061,0.0,0.0,0.0,0.0,0.06727272727272728,0.08390022675736962,0.007272727272727273,0.009070294784580499,0.14545454545454545,0.18140589569160998,0.5,0.6235827664399093
舟山,2014,1044,909,0.06226053639846743,0.07150715071507151,0.0,0.0,0.0,0.0,0.0,0.0,0.0038314176245210726,0.0044004400440044,0.16091954022988506,0.1848184818481848,0.6436781609195402,0.7392739273927392
舟山,2015,1222,1035,0.10801963993453355,0.12753623188405797,0.0,0.0,0.004909983633387889,0.005797101449275362,0.009819967266775777,0.011594202898550725,0.014729950900163666,0.017391304347826087,0.07774140752864157,0.09178743961352658,0.6317512274959084,0.7458937198067633
舟山,2016,1448,1152,0.05662983425414365,0.07118055555555555,0.0,0.0,0.003453038674033149,0.004340277777777778,0.0,0.0,0.0,0.0,0.10290055248618785,0.1293402777777778,0.6325966850828729,0.7951388888888888
舟山,2017,1833,1472,0.10310965630114566,0.12839673913043478,0.0,0.0,0.0,0.0,0.019094380796508457,0.02377717391304348,0.007637752318603383,0.009510869565217392,0.0867430441898527,0.10801630434782608,0.5864702673213311,0.7302989130434783
舟山,2018,1608,1202,0.05161691542288557,0.06905158069883527,0.0,0.0,0.004353233830845771,0.005823627287853577,0.03482587064676617,0.04658901830282862,0.0,0.0,0.07711442786069651,0.10316139767054909,0.5796019900497512,0.7753743760399334
舟山,2019,1580,1212,0.06329113924050633,0.08250825082508251,0.0,0.0,0.006329113924050633,0.00825082508250825,0.010759493670886076,0.014026402640264026,0.0,0.0,0.09430379746835443,0.12293729372937294,0.5924050632911393,0.7722772277227723
舟山,2020,1117,710,0.12175470008952552,0.19154929577464788,0.0,0.0,0.007162041181736795,0.011267605633802818,0.01611459265890779,0.02535211267605634,0.0,0.0,0.11906893464637422,0.18732394366197183,0.37153088630259623,0.5845070422535211
舟山,2021,1123,773,0.1433659839715049,0.20827943078913325,0.0,0.0,0.007123775601068566,0.01034928848641656,0.0,0.0,0.0,0.0,0.10685663401602849,0.15523932729624837,0.43098842386464825,0.6261319534282018
舟山,2022,1065,704,0.15492957746478872,0.234375,0.0,0.0,0.0,0.0,0.0,0.0,0.0,0.0,0.11455399061032864,0.17329545454545456,0.39154929577464787,0.5923295454545454
舟山,2023,1105,657,0.19638009049773755,0.3302891933028919,0.0,0.0,0.0,0.0,0.0,0.0,0.0,0.0,0.12941176470588237,0.2176560121765601,0.2687782805429864,0.4520547945205479
芜湖,2008,806,586,0.6203473945409429,0.8532423208191127,0.0,0.0,0.0,0.0,0.09057071960297766,0.12457337883959044,0.0,0.0,0.0,0.0,0.016129032258064516,0.02218430034129693
芜湖,2009,1042,727,0.5182341650671785,0.7427785419532325,0.0,0.0,0.0,0.0,0.1381957773512476,0.19807427785419532,0.0,0.0,0.028790786948176585,0.04126547455295736,0.012476007677543186,0.017881705639614855
芜湖,2010,1100,770,0.5963636363636363,0.8519480519480519,0.0,0.0,0.0,0.0,0.025454545454545455,0.03636363636363636,0.0,0.0,0.04363636363636364,0.06233766233766234,0.034545454545454546,0.04935064935064935
芜湖,2011,1853,1176,0.5898542903399892,0.9294217687074829,0.0,0.0,0.0,0.0,0.0,0.0,0.0,0.0,0.021046950890447922,0.03316326530612245,0.023745277927684834,0.03741496598639456
芜湖,2012,3197,1407,0.36815764779480764,0.8365316275764036,0.0,0.0,0.0,0.0,0.019080387863622147,0.0433546552949538,0.0,0.0,0.012511729746637473,0.028429282160625444,0.04035032843290585,0.09168443496801706
芜湖,2013,6065,1935,0.27683429513602636,0.8677002583979329,0.0,0.0,0.0,0.0,0.0,0.0,0.0,0.0,0.0,0.0,0.042209398186314924,0.13229974160206717
芜湖,2014,9040,1929,0.1801991150442478,0.8444790046656299,0.0,0.0,0.0,0.0,0.0,0.0,0.0,0.0,0.0,0.0,0.033185840707964605,0.15552099533437014
芜湖,2015,11662,2096,0.12682215743440234,0.7056297709923665,0.0,0.0,0.0,0.0,0.013891270794031898,0.07729007633587787,0.0,0.0,0.0,0.0,0.039015606242496996,0.21708015267175573
芜湖,2016,15854,2957,0.11479752743787057,0.6154886709502875,0.0,0.0,0.0,0.0,0.01583196669610193,0.0848833276969902,0.008262898952945628,0.04430165708488333,0.0,0.0,0.047622051217358394,0.255326344267839
芜湖,2017,18915,3828,0.09584985461274122,0.47361546499477536,0.0,0.0,0.0,0.0,0.02093576526566217,0.10344827586206896,0.008406026962727993,0.041536050156739814,0.0,0.0,0.07718741739360296,0.38140020898641586
芜湖,2018,27194,3919,0.08178274619401339,0.5674917070681296,0.0,0.0,0.0,0.0,0.0,0.0,0.0055894682650584684,0.03878540443990814,0.0,0.0,0.05674045745385011,0.39372288849196224
芜湖,2019,8188,2643,0.1596238397655105,0.4945138100643208,0.0,0.0,0.0,0.0,0.0,0.0,0.0,0.0,0.0,0.0,0.16316560820713238,0.5054861899356792
芜湖,2020,10276,2579,0.13536395484624367,0.5393563396665374,0.0,0.0,0.005254963020630596,0.02093834819697557,0.0,0.0,0.0,0.0,0.005254963020630596,0.02093834819697557,0.10509926041261192,0.41876696393951146
芜湖,2021,8644,2964,0.17480333179083757,0.5097840755735492,0.0,0.0,0.007866728366496992,0.022941970310391364,0.0,0.0,0.0,0.0,0.00994909763998149,0.029014844804318488,0.1502776492364646,0.4382591093117409
芜湖,2022,8757,3602,0.22907388375014273,0.5569128262076624,0.0,0.0,0.008792965627498001,0.021377012770682952,0.0,0.0,0.0,0.0,0.020326595866164213,0.049416990560799554,0.15313463514902365,0.3722931704608551
芜湖,2023,9223,4145,0.28645776862192346,0.6373944511459589,0.0,0.0,0.00867396725577361,0.019300361881785282,0.0,0.0,0.0,0.0,0.00932451479995663,0.02074788902291918,0.14496367776211644,0.3225572979493366
花莲县,2020,3,3,0.0,0.0,0.0,0.0,0.0,0.0,0.3333333333333333,0.3333333333333333,0.3333333333333333,0.3333333333333333,0.0,0.0,0.3333333333333333,0.3333333333333333
花莲县,2021,1,1,0.0,0.0,0.0,0.0,0.0,0.0,0.0,0.0,0.0,0.0,0.0,0.0,1.0,1.0
花莲县,2022,5,5,0.4,0.4,0.0,0.0,0.0,0.0,0.0,0.0,0.6,0.6,0.0,0.0,0.0,0.0
花莲县,2023,4,4,0.25,0.25,0.0,0.0,0.0,0.0,0.0,0.0,0.75,0.75,0.0,0.0,0.0,0.0
苏州,2008,5162,1578,0.2644323905462999,0.8650190114068441,0.0,0.0,0.0,0.0,0.006974041069352964,0.022813688212927757,0.0,0.0,0.0,0.0,0.034289035257652076,0.11216730038022814
苏州,2009,7660,1563,0.17245430809399478,0.8451695457453615,0.0,0.0,0.0,0.0,0.0,0.0,0.0,0.0,0.0060052219321148825,0.02943058221369162,0.025587467362924284,0.1253998720409469
苏州,2010,12032,2002,0.13912898936170212,0.8361638361638362,0.0,0.0,0.0,0.0,0.0,0.0,0.0,0.0,0.007480053191489362,0.04495504495504495,0.01978058510638298,0.11888111888111888
苏州,2011,20197,3303,0.10382730108431945,0.6348773841961853,0.0,0.0,0.0,0.0,0.02544932415705303,0.15561610656978506,0.0,0.0,0.006733673317819478,0.041174689676052076,0.027528840916967865,0.1683318195579776
苏州,2012,29673,3559,0.08603781215246184,0.7173363304298961,0.0,0.0,0.0,0.0,0.005021399925858525,0.041865692610283785,0.0,0.0,0.0053247059616486365,0.04439449283506603,0.023556768779698718,0.19640348412475414
苏州,2013,42196,3859,0.05540809555408095,0.6058564394920964,0.0,0.0,0.0,0.0,0.0,0.0,0.0028438714570101433,0.031096138896087068,0.005545549341169779,0.060637470847369784,0.027656649919423643,0.30240995076444677
苏州,2014,36540,3726,0.06143951833607006,0.6025228126677402,0.0,0.0,0.0,0.0,0.0,0.0,0.0,0.0,0.010071154898741106,0.09876543209876543,0.03045977011494253,0.29871175523349436
苏州,2015,38852,3149,0.039225779882631526,0.48396316290885993,0.0,0.0,0.0,0.0,0.0,0.0,0.0,0.0,0.01024400288273448,0.1263893299460146,0.03158138577164625,0.3896475071451254
苏州,2016,42350,3725,0.04273907910271547,0.48590604026845635,0.0,0.0,0.0,0.0,0.009728453364817001,0.11060402684563758,0.0,0.0,0.0070365997638724915,0.08,0.02845336481700118,0.32348993288590605
苏州,2017,49888,3540,0.04253527902501603,0.5994350282485875,0.0,0.0,0.0,0.0,0.0,0.0,0.0,0.0,0.005311898652982682,0.0748587570621469,0.023111770365618987,0.3257062146892655
苏州,2018,53330,4838,0.04969060566285393,0.5477470028937578,0.0,0.0,0.0,0.0,0.0,0.0,0.0,0.0,0.007050440652540783,0.07771806531624638,0.03397712357022314,0.37453493178999586
苏州,2019,50360,8276,0.11616362192216044,0.7068632189463508,0.0,0.0,0.0,0.0,0.0,0.0,0.0,0.0,0.009451945988880063,0.05751570807153214,0.03872120730738682,0.23562107298211696
苏州,2020,61233,10690,0.1437786814299479,0.8235734331150608,0.0,0.0,0.0,0.0,0.0,0.0,0.0,0.0,0.007904234644717718,0.04527595884003742,0.02289615076837653,0.13115060804490178
苏州,2021,56140,8086,0.10349127182044887,0.7185258471432104,0.0,0.0,0.0,0.0,0.0,0.0,0.0,0.0,0.008318489490559315,0.057754142963146175,0.03222301389383684,0.22372000989364332
苏州,2022,56310,10355,0.13395489255904813,0.728440366972477,0.0,0.0,0.0,0.0,0.0,0.0,0.0,0.0,0.009838394601314153,0.05350072428778368,0.040099449476114365,0.21805890873973927
苏州,2023,62350,10252,0.11587810745789896,0.7047405384315255,0.0,0.0,0.0,0.0,0.0,0.0,0.0,0.0,0.009895749799518846,0.06018337885290675,0.038652766639935845,0.2350760827155677
苗栗县,2013,1,1,0.0,0.0,0.0,0.0,0.0,0.0,0.0,0.0,0.0,0.0,1.0,1.0,0.0,0.0
苗栗县,2014,2,2,0.5,0.5,0.0,0.0,0.0,0.0,0.0,0.0,0.0,0.0,0.5,0.5,0.0,0.0
苗栗县,2015,2,2,1.0,1.0,0.0,0.0,0.0,0.0,0.0,0.0,0.0,0.0,0.0,0.0,0.0,0.0
苗栗县,2016,4,4,0.75,0.75,0.0,0.0,0.0,0.0,0.25,0.25,0.0,0.0,0.0,0.0,0.0,0.0
苗栗县,2017,9,9,1.0,1.0,0.0,0.0,0.0,0.0,0.0,0.0,0.0,0.0,0.0,0.0,0.0,0.0
苗栗县,2018,29,29,0.9655172413793104,0.9655172413793104,0.0,0.0,0.0,0.0,0.0,0.0,0.0,0.0,0.034482758620689655,0.034482758620689655,0.0,0.0
苗栗县,2019,103,103,0.9805825242718447,0.9805825242718447,0.0,0.0,0.0,0.0,0.009708737864077669,0.009708737864077669,0.0,0.0,0.009708737864077669,0.009708737864077669,0.0,0.0
苗栗县,2020,126,126,0.9841269841269841,0.9841269841269841,0.0,0.0,0.0,0.0,0.007936507936507936,0.007936507936507936,0.0,0.0,0.007936507936507936,0.007936507936507936,0.0,0.0
苗栗县,2021,127,126,0.937007874015748,0.9444444444444444,0.0,0.0,0.0,0.0,0.015748031496062992,0.015873015873015872,0.0,0.0,0.03937007874015748,0.03968253968253968,0.0,0.0
苗栗县,2022,121,121,0.9834710743801653,0.9834710743801653,0.0,0.0,0.0,0.0,0.008264462809917356,0.008264462809917356,0.0,0.0,0.008264462809917356,0.008264462809917356,0.0,0.0
苗栗县,2023,272,262,0.9558823529411765,0.9923664122137404,0.0,0.0,0.0,0.0,0.0,0.0,0.0,0.0,0.007352941176470588,0.007633587786259542,0.0,0.0
茂名,2008,70,53,0.11428571428571428,0.1509433962264151,0.0,0.0,0.0,0.0,0.4714285714285714,0.6226415094339622,0.0,0.0,0.0,0.0,0.17142857142857143,0.22641509433962265
茂名,2009,54,44,0.2777777777777778,0.3409090909090909,0.0,0.0,0.0,0.0,0.37037037037037035,0.45454545454545453,0.0,0.0,0.0,0.0,0.16666666666666666,0.20454545454545456
茂名,2010,83,64,0.3373493975903614,0.4375,0.0,0.0,0.0,0.0,0.1566265060240964,0.203125,0.0,0.0,0.0,0.0,0.27710843373493976,0.359375
茂名,2011,97,71,0.26804123711340205,0.36619718309859156,0.0,0.0,0.0,0.0,0.27835051546391754,0.38028169014084506,0.0,0.0,0.020618556701030927,0.028169014084507043,0.16494845360824742,0.22535211267605634
茂名,2012,155,97,0.3935483870967742,0.6288659793814433,0.0,0.0,0.0,0.0,0.0967741935483871,0.15463917525773196,0.0,0.0,0.0,0.0,0.13548387096774195,0.21649484536082475
茂名,2013,417,256,0.26618705035971224,0.43359375,0.0,0.0,0.0,0.0,0.290167865707434,0.47265625,0.0,0.0,0.0,0.0,0.05755395683453238,0.09375
茂名,2014,378,214,0.2777777777777778,0.49065420560747663,0.0,0.0,0.0,0.0,0.17989417989417988,0.3177570093457944,0.0,0.0,0.0,0.0,0.10846560846560846,0.19158878504672897
茂名,2015,545,337,0.08990825688073395,0.14540059347181009,0.0,0.0,0.0,0.0,0.3651376146788991,0.5905044510385756,0.0,0.0,0.0,0.0,0.163302752293578,0.26409495548961426
茂名,2016,1144,563,0.11538461538461539,0.2344582593250444,0.0,0.0,0.0,0.0,0.270979020979021,0.5506216696269982,0.019230769230769232,0.03907637655417407,0.0,0.0,0.08653846153846154,0.17584369449378331
茂名,2017,1433,660,0.1137473831123517,0.24696969696969698,0.0,0.0,0.0,0.0,0.267271458478716,0.5803030303030303,0.0,0.0,0.0,0.0,0.07955338450802513,0.17272727272727273
茂名,2018,912,495,0.17105263157894737,0.3151515151515151,0.0,0.0,0.0,0.0,0.1611842105263158,0.296969696969697,0.02631578947368421,0.048484848484848485,0.0,0.0,0.18421052631578946,0.3393939393939394
茂名,2019,908,549,0.18722466960352424,0.30965391621129323,0.0,0.0,0.0,0.0,0.04955947136563876,0.08196721311475409,0.0,0.0,0.0,0.0,0.36784140969163,0.6083788706739527
茂名,2020,1117,689,0.17726051924798567,0.28737300435413643,0.0,0.0,0.020590868397493287,0.033381712626995644,0.03939122649955237,0.06386066763425254,0.0,0.0,0.0,0.0,0.37958818263205013,0.6153846153846154
茂名,2021,721,343,0.19972260748959778,0.4198250728862974,0.0,0.0,0.009708737864077669,0.02040816326530612,0.013869625520110958,0.029154518950437316,0.0,0.0,0.0,0.0,0.2524271844660194,0.5306122448979592
茂名,2022,597,339,0.19095477386934673,0.336283185840708,0.0,0.0,0.035175879396984924,0.061946902654867256,0.006700167504187605,0.011799410029498525,0.0,0.0,0.006700167504187605,0.011799410029498525,0.32830820770519265,0.5781710914454278
茂名,2023,749,433,0.24032042723631508,0.41570438799076215,0.0,0.0,0.020026702269692925,0.03464203233256351,0.0,0.0,0.0,0.0,0.009345794392523364,0.016166281755196306,0.308411214953271,0.5334872979214781
荆州,2008,105,72,0.14285714285714285,0.20833333333333334,0.0,0.0,0.0,0.0,0.4,0.5833333333333334,0.01904761904761905,0.027777777777777776,0.0380952380952381,0.05555555555555555,0.08571428571428572,0.125
荆州,2009,132,88,0.25757575757575757,0.38636363636363635,0.0,0.0,0.0,0.0,0.23484848484848486,0.3522727272727273,0.0,0.0,0.06060606060606061,0.09090909090909091,0.11363636363636363,0.17045454545454544
荆州,2010,179,117,0.18994413407821228,0.2905982905982906,0.0,0.0,0.0,0.0,0.2737430167597765,0.4188034188034188,0.0,0.0,0.0446927374301676,0.06837606837606838,0.1452513966480447,0.2222222222222222
荆州,2011,181,108,0.17679558011049723,0.2962962962962963,0.0,0.0,0.0,0.0,0.16574585635359115,0.2777777777777778,0.0,0.0,0.016574585635359115,0.027777777777777776,0.23756906077348067,0.39814814814814814
荆州,2012,187,101,0.36363636363636365,0.6732673267326733,0.0,0.0,0.0,0.0,0.03208556149732621,0.0594059405940594,0.0,0.0,0.0,0.0,0.1443850267379679,0.26732673267326734
荆州,2013,287,151,0.23344947735191637,0.44370860927152317,0.0,0.0,0.0,0.0,0.03832752613240418,0.0728476821192053,0.0,0.0,0.04529616724738676,0.08609271523178808,0.20905923344947736,0.3973509933774834
荆州,2014,275,155,0.1890909090909091,0.33548387096774196,0.0,0.0,0.01090909090909091,0.01935483870967742,0.09454545454545454,0.16774193548387098,0.0,0.0,0.0,0.0,0.2690909090909091,0.4774193548387097
荆州,2015,497,316,0.19517102615694165,0.3069620253164557,0.0,0.0,0.022132796780684104,0.03481012658227848,0.03219315895372234,0.05063291139240506,0.0,0.0,0.0,0.0,0.386317907444668,0.6075949367088608
荆州,2016,627,357,0.20414673046251994,0.3585434173669468,0.0,0.0,0.019138755980861243,0.03361344537815126,0.03349282296650718,0.058823529411764705,0.0,0.0,0.0,0.0,0.31259968102073366,0.5490196078431373
荆州,2017,1411,825,0.05315379163713678,0.09090909090909091,0.0,0.0,0.0,0.0,0.3416017009213324,0.5842424242424242,0.0,0.0,0.0,0.0,0.18993621545003544,0.32484848484848483
荆州,2018,1184,619,0.10219594594594594,0.19547657512116318,0.0,0.0,0.022804054054054054,0.04361873990306947,0.08614864864864864,0.16478190630048464,0.0,0.0,0.0,0.0,0.31165540540540543,0.5961227786752827
荆州,2019,1038,579,0.14450867052023122,0.25906735751295334,0.0,0.0,0.0,0.0,0.04431599229287091,0.07944732297063903,0.005780346820809248,0.010362694300518135,0.0,0.0,0.3631984585741811,0.6511226252158895
荆州,2020,1021,463,0.13614103819784526,0.3002159827213823,0.0,0.0,0.0,0.0,0.025465230166503428,0.056155507559395246,0.0,0.0,0.0,0.0,0.29187071498530853,0.6436285097192225
荆州,2021,1175,535,0.1753191489361702,0.3850467289719626,0.0,0.0,0.0,0.0,0.01702127659574468,0.037383177570093455,0.0,0.0,0.0,0.0,0.2629787234042553,0.577570093457944
荆州,2022,1140,703,0.3815789473684211,0.6187766714082503,0.0,0.0,0.008771929824561403,0.01422475106685633,0.007017543859649123,0.011379800853485065,0.0,0.0,0.0,0.0,0.21929824561403508,0.35561877667140823
荆州,2023,1341,621,0.23788217747949292,0.5136876006441223,0.0,0.0,0.0,0.0,0.0,0.0,0.0,0.0,0.0,0.0,0.22520507084265473,0.4863123993558776
荆门,2008,55,36,0.18181818181818182,0.2777777777777778,0.0,0.0,0.0,0.0,0.4727272727272727,0.7222222222222222,0.0,0.0,0.0,0.0,0.0,0.0
荆门,2009,87,53,0.1724137931034483,0.2830188679245283,0.0,0.0,0.0,0.0,0.41379310344827586,0.6792452830188679,0.0,0.0,0.022988505747126436,0.03773584905660377,0.0,0.0
荆门,2010,106,77,0.2169811320754717,0.2987012987012987,0.0,0.0,0.0,0.0,0.49056603773584906,0.6753246753246753,0.0,0.0,0.018867924528301886,0.025974025974025976,0.0,0.0
荆门,2011,128,81,0.359375,0.5679012345679012,0.0,0.0,0.0,0.0,0.2734375,0.43209876543209874,0.0,0.0,0.0,0.0,0.0,0.0
荆门,2012,185,100,0.34054054054054056,0.63,0.0,0.0,0.0,0.0,0.1837837837837838,0.34,0.0,0.0,0.016216216216216217,0.03,0.0,0.0
荆门,2013,209,92,0.291866028708134,0.6630434782608695,0.0,0.0,0.0,0.0,0.05263157894736842,0.11956521739130435,0.0,0.0,0.05741626794258373,0.13043478260869565,0.03827751196172249,0.08695652173913043
荆门,2014,208,113,0.33653846153846156,0.6194690265486725,0.0,0.0,0.0,0.0,0.0673076923076923,0.12389380530973451,0.0,0.0,0.09615384615384616,0.17699115044247787,0.04326923076923077,0.07964601769911504
荆门,2015,316,144,0.310126582278481,0.6805555555555556,0.0,0.0,0.0,0.0,0.06962025316455696,0.1527777777777778,0.0,0.0,0.05379746835443038,0.11805555555555555,0.022151898734177215,0.04861111111111111
荆门,2016,759,382,0.3451910408432148,0.6858638743455497,0.0,0.0,0.0,0.0,0.06719367588932806,0.13350785340314136,0.0,0.0,0.05006587615283267,0.09947643979057591,0.04084321475625823,0.08115183246073299
荆门,2017,1584,785,0.33396464646464646,0.6738853503184713,0.0,0.0,0.0,0.0,0.10416666666666667,0.21019108280254778,0.0,0.0,0.022727272727272728,0.045859872611464965,0.034722222222222224,0.07006369426751592
荆门,2018,1830,779,0.3519125683060109,0.8267008985879333,0.0,0.0,0.0,0.0,0.022950819672131147,0.05391527599486521,0.0,0.0,0.02459016393442623,0.057766367137355584,0.02622950819672131,0.06161745827984596
荆门,2019,1136,477,0.31778169014084506,0.7568134171907757,0.0,0.0,0.0,0.0,0.017605633802816902,0.041928721174004195,0.0,0.0,0.05457746478873239,0.129979035639413,0.02992957746478873,0.07127882599580712
荆门,2020,1415,749,0.472791519434629,0.8931909212283045,0.0,0.0,0.0,0.0,0.0,0.0,0.0,0.0,0.03674911660777385,0.06942590120160214,0.019787985865724382,0.037383177570093455
荆门,2021,1171,640,0.4372331340734415,0.8,0.0,0.0,0.0,0.0,0.013663535439795047,0.025,0.008539709649871904,0.015625,0.05807002561912895,0.10625,0.029035012809564473,0.053125
荆门,2022,1271,931,0.6656176239181747,0.9087003222341569,0.0,0.0,0.0,0.0,0.0,0.0,0.0,0.0,0.041699449252557044,0.05692803437164339,0.025177025963808025,0.034371643394199784
荆门,2023,1305,835,0.5386973180076629,0.8419161676646707,0.0,0.0,0.0,0.0,0.0,0.0,0.0,0.0,0.04827586206896552,0.07544910179640718,0.052873563218390804,0.08263473053892216
莆田,2008,35,29,0.4857142857142857,0.5862068965517241,0.0,0.0,0.0,0.0,0.34285714285714286,0.41379310344827586,0.0,0.0,0.0,0.0,0.0,0.0
莆田,2009,67,49,0.22388059701492538,0.30612244897959184,0.0,0.0,0.0,0.0,0.5074626865671642,0.6938775510204082,0.0,0.0,0.0,0.0,0.0,0.0
莆田,2010,74,52,0.32432432432432434,0.46153846153846156,0.0,0.0,0.0,0.0,0.3783783783783784,0.5384615384615384,0.0,0.0,0.0,0.0,0.0,0.0
莆田,2011,162,111,0.4691358024691358,0.6846846846846847,0.0,0.0,0.0,0.0,0.21604938271604937,0.3153153153153153,0.0,0.0,0.0,0.0,0.0,0.0
莆田,2012,163,92,0.5214723926380368,0.9239130434782609,0.0,0.0,0.0,0.0,0.04294478527607362,0.07608695652173914,0.0,0.0,0.0,0.0,0.0,0.0
莆田,2013,256,171,0.6015625,0.9005847953216374,0.0,0.0,0.0,0.0,0.04296875,0.06432748538011696,0.0,0.0,0.0,0.0,0.0234375,0.03508771929824561
莆田,2014,291,166,0.5429553264604811,0.9518072289156626,0.0,0.0,0.0,0.0,0.0,0.0,0.0,0.0,0.0,0.0,0.027491408934707903,0.04819277108433735
莆田,2015,442,271,0.5067873303167421,0.8265682656826568,0.0,0.0,0.0,0.0,0.049773755656108594,0.08118081180811808,0.0,0.0,0.0,0.0,0.05656108597285068,0.09225092250922509
莆田,2016,361,199,0.46537396121883656,0.8442211055276382,0.0,0.0,0.0,0.0,0.024930747922437674,0.04522613065326633,0.0,0.0,0.0,0.0,0.060941828254847646,0.11055276381909548
莆田,2017,425,218,0.36941176470588233,0.7201834862385321,0.0,0.0,0.0,0.0,0.07764705882352942,0.15137614678899083,0.0,0.0,0.011764705882352941,0.022935779816513763,0.05411764705882353,0.10550458715596331
莆田,2018,847,383,0.3565525383707202,0.7885117493472585,0.0,0.0,0.0,0.0,0.01652892561983471,0.03655352480417755,0.0,0.0,0.0,0.0,0.07910271546635184,0.17493472584856398
莆田,2019,946,581,0.4439746300211416,0.7228915662650602,0.0,0.0,0.0,0.0,0.04334038054968287,0.07056798623063683,0.0,0.0,0.0,0.0,0.12684989429175475,0.20654044750430292
莆田,2020,1100,540,0.3890909090909091,0.7925925925925926,0.0,0.0,0.0,0.0,0.03636363636363636,0.07407407407407407,0.0,0.0,0.0,0.0,0.06545454545454546,0.13333333333333333
莆田,2021,1343,680,0.33507073715562175,0.6617647058823529,0.0,0.0,0.0,0.0,0.1355174981384959,0.2676470588235294,0.0,0.0,0.0,0.0,0.035740878629932984,0.07058823529411765
莆田,2022,1070,405,0.3336448598130841,0.8814814814814815,0.0,0.0,0.0,0.0,0.0,0.0,0.0,0.0,0.0,0.0,0.044859813084112146,0.11851851851851852
莆田,2023,686,333,0.4577259475218659,0.9429429429429429,0.0,0.0,0.0,0.0,0.0,0.0,0.0,0.0,0.0,0.0,0.027696793002915453,0.057057057057057055
菏泽,2008,250,91,0.08,0.21978021978021978,0.0,0.0,0.0,0.0,0.284,0.7802197802197802,0.0,0.0,0.0,0.0,0.0,0.0
菏泽,2009,307,94,0.13029315960912052,0.425531914893617,0.0,0.0,0.0,0.0,0.1758957654723127,0.574468085106383,0.0,0.0,0.0,0.0,0.0,0.0
菏泽,2010,390,119,0.12307692307692308,0.40336134453781514,0.0,0.0,0.0,0.0,0.18205128205128204,0.5966386554621849,0.0,0.0,0.0,0.0,0.0,0.0
菏泽,2011,453,140,0.22075055187637968,0.7142857142857143,0.0,0.0,0.0,0.0,0.08830022075055188,0.2857142857142857,0.0,0.0,0.0,0.0,0.0,0.0
菏泽,2012,498,129,0.13855421686746988,0.5348837209302325,0.0,0.0,0.0,0.0,0.12048192771084337,0.46511627906976744,0.0,0.0,0.0,0.0,0.0,0.0
菏泽,2013,864,178,0.10648148148148148,0.5168539325842697,0.0,0.0,0.0,0.0,0.09143518518518519,0.4438202247191011,0.0,0.0,0.0,0.0,0.008101851851851851,0.03932584269662921
菏泽,2014,886,217,0.16930022573363432,0.6912442396313364,0.0,0.0,0.0,0.0,0.062076749435665914,0.2534562211981567,0.0,0.0,0.0,0.0,0.013544018058690745,0.055299539170506916
菏泽,2015,1080,336,0.24722222222222223,0.7946428571428571,0.0,0.0,0.0,0.0,0.03796296296296296,0.12202380952380952,0.010185185185185186,0.03273809523809524,0.0,0.0,0.01574074074074074,0.050595238095238096
菏泽,2016,1118,447,0.35330948121645794,0.883668903803132,0.0,0.0,0.0,0.0,0.017889087656529516,0.0447427293064877,0.008944543828264758,0.02237136465324385,0.0,0.0,0.01967799642218247,0.049217002237136466
菏泽,2017,1282,434,0.31045241809672386,0.9170506912442397,0.0,0.0,0.0,0.0,0.0,0.0,0.0,0.0,0.0,0.0,0.028081123244929798,0.08294930875576037
菏泽,2018,926,285,0.13390928725701945,0.43508771929824563,0.0,0.0,0.0,0.0,0.08099352051835854,0.2631578947368421,0.0,0.0,0.0,0.0,0.09287257019438445,0.3017543859649123
菏泽,2019,1062,399,0.1967984934086629,0.5238095238095238,0.0,0.0,0.0,0.0,0.0696798493408663,0.18546365914786966,0.0,0.0,0.007532956685499058,0.020050125313283207,0.1016949152542373,0.2706766917293233
菏泽,2020,1832,371,0.1037117903930131,0.5121293800539084,0.0,0.0,0.0,0.0,0.04694323144104803,0.23180592991913745,0.0,0.0,0.007641921397379912,0.03773584905660377,0.04421397379912664,0.2183288409703504
菏泽,2021,1181,248,0.13293818797629128,0.6330645161290323,0.0,0.0,0.0,0.0,0.005080440304826418,0.024193548387096774,0.0,0.0,0.01947502116850127,0.09274193548387097,0.05249788314987299,0.25
菏泽,2022,1504,287,0.13497340425531915,0.7073170731707317,0.0,0.0,0.00997340425531915,0.05226480836236934,0.0,0.0,0.0,0.0,0.010638297872340425,0.05574912891986063,0.03523936170212766,0.18466898954703834
菏泽,2023,1698,374,0.1790341578327444,0.8128342245989305,0.0,0.0,0.0,0.0,0.0,0.0,0.0,0.0,0.0,0.0,0.04122497055359246,0.18716577540106952
萍乡,2008,35,25,0.05714285714285714,0.08,0.0,0.0,0.0,0.0,0.6571428571428571,0.92,0.0,0.0,0.0,0.0,0.0,0.0
萍乡,2009,51,33,0.0392156862745098,0.06060606060606061,0.0,0.0,0.0,0.0,0.6078431372549019,0.9393939393939394,0.0,0.0,0.0,0.0,0.0,0.0
萍乡,2010,74,51,0.14864864864864866,0.21568627450980393,0.0,0.0,0.0,0.0,0.5405405405405406,0.7843137254901961,0.0,0.0,0.0,0.0,0.0,0.0
萍乡,2011,101,51,0.18811881188118812,0.37254901960784315,0.0,0.0,0.0,0.0,0.297029702970297,0.5882352941176471,0.0,0.0,0.0,0.0,0.019801980198019802,0.0392156862745098
萍乡,2012,86,45,0.16279069767441862,0.3111111111111111,0.0,0.0,0.0,0.0,0.36046511627906974,0.6888888888888889,0.0,0.0,0.0,0.0,0.0,0.0
萍乡,2013,111,59,0.34234234234234234,0.6440677966101694,0.0,0.0,0.0,0.0,0.1891891891891892,0.3559322033898305,0.0,0.0,0.0,0.0,0.0,0.0
萍乡,2014,156,94,0.32051282051282054,0.5319148936170213,0.0,0.0,0.0,0.0,0.26282051282051283,0.43617021276595747,0.0,0.0,0.0,0.0,0.019230769230769232,0.031914893617021274
萍乡,2015,130,74,0.34615384615384615,0.6081081081081081,0.0,0.0,0.0,0.0,0.2230769230769231,0.3918918918918919,0.0,0.0,0.0,0.0,0.0,0.0
萍乡,2016,153,75,0.22875816993464052,0.4666666666666667,0.0,0.0,0.0,0.0,0.26143790849673204,0.5333333333333333,0.0,0.0,0.0,0.0,0.0,0.0
萍乡,2017,561,207,0.24420677361853832,0.6618357487922706,0.0,0.0,0.0,0.0,0.12477718360071301,0.33816425120772947,0.0,0.0,0.0,0.0,0.0,0.0
萍乡,2018,651,220,0.16589861751152074,0.4909090909090909,0.0,0.0,0.0,0.0,0.09523809523809523,0.2818181818181818,0.0,0.0,0.0,0.0,0.07680491551459294,0.22727272727272727
萍乡,2019,854,252,0.24941451990632318,0.8452380952380952,0.0,0.0,0.0,0.0,0.00936768149882904,0.031746031746031744,0.01639344262295082,0.05555555555555555,0.0,0.0,0.01990632318501171,0.06746031746031746
萍乡,2020,914,237,0.21663019693654267,0.8354430379746836,0.0,0.0,0.0,0.0,0.01312910284463895,0.05063291139240506,0.0,0.0,0.01312910284463895,0.05063291139240506,0.016411378555798686,0.06329113924050633
萍乡,2021,1078,230,0.18738404452690166,0.8782608695652174,0.0,0.0,0.0,0.0,0.0,0.0,0.0,0.0,0.013914656771799629,0.06521739130434782,0.012059369202226345,0.05652173913043478
萍乡,2022,931,240,0.22448979591836735,0.8708333333333333,0.0,0.0,0.0,0.0,0.0,0.0,0.0,0.0,0.0,0.0,0.03329752953813104,0.12916666666666668
萍乡,2023,938,248,0.24093816631130063,0.9112903225806451,0.0,0.0,0.0,0.0,0.0,0.0,0.0,0.0,0.0,0.0,0.023454157782515993,0.08870967741935484
营口,2008,146,93,0.04794520547945205,0.07526881720430108,0.0,0.0,0.0,0.0,0.589041095890411,0.9247311827956989,0.0,0.0,0.0,0.0,0.0,0.0
营口,2009,180,107,0.12222222222222222,0.205607476635514,0.0,0.0,0.0,0.0,0.4722222222222222,0.794392523364486,0.0,0.0,0.0,0.0,0.0,0.0
营口,2010,164,95,0.1951219512195122,0.3368421052631579,0.0,0.0,0.0,0.0,0.38414634146341464,0.6631578947368421,0.0,0.0,0.0,0.0,0.0,0.0
营口,2011,161,92,0.18012422360248448,0.31521739130434784,0.0,0.0,0.0,0.0,0.37267080745341613,0.6521739130434783,0.0,0.0,0.018633540372670808,0.03260869565217391,0.0,0.0
营口,2012,204,111,0.47549019607843135,0.8738738738738738,0.0,0.0,0.0,0.0,0.06862745098039216,0.12612612612612611,0.0,0.0,0.0,0.0,0.0,0.0
营口,2013,245,106,0.2612244897959184,0.6037735849056604,0.0,0.0,0.0,0.0,0.1510204081632653,0.3490566037735849,0.0,0.0,0.0,0.0,0.02040816326530612,0.04716981132075472
营口,2014,190,96,0.3631578947368421,0.71875,0.0,0.0,0.0,0.0,0.12631578947368421,0.25,0.0,0.0,0.015789473684210527,0.03125,0.0,0.0
营口,2015,223,117,0.4798206278026906,0.9145299145299145,0.0,0.0,0.0,0.0,0.04484304932735426,0.08547008547008547,0.0,0.0,0.0,0.0,0.0,0.0
营口,2016,357,213,0.5070028011204482,0.8497652582159625,0.0,0.0,0.0,0.0,0.0896358543417367,0.15023474178403756,0.0,0.0,0.0,0.0,0.0,0.0
营口,2017,410,272,0.5853658536585366,0.8823529411764706,0.0,0.0,0.0,0.0,0.06829268292682927,0.10294117647058823,0.00975609756097561,0.014705882352941176,0.0,0.0,0.0,0.0
营口,2018,328,172,0.4329268292682927,0.8255813953488372,0.0,0.0,0.0,0.0,0.027439024390243903,0.05232558139534884,0.0,0.0,0.021341463414634148,0.040697674418604654,0.042682926829268296,0.08139534883720931
营口,2019,316,154,0.3987341772151899,0.8181818181818182,0.0,0.0,0.0,0.0,0.05379746835443038,0.11038961038961038,0.0,0.0,0.0,0.0,0.03481012658227848,0.07142857142857142
营口,2020,454,223,0.34801762114537443,0.7085201793721974,0.0,0.0,0.0,0.0,0.013215859030837005,0.026905829596412557,0.0,0.0,0.039647577092511016,0.08071748878923767,0.09030837004405286,0.18385650224215247
营口,2021,589,316,0.41765704584040747,0.7784810126582279,0.0,0.0,0.0,0.0,0.03395585738539898,0.06329113924050633,0.0,0.0,0.0,0.0,0.08488964346349745,0.15822784810126583
营口,2022,548,351,0.531021897810219,0.8290598290598291,0.0,0.0,0.0,0.0,0.014598540145985401,0.022792022792022793,0.0,0.0,0.01824817518248175,0.02849002849002849,0.07664233576642336,0.11965811965811966
营口,2023,562,308,0.4608540925266904,0.8409090909090909,0.0,0.0,0.0,0.0,0.0,0.0,0.0,0.0,0.014234875444839857,0.025974025974025976,0.07295373665480427,0.1331168831168831
葫芦岛,2008,63,34,0.2698412698412698,0.5,0.0,0.0,0.0,0.0,0.2698412698412698,0.5,0.0,0.0,0.0,0.0,0.0,0.0
葫芦岛,2009,81,40,0.18518518518518517,0.375,0.0,0.0,0.0,0.0,0.2716049382716049,0.55,0.0,0.0,0.037037037037037035,0.075,0.0,0.0
葫芦岛,2010,100,65,0.4,0.6153846153846154,0.0,0.0,0.0,0.0,0.17,0.26153846153846155,0.0,0.0,0.08,0.12307692307692308,0.0,0.0
葫芦岛,2011,116,82,0.5517241379310345,0.7804878048780488,0.0,0.0,0.0,0.0,0.11206896551724138,0.15853658536585366,0.0,0.0,0.04310344827586207,0.06097560975609756,0.0,0.0
葫芦岛,2012,170,97,0.4117647058823529,0.7216494845360825,0.0,0.0,0.0,0.0,0.08823529411764706,0.15463917525773196,0.01764705882352941,0.030927835051546393,0.052941176470588235,0.09278350515463918,0.0,0.0
葫芦岛,2013,176,90,0.35795454545454547,0.7,0.0,0.0,0.0,0.0,0.11363636363636363,0.2222222222222222,0.022727272727272728,0.044444444444444446,0.017045454545454544,0.03333333333333333,0.0,0.0
葫芦岛,2014,126,72,0.3968253968253968,0.6944444444444444,0.0,0.0,0.0,0.0,0.14285714285714285,0.25,0.0,0.0,0.031746031746031744,0.05555555555555555,0.0,0.0
葫芦岛,2015,141,84,0.41843971631205673,0.7023809523809523,0.0,0.0,0.0,0.0,0.07801418439716312,0.13095238095238096,0.014184397163120567,0.023809523809523808,0.05673758865248227,0.09523809523809523,0.028368794326241134,0.047619047619047616
葫芦岛,2016,200,121,0.295,0.48760330578512395,0.0,0.0,0.0,0.0,0.21,0.34710743801652894,0.0,0.0,0.05,0.08264462809917356,0.05,0.08264462809917356
葫芦岛,2017,270,186,0.2851851851851852,0.41397849462365593,0.0,0.0,0.0,0.0,0.26296296296296295,0.3817204301075269,0.0,0.0,0.05185185185185185,0.07526881720430108,0.08888888888888889,0.12903225806451613
葫芦岛,2018,288,175,0.2951388888888889,0.4857142857142857,0.0,0.0,0.0,0.0,0.1284722222222222,0.21142857142857144,0.024305555555555556,0.04,0.041666666666666664,0.06857142857142857,0.11805555555555555,0.19428571428571428
葫芦岛,2019,346,188,0.25722543352601157,0.4734042553191489,0.0,0.0,0.0,0.0,0.12427745664739884,0.22872340425531915,0.0,0.0,0.023121387283236993,0.0425531914893617,0.13872832369942195,0.2553191489361702
葫芦岛,2020,340,227,0.3235294117647059,0.4845814977973568,0.0,0.0,0.0,0.0,0.1588235294117647,0.23788546255506607,0.008823529411764706,0.013215859030837005,0.05,0.07488986784140969,0.1264705882352941,0.1894273127753304
葫芦岛,2021,332,213,0.3674698795180723,0.5727699530516432,0.0,0.0,0.0,0.0,0.05120481927710843,0.07981220657276995,0.0,0.0,0.09337349397590361,0.14553990610328638,0.12951807228915663,0.20187793427230047
葫芦岛,2022,278,191,0.381294964028777,0.5549738219895288,0.0,0.0,0.0,0.0,0.007194244604316547,0.010471204188481676,0.04316546762589928,0.06282722513089005,0.17985611510791366,0.2617801047120419,0.07553956834532374,0.1099476439790576
葫芦岛,2023,301,225,0.38870431893687707,0.52,0.0,0.0,0.0,0.0,0.019933554817275746,0.02666666666666667,0.07973421926910298,0.10666666666666667,0.18604651162790697,0.24888888888888888,0.07308970099667775,0.09777777777777778
蚌埠,2008,159,78,0.22641509433962265,0.46153846153846156,0.0,0.0,0.0,0.0,0.20754716981132076,0.4230769230769231,0.0,0.0,0.05660377358490566,0.11538461538461539,0.0,0.0
蚌埠,2009,434,252,0.35714285714285715,0.6150793650793651,0.0,0.0,0.0,0.0,0.14516129032258066,0.25,0.0,0.0,0.07834101382488479,0.1349206349206349,0.0,0.0
蚌埠,2010,471,206,0.2908704883227176,0.6650485436893204,0.0,0.0,0.0,0.0,0.1337579617834395,0.3058252427184466,0.0,0.0,0.012738853503184714,0.02912621359223301,0.0,0.0
蚌埠,2011,1123,409,0.21015138023152272,0.5770171149144254,0.0,0.0,0.0,0.0,0.12021371326803205,0.33007334963325186,0.0,0.0,0.03383793410507569,0.09290953545232274,0.0,0.0
蚌埠,2012,1963,619,0.10901681100356597,0.345718901453958,0.0,0.0,0.015282730514518594,0.048465266558966075,0.1696383087111564,0.5379644588045234,0.0,0.0,0.021395822720326033,0.06785137318255251,0.0,0.0
蚌埠,2013,3607,946,0.08899362350984197,0.339323467230444,0.0,0.0,0.0,0.0,0.1405600221790962,0.5359408033826638,0.0,0.0,0.020515663986692544,0.07822410147991543,0.012198502911006376,0.046511627906976744
蚌埠,2014,4338,1096,0.1053480866758875,0.416970802919708,0.0,0.0,0.0,0.0,0.0995850622406639,0.39416058394160586,0.009220839096357769,0.0364963503649635,0.023052097740894423,0.09124087591240876,0.015444905486399263,0.06113138686131387
蚌埠,2015,5313,1042,0.077733860342556,0.3963531669865643,0.0,0.0,0.0,0.0,0.07491059664972709,0.381957773512476,0.009787314135140222,0.04990403071017274,0.021645021645021644,0.11036468330134357,0.01204592508940335,0.061420345489443376
蚌埠,2016,6213,830,0.06904876871076775,0.516867469879518,0.0,0.0,0.0,0.0,0.01867052953484629,0.13975903614457832,0.024947690326734266,0.18674698795180722,0.013841944310317078,0.10361445783132531,0.007081924995976179,0.05301204819277108
蚌埠,2017,4236,781,0.11237016052880075,0.6094750320102432,0.0,0.0,0.0,0.0,0.03493862134088763,0.18950064020486557,0.0,0.0,0.01817752596789424,0.09859154929577464,0.018885741265344664,0.10243277848911651
蚌埠,2018,5023,944,0.09954210631096955,0.5296610169491526,0.0,0.0,0.0,0.0,0.05793350587298427,0.3082627118644068,0.0,0.0,0.0,0.0,0.03045988453115668,0.1620762711864407
蚌埠,2019,2739,1011,0.17488134355604235,0.47378832838773494,0.0,0.0,0.0,0.0,0.03650967506389193,0.09891196834817013,0.0,0.0,0.011683096020445418,0.03165182987141444,0.14603870025556773,0.39564787339268054
蚌埠,2020,3385,1001,0.2088626292466765,0.7062937062937062,0.0,0.0,0.0,0.0,0.0,0.0,0.0,0.0,0.020384047267355983,0.06893106893106893,0.06646971935007386,0.22477522477522477
蚌埠,2021,2660,823,0.181203007518797,0.5856622114216282,0.0,0.0,0.008646616541353383,0.027946537059538274,0.0,0.0,0.0,0.0,0.036466165413533834,0.11786148238153099,0.0830827067669173,0.26852976913730253
蚌埠,2022,2536,847,0.18730283911671924,0.5608028335301063,0.0,0.0,0.009858044164037854,0.0295159386068477,0.0,0.0,0.008675078864353312,0.025974025974025976,0.03470031545741325,0.1038961038961039,0.09345425867507887,0.2798110979929162
蚌埠,2023,2174,882,0.2690892364305428,0.6632653061224489,0.0,0.0,0.017939282428702852,0.04421768707482993,0.0,0.0,0.0,0.0,0.029898804047838085,0.07369614512471655,0.08877644894204231,0.21882086167800455
衡水,2008,77,38,0.0,0.0,0.0,0.0,0.0,0.0,0.4675324675324675,0.9473684210526315,0.025974025974025976,0.05263157894736842,0.0,0.0,0.0,0.0
衡水,2009,105,54,0.047619047619047616,0.09259259259259259,0.0,0.0,0.0,0.0,0.4666666666666667,0.9074074074074074,0.0,0.0,0.0,0.0,0.0,0.0
衡水,2010,110,59,0.19090909090909092,0.3559322033898305,0.0,0.0,0.0,0.0,0.32727272727272727,0.6101694915254238,0.0,0.0,0.01818181818181818,0.03389830508474576,0.0,0.0
衡水,2011,101,54,0.24752475247524752,0.46296296296296297,0.0,0.0,0.0,0.0,0.26732673267326734,0.5,0.0,0.0,0.019801980198019802,0.037037037037037035,0.0,0.0
衡水,2012,162,78,0.4012345679012346,0.8333333333333334,0.0,0.0,0.0,0.0,0.08024691358024691,0.16666666666666666,0.0,0.0,0.0,0.0,0.0,0.0
衡水,2013,177,65,0.2542372881355932,0.6923076923076923,0.0,0.0,0.0,0.0,0.096045197740113,0.26153846153846155,0.0,0.0,0.01694915254237288,0.046153846153846156,0.0,0.0
衡水,2014,246,100,0.35365853658536583,0.87,0.0,0.0,0.0,0.0,0.028455284552845527,0.07,0.0,0.0,0.024390243902439025,0.06,0.0,0.0
衡水,2015,320,138,0.2875,0.6666666666666666,0.0,0.0,0.0,0.0,0.11875,0.2753623188405797,0.0,0.0,0.025,0.057971014492753624,0.0,0.0
衡水,2016,393,147,0.23918575063613232,0.6394557823129252,0.0,0.0,0.0,0.0,0.11195928753180662,0.29931972789115646,0.0,0.0,0.022900763358778626,0.061224489795918366,0.0,0.0
衡水,2017,558,211,0.24551971326164876,0.6492890995260664,0.0,0.0,0.0,0.0,0.1039426523297491,0.27488151658767773,0.0,0.0,0.02867383512544803,0.07582938388625593,0.0,0.0
衡水,2018,477,140,0.14046121593291405,0.4785714285714286,0.0,0.0,0.0,0.0,0.10062893081761007,0.34285714285714286,0.0,0.0,0.03563941299790356,0.12142857142857143,0.016771488469601678,0.05714285714285714
衡水,2019,701,207,0.23680456490727533,0.8019323671497585,0.0,0.0,0.0,0.0,0.014265335235378032,0.04830917874396135,0.0,0.0,0.03566333808844508,0.12077294685990338,0.008559201141226819,0.028985507246376812
衡水,2020,799,208,0.17772215269086358,0.6826923076923077,0.0,0.0,0.0,0.0,0.026282853566958697,0.10096153846153846,0.0,0.0,0.03254067584480601,0.125,0.023779724655819776,0.09134615384615384
衡水,2021,941,299,0.22954303931987247,0.7224080267558528,0.0,0.0,0.0,0.0,0.0,0.0,0.04144527098831031,0.13043478260869565,0.024442082890541977,0.07692307692307693,0.022316684378320937,0.07023411371237458
衡水,2022,864,311,0.3275462962962963,0.909967845659164,0.0,0.0,0.0,0.0,0.0,0.0,0.0,0.0,0.013888888888888888,0.03858520900321544,0.018518518518518517,0.05144694533762058
衡水,2023,949,267,0.2518440463645943,0.8951310861423221,0.0,0.0,0.0,0.0,0.0,0.0,0.0,0.0,0.0136986301369863,0.04868913857677903,0.015806111696522657,0.056179775280898875
衡阳,2008,82,50,0.1951219512195122,0.32,0.0,0.0,0.0,0.0,0.3170731707317073,0.52,0.0,0.0,0.0,0.0,0.0975609756097561,0.16
衡阳,2009,148,86,0.23648648648648649,0.4069767441860465,0.0,0.0,0.0,0.0,0.24324324324324326,0.4186046511627907,0.0,0.0,0.0,0.0,0.10135135135135136,0.1744186046511628
衡阳,2010,191,97,0.33507853403141363,0.6597938144329897,0.0,0.0,0.0,0.0,0.1256544502617801,0.24742268041237114,0.0,0.0,0.0,0.0,0.04712041884816754,0.09278350515463918
衡阳,2011,232,128,0.375,0.6796875,0.0,0.0,0.0,0.0,0.10775862068965517,0.1953125,0.0,0.0,0.0,0.0,0.06896551724137931,0.125
衡阳,2012,326,181,0.4325153374233129,0.7790055248618785,0.0,0.0,0.0,0.0,0.012269938650306749,0.022099447513812154,0.018404907975460124,0.03314917127071823,0.0,0.0,0.09202453987730061,0.16574585635359115
衡阳,2013,647,365,0.42967542503863987,0.7616438356164383,0.0,0.0,0.0,0.0,0.0,0.0,0.013910355486862442,0.024657534246575342,0.0,0.0,0.1205564142194745,0.2136986301369863
衡阳,2014,874,537,0.4805491990846682,0.7821229050279329,0.0,0.0,0.0,0.0,0.0,0.0,0.020594965675057208,0.0335195530726257,0.0,0.0,0.11327231121281464,0.18435754189944134
衡阳,2015,1654,822,0.38331318016928656,0.7712895377128953,0.0,0.0,0.0,0.0,0.022974607013301087,0.046228710462287104,0.0,0.0,0.0,0.0,0.09068923821039904,0.18248175182481752
衡阳,2016,1354,631,0.25258493353028066,0.5419968304278923,0.0,0.0,0.0,0.0,0.028064992614475627,0.060221870047543584,0.0,0.0,0.0,0.0,0.18537666174298376,0.3977812995245642
衡阳,2017,1633,622,0.21739130434782608,0.5707395498392283,0.0,0.0,0.0,0.0,0.03674219228413962,0.09646302250803858,0.01837109614206981,0.04823151125401929,0.0,0.0,0.10838946723821188,0.2845659163987138
衡阳,2018,2314,798,0.16119273984442523,0.4674185463659148,0.0,0.0,0.0,0.0,0.0,0.0,0.0,0.0,0.0,0.0,0.18366464995678478,0.5325814536340853
衡阳,2019,3090,872,0.11035598705501617,0.39105504587155965,0.0,0.0,0.0,0.0,0.0,0.0,0.0,0.0,0.0,0.0,0.17184466019417477,0.6089449541284404
衡阳,2020,4753,814,0.10225120976225542,0.597051597051597,0.0,0.0,0.0,0.0,0.0,0.0,0.0,0.0,0.0,0.0,0.06900904691773617,0.40294840294840295
衡阳,2021,1777,767,0.13280810354530106,0.3076923076923077,0.0,0.0,0.020821609454136185,0.048239895697522815,0.0,0.0,0.008441193021947102,0.01955671447196871,0.0,0.0,0.26955543050084413,0.6245110821382008
衡阳,2022,2238,760,0.1193029490616622,0.3513157894736842,0.0,0.0,0.03127792672028597,0.09210526315789473,0.0,0.0,0.0,0.0,0.0,0.0,0.18900804289544235,0.5565789473684211
衡阳,2023,1843,817,0.2159522517634292,0.48714810281517745,0.0,0.0,0.027129679869777535,0.06119951040391677,0.0,0.0,0.0,0.0,0.0,0.0,0.20021703743895822,0.45165238678090575
衢州,2008,136,76,0.16176470588235295,0.2894736842105263,0.0,0.0,0.0,0.0,0.39705882352941174,0.7105263157894737,0.0,0.0,0.0,0.0,0.0,0.0
衢州,2009,184,76,0.09239130434782608,0.2236842105263158,0.0,0.0,0.0,0.0,0.32065217391304346,0.7763157894736842,0.0,0.0,0.0,0.0,0.0,0.0
衢州,2010,227,98,0.2026431718061674,0.46938775510204084,0.0,0.0,0.0,0.0,0.21585903083700442,0.5,0.0,0.0,0.0,0.0,0.013215859030837005,0.030612244897959183
衢州,2011,253,85,0.2648221343873518,0.788235294117647,0.0,0.0,0.0,0.0,0.05138339920948617,0.15294117647058825,0.019762845849802372,0.058823529411764705,0.0,0.0,0.0,0.0
衢州,2012,396,158,0.2196969696969697,0.5506329113924051,0.0,0.0,0.0,0.0,0.13131313131313133,0.3291139240506329,0.022727272727272728,0.056962025316455694,0.0,0.0,0.025252525252525252,0.06329113924050633
衢州,2013,561,224,0.3672014260249554,0.9196428571428571,0.0,0.0,0.0,0.0,0.012477718360071301,0.03125,0.0,0.0,0.0,0.0,0.0196078431372549,0.049107142857142856
衢州,2014,761,412,0.48488830486202367,0.8956310679611651,0.0,0.0,0.0,0.0,0.02759526938239159,0.050970873786407765,0.0,0.0,0.0,0.0,0.02890932982917214,0.05339805825242718
衢州,2015,847,363,0.33884297520661155,0.790633608815427,0.0,0.0,0.0,0.0,0.009445100354191263,0.02203856749311295,0.0,0.0,0.0,0.0,0.08028335301062574,0.18732782369146006
衢州,2016,1251,646,0.34932054356514786,0.6764705882352942,0.0,0.0,0.0,0.0,0.06634692246203037,0.12848297213622292,0.0,0.0,0.009592326139088728,0.018575851393188854,0.09112709832134293,0.17647058823529413
衢州,2017,1586,547,0.19293820933165196,0.5594149908592322,0.0,0.0,0.0,0.0,0.04224464060529634,0.12248628884826325,0.0,0.0,0.0069356872635561164,0.02010968921389397,0.10277427490542244,0.2979890310786106
衢州,2018,1835,674,0.25122615803814713,0.6839762611275965,0.0,0.0,0.0,0.0,0.006539509536784741,0.017804154302670624,0.0,0.0,0.0,0.0,0.10953678474114441,0.29821958456973297
衢州,2019,2046,653,0.21358748778103617,0.669218989280245,0.0,0.0,0.0,0.0,0.007820136852394917,0.02450229709035222,0.0,0.0,0.0,0.0,0.09775171065493646,0.30627871362940273
衢州,2020,2860,789,0.16923076923076924,0.6134347275031685,0.0,0.0,0.0,0.0,0.0,0.0,0.0,0.0,0.026923076923076925,0.09759188846641319,0.07972027972027972,0.2889733840304182
衢州,2021,2424,750,0.1254125412541254,0.4053333333333333,0.0,0.0,0.007013201320132013,0.02266666666666667,0.0,0.0,0.007013201320132013,0.02266666666666667,0.07508250825082509,0.24266666666666667,0.09488448844884488,0.30666666666666664
衢州,2022,2234,804,0.18576544315129812,0.5161691542288557,0.0,0.0,0.0,0.0,0.0,0.0,0.0,0.0,0.09131602506714413,0.2537313432835821,0.0828111011638317,0.2300995024875622
衢州,2023,2390,868,0.2489539748953975,0.6854838709677419,0.0,0.0,0.0,0.0,0.0,0.0,0.0,0.0,0.09456066945606695,0.26036866359447003,0.019665271966527197,0.05414746543778802
襄阳,2008,412,109,0.10679611650485436,0.4036697247706422,0.0,0.0,0.0,0.0,0.06553398058252427,0.24770642201834864,0.0,0.0,0.0048543689320388345,0.01834862385321101,0.08737864077669903,0.3302752293577982
襄阳,2009,467,128,0.15417558886509636,0.5625,0.0,0.0,0.0,0.0,0.032119914346895075,0.1171875,0.0,0.0,0.01284796573875803,0.046875,0.07494646680942184,0.2734375
襄阳,2010,758,179,0.10817941952506596,0.4581005586592179,0.0,0.0,0.0,0.0,0.04353562005277045,0.18435754189944134,0.0,0.0,0.0,0.0,0.08443271767810026,0.3575418994413408
襄阳,2011,1044,480,0.12643678160919541,0.275,0.0,0.0,0.0,0.0,0.009578544061302681,0.020833333333333332,0.22030651340996169,0.4791666666666667,0.009578544061302681,0.020833333333333332,0.09386973180076628,0.20416666666666666
襄阳,2012,1260,963,0.1007936507936508,0.13187954309449637,0.0,0.0,0.0,0.0,0.01746031746031746,0.02284527518172378,0.49523809523809526,0.6479750778816199,0.025396825396825397,0.033229491173416406,0.1253968253968254,0.1640706126687435
襄阳,2013,1846,1363,0.02925243770314193,0.03961848862802641,0.0,0.0,0.010834236186348862,0.014673514306676448,0.0,0.0,0.5010834236186349,0.6786500366837858,0.02437703141928494,0.03301540719002201,0.17280606717226435,0.23404255319148937
襄阳,2014,2401,1819,0.04997917534360683,0.06597031335898845,0.0,0.0,0.0,0.0,0.0,0.0,0.5501874219075386,0.7262231995601979,0.018742190753852563,0.02473886750962067,0.13869221157850894,0.18306761957119297
襄阳,2015,3625,2771,0.01820689655172414,0.02381811620353663,0.0,0.0,0.0,0.0,0.0,0.0,0.64,0.8372428726091664,0.012137931034482758,0.015878744135691087,0.09406896551724138,0.12306026705160591
襄阳,2016,4204,2985,0.050190294957183634,0.07068676716917922,0.0,0.0,0.0,0.0,0.0,0.0,0.5658896289248335,0.7969849246231155,0.01569933396764986,0.022110552763819097,0.07825880114176974,0.1102177554438861
襄阳,2017,3615,2011,0.04426002766251729,0.07956240676280457,0.0,0.0,0.0,0.0,0.0,0.0,0.36127247579529737,0.6494281452013924,0.016874135546334715,0.030333167578319244,0.1338865836791148,0.24067628045748385
襄阳,2018,3186,883,0.15191462649089768,0.5481313703284258,0.0,0.0,0.0,0.0,0.01726302573760201,0.0622876557191393,0.0,0.0,0.024795982423101066,0.08946772366930918,0.08317639673571876,0.3001132502831257
襄阳,2019,2331,838,0.22737022737022736,0.6324582338902148,0.0,0.0,0.0,0.0,0.008151008151008152,0.022673031026252982,0.0,0.0,0.032175032175032175,0.08949880668257756,0.09180609180609181,0.2553699284009546
襄阳,2020,2473,972,0.2854832187626365,0.7263374485596708,0.0,0.0,0.0,0.0,0.0,0.0,0.0,0.0,0.029518803073190457,0.07510288065843622,0.07804286291953093,0.19855967078189302
襄阳,2021,2363,892,0.26618705035971224,0.7051569506726457,0.0,0.0,0.0,0.0,0.0,0.0,0.0,0.0,0.029623360135421075,0.07847533632286996,0.08167583580194668,0.2163677130044843
襄阳,2022,2532,1134,0.32582938388625593,0.7275132275132276,0.0,0.0,0.0,0.0,0.0,0.0,0.0,0.0,0.030410742496050552,0.06790123456790123,0.09162717219589257,0.20458553791887124
襄阳,2023,2762,1089,0.28530050687907316,0.7235996326905417,0.0,0.0,0.0,0.0,0.0,0.0,0.0,0.0,0.05684286748732802,0.14416896235078053,0.05213613323678494,0.1322314049586777
西双版纳,2018,1,1,1.0,1.0,0.0,0.0,0.0,0.0,0.0,0.0,0.0,0.0,0.0,0.0,0.0,0.0
西双版纳,2019,2,2,1.0,1.0,0.0,0.0,0.0,0.0,0.0,0.0,0.0,0.0,0.0,0.0,0.0,0.0
西双版纳,2020,4,4,0.75,0.75,0.0,0.0,0.0,0.0,0.0,0.0,0.0,0.0,0.25,0.25,0.0,0.0
西双版纳,2021,13,13,0.5384615384615384,0.5384615384615384,0.0,0.0,0.0,0.0,0.15384615384615385,0.15384615384615385,0.0,0.0,0.3076923076923077,0.3076923076923077,0.0,0.0
西双版纳,2022,33,33,0.3333333333333333,0.3333333333333333,0.0,0.0,0.0,0.0,0.12121212121212122,0.12121212121212122,0.06060606060606061,0.06060606060606061,0.48484848484848486,0.48484848484848486,0.0,0.0
西双版纳,2023,54,54,0.5370370370370371,0.5370370370370371,0.0,0.0,0.0,0.0,0.05555555555555555,0.05555555555555555,0.0,0.0,0.4074074074074074,0.4074074074074074,0.0,0.0
西双版纳傣族自治州,2008,12,12,0.3333333333333333,0.3333333333333333,0.0,0.0,0.0,0.0,0.5,0.5,0.0,0.0,0.16666666666666666,0.16666666666666666,0.0,0.0
西双版纳傣族自治州,2009,16,16,0.5,0.5,0.0,0.0,0.0,0.0,0.3125,0.3125,0.0,0.0,0.1875,0.1875,0.0,0.0
西双版纳傣族自治州,2010,29,29,0.3793103448275862,0.3793103448275862,0.0,0.0,0.0,0.0,0.2413793103448276,0.2413793103448276,0.0,0.0,0.3793103448275862,0.3793103448275862,0.0,0.0
西双版纳傣族自治州,2011,34,34,0.23529411764705882,0.23529411764705882,0.0,0.0,0.0,0.0,0.3235294117647059,0.3235294117647059,0.0,0.0,0.4411764705882353,0.4411764705882353,0.0,0.0
西双版纳傣族自治州,2012,56,56,0.375,0.375,0.0,0.0,0.0,0.0,0.32142857142857145,0.32142857142857145,0.0,0.0,0.30357142857142855,0.30357142857142855,0.0,0.0
西双版纳傣族自治州,2013,60,52,0.5,0.5769230769230769,0.0,0.0,0.0,0.0,0.08333333333333333,0.09615384615384616,0.0,0.0,0.2833333333333333,0.3269230769230769,0.0,0.0
西双版纳傣族自治州,2014,62,52,0.5,0.5961538461538461,0.0,0.0,0.0,0.0,0.11290322580645161,0.1346153846153846,0.0,0.0,0.22580645161290322,0.2692307692307692,0.0,0.0
西双版纳傣族自治州,2015,89,69,0.3258426966292135,0.42028985507246375,0.0,0.0,0.0,0.0,0.14606741573033707,0.18840579710144928,0.0,0.0,0.30337078651685395,0.391304347826087,0.0,0.0
西双版纳傣族自治州,2016,124,96,0.41935483870967744,0.5416666666666666,0.0,0.0,0.0,0.0,0.04032258064516129,0.052083333333333336,0.024193548387096774,0.03125,0.2903225806451613,0.375,0.0,0.0
西双版纳傣族自治州,2017,149,126,0.6711409395973155,0.7936507936507936,0.0,0.0,0.0,0.0,0.0,0.0,0.020134228187919462,0.023809523809523808,0.15436241610738255,0.18253968253968253,0.0,0.0
西双版纳傣族自治州,2018,129,105,0.49612403100775193,0.6095238095238096,0.0,0.0,0.0,0.0,0.015503875968992248,0.01904761904761905,0.0,0.0,0.3023255813953488,0.37142857142857144,0.0,0.0
西双版纳傣族自治州,2019,134,105,0.39552238805970147,0.5047619047619047,0.0,0.0,0.0,0.0,0.03731343283582089,0.047619047619047616,0.0,0.0,0.35074626865671643,0.44761904761904764,0.0,0.0
西双版纳傣族自治州,2020,93,79,0.3978494623655914,0.46835443037974683,0.0,0.0,0.0,0.0,0.053763440860215055,0.06329113924050633,0.0,0.0,0.3978494623655914,0.46835443037974683,0.0,0.0
西双版纳傣族自治州,2021,121,104,0.38016528925619836,0.4423076923076923,0.0,0.0,0.0,0.0,0.008264462809917356,0.009615384615384616,0.0,0.0,0.47107438016528924,0.5480769230769231,0.0,0.0
西双版纳傣族自治州,2022,132,114,0.3939393939393939,0.45614035087719296,0.0,0.0,0.0,0.0,0.06060606060606061,0.07017543859649122,0.022727272727272728,0.02631578947368421,0.38636363636363635,0.4473684210526316,0.0,0.0
西双版纳傣族自治州,2023,99,85,0.35353535353535354,0.4117647058823529,0.0,0.0,0.0,0.0,0.030303030303030304,0.03529411764705882,0.0,0.0,0.47474747474747475,0.5529411764705883,0.0,0.0
西宁,2008,111,89,0.18018018018018017,0.2247191011235955,0.0,0.0,0.0,0.0,0.2972972972972973,0.3707865168539326,0.04504504504504504,0.056179775280898875,0.27927927927927926,0.34831460674157305,0.0,0.0
西宁,2009,152,122,0.1513157894736842,0.1885245901639344,0.0,0.0,0.0,0.0,0.3092105263157895,0.38524590163934425,0.0,0.0,0.3092105263157895,0.38524590163934425,0.03289473684210526,0.040983606557377046
西宁,2010,157,118,0.1464968152866242,0.19491525423728814,0.0,0.0,0.0,0.0,0.15286624203821655,0.2033898305084746,0.0,0.0,0.4140127388535032,0.5508474576271186,0.03821656050955414,0.05084745762711865
西宁,2011,162,113,0.10493827160493827,0.1504424778761062,0.0,0.0,0.0,0.0,0.1728395061728395,0.24778761061946902,0.0,0.0,0.41975308641975306,0.6017699115044248,0.0,0.0
西宁,2012,233,162,0.24034334763948498,0.345679012345679,0.0,0.0,0.0,0.0,0.19742489270386265,0.2839506172839506,0.0,0.0,0.2575107296137339,0.37037037037037035,0.0,0.0
西宁,2013,395,269,0.07848101265822785,0.11524163568773234,0.0,0.0,0.0,0.0,0.2810126582278481,0.41263940520446096,0.0,0.0,0.2936708860759494,0.4312267657992565,0.027848101265822784,0.040892193308550186
西宁,2014,523,364,0.21223709369024857,0.30494505494505497,0.0,0.0,0.0,0.0,0.06500956022944551,0.09340659340659341,0.0,0.0,0.35946462715105165,0.5164835164835165,0.05927342256214149,0.08516483516483517
西宁,2015,802,541,0.38154613466334164,0.5656192236598891,0.0,0.0,0.0,0.0,0.026184538653366583,0.038817005545286505,0.0,0.0,0.2506234413965087,0.37153419593345655,0.016209476309226933,0.024029574861367836
西宁,2016,962,591,0.29417879417879417,0.47884940778341795,0.0,0.0,0.0,0.0,0.06964656964656965,0.11336717428087986,0.0,0.0,0.14864864864864866,0.24196277495769883,0.10187110187110188,0.1658206429780034
西宁,2017,873,579,0.22107674684994272,0.3333333333333333,0.0,0.0,0.0,0.0,0.07445589919816724,0.11226252158894647,0.0,0.0,0.2313860252004582,0.3488773747841105,0.13631156930126,0.20552677029360966
西宁,2018,1056,585,0.16950757575757575,0.305982905982906,0.0,0.0,0.0,0.0,0.03409090909090909,0.06153846153846154,0.0,0.0,0.16003787878787878,0.28888888888888886,0.1903409090909091,0.3435897435897436
西宁,2019,1000,597,0.173,0.2897822445561139,0.0,0.0,0.0,0.0,0.0,0.0,0.018,0.03015075376884422,0.207,0.34673366834170855,0.199,0.3333333333333333
西宁,2020,1373,707,0.17115804806991988,0.3323903818953324,0.0,0.0,0.0,0.0,0.0,0.0,0.028404952658412235,0.055162659123055166,0.157319737800437,0.3055162659123055,0.15804806991988346,0.3069306930693069
西宁,2021,1395,713,0.20931899641577062,0.40953716690042075,0.0,0.0,0.0,0.0,0.0,0.0,0.013620071684587814,0.02664796633941094,0.15483870967741936,0.302945301542777,0.13333333333333333,0.2608695652173913
西宁,2022,1375,845,0.2421818181818182,0.3940828402366864,0.0,0.0,0.0,0.0,0.0,0.0,0.0,0.0,0.21309090909090908,0.3467455621301775,0.15927272727272726,0.2591715976331361
西宁,2023,1787,1092,0.31337437045327365,0.5128205128205128,0.0,0.0,0.0,0.0,0.0,0.0,0.0,0.0,0.18690542809177393,0.3058608058608059,0.11080022383883603,0.1813186813186813
西安,2008,2720,1599,0.06360294117647058,0.10819262038774234,0.0,0.0,0.0,0.0,0.0,0.0,0.0,0.0,0.059926470588235296,0.10193871169480925,0.46433823529411766,0.7898686679174484
西安,2009,4222,2201,0.07579346281383231,0.1453884597910041,0.0,0.0,0.0,0.0,0.0,0.0,0.0,0.0,0.04073898626243486,0.0781462971376647,0.40478446234012316,0.7764652430713312
西安,2010,6156,2806,0.08755685510071474,0.19208838203848896,0.0,0.0,0.0,0.0,0.0,0.0,0.0,0.0,0.022417153996101363,0.04918032786885246,0.3458414554905783,0.7587312900926586
西安,2011,9022,4047,0.0966526269119929,0.21546824808500123,0.0,0.0,0.0,0.0,0.0,0.0,0.0,0.0,0.009421414320549767,0.021003212255992092,0.3424961205941033,0.7635285396590067
西安,2012,10256,4599,0.07020280811232449,0.15655577299412915,0.0,0.0,0.0,0.0,0.0,0.0,0.0,0.0,0.022718408736349453,0.05066318764948902,0.35549921996879874,0.7927810393563818
西安,2013,19089,5993,0.06197286395306197,0.19739696312364424,0.0,0.0,0.0,0.0,0.0,0.0,0.0,0.0,0.023207082613023206,0.07391957283497413,0.22877049609722877,0.7286834640413816
西安,2014,16194,6566,0.0350129677658392,0.08635394456289978,0.0,0.0,0.0,0.0,0.0,0.0,0.0,0.0,0.0348894652340373,0.0860493451111788,0.33555637890576756,0.8275967103259214
西安,2015,12583,6865,0.017007073035047286,0.031172614712308814,0.0,0.0,0.0,0.0,0.0,0.0,0.0,0.0,0.07915441468648177,0.14508375819373634,0.44941587856631965,0.8237436270939549
西安,2016,16346,8806,0.006668298054569925,0.012377924142630024,0.0,0.0,0.0,0.0,0.0,0.0,0.0,0.0,0.06301235776336718,0.11696570520099932,0.4690444145356662,0.8706563706563707
西安,2017,31267,10423,0.02369910768541913,0.0710927755924398,0.0,0.0,0.0,0.0,0.0,0.0,0.0,0.0,0.028592445709534012,0.08577185071476542,0.28106310167269005,0.8431353736927948
西安,2018,25730,12995,0.031441896618733,0.06225471335128896,0.0,0.0,0.0,0.0,0.0,0.0,0.0,0.0,0.029692965410027205,0.058791843016544824,0.44391760590750096,0.8789534436321662
西安,2019,33248,14425,0.015369345524542829,0.035424610051993065,0.0,0.0,0.0,0.0,0.0,0.0,0.0,0.0,0.02535490856592878,0.05844020797227036,0.3931364292589028,0.9061351819757366
西安,2020,35296,16045,0.06632479601087941,0.14590215020255531,0.0,0.0,0.0,0.0,0.0,0.0,0.0,0.0,0.021730507706255665,0.047803053910875665,0.36652878513145964,0.806294795886569
西安,2021,39261,20339,0.07073176944041161,0.13653571955356703,0.0,0.0,0.0,0.0,0.0,0.0,0.0,0.0,0.015791752629836224,0.030483307930576724,0.43152237589465375,0.8329809725158562
西安,2022,43482,22107,0.042109378593440966,0.08282444474600806,0.0,0.0,0.0,0.0,0.0,0.0,0.0,0.0,0.02713766616071018,0.053376758492785094,0.439170231360103,0.8637987967612069
西安,2023,43271,21573,0.04871623026969564,0.09771473601260836,0.0,0.0,0.0,0.0,0.0,0.0,0.0,0.0,0.01596912481800744,0.03203077921475919,0.433870259527166,0.8702544847726325
许昌,2008,243,166,0.4279835390946502,0.6265060240963856,0.0,0.0,0.0,0.0,0.18518518518518517,0.2710843373493976,0.0205761316872428,0.030120481927710843,0.04938271604938271,0.07228915662650602,0.0,0.0
许昌,2009,194,137,0.5670103092783505,0.8029197080291971,0.0,0.0,0.0,0.0,0.1134020618556701,0.16058394160583941,0.0,0.0,0.02577319587628866,0.0364963503649635,0.0,0.0
许昌,2010,240,169,0.6083333333333333,0.863905325443787,0.0,0.0,0.0,0.0,0.025,0.03550295857988166,0.025,0.03550295857988166,0.016666666666666666,0.023668639053254437,0.029166666666666667,0.04142011834319527
许昌,2011,269,180,0.5836431226765799,0.8722222222222222,0.0,0.0,0.0,0.0,0.04460966542750929,0.06666666666666667,0.01486988847583643,0.022222222222222223,0.0,0.0,0.026022304832713755,0.03888888888888889
许昌,2012,322,197,0.4906832298136646,0.8020304568527918,0.0,0.0,0.0,0.0,0.09006211180124224,0.14720812182741116,0.0,0.0,0.0,0.0,0.031055900621118012,0.050761421319796954
许昌,2013,555,374,0.43243243243243246,0.6417112299465241,0.0,0.0,0.0,0.0,0.15855855855855855,0.23529411764705882,0.0,0.0,0.0,0.0,0.08288288288288288,0.12299465240641712
许昌,2014,954,524,0.4444444444444444,0.8091603053435115,0.0,0.0,0.0,0.0,0.03668763102725367,0.06679389312977099,0.0,0.0,0.0,0.0,0.06813417190775681,0.12404580152671756
许昌,2015,1401,858,0.44682369735902927,0.7296037296037297,0.0,0.0,0.0,0.0,0.021413276231263382,0.03496503496503497,0.009279086366880799,0.015151515151515152,0.0,0.0,0.1349036402569593,0.2202797202797203
许昌,2016,2775,1160,0.22594594594594594,0.5405172413793103,0.0,0.0,0.0,0.0,0.10198198198198198,0.2439655172413793,0.014414414414414415,0.034482758620689655,0.0,0.0,0.07567567567567568,0.1810344827586207
许昌,2017,4341,1457,0.2547800046072334,0.7590940288263556,0.0,0.0,0.0,0.0,0.009905551716194425,0.029512697323266987,0.0156645934116563,0.04667124227865477,0.0,0.0,0.055286800276434005,0.16472203157172272
许昌,2018,3366,1428,0.33571004159239454,0.7913165266106442,0.0,0.0,0.0,0.0,0.016636957813428402,0.0392156862745098,0.0,0.0,0.0,0.0,0.0718954248366013,0.16946778711484595
许昌,2019,1393,858,0.4680545585068198,0.7599067599067599,0.0,0.0,0.0,0.0,0.0,0.0,0.0,0.0,0.010768126346015794,0.017482517482517484,0.13711414213926776,0.22261072261072262
许昌,2020,2061,1068,0.3299369238233867,0.6367041198501873,0.0,0.0,0.0,0.0,0.028141678796700632,0.054307116104868915,0.0,0.0,0.00727802037845706,0.014044943820224719,0.15283842794759825,0.2949438202247191
许昌,2021,1893,1152,0.41415742208135237,0.6805555555555556,0.0,0.0,0.0,0.0,0.006339144215530904,0.010416666666666666,0.0,0.0,0.007395668251452721,0.012152777777777778,0.18066561014263074,0.296875
许昌,2022,1397,740,0.31567644953471724,0.595945945945946,0.0,0.0,0.024337866857551897,0.04594594594594595,0.007874015748031496,0.014864864864864866,0.0,0.0,0.01145311381531854,0.021621621621621623,0.17036506800286327,0.3216216216216216
许昌,2023,1414,724,0.3917963224893918,0.7651933701657458,0.0,0.0,0.008486562942008486,0.016574585635359115,0.0,0.0,0.0,0.0,0.007779349363507779,0.015193370165745856,0.10396039603960396,0.20303867403314918
贵港,2008,23,23,0.2608695652173913,0.2608695652173913,0.0,0.0,0.0,0.0,0.7391304347826086,0.7391304347826086,0.0,0.0,0.0,0.0,0.0,0.0
贵港,2009,14,14,0.14285714285714285,0.14285714285714285,0.0,0.0,0.0,0.0,0.8571428571428571,0.8571428571428571,0.0,0.0,0.0,0.0,0.0,0.0
贵港,2010,18,18,0.5555555555555556,0.5555555555555556,0.0,0.0,0.0,0.0,0.4444444444444444,0.4444444444444444,0.0,0.0,0.0,0.0,0.0,0.0
贵港,2011,19,19,0.3157894736842105,0.3157894736842105,0.0,0.0,0.0,0.0,0.631578947368421,0.631578947368421,0.05263157894736842,0.05263157894736842,0.0,0.0,0.0,0.0
贵港,2012,111,90,0.2882882882882883,0.35555555555555557,0.0,0.0,0.0,0.0,0.5225225225225225,0.6444444444444445,0.0,0.0,0.0,0.0,0.0,0.0
贵港,2013,220,149,0.2545454545454545,0.37583892617449666,0.0,0.0,0.0,0.0,0.3409090909090909,0.5033557046979866,0.08181818181818182,0.12080536912751678,0.0,0.0,0.0,0.0
贵港,2014,388,195,0.09536082474226804,0.18974358974358974,0.0,0.0,0.0,0.0,0.4072164948453608,0.8102564102564103,0.0,0.0,0.0,0.0,0.0,0.0
贵港,2015,726,292,0.045454545454545456,0.11301369863013698,0.0,0.0,0.0,0.0,0.35674931129476584,0.886986301369863,0.0,0.0,0.0,0.0,0.0,0.0
贵港,2016,990,322,0.09797979797979799,0.30124223602484473,0.0,0.0,0.0,0.0,0.2,0.6149068322981367,0.02727272727272727,0.08385093167701864,0.0,0.0,0.0,0.0
贵港,2017,1229,631,0.34011391375101707,0.6624405705229794,0.0,0.0,0.0,0.0,0.030919446704637917,0.060221870047543584,0.14239218877135884,0.277337559429477,0.0,0.0,0.0,0.0
贵港,2018,859,509,0.4307334109429569,0.7269155206286837,0.0,0.0,0.0,0.0,0.0,0.0,0.16181606519208383,0.2730844793713163,0.0,0.0,0.0,0.0
贵港,2019,229,142,0.4410480349344978,0.7112676056338029,0.0,0.0,0.0,0.0,0.17903930131004367,0.2887323943661972,0.0,0.0,0.0,0.0,0.0,0.0
贵港,2020,422,203,0.4218009478672986,0.8768472906403941,0.0,0.0,0.0,0.0,0.05924170616113744,0.12315270935960591,0.0,0.0,0.0,0.0,0.0,0.0
贵港,2021,330,142,0.403030303030303,0.9366197183098591,0.0,0.0,0.0,0.0,0.02727272727272727,0.06338028169014084,0.0,0.0,0.0,0.0,0.0,0.0
贵港,2022,207,107,0.42995169082125606,0.8317757009345794,0.0,0.0,0.033816425120772944,0.06542056074766354,0.05314009661835749,0.102803738317757,0.0,0.0,0.0,0.0,0.0,0.0
贵港,2023,218,130,0.5458715596330275,0.9153846153846154,0.0,0.0,0.0,0.0,0.01834862385321101,0.03076923076923077,0.013761467889908258,0.023076923076923078,0.01834862385321101,0.03076923076923077,0.0,0.0
贵阳,2008,592,326,0.17905405405405406,0.32515337423312884,0.0,0.0,0.0,0.0,0.02533783783783784,0.046012269938650305,0.0,0.0,0.20101351351351351,0.36503067484662577,0.14527027027027026,0.26380368098159507
贵阳,2009,850,491,0.3247058823529412,0.5621181262729125,0.0,0.0,0.0,0.0,0.00823529411764706,0.014256619144602852,0.02,0.034623217922606926,0.15176470588235294,0.26272912423625255,0.07294117647058823,0.12627291242362526
贵阳,2010,832,410,0.3076923076923077,0.624390243902439,0.0,0.0,0.0,0.0,0.0,0.0,0.03125,0.06341463414634146,0.04567307692307692,0.09268292682926829,0.10817307692307693,0.21951219512195122
贵阳,2011,1199,605,0.3494578815679733,0.6925619834710743,0.0,0.0,0.0,0.0,0.0,0.0,0.012510425354462052,0.024793388429752067,0.029190992493744787,0.05785123966942149,0.1134278565471226,0.22479338842975208
贵阳,2012,1636,737,0.27506112469437655,0.6105834464043419,0.0,0.0,0.0,0.0,0.0,0.0,0.009168704156479218,0.0203527815468114,0.0519559902200489,0.11533242876526459,0.11430317848410758,0.2537313432835821
贵阳,2013,2113,989,0.23473734027449125,0.5015166835187057,0.0,0.0,0.0,0.0,0.01372456223379082,0.029322548028311426,0.012304779933743492,0.0262891809908999,0.0563180312352106,0.12032355915065723,0.150970184571699,0.3225480283114257
贵阳,2014,4022,1367,0.21556439582297365,0.634235552304316,0.0,0.0,0.0,0.0,0.01093983092988563,0.03218727139722019,0.0,0.0,0.015166583789159622,0.04462326261887344,0.0982098458478369,0.28895391367959034
贵阳,2015,2695,1275,0.22820037105751392,0.4823529411764706,0.0,0.0,0.0,0.0,0.0,0.0,0.0,0.0,0.051205936920222635,0.10823529411764705,0.19369202226345084,0.40941176470588236
贵阳,2016,3483,1721,0.1346540338788401,0.2725159790819291,0.0,0.0,0.0,0.0,0.028136663795578526,0.05694363742010459,0.0,0.0,0.04478897502153316,0.0906449738524114,0.286534596612116,0.5798954096455549
贵阳,2017,5432,2721,0.13015463917525774,0.25983094450569644,0.0,0.0,0.0,0.0,0.0,0.0,0.0,0.0,0.03847569955817379,0.07680999632488056,0.3322901325478645,0.6633590591694231
贵阳,2018,6553,3231,0.19319395696627498,0.3918291550603528,0.0,0.0,0.0,0.0,0.0,0.0,0.0,0.0,0.014649778727300474,0.029712163416898793,0.2852128795971311,0.5784586815227484
贵阳,2019,6600,3412,0.2384848484848485,0.46131301289566234,0.0,0.0,0.0,0.0,0.0,0.0,0.0,0.0,0.012575757575757575,0.02432590855803048,0.26590909090909093,0.5143610785463072
贵阳,2020,7232,3172,0.28304756637168144,0.6453341740226987,0.0,0.0,0.008434734513274336,0.019230769230769232,0.0,0.0,0.0,0.0,0.015210176991150442,0.03467843631778058,0.13191371681415928,0.30075662042875156
贵阳,2021,7550,3511,0.3137748344370861,0.6747365422956423,0.0,0.0,0.0,0.0,0.0,0.0,0.0,0.0,0.025033112582781458,0.053830817430931356,0.1262251655629139,0.2714326402734264
贵阳,2022,8315,4190,0.3134095009019844,0.6219570405727923,0.0,0.0,0.014672279013830426,0.029116945107398567,0.0,0.0,0.0,0.0,0.028983764281419123,0.05751789976133652,0.14684305472038484,0.29140811455847254
贵阳,2023,10404,5491,0.32785467128027684,0.6211983245310508,0.0,0.0,0.01845444059976932,0.03496630850482608,0.0,0.0,0.0,0.0,0.015763168012302962,0.02986705518120561,0.16570549788542868,0.3139683117829175
贺州,2008,10,10,0.0,0.0,0.0,0.0,0.0,0.0,0.3,0.3,0.0,0.0,0.0,0.0,0.7,0.7
贺州,2009,26,26,0.5,0.5,0.0,0.0,0.0,0.0,0.5,0.5,0.0,0.0,0.0,0.0,0.0,0.0
贺州,2010,76,73,0.19736842105263158,0.2054794520547945,0.0,0.0,0.0,0.0,0.7631578947368421,0.7945205479452054,0.0,0.0,0.0,0.0,0.0,0.0
贺州,2011,197,101,0.030456852791878174,0.0594059405940594,0.0,0.0,0.0,0.0,0.48223350253807107,0.9405940594059405,0.0,0.0,0.0,0.0,0.0,0.0
贺州,2012,287,109,0.11846689895470383,0.3119266055045872,0.0,0.0,0.0,0.0,0.2613240418118467,0.6880733944954128,0.0,0.0,0.0,0.0,0.0,0.0
贺州,2013,421,152,0.08076009501187649,0.2236842105263158,0.0,0.0,0.0,0.0,0.1876484560570071,0.5197368421052632,0.014251781472684086,0.039473684210526314,0.0,0.0,0.07838479809976247,0.21710526315789475
贺州,2014,666,139,0.042042042042042045,0.2014388489208633,0.0,0.0,0.0,0.0,0.11261261261261261,0.539568345323741,0.0,0.0,0.0,0.0,0.05405405405405406,0.2589928057553957
贺州,2015,581,155,0.10843373493975904,0.4064516129032258,0.0,0.0,0.0,0.0,0.10671256454388985,0.4,0.03098106712564544,0.11612903225806452,0.0,0.0,0.020654044750430294,0.07741935483870968
贺州,2016,973,460,0.24357656731757452,0.5152173913043478,0.0,0.0,0.0,0.0,0.0,0.0,0.11613566289825282,0.24565217391304348,0.051387461459403906,0.10869565217391304,0.06166495375128469,0.13043478260869565
贺州,2017,1291,846,0.4895429899302866,0.7470449172576832,0.0,0.0,0.0,0.0,0.017041053446940357,0.026004728132387706,0.023237800154918668,0.03546099290780142,0.0,0.0,0.1254841208365608,0.19148936170212766
贺州,2018,853,628,0.5556858147713951,0.7547770700636943,0.0,0.0,0.0,0.0,0.0,0.0,0.07033997655334115,0.09554140127388536,0.0,0.0,0.11019929660023446,0.14968152866242038
贺州,2019,172,124,0.36627906976744184,0.5080645161290323,0.0,0.0,0.0,0.0,0.011627906976744186,0.016129032258064516,0.01744186046511628,0.024193548387096774,0.0,0.0,0.32558139534883723,0.45161290322580644
贺州,2020,232,154,0.3922413793103448,0.5909090909090909,0.0,0.0,0.0,0.0,0.06465517241379311,0.09740259740259741,0.0,0.0,0.0,0.0,0.20689655172413793,0.3116883116883117
贺州,2021,251,160,0.47410358565737054,0.74375,0.0,0.0,0.0,0.0,0.01195219123505976,0.01875,0.0,0.0,0.01593625498007968,0.025,0.13545816733067728,0.2125
贺州,2022,172,131,0.436046511627907,0.5725190839694656,0.0,0.0,0.0,0.0,0.046511627906976744,0.061068702290076333,0.029069767441860465,0.03816793893129771,0.01744186046511628,0.022900763358778626,0.23255813953488372,0.3053435114503817
贺州,2023,219,162,0.3972602739726027,0.5370370370370371,0.0,0.0,0.0,0.0,0.0,0.0,0.0,0.0,0.0,0.0,0.3424657534246575,0.46296296296296297
资阳,2008,43,37,0.3953488372093023,0.4594594594594595,0.0,0.0,0.0,0.0,0.46511627906976744,0.5405405405405406,0.0,0.0,0.0,0.0,0.0,0.0
资阳,2009,41,40,0.6097560975609756,0.625,0.0,0.0,0.0,0.0,0.2926829268292683,0.3,0.0,0.0,0.07317073170731707,0.075,0.0,0.0
资阳,2010,43,43,0.7441860465116279,0.7441860465116279,0.0,0.0,0.0,0.0,0.2558139534883721,0.2558139534883721,0.0,0.0,0.0,0.0,0.0,0.0
资阳,2011,68,53,0.5882352941176471,0.7547169811320755,0.0,0.0,0.0,0.0,0.19117647058823528,0.24528301886792453,0.0,0.0,0.0,0.0,0.0,0.0
资阳,2012,136,87,0.5735294117647058,0.896551724137931,0.0,0.0,0.0,0.0,0.0661764705882353,0.10344827586206896,0.0,0.0,0.0,0.0,0.0,0.0
资阳,2013,154,96,0.5584415584415584,0.8958333333333334,0.0,0.0,0.0,0.0,0.05194805194805195,0.08333333333333333,0.0,0.0,0.012987012987012988,0.020833333333333332,0.0,0.0
资阳,2014,199,133,0.5778894472361809,0.8646616541353384,0.0,0.0,0.0,0.0,0.09045226130653267,0.13533834586466165,0.0,0.0,0.0,0.0,0.0,0.0
资阳,2015,250,167,0.568,0.8502994011976048,0.0,0.0,0.0,0.0,0.1,0.1497005988023952,0.0,0.0,0.0,0.0,0.0,0.0
资阳,2016,294,174,0.40476190476190477,0.6839080459770115,0.0,0.0,0.0,0.0,0.16666666666666666,0.28160919540229884,0.02040816326530612,0.034482758620689655,0.0,0.0,0.0,0.0
资阳,2017,402,252,0.30597014925373134,0.4880952380952381,0.0,0.0,0.0,0.0,0.3208955223880597,0.5119047619047619,0.0,0.0,0.0,0.0,0.0,0.0
资阳,2018,267,164,0.4943820224719101,0.8048780487804879,0.0,0.0,0.0,0.0,0.1198501872659176,0.1951219512195122,0.0,0.0,0.0,0.0,0.0,0.0
资阳,2019,270,164,0.5518518518518518,0.9085365853658537,0.0,0.0,0.0,0.0,0.044444444444444446,0.07317073170731707,0.0,0.0,0.0,0.0,0.011111111111111112,0.018292682926829267
资阳,2020,262,148,0.4770992366412214,0.8445945945945946,0.0,0.0,0.0,0.0,0.08778625954198473,0.1554054054054054,0.0,0.0,0.0,0.0,0.0,0.0
资阳,2021,245,109,0.37551020408163266,0.8440366972477065,0.0,0.0,0.024489795918367346,0.05504587155963303,0.044897959183673466,0.10091743119266056,0.0,0.0,0.0,0.0,0.0,0.0
资阳,2022,197,128,0.6294416243654822,0.96875,0.0,0.0,0.02030456852791878,0.03125,0.0,0.0,0.0,0.0,0.0,0.0,0.0,0.0
资阳,2023,171,98,0.5321637426900585,0.9285714285714286,0.0,0.0,0.029239766081871343,0.05102040816326531,0.011695906432748537,0.02040816326530612,0.0,0.0,0.0,0.0,0.0,0.0
赣州,2008,59,39,0.0847457627118644,0.1282051282051282,0.0,0.0,0.0,0.0,0.5084745762711864,0.7692307692307693,0.0,0.0,0.0,0.0,0.06779661016949153,0.10256410256410256
赣州,2009,85,52,0.10588235294117647,0.17307692307692307,0.0,0.0,0.0,0.0,0.3411764705882353,0.5576923076923077,0.0,0.0,0.0,0.0,0.16470588235294117,0.2692307692307692
赣州,2010,183,120,0.3879781420765027,0.5916666666666667,0.0,0.0,0.0,0.0,0.11475409836065574,0.175,0.01639344262295082,0.025,0.0,0.0,0.1366120218579235,0.20833333333333334
赣州,2011,195,99,0.14358974358974358,0.2828282828282828,0.0,0.0,0.0,0.0,0.14871794871794872,0.29292929292929293,0.0,0.0,0.0,0.0,0.2153846153846154,0.42424242424242425
赣州,2012,232,144,0.3793103448275862,0.6111111111111112,0.0,0.0,0.0,0.0,0.04741379310344827,0.0763888888888889,0.0,0.0,0.0,0.0,0.1939655172413793,0.3125
赣州,2013,283,158,0.1872791519434629,0.33544303797468356,0.0,0.0,0.0,0.0,0.06007067137809187,0.10759493670886076,0.0,0.0,0.014134275618374558,0.02531645569620253,0.2968197879858657,0.5316455696202531
赣州,2014,375,184,0.14933333333333335,0.30434782608695654,0.0,0.0,0.0,0.0,0.029333333333333333,0.059782608695652176,0.008,0.016304347826086956,0.010666666666666666,0.021739130434782608,0.29333333333333333,0.5978260869565217
赣州,2015,482,227,0.17427385892116182,0.3700440528634361,0.0,0.0,0.0,0.0,0.04149377593360996,0.0881057268722467,0.0,0.0,0.01037344398340249,0.022026431718061675,0.24481327800829875,0.5198237885462555
赣州,2016,1064,593,0.05639097744360902,0.10118043844856661,0.0,0.0,0.0,0.0,0.3026315789473684,0.5430016863406408,0.0,0.0,0.0,0.0,0.19830827067669174,0.35581787521079256
赣州,2017,2441,877,0.18721835313396148,0.5210946408209807,0.0,0.0,0.0,0.0,0.062269561655059404,0.1733181299885975,0.0,0.0,0.0,0.0,0.10979106923392053,0.3055872291904219
赣州,2018,2266,928,0.23962930273609886,0.5851293103448276,0.0,0.0,0.0,0.0,0.0,0.0,0.018976169461606355,0.04633620689655173,0.0,0.0,0.15092674315975288,0.36853448275862066
赣州,2019,2065,863,0.10072639225181598,0.2410196987253766,0.0,0.0,0.006295399515738499,0.015063731170336037,0.0,0.0,0.0,0.0,0.012106537530266344,0.028968713789107765,0.29878934624697334,0.7149478563151797
赣州,2020,3476,931,0.10299194476409666,0.3845327604726101,0.0,0.0,0.005753739930955121,0.021482277121374866,0.0,0.0,0.0,0.0,0.015535097813578827,0.05800214822771214,0.14355581127733028,0.5359828141783028
赣州,2021,3239,922,0.084594010497067,0.29718004338394793,0.0,0.0,0.009570855202222908,0.033622559652928416,0.004631058968817536,0.016268980477223426,0.0,0.0,0.021920345785736338,0.0770065075921909,0.1639394874961408,0.5759219088937093
赣州,2022,3799,1238,0.08844432745459331,0.27140549273021003,0.0,0.0,0.016846538562779678,0.051696284329563816,0.0,0.0,0.0,0.0,0.04185311924190577,0.1284329563812601,0.17873124506449065,0.5484652665589661
赣州,2023,4451,1124,0.07548865423500337,0.298932384341637,0.0,0.0,0.00853740732419681,0.033807829181494664,0.0,0.0,0.0,0.0,0.04515839137272523,0.17882562277580072,0.12334306897326444,0.4884341637010676
赤峰,2008,34,33,0.08823529411764706,0.09090909090909091,0.0,0.0,0.0,0.0,0.8529411764705882,0.8787878787878788,0.029411764705882353,0.030303030303030304,0.0,0.0,0.0,0.0
赤峰,2009,54,32,0.1111111111111111,0.1875,0.0,0.0,0.0,0.0,0.48148148148148145,0.8125,0.0,0.0,0.0,0.0,0.0,0.0
赤峰,2010,116,73,0.1896551724137931,0.3013698630136986,0.0,0.0,0.0,0.0,0.4396551724137931,0.6986301369863014,0.0,0.0,0.0,0.0,0.0,0.0
赤峰,2011,89,52,0.2696629213483146,0.46153846153846156,0.0,0.0,0.0,0.0,0.3146067415730337,0.5384615384615384,0.0,0.0,0.0,0.0,0.0,0.0
赤峰,2012,91,57,0.1978021978021978,0.3157894736842105,0.0,0.0,0.0,0.0,0.37362637362637363,0.5964912280701754,0.0,0.0,0.03296703296703297,0.05263157894736842,0.02197802197802198,0.03508771929824561
赤峰,2013,126,57,0.15079365079365079,0.3333333333333333,0.0,0.0,0.015873015873015872,0.03508771929824561,0.25396825396825395,0.5614035087719298,0.0,0.0,0.031746031746031744,0.07017543859649122,0.0,0.0
赤峰,2014,152,77,0.34868421052631576,0.6883116883116883,0.0,0.0,0.0,0.0,0.1118421052631579,0.22077922077922077,0.0,0.0,0.02631578947368421,0.05194805194805195,0.019736842105263157,0.03896103896103896
赤峰,2015,153,65,0.1895424836601307,0.4461538461538462,0.0,0.0,0.0,0.0,0.16993464052287582,0.4,0.0,0.0,0.0457516339869281,0.1076923076923077,0.0196078431372549,0.046153846153846156
赤峰,2016,194,92,0.27319587628865977,0.5760869565217391,0.0,0.0,0.0,0.0,0.18556701030927836,0.391304347826087,0.0,0.0,0.0,0.0,0.015463917525773196,0.03260869565217391
赤峰,2017,189,82,0.24867724867724866,0.573170731707317,0.0,0.0,0.0,0.0,0.15343915343915343,0.35365853658536583,0.0,0.0,0.0,0.0,0.031746031746031744,0.07317073170731707
赤峰,2018,271,100,0.22509225092250923,0.61,0.0,0.0,0.0,0.0,0.0959409594095941,0.26,0.02952029520295203,0.08,0.0,0.0,0.01845018450184502,0.05
赤峰,2019,393,200,0.25190839694656486,0.495,0.0,0.0,0.0,0.0,0.178117048346056,0.35,0.017811704834605598,0.035,0.0,0.0,0.061068702290076333,0.12
赤峰,2020,436,165,0.0779816513761468,0.20606060606060606,0.0,0.0,0.03669724770642202,0.09696969696969697,0.24541284403669725,0.6484848484848484,0.0,0.0,0.0,0.0,0.01834862385321101,0.048484848484848485
赤峰,2021,438,175,0.1963470319634703,0.49142857142857144,0.0,0.0,0.02054794520547945,0.05142857142857143,0.13013698630136986,0.32571428571428573,0.0273972602739726,0.06857142857142857,0.0,0.0,0.02511415525114155,0.06285714285714286
赤峰,2022,380,184,0.2736842105263158,0.5652173913043478,0.0,0.0,0.015789473684210527,0.03260869565217391,0.039473684210526314,0.08152173913043478,0.06578947368421052,0.1358695652173913,0.039473684210526314,0.08152173913043478,0.05,0.10326086956521739
赤峰,2023,365,179,0.3863013698630137,0.7877094972067039,0.0,0.0,0.030136986301369864,0.061452513966480445,0.0,0.0,0.024657534246575342,0.05027932960893855,0.024657534246575342,0.05027932960893855,0.024657534246575342,0.05027932960893855
辽源,2008,11,11,0.2727272727272727,0.2727272727272727,0.0,0.0,0.0,0.0,0.7272727272727273,0.7272727272727273,0.0,0.0,0.0,0.0,0.0,0.0
辽源,2009,20,20,0.35,0.35,0.0,0.0,0.0,0.0,0.65,0.65,0.0,0.0,0.0,0.0,0.0,0.0
辽源,2010,22,22,0.5909090909090909,0.5909090909090909,0.0,0.0,0.0,0.0,0.4090909090909091,0.4090909090909091,0.0,0.0,0.0,0.0,0.0,0.0
辽源,2011,21,21,0.19047619047619047,0.19047619047619047,0.0,0.0,0.0,0.0,0.8095238095238095,0.8095238095238095,0.0,0.0,0.0,0.0,0.0,0.0
辽源,2012,30,30,0.5,0.5,0.0,0.0,0.0,0.0,0.5,0.5,0.0,0.0,0.0,0.0,0.0,0.0
辽源,2013,36,35,0.6666666666666666,0.6857142857142857,0.0,0.0,0.0,0.0,0.3055555555555556,0.3142857142857143,0.0,0.0,0.0,0.0,0.0,0.0
辽源,2014,31,27,0.3870967741935484,0.4444444444444444,0.0,0.0,0.0,0.0,0.4838709677419355,0.5555555555555556,0.0,0.0,0.0,0.0,0.0,0.0
辽源,2015,41,37,0.4878048780487805,0.5405405405405406,0.0,0.0,0.0,0.0,0.4146341463414634,0.4594594594594595,0.0,0.0,0.0,0.0,0.0,0.0
辽源,2016,58,43,0.5344827586206896,0.7209302325581395,0.0,0.0,0.0,0.0,0.20689655172413793,0.27906976744186046,0.0,0.0,0.0,0.0,0.0,0.0
辽源,2017,69,58,0.7681159420289855,0.9137931034482759,0.0,0.0,0.0,0.0,0.07246376811594203,0.08620689655172414,0.0,0.0,0.0,0.0,0.0,0.0
辽源,2018,111,96,0.40540540540540543,0.46875,0.0,0.0,0.0,0.0,0.4594594594594595,0.53125,0.0,0.0,0.0,0.0,0.0,0.0
辽源,2019,81,66,0.5802469135802469,0.7121212121212122,0.0,0.0,0.0,0.0,0.2345679012345679,0.2878787878787879,0.0,0.0,0.0,0.0,0.0,0.0
辽源,2020,112,90,0.5357142857142857,0.6666666666666666,0.0,0.0,0.0,0.0,0.25892857142857145,0.32222222222222224,0.008928571428571428,0.011111111111111112,0.0,0.0,0.0,0.0
辽源,2021,97,81,0.4948453608247423,0.5925925925925926,0.0,0.0,0.0,0.0,0.3402061855670103,0.4074074074074074,0.0,0.0,0.0,0.0,0.0,0.0
辽源,2022,107,79,0.5887850467289719,0.7974683544303798,0.0,0.0,0.018691588785046728,0.02531645569620253,0.12149532710280374,0.16455696202531644,0.009345794392523364,0.012658227848101266,0.0,0.0,0.0,0.0
辽源,2023,129,107,0.7674418604651163,0.9252336448598131,0.0,0.0,0.0,0.0,0.06201550387596899,0.07476635514018691,0.0,0.0,0.0,0.0,0.0,0.0
辽阳,2008,140,76,0.06428571428571428,0.11842105263157894,0.0,0.0,0.0,0.0,0.44285714285714284,0.8157894736842105,0.0,0.0,0.0,0.0,0.03571428571428571,0.06578947368421052
辽阳,2009,129,51,0.031007751937984496,0.0784313725490196,0.0,0.0,0.0,0.0,0.3643410852713178,0.9215686274509803,0.0,0.0,0.0,0.0,0.0,0.0
辽阳,2010,104,63,0.3269230769230769,0.5396825396825397,0.0,0.0,0.0,0.0,0.27884615384615385,0.4603174603174603,0.0,0.0,0.0,0.0,0.0,0.0
辽阳,2011,114,73,0.45614035087719296,0.7123287671232876,0.0,0.0,0.0,0.0,0.18421052631578946,0.2876712328767123,0.0,0.0,0.0,0.0,0.0,0.0
辽阳,2012,117,76,0.5042735042735043,0.7763157894736842,0.0,0.0,0.0,0.0,0.11965811965811966,0.18421052631578946,0.0,0.0,0.017094017094017096,0.02631578947368421,0.008547008547008548,0.013157894736842105
辽阳,2013,161,89,0.42857142857142855,0.7752808988764045,0.0,0.0,0.0,0.0,0.12422360248447205,0.2247191011235955,0.0,0.0,0.0,0.0,0.0,0.0
辽阳,2014,190,103,0.4,0.7378640776699029,0.0,0.0,0.0,0.0,0.14210526315789473,0.2621359223300971,0.0,0.0,0.0,0.0,0.0,0.0
辽阳,2015,158,89,0.45569620253164556,0.8089887640449438,0.0,0.0,0.0,0.0,0.10759493670886076,0.19101123595505617,0.0,0.0,0.0,0.0,0.0,0.0
辽阳,2016,249,139,0.3815261044176707,0.6834532374100719,0.0,0.0,0.0,0.0,0.17670682730923695,0.31654676258992803,0.0,0.0,0.0,0.0,0.0,0.0
辽阳,2017,300,221,0.6333333333333333,0.8597285067873304,0.0,0.0,0.0,0.0,0.10333333333333333,0.14027149321266968,0.0,0.0,0.0,0.0,0.0,0.0
辽阳,2018,319,248,0.670846394984326,0.8629032258064516,0.0,0.0,0.0,0.0,0.09404388714733543,0.12096774193548387,0.0,0.0,0.0,0.0,0.012539184952978056,0.016129032258064516
辽阳,2019,250,172,0.552,0.8023255813953488,0.0,0.0,0.0,0.0,0.136,0.19767441860465115,0.0,0.0,0.0,0.0,0.0,0.0
辽阳,2020,353,227,0.5609065155807366,0.8722466960352423,0.0,0.0,0.0,0.0,0.0821529745042493,0.1277533039647577,0.0,0.0,0.0,0.0,0.0,0.0
辽阳,2021,273,172,0.5091575091575091,0.8081395348837209,0.0,0.0,0.0,0.0,0.12087912087912088,0.19186046511627908,0.0,0.0,0.0,0.0,0.0,0.0
辽阳,2022,190,127,0.6526315789473685,0.9763779527559056,0.0,0.0,0.0,0.0,0.0,0.0,0.0,0.0,0.0,0.0,0.015789473684210527,0.023622047244094488
辽阳,2023,229,130,0.537117903930131,0.9461538461538461,0.0,0.0,0.0,0.0,0.0,0.0,0.0,0.0,0.0,0.0,0.03056768558951965,0.05384615384615385
达州,2008,19,19,0.2631578947368421,0.2631578947368421,0.0,0.0,0.0,0.0,0.6842105263157895,0.6842105263157895,0.0,0.0,0.05263157894736842,0.05263157894736842,0.0,0.0
达州,2009,32,32,0.21875,0.21875,0.0,0.0,0.0,0.0,0.78125,0.78125,0.0,0.0,0.0,0.0,0.0,0.0
达州,2010,37,33,0.2702702702702703,0.30303030303030304,0.0,0.0,0.0,0.0,0.5135135135135135,0.5757575757575758,0.10810810810810811,0.12121212121212122,0.0,0.0,0.0,0.0
达州,2011,39,36,0.6153846153846154,0.6666666666666666,0.0,0.0,0.0,0.0,0.28205128205128205,0.3055555555555556,0.0,0.0,0.0,0.0,0.02564102564102564,0.027777777777777776
达州,2012,92,70,0.5652173913043478,0.7428571428571429,0.0,0.0,0.0,0.0,0.14130434782608695,0.18571428571428572,0.0,0.0,0.021739130434782608,0.02857142857142857,0.03260869565217391,0.04285714285714286
达州,2013,84,55,0.4880952380952381,0.7454545454545455,0.0,0.0,0.0,0.0,0.13095238095238096,0.2,0.03571428571428571,0.05454545454545454,0.0,0.0,0.0,0.0
达州,2014,167,109,0.25149700598802394,0.3853211009174312,0.0,0.0,0.0,0.0,0.38922155688622756,0.5963302752293578,0.011976047904191617,0.01834862385321101,0.0,0.0,0.0,0.0
达州,2015,166,84,0.3855421686746988,0.7619047619047619,0.0,0.0,0.0,0.0,0.0963855421686747,0.19047619047619047,0.024096385542168676,0.047619047619047616,0.0,0.0,0.0,0.0
达州,2016,176,89,0.4659090909090909,0.9213483146067416,0.0,0.0,0.0,0.0,0.028409090909090908,0.056179775280898875,0.0,0.0,0.0,0.0,0.011363636363636364,0.02247191011235955
达州,2017,298,166,0.4261744966442953,0.7650602409638554,0.0,0.0,0.0,0.0,0.1040268456375839,0.18674698795180722,0.0,0.0,0.0,0.0,0.026845637583892617,0.04819277108433735
达州,2018,280,129,0.21428571428571427,0.46511627906976744,0.0,0.0,0.014285714285714285,0.031007751937984496,0.11785714285714285,0.2558139534883721,0.04642857142857143,0.10077519379844961,0.0,0.0,0.06785714285714285,0.14728682170542637
达州,2019,264,117,0.2878787878787879,0.6495726495726496,0.0,0.0,0.0,0.0,0.10984848484848485,0.24786324786324787,0.0,0.0,0.01893939393939394,0.042735042735042736,0.026515151515151516,0.05982905982905983
达州,2020,325,130,0.10153846153846154,0.25384615384615383,0.0,0.0,0.0,0.0,0.27076923076923076,0.676923076923077,0.0,0.0,0.015384615384615385,0.038461538461538464,0.012307692307692308,0.03076923076923077
达州,2021,382,130,0.21727748691099477,0.6384615384615384,0.0,0.0,0.013089005235602094,0.038461538461538464,0.0968586387434555,0.2846153846153846,0.0,0.0,0.013089005235602094,0.038461538461538464,0.0,0.0
达州,2022,349,144,0.28653295128939826,0.6944444444444444,0.0,0.0,0.04011461318051576,0.09722222222222222,0.011461318051575931,0.027777777777777776,0.0,0.0,0.0,0.0,0.07449856733524356,0.18055555555555555
达州,2023,376,152,0.2553191489361702,0.631578947368421,0.0,0.0,0.018617021276595744,0.046052631578947366,0.0,0.0,0.0,0.0,0.013297872340425532,0.03289473684210526,0.11702127659574468,0.2894736842105263
运城,2008,79,54,0.4810126582278481,0.7037037037037037,0.0,0.0,0.0,0.0,0.20253164556962025,0.2962962962962963,0.0,0.0,0.0,0.0,0.0,0.0
运城,2009,105,77,0.41904761904761906,0.5714285714285714,0.0,0.0,0.0,0.0,0.2857142857142857,0.38961038961038963,0.0,0.0,0.0,0.0,0.02857142857142857,0.03896103896103896
运城,2010,115,87,0.591304347826087,0.7816091954022989,0.0,0.0,0.0,0.0,0.13043478260869565,0.1724137931034483,0.0,0.0,0.034782608695652174,0.04597701149425287,0.0,0.0
运城,2011,165,117,0.5818181818181818,0.8205128205128205,0.0,0.0,0.0,0.0,0.08484848484848485,0.11965811965811966,0.0,0.0,0.0,0.0,0.04242424242424243,0.05982905982905983
运城,2012,236,158,0.6271186440677966,0.9367088607594937,0.0,0.0,0.0,0.0,0.025423728813559324,0.0379746835443038,0.0,0.0,0.01694915254237288,0.02531645569620253,0.0,0.0
运城,2013,316,197,0.560126582278481,0.8984771573604061,0.0,0.0,0.0,0.0,0.0379746835443038,0.06091370558375635,0.0,0.0,0.02531645569620253,0.04060913705583756,0.0,0.0
运城,2014,294,191,0.5102040816326531,0.7853403141361257,0.0,0.0,0.0,0.0,0.09523809523809523,0.14659685863874344,0.0,0.0,0.04421768707482993,0.06806282722513089,0.0,0.0
运城,2015,307,193,0.4169381107491857,0.6632124352331606,0.0,0.0,0.0,0.0,0.1237785016286645,0.19689119170984457,0.0,0.0,0.05537459283387622,0.08808290155440414,0.03257328990228013,0.05181347150259067
运城,2016,388,239,0.4587628865979381,0.7447698744769874,0.0,0.0,0.0,0.0,0.05412371134020619,0.08786610878661087,0.0,0.0,0.028350515463917526,0.04602510460251046,0.07474226804123711,0.12133891213389121
运城,2017,599,259,0.27212020033388984,0.6293436293436293,0.0,0.0,0.0,0.0,0.09348914858096828,0.21621621621621623,0.0,0.0,0.011686143572621035,0.02702702702702703,0.05509181969949917,0.1274131274131274
运城,2018,708,302,0.2853107344632768,0.6688741721854304,0.0,0.0,0.0,0.0,0.07768361581920905,0.18211920529801323,0.0,0.0,0.0,0.0,0.0635593220338983,0.1490066225165563
运城,2019,645,341,0.3674418604651163,0.6950146627565983,0.0,0.0,0.0,0.0,0.09457364341085271,0.17888563049853373,0.0,0.0,0.012403100775193798,0.02346041055718475,0.05426356589147287,0.10263929618768329
运城,2020,807,419,0.3395291201982652,0.6539379474940334,0.0,0.0,0.0,0.0,0.13011152416356878,0.25059665871121717,0.0,0.0,0.012391573729863693,0.02386634844868735,0.03717472118959108,0.07159904534606205
运城,2021,756,324,0.3558201058201058,0.8302469135802469,0.0,0.0,0.0,0.0,0.037037037037037035,0.08641975308641975,0.0,0.0,0.01455026455026455,0.033950617283950615,0.021164021164021163,0.04938271604938271
运城,2022,545,281,0.4917431192660551,0.9537366548042705,0.0,0.0,0.0,0.0,0.0,0.0,0.0,0.0,0.009174311926605505,0.017793594306049824,0.014678899082568808,0.028469750889679714
运城,2023,709,345,0.45698166431593795,0.9391304347826087,0.0,0.0,0.0,0.0,0.0,0.0,0.0,0.0,0.007052186177715092,0.014492753623188406,0.022566995768688293,0.0463768115942029
连云港,2008,218,124,0.1834862385321101,0.3225806451612903,0.0,0.0,0.0,0.0,0.21100917431192662,0.3709677419354839,0.0,0.0,0.0,0.0,0.1743119266055046,0.3064516129032258
连云港,2009,359,162,0.1615598885793872,0.35802469135802467,0.0,0.0,0.0,0.0,0.17548746518105848,0.3888888888888889,0.0,0.0,0.008356545961002786,0.018518518518518517,0.10584958217270195,0.2345679012345679
连云港,2010,511,168,0.1506849315068493,0.4583333333333333,0.0,0.0,0.0,0.0,0.10371819960861056,0.31547619047619047,0.0,0.0,0.015655577299412915,0.047619047619047616,0.05870841487279843,0.17857142857142858
连云港,2011,856,291,0.1810747663551402,0.5326460481099656,0.0,0.0,0.0,0.0,0.07476635514018691,0.21993127147766323,0.0,0.0,0.015186915887850467,0.044673539518900345,0.0689252336448598,0.2027491408934708
连云港,2012,876,377,0.1415525114155251,0.32891246684350134,0.0,0.0,0.0,0.0,0.17123287671232876,0.3978779840848806,0.0,0.0,0.03538812785388128,0.08222811671087533,0.0821917808219178,0.1909814323607427
连云港,2013,945,368,0.24444444444444444,0.6277173913043478,0.0,0.0,0.0,0.0,0.0,0.0,0.0,0.0,0.06984126984126984,0.1793478260869565,0.07513227513227513,0.19293478260869565
连云港,2014,1386,421,0.09884559884559885,0.3254156769596199,0.0,0.0,0.0,0.0,0.1240981240981241,0.4085510688836104,0.0,0.0,0.022366522366522368,0.07363420427553444,0.05844155844155844,0.19239904988123516
连云港,2015,1068,504,0.2883895131086142,0.6111111111111112,0.0,0.0,0.0,0.0,0.054307116104868915,0.11507936507936507,0.0,0.0,0.07771535580524344,0.16468253968253968,0.05149812734082397,0.10912698412698413
连云港,2016,1480,631,0.31486486486486487,0.7385103011093502,0.0,0.0,0.0,0.0,0.02702702702702703,0.06339144215530904,0.0,0.0,0.037162162162162164,0.08716323296354993,0.0472972972972973,0.1109350237717908
连云港,2017,1739,663,0.25704427832087406,0.6742081447963801,0.0,0.0,0.0,0.0,0.04427832087406555,0.11613876319758673,0.0063254744105807935,0.016591251885369532,0.03162737205290397,0.08295625942684766,0.041978148361127086,0.11010558069381599
连云港,2018,1940,756,0.30721649484536084,0.7883597883597884,0.0,0.0,0.0,0.0,0.0,0.0,0.0,0.0,0.027835051546391754,0.07142857142857142,0.05463917525773196,0.1402116402116402
连云港,2019,1754,823,0.3580387685290764,0.7630619684082625,0.0,0.0,0.0,0.0,0.007411630558722919,0.015795868772782502,0.0,0.0,0.03534777651083238,0.07533414337788578,0.06841505131128849,0.14580801944106925
连云港,2020,2947,1154,0.27994570749915165,0.7149046793760832,0.0,0.0,0.008822531387852052,0.022530329289428077,0.0,0.0,0.009501187648456057,0.024263431542461005,0.024092297251442144,0.06152512998266898,0.06922293858160841,0.17677642980935876
连云港,2021,2856,1176,0.2976190476190476,0.7227891156462585,0.0,0.0,0.010854341736694677,0.026360544217687076,0.0,0.0,0.0,0.0,0.031512605042016806,0.07653061224489796,0.07177871148459383,0.17431972789115646
连云港,2022,3071,1165,0.2637577336372517,0.6952789699570815,0.0,0.0,0.0185607294041029,0.048927038626609444,0.0,0.0,0.0,0.0,0.011722565939433409,0.030901287553648068,0.08531422989254314,0.22489270386266094
连云港,2023,4117,1376,0.2113189215448142,0.6322674418604651,0.0,0.0,0.010930289045421423,0.032703488372093026,0.0,0.0,0.009230021860578091,0.027616279069767442,0.0,0.0,0.10274471702696138,0.3074127906976744
迪庆,2020,4,4,1.0,1.0,0.0,0.0,0.0,0.0,0.0,0.0,0.0,0.0,0.0,0.0,0.0,0.0
迪庆,2021,1,1,1.0,1.0,0.0,0.0,0.0,0.0,0.0,0.0,0.0,0.0,0.0,0.0,0.0,0.0
迪庆,2022,3,3,1.0,1.0,0.0,0.0,0.0,0.0,0.0,0.0,0.0,0.0,0.0,0.0,0.0,0.0
迪庆,2023,17,17,0.8823529411764706,0.8823529411764706,0.0,0.0,0.058823529411764705,0.058823529411764705,0.0,0.0,0.058823529411764705,0.058823529411764705,0.0,0.0,0.0,0.0
迪庆藏族自治州,2009,1,1,1.0,1.0,0.0,0.0,0.0,0.0,0.0,0.0,0.0,0.0,0.0,0.0,0.0,0.0
迪庆藏族自治州,2010,6,6,1.0,1.0,0.0,0.0,0.0,0.0,0.0,0.0,0.0,0.0,0.0,0.0,0.0,0.0
迪庆藏族自治州,2011,6,6,0.5,0.5,0.0,0.0,0.0,0.0,0.5,0.5,0.0,0.0,0.0,0.0,0.0,0.0
迪庆藏族自治州,2012,9,9,0.7777777777777778,0.7777777777777778,0.0,0.0,0.0,0.0,0.2222222222222222,0.2222222222222222,0.0,0.0,0.0,0.0,0.0,0.0
迪庆藏族自治州,2013,10,10,0.9,0.9,0.0,0.0,0.0,0.0,0.1,0.1,0.0,0.0,0.0,0.0,0.0,0.0
迪庆藏族自治州,2014,15,15,0.8666666666666667,0.8666666666666667,0.0,0.0,0.0,0.0,0.06666666666666667,0.06666666666666667,0.0,0.0,0.06666666666666667,0.06666666666666667,0.0,0.0
迪庆藏族自治州,2015,18,18,0.4444444444444444,0.4444444444444444,0.0,0.0,0.0,0.0,0.2222222222222222,0.2222222222222222,0.3333333333333333,0.3333333333333333,0.0,0.0,0.0,0.0
迪庆藏族自治州,2016,52,43,0.75,0.9069767441860465,0.0,0.0,0.0,0.0,0.07692307692307693,0.09302325581395349,0.0,0.0,0.0,0.0,0.0,0.0
迪庆藏族自治州,2017,162,136,0.32098765432098764,0.38235294117647056,0.0,0.0,0.0,0.0,0.5185185185185185,0.6176470588235294,0.0,0.0,0.0,0.0,0.0,0.0
迪庆藏族自治州,2018,22,22,0.8636363636363636,0.8636363636363636,0.0,0.0,0.0,0.0,0.09090909090909091,0.09090909090909091,0.045454545454545456,0.045454545454545456,0.0,0.0,0.0,0.0
迪庆藏族自治州,2019,25,25,0.88,0.88,0.0,0.0,0.0,0.0,0.08,0.08,0.04,0.04,0.0,0.0,0.0,0.0
迪庆藏族自治州,2020,43,43,0.9302325581395349,0.9302325581395349,0.0,0.0,0.0,0.0,0.06976744186046512,0.06976744186046512,0.0,0.0,0.0,0.0,0.0,0.0
迪庆藏族自治州,2021,40,40,0.65,0.65,0.0,0.0,0.0,0.0,0.325,0.325,0.025,0.025,0.0,0.0,0.0,0.0
迪庆藏族自治州,2022,18,18,0.8333333333333334,0.8333333333333334,0.0,0.0,0.0,0.0,0.16666666666666666,0.16666666666666666,0.0,0.0,0.0,0.0,0.0,0.0
迪庆藏族自治州,2023,32,32,0.6875,0.6875,0.0,0.0,0.0625,0.0625,0.03125,0.03125,0.21875,0.21875,0.0,0.0,0.0,0.0
通化,2008,74,52,0.5,0.7115384615384616,0.0,0.0,0.0,0.0,0.20270270270270271,0.28846153846153844,0.0,0.0,0.0,0.0,0.0,0.0
通化,2009,86,47,0.27906976744186046,0.5106382978723404,0.0,0.0,0.0,0.0,0.2441860465116279,0.44680851063829785,0.0,0.0,0.023255813953488372,0.0425531914893617,0.0,0.0
通化,2010,55,37,0.34545454545454546,0.5135135135135135,0.0,0.0,0.0,0.0,0.2909090909090909,0.43243243243243246,0.0,0.0,0.0,0.0,0.03636363636363636,0.05405405405405406
通化,2011,130,83,0.5384615384615384,0.8433734939759037,0.0,0.0,0.0,0.0,0.06153846153846154,0.0963855421686747,0.0,0.0,0.0,0.0,0.038461538461538464,0.060240963855421686
通化,2012,138,87,0.4420289855072464,0.7011494252873564,0.0,0.0,0.0,0.0,0.050724637681159424,0.08045977011494253,0.0,0.0,0.028985507246376812,0.04597701149425287,0.10869565217391304,0.1724137931034483
通化,2013,146,96,0.3835616438356164,0.5833333333333334,0.0,0.0,0.0,0.0,0.1232876712328767,0.1875,0.0,0.0,0.0,0.0,0.1506849315068493,0.22916666666666666
通化,2014,143,76,0.4125874125874126,0.7763157894736842,0.0,0.0,0.0,0.0,0.0979020979020979,0.18421052631578946,0.0,0.0,0.0,0.0,0.02097902097902098,0.039473684210526314
通化,2015,156,91,0.4166666666666667,0.7142857142857143,0.0,0.0,0.0,0.0,0.08974358974358974,0.15384615384615385,0.0,0.0,0.038461538461538464,0.06593406593406594,0.038461538461538464,0.06593406593406594
通化,2016,198,113,0.3181818181818182,0.5575221238938053,0.0,0.0,0.0,0.0,0.08585858585858586,0.1504424778761062,0.0,0.0,0.0,0.0,0.16666666666666666,0.2920353982300885
通化,2017,177,109,0.20903954802259886,0.3394495412844037,0.0,0.0,0.0,0.0,0.20903954802259886,0.3394495412844037,0.011299435028248588,0.01834862385321101,0.0,0.0,0.1864406779661017,0.30275229357798167
通化,2018,209,112,0.3062200956937799,0.5714285714285714,0.0,0.0,0.0,0.0,0.09569377990430622,0.17857142857142858,0.0,0.0,0.023923444976076555,0.044642857142857144,0.11004784688995216,0.20535714285714285
通化,2019,201,116,0.22885572139303484,0.39655172413793105,0.0,0.0,0.0,0.0,0.208955223880597,0.3620689655172414,0.0,0.0,0.06965174129353234,0.1206896551724138,0.06965174129353234,0.1206896551724138
通化,2020,214,129,0.205607476635514,0.34108527131782945,0.0,0.0,0.0,0.0,0.24299065420560748,0.40310077519379844,0.0,0.0,0.0514018691588785,0.08527131782945736,0.102803738317757,0.17054263565891473
通化,2021,215,114,0.19534883720930232,0.3684210526315789,0.0,0.0,0.0,0.0,0.30697674418604654,0.5789473684210527,0.0,0.0,0.0,0.0,0.027906976744186046,0.05263157894736842
通化,2022,145,71,0.30344827586206896,0.6197183098591549,0.0,0.0,0.0,0.0,0.1310344827586207,0.2676056338028169,0.0,0.0,0.0,0.0,0.05517241379310345,0.11267605633802817
通化,2023,186,120,0.5698924731182796,0.8833333333333333,0.0,0.0,0.0,0.0,0.03225806451612903,0.05,0.0,0.0,0.0,0.0,0.043010752688172046,0.06666666666666667
通辽,2008,51,33,0.1568627450980392,0.24242424242424243,0.0,0.0,0.0,0.0,0.49019607843137253,0.7575757575757576,0.0,0.0,0.0,0.0,0.0,0.0
通辽,2009,50,30,0.2,0.3333333333333333,0.0,0.0,0.0,0.0,0.34,0.5666666666666667,0.06,0.1,0.0,0.0,0.0,0.0
通辽,2010,44,27,0.11363636363636363,0.18518518518518517,0.0,0.0,0.0,0.0,0.4772727272727273,0.7777777777777778,0.0,0.0,0.0,0.0,0.022727272727272728,0.037037037037037035
通辽,2011,63,38,0.14285714285714285,0.23684210526315788,0.0,0.0,0.0,0.0,0.3333333333333333,0.5526315789473685,0.031746031746031744,0.05263157894736842,0.0,0.0,0.09523809523809523,0.15789473684210525
通辽,2012,66,43,0.3333333333333333,0.5116279069767442,0.0,0.0,0.0,0.0,0.22727272727272727,0.3488372093023256,0.0,0.0,0.0,0.0,0.09090909090909091,0.13953488372093023
通辽,2013,67,52,0.14925373134328357,0.19230769230769232,0.0,0.0,0.014925373134328358,0.019230769230769232,0.417910447761194,0.5384615384615384,0.0,0.0,0.0,0.0,0.19402985074626866,0.25
通辽,2014,62,42,0.3064516129032258,0.4523809523809524,0.0,0.0,0.016129032258064516,0.023809523809523808,0.20967741935483872,0.30952380952380953,0.0,0.0,0.0,0.0,0.14516129032258066,0.21428571428571427
通辽,2015,115,86,0.25217391304347825,0.3372093023255814,0.0,0.0,0.0,0.0,0.34782608695652173,0.46511627906976744,0.0,0.0,0.0,0.0,0.14782608695652175,0.19767441860465115
通辽,2016,107,66,0.29906542056074764,0.48484848484848486,0.0,0.0,0.009345794392523364,0.015151515151515152,0.205607476635514,0.3333333333333333,0.0,0.0,0.0,0.0,0.102803738317757,0.16666666666666666
通辽,2017,171,104,0.27485380116959063,0.4519230769230769,0.0,0.0,0.05847953216374269,0.09615384615384616,0.1111111111111111,0.18269230769230768,0.011695906432748537,0.019230769230769232,0.0,0.0,0.15204678362573099,0.25
通辽,2018,227,141,0.23788546255506607,0.3829787234042553,0.0,0.0,0.14977973568281938,0.24113475177304963,0.11013215859030837,0.1773049645390071,0.0,0.0,0.013215859030837005,0.02127659574468085,0.11013215859030837,0.1773049645390071
通辽,2019,350,218,0.14857142857142858,0.23853211009174313,0.0,0.0,0.037142857142857144,0.05963302752293578,0.3314285714285714,0.5321100917431193,0.0,0.0,0.0,0.0,0.10571428571428572,0.16972477064220184
通辽,2020,488,203,0.09836065573770492,0.23645320197044334,0.0,0.0,0.0,0.0,0.22131147540983606,0.5320197044334976,0.0,0.0,0.0,0.0,0.09631147540983606,0.2315270935960591
通辽,2021,405,280,0.4,0.5785714285714286,0.0,0.0,0.0,0.0,0.11358024691358025,0.16428571428571428,0.0,0.0,0.0,0.0,0.17777777777777778,0.2571428571428571
通辽,2022,377,234,0.4880636604774536,0.7863247863247863,0.0,0.0,0.010610079575596816,0.017094017094017096,0.0,0.0,0.0,0.0,0.0,0.0,0.1220159151193634,0.19658119658119658
通辽,2023,342,236,0.4444444444444444,0.6440677966101694,0.0,0.0,0.011695906432748537,0.01694915254237288,0.011695906432748537,0.01694915254237288,0.0,0.0,0.0,0.0,0.2222222222222222,0.3220338983050847
遂宁,2008,60,46,0.4,0.5217391304347826,0.0,0.0,0.0,0.0,0.3333333333333333,0.43478260869565216,0.0,0.0,0.0,0.0,0.03333333333333333,0.043478260869565216
遂宁,2009,32,27,0.3125,0.37037037037037035,0.0,0.0,0.0,0.0,0.53125,0.6296296296296297,0.0,0.0,0.0,0.0,0.0,0.0
遂宁,2010,55,32,0.36363636363636365,0.625,0.0,0.0,0.0,0.0,0.21818181818181817,0.375,0.0,0.0,0.0,0.0,0.0,0.0
遂宁,2011,76,61,0.4868421052631579,0.6065573770491803,0.0,0.0,0.0,0.0,0.3157894736842105,0.39344262295081966,0.0,0.0,0.0,0.0,0.0,0.0
遂宁,2012,112,77,0.5714285714285714,0.8311688311688312,0.0,0.0,0.0,0.0,0.09821428571428571,0.14285714285714285,0.0,0.0,0.0,0.0,0.017857142857142856,0.025974025974025976
遂宁,2013,140,91,0.4642857142857143,0.7142857142857143,0.0,0.0,0.0,0.0,0.17142857142857143,0.26373626373626374,0.0,0.0,0.0,0.0,0.014285714285714285,0.02197802197802198
遂宁,2014,236,147,0.3008474576271186,0.48299319727891155,0.0,0.0,0.0,0.0,0.3220338983050847,0.5170068027210885,0.0,0.0,0.0,0.0,0.0,0.0
遂宁,2015,251,143,0.4581673306772908,0.8041958041958042,0.0,0.0,0.0,0.0,0.07569721115537849,0.13286713286713286,0.0,0.0,0.0,0.0,0.035856573705179286,0.06293706293706294
遂宁,2016,281,166,0.5160142348754448,0.8734939759036144,0.0,0.0,0.0,0.0,0.07473309608540925,0.12650602409638553,0.0,0.0,0.0,0.0,0.0,0.0
遂宁,2017,523,348,0.5200764818355641,0.7816091954022989,0.0,0.0,0.0,0.0,0.13001912045889102,0.19540229885057472,0.0,0.0,0.0,0.0,0.015296367112810707,0.022988505747126436
遂宁,2018,567,278,0.400352733686067,0.8165467625899281,0.0,0.0,0.0,0.0,0.08994708994708994,0.18345323741007194,0.0,0.0,0.0,0.0,0.0,0.0
遂宁,2019,359,110,0.2924791086350975,0.9545454545454546,0.0,0.0,0.0,0.0,0.013927576601671309,0.045454545454545456,0.0,0.0,0.0,0.0,0.0,0.0
遂宁,2020,457,166,0.30196936542669583,0.8313253012048193,0.0,0.0,0.0262582056892779,0.07228915662650602,0.024070021881838075,0.06626506024096386,0.0,0.0,0.0,0.0,0.010940919037199124,0.030120481927710843
遂宁,2021,441,184,0.3401360544217687,0.8152173913043478,0.0,0.0,0.02947845804988662,0.07065217391304347,0.022675736961451247,0.05434782608695652,0.0,0.0,0.0,0.0,0.024943310657596373,0.059782608695652176
遂宁,2022,502,233,0.3386454183266932,0.7296137339055794,0.0,0.0,0.10756972111553785,0.2317596566523605,0.0,0.0,0.0,0.0,0.0,0.0,0.017928286852589643,0.03862660944206009
遂宁,2023,641,284,0.3338533541341654,0.7535211267605634,0.0,0.0,0.062402496099843996,0.14084507042253522,0.0,0.0,0.0,0.0,0.014040561622464899,0.03169014084507042,0.0327613104524181,0.07394366197183098
遵义,2008,109,79,0.6513761467889908,0.8987341772151899,0.0,0.0,0.0,0.0,0.07339449541284404,0.10126582278481013,0.0,0.0,0.0,0.0,0.0,0.0
遵义,2009,186,123,0.5913978494623656,0.8943089430894309,0.0,0.0,0.021505376344086023,0.032520325203252036,0.0,0.0,0.0,0.0,0.0,0.0,0.04838709677419355,0.07317073170731707
遵义,2010,143,77,0.3986013986013986,0.7402597402597403,0.0,0.0,0.0,0.0,0.08391608391608392,0.15584415584415584,0.0,0.0,0.0,0.0,0.055944055944055944,0.1038961038961039
遵义,2011,310,149,0.4064516129032258,0.8456375838926175,0.0,0.0,0.03225806451612903,0.06711409395973154,0.025806451612903226,0.053691275167785234,0.0,0.0,0.0,0.0,0.016129032258064516,0.03355704697986577
遵义,2012,505,210,0.3683168316831683,0.8857142857142857,0.0,0.0,0.0,0.0,0.0,0.0,0.0,0.0,0.033663366336633666,0.08095238095238096,0.013861386138613862,0.03333333333333333
遵义,2013,637,249,0.34065934065934067,0.8714859437751004,0.0,0.0,0.0,0.0,0.0,0.0,0.0,0.0,0.0,0.0,0.05023547880690738,0.1285140562248996
遵义,2014,1422,448,0.21729957805907174,0.6897321428571429,0.0,0.0,0.0,0.0,0.05063291139240506,0.16071428571428573,0.0,0.0,0.0,0.0,0.047116736990154715,0.14955357142857142
遵义,2015,1395,450,0.25663082437275986,0.7955555555555556,0.0,0.0,0.0,0.0,0.0,0.0,0.0,0.0,0.0,0.0,0.06594982078853047,0.20444444444444446
遵义,2016,1956,457,0.1334355828220859,0.5711159737417943,0.0,0.0,0.0270961145194274,0.11597374179431072,0.013292433537832311,0.05689277899343545,0.0,0.0,0.0,0.0,0.0598159509202454,0.25601750547045954
遵义,2017,3345,676,0.10612855007473841,0.5251479289940828,0.0,0.0,0.0242152466367713,0.11982248520710059,0.011061285500747383,0.05473372781065089,0.0053811659192825115,0.026627218934911243,0.0,0.0,0.05530642750373692,0.27366863905325445
遵义,2018,3406,720,0.11802701115678214,0.5583333333333333,0.0,0.0,0.030534351145038167,0.14444444444444443,0.0,0.0,0.0,0.0,0.0,0.0,0.06283029947152084,0.2972222222222222
遵义,2019,1414,518,0.23125884016973125,0.6312741312741312,0.0,0.0,0.03748231966053748,0.10231660231660232,0.0,0.0,0.0,0.0,0.0,0.0,0.09759547383309759,0.26640926640926643
遵义,2020,1741,652,0.20792647903503733,0.5552147239263804,0.0,0.0,0.021826536473291212,0.05828220858895705,0.00861573808156232,0.023006134969325152,0.0,0.0,0.0,0.0,0.13612866168868468,0.36349693251533743
遵义,2021,1556,619,0.2892030848329049,0.7269789983844911,0.0,0.0,0.02506426735218509,0.0630048465266559,0.0,0.0,0.0,0.0,0.0,0.0,0.08354755784061697,0.210016155088853
遵义,2022,1525,742,0.259672131147541,0.5336927223719676,0.0,0.0,0.06163934426229508,0.12668463611859837,0.0,0.0,0.0,0.0,0.0,0.0,0.16524590163934427,0.33962264150943394
遵义,2023,1694,913,0.2396694214876033,0.44468784227820374,0.0,0.0,0.10448642266824085,0.19386637458926614,0.0,0.0,0.0,0.0,0.010035419126328217,0.018619934282584884,0.1847697756788666,0.3428258488499452
邢台,2008,64,45,0.234375,0.3333333333333333,0.0,0.0,0.0,0.0,0.46875,0.6666666666666666,0.0,0.0,0.0,0.0,0.0,0.0
邢台,2009,96,58,0.4375,0.7241379310344828,0.0,0.0,0.0,0.0,0.16666666666666666,0.27586206896551724,0.0,0.0,0.0,0.0,0.0,0.0
邢台,2010,87,53,0.40229885057471265,0.660377358490566,0.0,0.0,0.0,0.0,0.20689655172413793,0.33962264150943394,0.0,0.0,0.0,0.0,0.0,0.0
邢台,2011,94,51,0.35106382978723405,0.6470588235294118,0.0,0.0,0.0,0.0,0.14893617021276595,0.27450980392156865,0.0,0.0,0.0425531914893617,0.0784313725490196,0.0,0.0
邢台,2012,177,89,0.3672316384180791,0.7303370786516854,0.0,0.0,0.0,0.0,0.096045197740113,0.19101123595505617,0.0,0.0,0.03954802259887006,0.07865168539325842,0.0,0.0
邢台,2013,200,96,0.33,0.6875,0.0,0.0,0.0,0.0,0.09,0.1875,0.0,0.0,0.06,0.125,0.0,0.0
邢台,2014,235,109,0.28936170212765955,0.6238532110091743,0.0,0.0,0.0,0.0,0.09361702127659574,0.2018348623853211,0.0,0.0,0.08085106382978724,0.1743119266055046,0.0,0.0
邢台,2015,436,233,0.2889908256880734,0.5407725321888412,0.0,0.0,0.0,0.0,0.22018348623853212,0.41201716738197425,0.0,0.0,0.02522935779816514,0.04721030042918455,0.0,0.0
邢台,2016,804,450,0.15920398009950248,0.28444444444444444,0.0,0.0,0.0,0.0,0.36691542288557216,0.6555555555555556,0.0,0.0,0.01616915422885572,0.028888888888888888,0.017412935323383085,0.03111111111111111
邢台,2017,673,318,0.1827637444279346,0.3867924528301887,0.0,0.0,0.0,0.0,0.2763744427934621,0.5849056603773585,0.0,0.0,0.0,0.0,0.01337295690936107,0.02830188679245283
邢台,2018,880,313,0.19772727272727272,0.5559105431309904,0.0,0.0,0.0,0.0,0.09204545454545454,0.25878594249201275,0.0,0.0,0.00909090909090909,0.025559105431309903,0.056818181818181816,0.1597444089456869
邢台,2019,924,349,0.2554112554112554,0.6762177650429799,0.0,0.0,0.0,0.0,0.0,0.0,0.012987012987012988,0.034383954154727794,0.0,0.0,0.10930735930735931,0.28939828080229224
邢台,2020,1120,394,0.2294642857142857,0.6522842639593909,0.0,0.0,0.0,0.0,0.02142857142857143,0.06091370558375635,0.0,0.0,0.0,0.0,0.10089285714285715,0.2868020304568528
邢台,2021,1119,401,0.26184092940125114,0.7306733167082294,0.0,0.0,0.0,0.0,0.0071492403932082215,0.0199501246882793,0.006255585344057194,0.017456359102244388,0.0,0.0,0.08310991957104558,0.23192019950124687
邢台,2022,1063,389,0.2568203198494826,0.7017994858611826,0.0,0.0,0.0,0.0,0.0,0.0,0.020696142991533398,0.056555269922879174,0.011288805268109126,0.030848329048843187,0.07714016933207903,0.21079691516709512
邢台,2023,1483,324,0.16587997302764665,0.7592592592592593,0.0,0.0,0.0,0.0,0.0,0.0,0.016857720836142953,0.07716049382716049,0.0,0.0,0.03573836817262306,0.16358024691358025
那曲,2008,2,2,0.0,0.0,0.0,0.0,1.0,1.0,0.0,0.0,0.0,0.0,0.0,0.0,0.0,0.0
那曲,2009,2,2,0.0,0.0,0.0,0.0,0.0,0.0,1.0,1.0,0.0,0.0,0.0,0.0,0.0,0.0
那曲,2010,3,3,1.0,1.0,0.0,0.0,0.0,0.0,0.0,0.0,0.0,0.0,0.0,0.0,0.0,0.0
那曲,2013,1,1,1.0,1.0,0.0,0.0,0.0,0.0,0.0,0.0,0.0,0.0,0.0,0.0,0.0,0.0
那曲,2015,2,2,0.0,0.0,0.0,0.0,0.0,0.0,1.0,1.0,0.0,0.0,0.0,0.0,0.0,0.0
那曲,2016,13,13,0.0,0.0,0.0,0.0,0.0,0.0,1.0,1.0,0.0,0.0,0.0,0.0,0.0,0.0
那曲,2017,6,6,0.3333333333333333,0.3333333333333333,0.0,0.0,0.0,0.0,0.6666666666666666,0.6666666666666666,0.0,0.0,0.0,0.0,0.0,0.0
那曲,2018,5,5,0.2,0.2,0.0,0.0,0.0,0.0,0.4,0.4,0.4,0.4,0.0,0.0,0.0,0.0
那曲,2019,8,8,0.375,0.375,0.0,0.0,0.0,0.0,0.125,0.125,0.5,0.5,0.0,0.0,0.0,0.0
那曲,2020,2,2,0.0,0.0,0.0,0.0,0.0,0.0,0.0,0.0,1.0,1.0,0.0,0.0,0.0,0.0
那曲,2021,11,11,0.5454545454545454,0.5454545454545454,0.0,0.0,0.0,0.0,0.45454545454545453,0.45454545454545453,0.0,0.0,0.0,0.0,0.0,0.0
那曲,2022,6,6,0.5,0.5,0.0,0.0,0.0,0.0,0.16666666666666666,0.16666666666666666,0.3333333333333333,0.3333333333333333,0.0,0.0,0.0,0.0
那曲,2023,3,3,1.0,1.0,0.0,0.0,0.0,0.0,0.0,0.0,0.0,0.0,0.0,0.0,0.0,0.0
邯郸,2008,151,63,0.152317880794702,0.36507936507936506,0.0,0.0,0.0,0.0,0.23178807947019867,0.5555555555555556,0.0,0.0,0.033112582781456956,0.07936507936507936,0.0,0.0
邯郸,2009,285,168,0.4105263157894737,0.6964285714285714,0.0,0.0,0.0,0.0,0.11228070175438597,0.19047619047619047,0.010526315789473684,0.017857142857142856,0.056140350877192984,0.09523809523809523,0.0,0.0
邯郸,2010,284,161,0.4823943661971831,0.8509316770186336,0.0,0.0,0.0,0.0,0.05985915492957746,0.10559006211180125,0.0,0.0,0.014084507042253521,0.024844720496894408,0.01056338028169014,0.018633540372670808
邯郸,2011,369,213,0.3956639566395664,0.6854460093896714,0.0,0.0,0.0,0.0,0.14092140921409213,0.24413145539906103,0.0,0.0,0.01084010840108401,0.018779342723004695,0.02981029810298103,0.051643192488262914
邯郸,2012,553,328,0.379746835443038,0.6402439024390244,0.0,0.0,0.027124773960216998,0.04573170731707317,0.11030741410488246,0.18597560975609756,0.0,0.0,0.04701627486437613,0.07926829268292683,0.028933092224231464,0.04878048780487805
邯郸,2013,713,460,0.28190743338008417,0.4369565217391304,0.0,0.0,0.0364656381486676,0.05652173913043478,0.2552594670406732,0.39565217391304347,0.0,0.0,0.02244039270687237,0.034782608695652174,0.04908835904628331,0.07608695652173914
邯郸,2014,689,413,0.2757619738751814,0.4600484261501211,0.0,0.0,0.0,0.0,0.15529753265602322,0.25907990314769974,0.0,0.0,0.01741654571843251,0.029055690072639227,0.1509433962264151,0.25181598062953997
邯郸,2015,949,550,0.23076923076923078,0.3981818181818182,0.0,0.0,0.0,0.0,0.1506849315068493,0.26,0.0,0.0,0.03371970495258166,0.05818181818181818,0.1643835616438356,0.28363636363636363
邯郸,2016,974,518,0.24743326488706366,0.46525096525096526,0.0,0.0,0.0,0.0,0.11088295687885011,0.2084942084942085,0.0,0.0,0.027720739219712527,0.052123552123552123,0.1457905544147844,0.27413127413127414
邯郸,2017,1139,640,0.2932396839332748,0.521875,0.0,0.0,0.0,0.0,0.07023705004389816,0.125,0.019315188762071993,0.034375,0.01755926251097454,0.03125,0.16154521510096576,0.2875
邯郸,2018,1680,864,0.30357142857142855,0.5902777777777778,0.0,0.0,0.0,0.0,0.010714285714285714,0.020833333333333332,0.0,0.0,0.01607142857142857,0.03125,0.18392857142857144,0.3576388888888889
邯郸,2019,1519,767,0.347597103357472,0.6883963494132985,0.0,0.0,0.0,0.0,0.0,0.0,0.0,0.0,0.02106649111257406,0.041720990873533245,0.13627386438446346,0.26988265971316816
邯郸,2020,2171,1033,0.35651773376324275,0.7492739593417231,0.0,0.0,0.0,0.0,0.0,0.0,0.0,0.0,0.017503454629203132,0.036786060019361085,0.10179640718562874,0.21393998063891578
邯郸,2021,2013,1068,0.37555886736214605,0.7078651685393258,0.0,0.0,0.0,0.0,0.0,0.0,0.010432190760059613,0.019662921348314606,0.037754595131644315,0.07116104868913857,0.10680576254346746,0.20131086142322097
邯郸,2022,2071,1195,0.4060840173829068,0.703765690376569,0.0,0.0,0.0,0.0,0.0,0.0,0.0159343312409464,0.027615062761506277,0.04007725736359247,0.0694560669456067,0.11492032834379527,0.199163179916318
邯郸,2023,2701,1277,0.3506108848574602,0.7415818324197337,0.0,0.0,0.0,0.0,0.0,0.0,0.00777489818585709,0.01644479248238058,0.0,0.0,0.11440207330618289,0.24197337509788566
邵阳,2008,72,34,0.25,0.5294117647058824,0.0,0.0,0.0,0.0,0.2222222222222222,0.47058823529411764,0.0,0.0,0.0,0.0,0.0,0.0
邵阳,2009,84,52,0.36904761904761907,0.5961538461538461,0.0,0.0,0.023809523809523808,0.038461538461538464,0.2261904761904762,0.36538461538461536,0.0,0.0,0.0,0.0,0.0,0.0
邵阳,2010,89,43,0.23595505617977527,0.4883720930232558,0.0,0.0,0.0,0.0,0.21348314606741572,0.4418604651162791,0.0,0.0,0.0,0.0,0.033707865168539325,0.06976744186046512
邵阳,2011,93,53,0.21505376344086022,0.37735849056603776,0.0,0.0,0.0,0.0,0.3548387096774194,0.6226415094339622,0.0,0.0,0.0,0.0,0.0,0.0
邵阳,2012,129,66,0.23255813953488372,0.45454545454545453,0.0,0.0,0.0,0.0,0.24806201550387597,0.48484848484848486,0.0,0.0,0.0,0.0,0.031007751937984496,0.06060606060606061
邵阳,2013,144,58,0.22916666666666666,0.5689655172413793,0.0,0.0,0.0,0.0,0.1388888888888889,0.3448275862068966,0.0,0.0,0.0,0.0,0.034722222222222224,0.08620689655172414
邵阳,2014,190,93,0.12631578947368421,0.25806451612903225,0.0,0.0,0.021052631578947368,0.043010752688172046,0.26842105263157895,0.5483870967741935,0.0,0.0,0.0,0.0,0.07368421052631578,0.15053763440860216
邵阳,2015,291,150,0.18213058419243985,0.35333333333333333,0.0,0.0,0.0,0.0,0.12027491408934708,0.23333333333333334,0.0,0.0,0.0,0.0,0.21305841924398625,0.41333333333333333
邵阳,2016,302,132,0.1456953642384106,0.3333333333333333,0.0,0.0,0.0,0.0,0.1490066225165563,0.3409090909090909,0.0,0.0,0.0,0.0,0.1423841059602649,0.32575757575757575
邵阳,2017,476,179,0.21428571428571427,0.5698324022346368,0.0,0.0,0.0,0.0,0.07983193277310924,0.2122905027932961,0.0,0.0,0.0,0.0,0.0819327731092437,0.21787709497206703
邵阳,2018,730,340,0.19041095890410958,0.4088235294117647,0.0,0.0,0.0,0.0,0.20136986301369864,0.4323529411764706,0.0,0.0,0.0,0.0,0.07397260273972603,0.1588235294117647
邵阳,2019,955,428,0.29528795811518327,0.6588785046728972,0.0,0.0,0.0,0.0,0.04397905759162304,0.09813084112149532,0.0,0.0,0.0,0.0,0.10890052356020942,0.24299065420560748
邵阳,2020,2125,626,0.21835294117647058,0.7412140575079872,0.0,0.0,0.0,0.0,0.0075294117647058826,0.025559105431309903,0.0,0.0,0.0,0.0,0.06870588235294117,0.23322683706070288
邵阳,2021,1400,581,0.21928571428571428,0.5283993115318416,0.0,0.0,0.0,0.0,0.03571428571428571,0.08605851979345955,0.0,0.0,0.0,0.0,0.16,0.3855421686746988
邵阳,2022,887,395,0.3337091319052988,0.7493670886075949,0.0,0.0,0.0,0.0,0.0,0.0,0.0,0.0,0.0,0.0,0.11161217587373168,0.25063291139240507
邵阳,2023,810,329,0.3358024691358025,0.8267477203647416,0.0,0.0,0.0,0.0,0.0,0.0,0.0,0.0,0.0,0.0,0.07037037037037037,0.17325227963525835
郑州,2008,1318,475,0.024279210925644917,0.06736842105263158,0.0,0.0,0.0,0.0,0.13353566009104703,0.3705263157894737,0.006828528072837633,0.018947368421052633,0.05614567526555387,0.15578947368421053,0.13960546282245828,0.3873684210526316
郑州,2009,1608,546,0.018034825870646767,0.05311355311355311,0.0,0.0,0.0,0.0,0.10634328358208955,0.3131868131868132,0.0,0.0,0.05037313432835821,0.14835164835164835,0.16480099502487564,0.48534798534798534
郑州,2010,2039,810,0.04021579205492889,0.10123456790123457,0.0,0.0,0.0,0.0,0.07111329082883766,0.17901234567901234,0.0,0.0,0.05100539480137322,0.12839506172839507,0.23491907797940167,0.591358024691358
郑州,2011,2545,866,0.07269155206286837,0.21362586605080833,0.0,0.0,0.0,0.0,0.023575638506876228,0.06928406466512702,0.0,0.0,0.04675834970530452,0.1374133949191686,0.19724950884086445,0.5796766743648961
郑州,2012,3304,1054,0.08323244552058111,0.26091081593927895,0.0,0.0,0.0,0.0,0.018159806295399514,0.056925996204933584,0.007263922518159807,0.022770398481973434,0.046610169491525424,0.1461100569259962,0.1637409200968523,0.5132827324478179
郑州,2013,4569,1426,0.0895163055373167,0.2868162692847125,0.0,0.0,0.0,0.0,0.030641278179032613,0.09817671809256662,0.01400744145327205,0.04488078541374474,0.026920551543007223,0.08625525946704067,0.1510177281680893,0.4838709677419355
郑州,2014,6596,2024,0.07640994542146756,0.2490118577075099,0.0,0.0,0.0,0.0,0.007731958762886598,0.025197628458498024,0.031989084293511216,0.1042490118577075,0.01364463311097635,0.044466403162055336,0.17707701637355974,0.5770750988142292
郑州,2015,7131,2324,0.10531482260552517,0.3231497418244406,0.0,0.0,0.0,0.0,0.0,0.0,0.014584209788248493,0.04475043029259897,0.02678446220726406,0.08218588640275387,0.1792175010517459,0.5499139414802066
郑州,2016,11585,3785,0.1709106603366422,0.523117569352708,0.0,0.0,0.0,0.0,0.0,0.0,0.0,0.0,0.0,0.0,0.15580492015537334,0.47688243064729197
郑州,2017,20897,9061,0.3204766234387711,0.7391016444101093,0.0,0.0,0.0,0.0,0.0,0.0,0.0,0.0,0.0,0.0,0.11312628606977078,0.2608983555898907
郑州,2018,23864,9483,0.22900603419376467,0.5762944215965412,0.0,0.0,0.012613141133087495,0.03174101022883054,0.0,0.0,0.0,0.0,0.007291317465638619,0.01834862385321101,0.14846630908481395,0.37361594432141726
郑州,2019,15031,5145,0.07517796553788836,0.2196307094266278,0.0,0.0,0.028873661100392523,0.08435374149659863,0.0,0.0,0.0,0.0,0.008582263322466902,0.02507288629737609,0.2296587053422926,0.6709426627793975
郑州,2020,17633,5168,0.07537004480235922,0.25715944272445823,0.0,0.0,0.02801565246980094,0.09558823529411764,0.0,0.0,0.0,0.0,0.017750808143821243,0.06056501547987616,0.17195032042193614,0.586687306501548
郑州,2021,19849,6830,0.07834147816010882,0.22767203513909223,0.0,0.0,0.05199254370497254,0.15109809663250365,0.0,0.0,0.0,0.0,0.021663559877071893,0.0629575402635432,0.19210035770063982,0.5582723279648609
郑州,2022,21651,7880,0.07343771650270195,0.2017766497461929,0.0,0.0,0.07754838113712992,0.2130710659898477,0.0,0.0,0.0,0.0,0.017643526857881852,0.048477157360406094,0.1953258509999538,0.5366751269035533
郑州,2023,19535,7295,0.08779114410033273,0.2350925291295408,0.0,0.0,0.010545175326337343,0.028238519533927347,0.0,0.0,0.0,0.0,0.030765293063731762,0.08238519533927348,0.2443306885078065,0.6542837559972584
郴州,2008,52,36,0.3269230769230769,0.4722222222222222,0.0,0.0,0.0,0.0,0.36538461538461536,0.5277777777777778,0.0,0.0,0.0,0.0,0.0,0.0
郴州,2009,81,47,0.3333333333333333,0.574468085106383,0.0,0.0,0.0,0.0,0.24691358024691357,0.425531914893617,0.0,0.0,0.0,0.0,0.0,0.0
郴州,2010,116,64,0.3793103448275862,0.6875,0.0,0.0,0.0,0.0,0.1724137931034483,0.3125,0.0,0.0,0.0,0.0,0.0,0.0
郴州,2011,155,89,0.4258064516129032,0.7415730337078652,0.0,0.0,0.0,0.0,0.12903225806451613,0.2247191011235955,0.01935483870967742,0.033707865168539325,0.0,0.0,0.0,0.0
郴州,2012,187,101,0.37967914438502676,0.7029702970297029,0.0,0.0,0.0,0.0,0.13368983957219252,0.24752475247524752,0.026737967914438502,0.04950495049504951,0.0,0.0,0.0,0.0
郴州,2013,212,122,0.5424528301886793,0.9426229508196722,0.0,0.0,0.0,0.0,0.0330188679245283,0.05737704918032787,0.0,0.0,0.0,0.0,0.0,0.0
郴州,2014,264,152,0.5189393939393939,0.9013157894736842,0.0,0.0,0.0,0.0,0.056818181818181816,0.09868421052631579,0.0,0.0,0.0,0.0,0.0,0.0
郴州,2015,354,187,0.4576271186440678,0.8663101604278075,0.0,0.0,0.0,0.0,0.05649717514124294,0.10695187165775401,0.0,0.0,0.0,0.0,0.014124293785310734,0.026737967914438502
郴州,2016,502,256,0.3665338645418327,0.71875,0.0,0.0,0.0,0.0,0.14342629482071714,0.28125,0.0,0.0,0.0,0.0,0.0,0.0
郴州,2017,944,504,0.4682203389830508,0.876984126984127,0.0,0.0,0.0,0.0,0.048728813559322036,0.09126984126984126,0.0,0.0,0.0,0.0,0.01694915254237288,0.031746031746031744
郴州,2018,901,390,0.36958934517203107,0.8538461538461538,0.0,0.0,0.0,0.0,0.042175360710321866,0.09743589743589744,0.0,0.0,0.0,0.0,0.021087680355160933,0.04871794871794872
郴州,2019,888,413,0.4166666666666667,0.8958837772397095,0.0,0.0,0.013513513513513514,0.029055690072639227,0.01126126126126126,0.024213075060532687,0.0,0.0,0.0,0.0,0.02364864864864865,0.05084745762711865
郴州,2020,846,360,0.3463356973995272,0.8138888888888889,0.0,0.0,0.028368794326241134,0.06666666666666667,0.02009456264775414,0.04722222222222222,0.0,0.0,0.0,0.0,0.030732860520094562,0.07222222222222222
郴州,2021,704,263,0.28551136363636365,0.7642585551330798,0.0,0.0,0.02556818181818182,0.06844106463878327,0.014204545454545454,0.03802281368821293,0.0,0.0,0.0,0.0,0.048295454545454544,0.12927756653992395
郴州,2022,781,338,0.33162612035851474,0.7662721893491125,0.0,0.0,0.030729833546734954,0.07100591715976332,0.0,0.0,0.0,0.0,0.0,0.0,0.07042253521126761,0.16272189349112426
郴州,2023,779,315,0.27471116816431324,0.6793650793650794,0.0,0.0,0.028241335044929396,0.06984126984126984,0.0,0.0,0.0,0.0,0.012836970474967908,0.031746031746031744,0.08857509627727857,0.21904761904761905
鄂尔多斯,2008,34,34,0.4117647058823529,0.4117647058823529,0.0,0.0,0.0,0.0,0.5,0.5,0.08823529411764706,0.08823529411764706,0.0,0.0,0.0,0.0
鄂尔多斯,2009,43,43,0.6046511627906976,0.6046511627906976,0.0,0.0,0.0,0.0,0.27906976744186046,0.27906976744186046,0.11627906976744186,0.11627906976744186,0.0,0.0,0.0,0.0
鄂尔多斯,2010,51,48,0.43137254901960786,0.4583333333333333,0.0,0.0,0.0,0.0,0.47058823529411764,0.5,0.0392156862745098,0.041666666666666664,0.0,0.0,0.0,0.0
鄂尔多斯,2011,44,29,0.29545454545454547,0.4482758620689655,0.0,0.0,0.0,0.0,0.3409090909090909,0.5172413793103449,0.022727272727272728,0.034482758620689655,0.0,0.0,0.0,0.0
鄂尔多斯,2012,71,51,0.39436619718309857,0.5490196078431373,0.0,0.0,0.0,0.0,0.30985915492957744,0.43137254901960786,0.0,0.0,0.014084507042253521,0.0196078431372549,0.0,0.0
鄂尔多斯,2013,115,82,0.5652173913043478,0.7926829268292683,0.0,0.0,0.0,0.0,0.09565217391304348,0.13414634146341464,0.0,0.0,0.05217391304347826,0.07317073170731707,0.0,0.0
鄂尔多斯,2014,133,88,0.48872180451127817,0.7386363636363636,0.0,0.0,0.0,0.0,0.17293233082706766,0.26136363636363635,0.0,0.0,0.0,0.0,0.0,0.0
鄂尔多斯,2015,146,88,0.4794520547945205,0.7954545454545454,0.0,0.0,0.0,0.0,0.1232876712328767,0.20454545454545456,0.0,0.0,0.0,0.0,0.0,0.0
鄂尔多斯,2016,245,142,0.5142857142857142,0.8873239436619719,0.0,0.0,0.0,0.0,0.044897959183673466,0.07746478873239436,0.0,0.0,0.02040816326530612,0.035211267605633804,0.0,0.0
鄂尔多斯,2017,282,147,0.45390070921985815,0.8707482993197279,0.0,0.0,0.0,0.0,0.028368794326241134,0.05442176870748299,0.0,0.0,0.03900709219858156,0.07482993197278912,0.0,0.0
鄂尔多斯,2018,437,209,0.4439359267734554,0.9282296650717703,0.0,0.0,0.0,0.0,0.018306636155606407,0.03827751196172249,0.0,0.0,0.0,0.0,0.016018306636155607,0.03349282296650718
鄂尔多斯,2019,479,240,0.4718162839248434,0.9416666666666667,0.0,0.0,0.0,0.0,0.014613778705636743,0.029166666666666667,0.0,0.0,0.0,0.0,0.014613778705636743,0.029166666666666667
鄂尔多斯,2020,731,339,0.42954856361149113,0.9262536873156342,0.0,0.0,0.0,0.0,0.0,0.0,0.0,0.0,0.0,0.0,0.03419972640218878,0.07374631268436578
鄂尔多斯,2021,956,424,0.3912133891213389,0.8820754716981132,0.0,0.0,0.0,0.0,0.0,0.0,0.0,0.0,0.012552301255230125,0.02830188679245283,0.0397489539748954,0.08962264150943396
鄂尔多斯,2022,1241,663,0.5076551168412571,0.9502262443438914,0.0,0.0,0.0,0.0,0.0,0.0,0.0,0.0,0.0,0.0,0.0265914585012087,0.049773755656108594
鄂尔多斯,2023,1714,860,0.4632438739789965,0.9232558139534883,0.0,0.0,0.0,0.0,0.0,0.0,0.0,0.0,0.025087514585764293,0.05,0.013418903150525088,0.026744186046511628
鄂州,2008,54,40,0.12962962962962962,0.175,0.0,0.0,0.0,0.0,0.6111111111111112,0.825,0.0,0.0,0.0,0.0,0.0,0.0
鄂州,2009,70,45,0.07142857142857142,0.1111111111111111,0.0,0.0,0.0,0.0,0.5714285714285714,0.8888888888888888,0.0,0.0,0.0,0.0,0.0,0.0
鄂州,2010,29,28,0.6206896551724138,0.6428571428571429,0.0,0.0,0.0,0.0,0.3448275862068966,0.35714285714285715,0.0,0.0,0.0,0.0,0.0,0.0
鄂州,2011,48,29,0.5208333333333334,0.8620689655172413,0.0,0.0,0.0,0.0,0.08333333333333333,0.13793103448275862,0.0,0.0,0.0,0.0,0.0,0.0
鄂州,2012,128,33,0.140625,0.5454545454545454,0.0,0.0,0.0,0.0,0.1171875,0.45454545454545453,0.0,0.0,0.0,0.0,0.0,0.0
鄂州,2013,262,58,0.11450381679389313,0.5172413793103449,0.0,0.0,0.0,0.0,0.10687022900763359,0.4827586206896552,0.0,0.0,0.0,0.0,0.0,0.0
鄂州,2014,392,62,0.1096938775510204,0.6935483870967742,0.0,0.0,0.0,0.0,0.04846938775510204,0.3064516129032258,0.0,0.0,0.0,0.0,0.0,0.0
鄂州,2015,566,78,0.03356890459363958,0.24358974358974358,0.0,0.0,0.0,0.0,0.10424028268551237,0.7564102564102564,0.0,0.0,0.0,0.0,0.0,0.0
鄂州,2016,688,90,0.10755813953488372,0.8222222222222222,0.0,0.0,0.0,0.0,0.023255813953488372,0.17777777777777778,0.0,0.0,0.0,0.0,0.0,0.0
鄂州,2017,922,520,0.04772234273318872,0.08461538461538462,0.0,0.0,0.0,0.0,0.42190889370932755,0.7480769230769231,0.0,0.0,0.09436008676789588,0.1673076923076923,0.0,0.0
鄂州,2018,491,339,0.32790224032586557,0.4749262536873156,0.0,0.0,0.0,0.0,0.09368635437881874,0.13569321533923304,0.0,0.0,0.24236252545824846,0.35103244837758113,0.026476578411405296,0.038348082595870206
鄂州,2019,508,287,0.31496062992125984,0.5574912891986062,0.0,0.0,0.0,0.0,0.00984251968503937,0.017421602787456445,0.0,0.0,0.2283464566929134,0.40418118466898956,0.011811023622047244,0.020905923344947737
鄂州,2020,508,302,0.3051181102362205,0.5132450331125827,0.0,0.0,0.0,0.0,0.047244094488188976,0.07947019867549669,0.0,0.0,0.19291338582677164,0.32450331125827814,0.04921259842519685,0.08278145695364239
鄂州,2021,591,340,0.40947546531302875,0.711764705882353,0.0,0.0,0.0,0.0,0.0,0.0,0.0,0.0,0.1658206429780034,0.28823529411764703,0.0,0.0
鄂州,2022,626,410,0.5638977635782748,0.8609756097560975,0.0,0.0,0.0,0.0,0.0,0.0,0.0,0.0,0.08146964856230032,0.12439024390243902,0.009584664536741214,0.014634146341463415
鄂州,2023,655,438,0.6122137404580152,0.9155251141552512,0.0,0.0,0.0,0.0,0.0,0.0,0.0,0.0,0.05648854961832061,0.08447488584474885,0.0,0.0
酒泉,2008,12,12,0.0,0.0,0.0,0.0,0.0,0.0,0.8333333333333334,0.8333333333333334,0.0,0.0,0.16666666666666666,0.16666666666666666,0.0,0.0
酒泉,2009,24,24,0.25,0.25,0.0,0.0,0.0,0.0,0.7083333333333334,0.7083333333333334,0.041666666666666664,0.041666666666666664,0.0,0.0,0.0,0.0
酒泉,2010,36,36,0.5277777777777778,0.5277777777777778,0.0,0.0,0.0,0.0,0.3333333333333333,0.3333333333333333,0.05555555555555555,0.05555555555555555,0.08333333333333333,0.08333333333333333,0.0,0.0
酒泉,2011,66,58,0.25757575757575757,0.29310344827586204,0.0,0.0,0.0,0.0,0.5303030303030303,0.603448275862069,0.0,0.0,0.09090909090909091,0.10344827586206896,0.0,0.0
酒泉,2012,220,150,0.022727272727272728,0.03333333333333333,0.0,0.0,0.0,0.0,0.6590909090909091,0.9666666666666667,0.0,0.0,0.0,0.0,0.0,0.0
酒泉,2013,439,257,0.07517084282460136,0.12840466926070038,0.0,0.0,0.0,0.0,0.510250569476082,0.8715953307392996,0.0,0.0,0.0,0.0,0.0,0.0
酒泉,2014,399,257,0.045112781954887216,0.07003891050583658,0.0,0.0,0.0,0.0,0.5989974937343359,0.9299610894941635,0.0,0.0,0.0,0.0,0.0,0.0
酒泉,2015,288,156,0.03125,0.057692307692307696,0.0,0.0,0.0,0.0,0.4930555555555556,0.9102564102564102,0.017361111111111112,0.03205128205128205,0.0,0.0,0.0,0.0
酒泉,2016,251,161,0.15139442231075698,0.2360248447204969,0.0,0.0,0.0,0.0,0.42231075697211157,0.6583850931677019,0.03187250996015936,0.049689440993788817,0.0199203187250996,0.031055900621118012,0.01593625498007968,0.024844720496894408
酒泉,2017,195,128,0.4307692307692308,0.65625,0.0,0.0,0.0,0.0,0.14871794871794872,0.2265625,0.0,0.0,0.05128205128205128,0.078125,0.02564102564102564,0.0390625
酒泉,2018,158,98,0.3291139240506329,0.5306122448979592,0.0,0.0,0.0,0.0,0.20253164556962025,0.32653061224489793,0.02531645569620253,0.04081632653061224,0.0379746835443038,0.061224489795918366,0.02531645569620253,0.04081632653061224
酒泉,2019,142,81,0.2887323943661972,0.5061728395061729,0.0,0.0,0.0,0.0,0.07042253521126761,0.12345679012345678,0.02112676056338028,0.037037037037037035,0.16901408450704225,0.2962962962962963,0.02112676056338028,0.037037037037037035
酒泉,2020,127,66,0.2125984251968504,0.4090909090909091,0.0,0.0,0.0,0.0,0.2047244094488189,0.3939393939393939,0.015748031496062992,0.030303030303030304,0.05511811023622047,0.10606060606060606,0.031496062992125984,0.06060606060606061
酒泉,2021,169,96,0.33136094674556216,0.5833333333333334,0.0,0.0,0.01775147928994083,0.03125,0.10059171597633136,0.17708333333333334,0.023668639053254437,0.041666666666666664,0.05917159763313609,0.10416666666666667,0.03550295857988166,0.0625
酒泉,2022,209,125,0.3827751196172249,0.64,0.0,0.0,0.0,0.0,0.023923444976076555,0.04,0.03827751196172249,0.064,0.12440191387559808,0.208,0.028708133971291867,0.048
酒泉,2023,295,192,0.4847457627118644,0.7447916666666666,0.0,0.0,0.0,0.0,0.0,0.0,0.06779661016949153,0.10416666666666667,0.061016949152542375,0.09375,0.03728813559322034,0.057291666666666664
重庆,2008,1984,1049,0.17943548387096775,0.3393708293612965,0.0,0.0,0.007056451612903226,0.01334604385128694,0.0,0.0,0.012096774193548387,0.022878932316491896,0.007056451612903226,0.01334604385128694,0.3230846774193548,0.6110581506196378
重庆,2009,3344,1586,0.1895933014354067,0.39974779319041615,0.0,0.0,0.01644736842105263,0.03467843631778058,0.015849282296650717,0.033417402269861285,0.0,0.0,0.0,0.0,0.25239234449760767,0.532156368221942
重庆,2010,4590,1872,0.16100217864923747,0.39476495726495725,0.0,0.0,0.011111111111111112,0.027243589743589744,0.022440087145969498,0.05502136752136752,0.0,0.0,0.022004357298474945,0.053952991452991456,0.19128540305010894,0.469017094017094
重庆,2011,7160,2448,0.14539106145251396,0.4252450980392157,0.0,0.0,0.007960893854748604,0.023284313725490197,0.033798882681564245,0.0988562091503268,0.013547486033519553,0.039624183006535946,0.0,0.0,0.14120111731843576,0.41299019607843135
重庆,2012,8534,2399,0.11272556831497539,0.40100041684035015,0.0,0.0,0.006210452308413405,0.02209253855773239,0.011483477853292711,0.04085035431429762,0.016639325052730254,0.059191329720716966,0.006327630653855168,0.022509378907878283,0.12772439653152098,0.4543559816590246
重庆,2013,9884,2991,0.13435855928773777,0.44399866265463056,0.0,0.0,0.0,0.0,0.025900445163901255,0.08559010364426613,0.0,0.0,0.0,0.0,0.1423512747875354,0.4704112337011033
重庆,2014,16696,3125,0.06845951126018208,0.36576,0.0,0.0,0.0035936751317680884,0.0192,0.0,0.0,0.0,0.0,0.008385241974125539,0.0448,0.10673215141351222,0.57024
重庆,2015,29851,4256,0.06713342936585039,0.4708646616541353,0.0,0.0,0.0,0.0,0.0,0.0,0.0,0.0,0.004455462128571907,0.03125,0.07098589661987872,0.4978853383458647
重庆,2016,18440,4399,0.05195227765726681,0.21777676744714708,0.0,0.0,0.009436008676789587,0.039554444191861785,0.0,0.0,0.0,0.0,0.011496746203904555,0.04819277108433735,0.16567245119305857,0.6944760172766538
重庆,2017,19872,4611,0.04574275362318841,0.19713728041639558,0.0,0.0,0.0,0.0,0.0,0.0,0.0,0.0,0.007799919484702093,0.033615267837779225,0.17849235104669886,0.7692474517458252
重庆,2018,21939,6165,0.07292948630293085,0.259529602595296,0.0,0.0,0.008113405351201057,0.028872668288726682,0.0,0.0,0.0,0.0,0.004239026391357856,0.01508515815085158,0.19572450886549067,0.6965125709651258
重庆,2019,21761,7349,0.08395753871605165,0.2486052524152946,0.0,0.0,0.011718211479251872,0.03469859844876854,0.0,0.0,0.0,0.0,0.0,0.0,0.24203850925968476,0.7166961491359368
重庆,2020,26645,8294,0.08598236066804278,0.2762237762237762,0.0,0.0,0.010395946706699194,0.03339763684591271,0.0,0.0,0.0,0.0,0.006267592418840308,0.020135037376416687,0.20863201351097768,0.6702435495538944
重庆,2021,29939,9277,0.09756504893283009,0.3148647191980166,0.0,0.0,0.007281472327065032,0.0234989759620567,0.0,0.0,0.0,0.0,0.006212632352449982,0.020049584995149295,0.1988042352783994,0.6415867198447774
重庆,2022,35449,15142,0.20547829275861096,0.4810460969488839,0.0,0.0,0.0072780614403791365,0.01703870030379078,0.0,0.0,0.0,0.0,0.0,0.0,0.21439250754605207,0.5019152027473254
重庆,2023,37343,16535,0.2130519776129395,0.4811611732688237,0.0,0.0,0.022065715127333102,0.04983368612035077,0.0,0.0,0.0,0.0,0.0,0.0,0.2076694427335779,0.46900514061082554
金华,2008,557,212,0.01615798922800718,0.04245283018867924,0.0,0.0,0.0,0.0,0.2585278276481149,0.6792452830188679,0.0,0.0,0.0,0.0,0.1059245960502693,0.2783018867924528
金华,2009,627,235,0.1291866028708134,0.3446808510638298,0.0,0.0,0.0,0.0,0.13556618819776714,0.3617021276595745,0.0,0.0,0.0,0.0,0.11004784688995216,0.2936170212765957
金华,2010,765,300,0.08235294117647059,0.21,0.0,0.0,0.0,0.0,0.22745098039215686,0.58,0.0,0.0,0.0,0.0,0.08235294117647059,0.21
金华,2011,1416,653,0.09745762711864407,0.2113323124042879,0.0,0.0,0.0,0.0,0.2634180790960452,0.5712098009188361,0.0,0.0,0.0,0.0,0.10028248587570622,0.21745788667687596
金华,2012,1708,562,0.1446135831381733,0.4395017793594306,0.0,0.0,0.0,0.0,0.07728337236533958,0.23487544483985764,0.0,0.0,0.0,0.0,0.10714285714285714,0.32562277580071175
金华,2013,2087,573,0.11451844753234308,0.41710296684118675,0.0,0.0,0.0,0.0,0.0881648298993771,0.32111692844677137,0.0,0.0,0.0,0.0,0.07187350263536177,0.2617801047120419
金华,2014,1910,547,0.0968586387434555,0.3382084095063985,0.0,0.0,0.0,0.0,0.0743455497382199,0.2595978062157221,0.0,0.0,0.010471204188481676,0.03656307129798903,0.10471204188481675,0.3656307129798903
金华,2015,2315,571,0.06868250539956804,0.27845884413309985,0.0,0.0,0.0,0.0,0.10237580993520519,0.415061295971979,0.0,0.0,0.0,0.0,0.0755939524838013,0.3064798598949212
金华,2016,3628,854,0.10970231532524807,0.46604215456674475,0.0,0.0,0.0,0.0,0.05843439911797133,0.24824355971896955,0.0,0.0,0.0,0.0,0.06725468577728776,0.2857142857142857
金华,2017,5804,1317,0.12835975189524465,0.5656795747911921,0.0,0.0,0.0,0.0,0.017057201929703652,0.07517084282460136,0.0,0.0,0.0,0.0,0.08149552033080634,0.3591495823842065
金华,2018,9385,1487,0.09824187533297815,0.6200403496973773,0.0,0.0,0.0,0.0,0.004368673415023974,0.02757229320780094,0.0,0.0,0.0,0.0,0.05583377730420885,0.3523873570948218
金华,2019,7583,1438,0.10747725174732956,0.566759388038943,0.0,0.0,0.0,0.0,0.0031649742845839377,0.016689847009735744,0.0,0.0,0.0,0.0,0.07899248318607412,0.41655076495132126
金华,2020,9929,1406,0.0878235471850136,0.620199146514936,0.0,0.0,0.0,0.0,0.0,0.0,0.0,0.0,0.00332359754255212,0.023470839260312945,0.050458253600564,0.3563300142247511
金华,2021,6896,1577,0.1441415313225058,0.6303107165504122,0.0,0.0,0.0,0.0,0.0,0.0,0.0,0.0,0.008990719257540603,0.039315155358275206,0.07555104408352668,0.3303741280913126
金华,2022,5369,1452,0.1549636803874092,0.5730027548209367,0.0,0.0,0.006146395976904451,0.022727272727272728,0.0,0.0,0.0,0.0,0.017880424660085676,0.06611570247933884,0.09145092195939654,0.3381542699724518
金华,2023,5645,1451,0.1879539415411869,0.7312198483804273,0.0,0.0,0.0,0.0,0.0,0.0,0.0,0.0,0.0,0.0,0.06908768821966342,0.2687801516195727
金昌,2008,18,18,0.9444444444444444,0.9444444444444444,0.0,0.0,0.0,0.0,0.05555555555555555,0.05555555555555555,0.0,0.0,0.0,0.0,0.0,0.0
金昌,2009,43,43,0.37209302325581395,0.37209302325581395,0.0,0.0,0.0,0.0,0.627906976744186,0.627906976744186,0.0,0.0,0.0,0.0,0.0,0.0
金昌,2010,54,54,0.8888888888888888,0.8888888888888888,0.0,0.0,0.0,0.0,0.1111111111111111,0.1111111111111111,0.0,0.0,0.0,0.0,0.0,0.0
金昌,2011,57,57,0.9122807017543859,0.9122807017543859,0.0,0.0,0.0,0.0,0.08771929824561403,0.08771929824561403,0.0,0.0,0.0,0.0,0.0,0.0
金昌,2012,83,83,0.963855421686747,0.963855421686747,0.0,0.0,0.0,0.0,0.03614457831325301,0.03614457831325301,0.0,0.0,0.0,0.0,0.0,0.0
金昌,2013,120,120,0.9333333333333333,0.9333333333333333,0.0,0.0,0.0,0.0,0.06666666666666667,0.06666666666666667,0.0,0.0,0.0,0.0,0.0,0.0
金昌,2014,209,209,0.9138755980861244,0.9138755980861244,0.0,0.0,0.0,0.0,0.08133971291866028,0.08133971291866028,0.0,0.0,0.0,0.0,0.004784688995215311,0.004784688995215311
金昌,2015,149,149,0.8053691275167785,0.8053691275167785,0.0,0.0,0.0,0.0,0.18791946308724833,0.18791946308724833,0.0,0.0,0.0,0.0,0.006711409395973154,0.006711409395973154
金昌,2016,145,142,0.903448275862069,0.9225352112676056,0.0,0.0,0.0,0.0,0.06896551724137931,0.07042253521126761,0.006896551724137931,0.007042253521126761,0.0,0.0,0.0,0.0
金昌,2017,189,188,0.9153439153439153,0.9202127659574468,0.0,0.0,0.0,0.0,0.042328042328042326,0.0425531914893617,0.0,0.0,0.0,0.0,0.037037037037037035,0.03723404255319149
金昌,2018,196,184,0.7806122448979592,0.8315217391304348,0.0,0.0,0.0,0.0,0.12244897959183673,0.13043478260869565,0.0,0.0,0.01020408163265306,0.010869565217391304,0.025510204081632654,0.02717391304347826
金昌,2019,204,198,0.9117647058823529,0.9393939393939394,0.0,0.0,0.0,0.0,0.03431372549019608,0.03535353535353535,0.0,0.0,0.0,0.0,0.024509803921568627,0.025252525252525252
金昌,2020,235,222,0.8638297872340426,0.9144144144144144,0.0,0.0,0.0,0.0,0.07234042553191489,0.07657657657657657,0.0,0.0,0.0,0.0,0.00851063829787234,0.009009009009009009
金昌,2021,372,343,0.8118279569892473,0.880466472303207,0.0,0.0,0.0,0.0,0.08333333333333333,0.09037900874635568,0.0,0.0,0.0,0.0,0.026881720430107527,0.029154518950437316
金昌,2022,403,371,0.9007444168734491,0.9784366576819407,0.0,0.0,0.0,0.0,0.019851116625310174,0.0215633423180593,0.0,0.0,0.0,0.0,0.0,0.0
金昌,2023,361,319,0.8642659279778393,0.9780564263322884,0.0,0.0,0.0,0.0,0.019390581717451522,0.0219435736677116,0.0,0.0,0.0,0.0,0.0,0.0
钦州,2008,18,18,0.2222222222222222,0.2222222222222222,0.0,0.0,0.0,0.0,0.7777777777777778,0.7777777777777778,0.0,0.0,0.0,0.0,0.0,0.0
钦州,2009,12,12,0.25,0.25,0.0,0.0,0.0,0.0,0.6666666666666666,0.6666666666666666,0.0,0.0,0.08333333333333333,0.08333333333333333,0.0,0.0
钦州,2010,34,34,0.5588235294117647,0.5588235294117647,0.0,0.0,0.0,0.0,0.4117647058823529,0.4117647058823529,0.0,0.0,0.0,0.0,0.029411764705882353,0.029411764705882353
钦州,2011,34,32,0.5588235294117647,0.59375,0.0,0.0,0.0,0.0,0.3235294117647059,0.34375,0.029411764705882353,0.03125,0.0,0.0,0.029411764705882353,0.03125
钦州,2012,134,91,0.373134328358209,0.5494505494505495,0.0,0.0,0.0,0.0,0.19402985074626866,0.2857142857142857,0.022388059701492536,0.03296703296703297,0.05970149253731343,0.08791208791208792,0.029850746268656716,0.04395604395604396
钦州,2013,360,198,0.2861111111111111,0.5202020202020202,0.0,0.0,0.0,0.0,0.18888888888888888,0.3434343434343434,0.016666666666666666,0.030303030303030304,0.0,0.0,0.058333333333333334,0.10606060606060606
钦州,2014,814,411,0.2714987714987715,0.537712895377129,0.0,0.0,0.0,0.0,0.18796068796068796,0.3722627737226277,0.0,0.0,0.0,0.0,0.045454545454545456,0.09002433090024331
钦州,2015,609,283,0.3284072249589491,0.7067137809187279,0.0,0.0,0.0,0.0,0.041050903119868636,0.08833922261484099,0.03284072249589491,0.0706713780918728,0.0,0.0,0.06239737274220033,0.13427561837455831
钦州,2016,1516,1023,0.21767810026385223,0.3225806451612903,0.0,0.0,0.0,0.0,0.015171503957783642,0.022482893450635387,0.20448548812664907,0.30303030303030304,0.04617414248021108,0.06842619745845552,0.19129287598944592,0.28347996089931576
钦州,2017,1079,673,0.22520852641334568,0.3610698365527489,0.0,0.0,0.0,0.0,0.04541241890639481,0.07280832095096583,0.011121408711770158,0.017830609212481426,0.015755329008341055,0.02526002971768202,0.3262279888785913,0.5230312035661219
钦州,2018,589,446,0.11375212224108659,0.15022421524663676,0.0,0.0,0.0,0.0,0.0933786078098472,0.12331838565022421,0.030560271646859084,0.04035874439461883,0.0,0.0,0.5195246179966044,0.6860986547085202
钦州,2019,290,207,0.2655172413793103,0.3719806763285024,0.0,0.0,0.0,0.0,0.034482758620689655,0.04830917874396135,0.0,0.0,0.010344827586206896,0.014492753623188406,0.40344827586206894,0.5652173913043478
钦州,2020,339,180,0.22123893805309736,0.4166666666666667,0.0,0.0,0.0,0.0,0.08849557522123894,0.16666666666666666,0.0,0.0,0.0,0.0,0.22123893805309736,0.4166666666666667
钦州,2021,423,278,0.35224586288416077,0.5359712230215827,0.0,0.0,0.0,0.0,0.0591016548463357,0.08992805755395683,0.0,0.0,0.0,0.0,0.2458628841607565,0.37410071942446044
钦州,2022,397,279,0.40554156171284633,0.5770609318996416,0.0,0.0,0.0,0.0,0.0654911838790932,0.0931899641577061,0.0,0.0,0.0,0.0,0.23173803526448364,0.32974910394265233
钦州,2023,378,268,0.46296296296296297,0.6529850746268657,0.0,0.0,0.0,0.0,0.010582010582010581,0.014925373134328358,0.0,0.0,0.0,0.0,0.23544973544973544,0.332089552238806
铁岭,2008,97,58,0.14432989690721648,0.2413793103448276,0.0,0.0,0.0,0.0,0.4536082474226804,0.7586206896551724,0.0,0.0,0.0,0.0,0.0,0.0
铁岭,2009,126,67,0.2777777777777778,0.5223880597014925,0.0,0.0,0.0,0.0,0.25396825396825395,0.47761194029850745,0.0,0.0,0.0,0.0,0.0,0.0
铁岭,2010,96,50,0.2708333333333333,0.52,0.0,0.0,0.0,0.0,0.22916666666666666,0.44,0.0,0.0,0.020833333333333332,0.04,0.0,0.0
铁岭,2011,111,50,0.21621621621621623,0.48,0.0,0.0,0.0,0.0,0.1981981981981982,0.44,0.018018018018018018,0.04,0.018018018018018018,0.04,0.0,0.0
铁岭,2012,141,76,0.524822695035461,0.9736842105263158,0.0,0.0,0.0,0.0,0.014184397163120567,0.02631578947368421,0.0,0.0,0.0,0.0,0.0,0.0
铁岭,2013,232,102,0.3793103448275862,0.8627450980392157,0.0,0.0,0.0,0.0,0.0603448275862069,0.13725490196078433,0.0,0.0,0.0,0.0,0.0,0.0
铁岭,2014,153,77,0.24183006535947713,0.4805194805194805,0.0,0.0,0.0,0.0,0.22875816993464052,0.45454545454545453,0.0,0.0,0.032679738562091505,0.06493506493506493,0.0,0.0
铁岭,2015,159,88,0.3018867924528302,0.5454545454545454,0.0,0.0,0.0,0.0,0.25157232704402516,0.45454545454545453,0.0,0.0,0.0,0.0,0.0,0.0
铁岭,2016,156,90,0.2564102564102564,0.4444444444444444,0.0,0.0,0.0,0.0,0.32051282051282054,0.5555555555555556,0.0,0.0,0.0,0.0,0.0,0.0
铁岭,2017,154,88,0.3051948051948052,0.5340909090909091,0.0,0.0,0.0,0.0,0.2662337662337662,0.4659090909090909,0.0,0.0,0.0,0.0,0.0,0.0
铁岭,2018,186,99,0.3817204301075269,0.7171717171717171,0.0,0.0,0.0,0.0,0.15053763440860216,0.2828282828282828,0.0,0.0,0.0,0.0,0.0,0.0
铁岭,2019,131,71,0.4351145038167939,0.8028169014084507,0.0,0.0,0.0,0.0,0.10687022900763359,0.19718309859154928,0.0,0.0,0.0,0.0,0.0,0.0
铁岭,2020,234,130,0.2948717948717949,0.5307692307692308,0.0,0.0,0.0,0.0,0.2606837606837607,0.46923076923076923,0.0,0.0,0.0,0.0,0.0,0.0
铁岭,2021,232,124,0.4525862068965517,0.8467741935483871,0.0,0.0,0.0,0.0,0.08189655172413793,0.1532258064516129,0.0,0.0,0.0,0.0,0.0,0.0
铁岭,2022,139,80,0.460431654676259,0.8,0.0,0.0,0.0,0.0,0.11510791366906475,0.2,0.0,0.0,0.0,0.0,0.0,0.0
铁岭,2023,135,75,0.5259259259259259,0.9466666666666667,0.0,0.0,0.0,0.0,0.02962962962962963,0.05333333333333334,0.0,0.0,0.0,0.0,0.0,0.0
铁门关,2016,1,1,0.0,0.0,0.0,0.0,0.0,0.0,0.0,0.0,0.0,0.0,1.0,1.0,0.0,0.0
铁门关,2018,1,1,0.0,0.0,0.0,0.0,0.0,0.0,1.0,1.0,0.0,0.0,0.0,0.0,0.0,0.0
铁门关,2020,2,2,1.0,1.0,0.0,0.0,0.0,0.0,0.0,0.0,0.0,0.0,0.0,0.0,0.0,0.0
铁门关,2021,3,3,0.6666666666666666,0.6666666666666666,0.0,0.0,0.0,0.0,0.3333333333333333,0.3333333333333333,0.0,0.0,0.0,0.0,0.0,0.0
铁门关,2022,35,35,0.9142857142857143,0.9142857142857143,0.0,0.0,0.0,0.0,0.02857142857142857,0.02857142857142857,0.02857142857142857,0.02857142857142857,0.02857142857142857,0.02857142857142857,0.0,0.0
铁门关,2023,16,16,0.75,0.75,0.0,0.0,0.0,0.0,0.0625,0.0625,0.0,0.0,0.125,0.125,0.0625,0.0625
铜仁,2008,7,7,0.42857142857142855,0.42857142857142855,0.0,0.0,0.0,0.0,0.5714285714285714,0.5714285714285714,0.0,0.0,0.0,0.0,0.0,0.0
铜仁,2009,12,12,0.16666666666666666,0.16666666666666666,0.0,0.0,0.0,0.0,0.8333333333333334,0.8333333333333334,0.0,0.0,0.0,0.0,0.0,0.0
铜仁,2010,17,17,0.5882352941176471,0.5882352941176471,0.0,0.0,0.0,0.0,0.35294117647058826,0.35294117647058826,0.0,0.0,0.0,0.0,0.058823529411764705,0.058823529411764705
铜仁,2011,73,57,0.4383561643835616,0.5614035087719298,0.0,0.0,0.0,0.0,0.3424657534246575,0.43859649122807015,0.0,0.0,0.0,0.0,0.0,0.0
铜仁,2012,35,31,0.4857142857142857,0.5483870967741935,0.0,0.0,0.0,0.0,0.3142857142857143,0.3548387096774194,0.08571428571428572,0.0967741935483871,0.0,0.0,0.0,0.0
铜仁,2013,102,79,0.5490196078431373,0.7088607594936709,0.0,0.0,0.0,0.0,0.0784313725490196,0.10126582278481013,0.08823529411764706,0.11392405063291139,0.0,0.0,0.058823529411764705,0.0759493670886076
铜仁,2014,260,164,0.5192307692307693,0.823170731707317,0.0,0.0,0.0,0.0,0.026923076923076925,0.042682926829268296,0.0,0.0,0.0,0.0,0.08461538461538462,0.13414634146341464
铜仁,2015,251,186,0.545816733067729,0.7365591397849462,0.0,0.0,0.0,0.0,0.05976095617529881,0.08064516129032258,0.02390438247011952,0.03225806451612903,0.0,0.0,0.11155378486055777,0.15053763440860216
铜仁,2016,637,286,0.2794348508634223,0.6223776223776224,0.0,0.0,0.0,0.0,0.03453689167974882,0.07692307692307693,0.04866562009419152,0.10839160839160839,0.0,0.0,0.08634222919937205,0.19230769230769232
铜仁,2017,792,287,0.29419191919191917,0.8118466898954704,0.0,0.0,0.0,0.0,0.0,0.0,0.02904040404040404,0.08013937282229965,0.0,0.0,0.039141414141414144,0.10801393728222997
铜仁,2018,772,344,0.3121761658031088,0.7005813953488372,0.0,0.0,0.0,0.0,0.0,0.0,0.0,0.0,0.0,0.0,0.133419689119171,0.29941860465116277
铜仁,2019,378,253,0.21957671957671956,0.32806324110671936,0.0,0.0,0.0,0.0,0.04497354497354497,0.06719367588932806,0.0,0.0,0.0,0.0,0.40476190476190477,0.6047430830039525
铜仁,2020,382,202,0.1806282722513089,0.3415841584158416,0.0,0.0,0.013089005235602094,0.024752475247524754,0.07591623036649214,0.14356435643564355,0.0,0.0,0.0,0.0,0.2591623036649215,0.4900990099009901
铜仁,2021,436,174,0.19724770642201836,0.4942528735632184,0.0,0.0,0.0,0.0,0.04357798165137615,0.10919540229885058,0.0,0.0,0.0,0.0,0.15825688073394495,0.39655172413793105
铜仁,2022,372,217,0.3118279569892473,0.5345622119815668,0.008064516129032258,0.013824884792626729,0.0,0.0,0.005376344086021506,0.009216589861751152,0.010752688172043012,0.018433179723502304,0.008064516129032258,0.013824884792626729,0.239247311827957,0.41013824884792627
铜仁,2023,318,202,0.3490566037735849,0.5495049504950495,0.009433962264150943,0.01485148514851485,0.009433962264150943,0.01485148514851485,0.0,0.0,0.012578616352201259,0.019801980198019802,0.0,0.0,0.25471698113207547,0.400990099009901
铜川,2008,5,5,0.2,0.2,0.0,0.0,0.0,0.0,0.6,0.6,0.2,0.2,0.0,0.0,0.0,0.0
铜川,2009,10,10,0.3,0.3,0.0,0.0,0.0,0.0,0.6,0.6,0.1,0.1,0.0,0.0,0.0,0.0
铜川,2010,8,8,0.375,0.375,0.0,0.0,0.0,0.0,0.375,0.375,0.25,0.25,0.0,0.0,0.0,0.0
铜川,2011,13,13,0.3076923076923077,0.3076923076923077,0.0,0.0,0.0,0.0,0.5384615384615384,0.5384615384615384,0.15384615384615385,0.15384615384615385,0.0,0.0,0.0,0.0
铜川,2012,9,9,0.1111111111111111,0.1111111111111111,0.0,0.0,0.0,0.0,0.5555555555555556,0.5555555555555556,0.3333333333333333,0.3333333333333333,0.0,0.0,0.0,0.0
铜川,2013,18,18,0.4444444444444444,0.4444444444444444,0.0,0.0,0.0,0.0,0.3333333333333333,0.3333333333333333,0.0,0.0,0.0,0.0,0.2222222222222222,0.2222222222222222
铜川,2014,14,14,0.42857142857142855,0.42857142857142855,0.0,0.0,0.0,0.0,0.42857142857142855,0.42857142857142855,0.0,0.0,0.07142857142857142,0.07142857142857142,0.07142857142857142,0.07142857142857142
铜川,2015,19,19,0.5789473684210527,0.5789473684210527,0.0,0.0,0.0,0.0,0.42105263157894735,0.42105263157894735,0.0,0.0,0.0,0.0,0.0,0.0
铜川,2016,25,25,0.4,0.4,0.0,0.0,0.08,0.08,0.52,0.52,0.0,0.0,0.0,0.0,0.0,0.0
铜川,2017,42,40,0.2857142857142857,0.3,0.0,0.0,0.0,0.0,0.6666666666666666,0.7,0.0,0.0,0.0,0.0,0.0,0.0
铜川,2018,73,63,0.2328767123287671,0.2698412698412698,0.0,0.0,0.0,0.0,0.6301369863013698,0.7301587301587301,0.0,0.0,0.0,0.0,0.0,0.0
铜川,2019,66,50,0.6363636363636364,0.84,0.0,0.0,0.0,0.0,0.09090909090909091,0.12,0.030303030303030304,0.04,0.0,0.0,0.0,0.0
铜川,2020,72,47,0.4444444444444444,0.6808510638297872,0.0,0.0,0.0,0.0,0.16666666666666666,0.2553191489361702,0.027777777777777776,0.0425531914893617,0.0,0.0,0.013888888888888888,0.02127659574468085
铜川,2021,148,114,0.668918918918919,0.868421052631579,0.0,0.0,0.02027027027027027,0.02631578947368421,0.08108108108108109,0.10526315789473684,0.0,0.0,0.0,0.0,0.0,0.0
铜川,2022,196,142,0.6224489795918368,0.8591549295774648,0.0,0.0,0.02040816326530612,0.028169014084507043,0.08163265306122448,0.11267605633802817,0.0,0.0,0.0,0.0,0.0,0.0
铜川,2023,190,143,0.7105263157894737,0.9440559440559441,0.0,0.0,0.02631578947368421,0.03496503496503497,0.0,0.0,0.015789473684210527,0.02097902097902098,0.0,0.0,0.0,0.0
铜陵,2008,46,36,0.5652173913043478,0.7222222222222222,0.0,0.0,0.0,0.0,0.21739130434782608,0.2777777777777778,0.0,0.0,0.0,0.0,0.0,0.0
铜陵,2009,146,70,0.3904109589041096,0.8142857142857143,0.0,0.0,0.0,0.0,0.08904109589041095,0.18571428571428572,0.0,0.0,0.0,0.0,0.0,0.0
铜陵,2010,234,130,0.5555555555555556,1.0,0.0,0.0,0.0,0.0,0.0,0.0,0.0,0.0,0.0,0.0,0.0,0.0
铜陵,2011,361,155,0.41274238227146814,0.9612903225806452,0.0,0.0,0.0,0.0,0.01662049861495845,0.03870967741935484,0.0,0.0,0.0,0.0,0.0,0.0
铜陵,2012,613,339,0.5530179445350734,1.0,0.0,0.0,0.0,0.0,0.0,0.0,0.0,0.0,0.0,0.0,0.0,0.0
铜陵,2013,1490,862,0.5785234899328859,1.0,0.0,0.0,0.0,0.0,0.0,0.0,0.0,0.0,0.0,0.0,0.0,0.0
铜陵,2014,1135,690,0.573568281938326,0.9434782608695652,0.0,0.0,0.0,0.0,0.03436123348017621,0.05652173913043478,0.0,0.0,0.0,0.0,0.0,0.0
铜陵,2015,1599,845,0.4959349593495935,0.9384615384615385,0.0,0.0,0.0,0.0,0.0,0.0,0.0,0.0,0.0,0.0,0.032520325203252036,0.06153846153846154
铜陵,2016,1894,859,0.4535374868004224,1.0,0.0,0.0,0.0,0.0,0.0,0.0,0.0,0.0,0.0,0.0,0.0,0.0
铜陵,2017,1269,491,0.3727344365642238,0.9633401221995926,0.0,0.0,0.0,0.0,0.014184397163120567,0.03665987780040733,0.0,0.0,0.0,0.0,0.0,0.0
铜陵,2018,1447,548,0.308914996544575,0.8156934306569343,0.0,0.0,0.0,0.0,0.038700760193503804,0.10218978102189781,0.031098825155494125,0.08211678832116788,0.0,0.0,0.0,0.0
铜陵,2019,906,327,0.2814569536423841,0.7798165137614679,0.0,0.0,0.0,0.0,0.0673289183222958,0.18654434250764526,0.0,0.0,0.0,0.0,0.012141280353200883,0.03363914373088685
铜陵,2020,1038,284,0.24855491329479767,0.9084507042253521,0.0,0.0,0.0,0.0,0.008670520231213872,0.03169014084507042,0.0,0.0,0.0,0.0,0.016377649325626204,0.05985915492957746
铜陵,2021,923,303,0.31094257854821233,0.9471947194719472,0.0,0.0,0.0,0.0,0.0,0.0,0.0,0.0,0.0,0.0,0.01733477789815818,0.052805280528052806
铜陵,2022,978,335,0.2955010224948875,0.8626865671641791,0.0,0.0,0.0,0.0,0.0,0.0,0.0,0.0,0.009202453987730062,0.026865671641791045,0.03783231083844581,0.11044776119402985
铜陵,2023,1171,440,0.27924850555081127,0.7431818181818182,0.0,0.0,0.0,0.0,0.0,0.0,0.014517506404782237,0.038636363636363635,0.04013663535439795,0.10681818181818181,0.04184457728437233,0.11136363636363636
银川,2008,104,62,0.22115384615384615,0.3709677419354839,0.0,0.0,0.0,0.0,0.18269230769230768,0.3064516129032258,0.019230769230769232,0.03225806451612903,0.07692307692307693,0.12903225806451613,0.09615384615384616,0.16129032258064516
银川,2009,129,69,0.2558139534883721,0.4782608695652174,0.0,0.0,0.0,0.0,0.08527131782945736,0.15942028985507245,0.0,0.0,0.06201550387596899,0.11594202898550725,0.13178294573643412,0.2463768115942029
银川,2010,178,96,0.19101123595505617,0.3541666666666667,0.0,0.0,0.0,0.0,0.07865168539325842,0.14583333333333334,0.011235955056179775,0.020833333333333332,0.0898876404494382,0.16666666666666666,0.16853932584269662,0.3125
银川,2011,238,126,0.226890756302521,0.42857142857142855,0.0,0.0,0.0,0.0,0.06302521008403361,0.11904761904761904,0.01680672268907563,0.031746031746031744,0.06302521008403361,0.11904761904761904,0.15966386554621848,0.30158730158730157
银川,2012,457,265,0.39606126914660833,0.6830188679245283,0.0,0.0,0.0,0.0,0.0,0.0,0.0,0.0,0.06345733041575492,0.10943396226415095,0.12035010940919037,0.20754716981132076
银川,2013,1381,1025,0.6850108616944244,0.9229268292682927,0.0,0.0,0.0,0.0,0.0,0.0,0.0,0.0,0.013758146270818247,0.018536585365853658,0.04344677769732078,0.05853658536585366
银川,2014,1068,745,0.6104868913857678,0.8751677852348994,0.0,0.0,0.0,0.0,0.0,0.0,0.0,0.0,0.009363295880149813,0.013422818791946308,0.07771535580524344,0.11140939597315436
银川,2015,1301,918,0.5734050730207533,0.8126361655773421,0.0,0.0,0.0,0.0,0.0,0.0,0.0,0.0,0.02382782475019216,0.03376906318082789,0.1083781706379708,0.15359477124183007
银川,2016,1346,785,0.4323922734026746,0.7414012738853503,0.0,0.0,0.0,0.0,0.0,0.0,0.0,0.0,0.015601783060921248,0.0267515923566879,0.1352154531946508,0.2318471337579618
银川,2017,1586,750,0.27112232030264816,0.5733333333333334,0.0,0.0,0.007566204287515763,0.016,0.0,0.0,0.0,0.0,0.017654476670870115,0.037333333333333336,0.17654476670870115,0.37333333333333335
银川,2018,2086,948,0.21907957813998083,0.4820675105485232,0.0,0.0,0.01102588686481304,0.024261603375527425,0.0,0.0,0.0,0.0,0.009108341323106424,0.020042194092827006,0.2152444870565676,0.47362869198312235
银川,2019,1923,928,0.2251690067602704,0.4665948275862069,0.0,0.0,0.010400416016640665,0.021551724137931036,0.0,0.0,0.0,0.0,0.04940197607904316,0.10237068965517242,0.19760790431617264,0.40948275862068967
银川,2020,2244,1090,0.25445632798573975,0.5238532110091743,0.0,0.0,0.0106951871657754,0.022018348623853212,0.0,0.0,0.0,0.0,0.03163992869875223,0.06513761467889909,0.1889483065953654,0.3889908256880734
银川,2021,2445,1081,0.2588957055214724,0.5855689176688251,0.0,0.0,0.014314928425357873,0.032377428307123035,0.0,0.0,0.0,0.0,0.023312883435582823,0.05272895467160037,0.1456032719836401,0.32932469935245146
银川,2022,2727,1276,0.25595892922625596,0.5470219435736677,0.0,0.0,0.015401540154015401,0.032915360501567396,0.0,0.0,0.0,0.0,0.02346901356802347,0.050156739811912224,0.17308397506417308,0.36990595611285265
银川,2023,3160,1654,0.27151898734177216,0.5187424425634825,0.0,0.0,0.009810126582278481,0.018742442563482467,0.0,0.0,0.0,0.0,0.03069620253164557,0.058645707376058044,0.21139240506329113,0.40386940749697703
锡林郭勒,2017,2,2,0.5,0.5,0.0,0.0,0.0,0.0,0.5,0.5,0.0,0.0,0.0,0.0,0.0,0.0
锡林郭勒,2018,6,6,0.5,0.5,0.0,0.0,0.0,0.0,0.5,0.5,0.0,0.0,0.0,0.0,0.0,0.0
锡林郭勒,2019,4,4,0.75,0.75,0.0,0.0,0.0,0.0,0.25,0.25,0.0,0.0,0.0,0.0,0.0,0.0
锡林郭勒,2020,9,9,0.6666666666666666,0.6666666666666666,0.0,0.0,0.0,0.0,0.3333333333333333,0.3333333333333333,0.0,0.0,0.0,0.0,0.0,0.0
锡林郭勒,2021,16,16,1.0,1.0,0.0,0.0,0.0,0.0,0.0,0.0,0.0,0.0,0.0,0.0,0.0,0.0
锡林郭勒,2022,29,29,0.8620689655172413,0.8620689655172413,0.0,0.0,0.0,0.0,0.06896551724137931,0.06896551724137931,0.0,0.0,0.0,0.0,0.06896551724137931,0.06896551724137931
锡林郭勒,2023,94,75,0.7978723404255319,1.0,0.0,0.0,0.0,0.0,0.0,0.0,0.0,0.0,0.0,0.0,0.0,0.0
锡林郭勒盟,2008,3,3,0.0,0.0,0.0,0.0,0.0,0.0,1.0,1.0,0.0,0.0,0.0,0.0,0.0,0.0
锡林郭勒盟,2009,9,9,0.1111111111111111,0.1111111111111111,0.0,0.0,0.0,0.0,0.8888888888888888,0.8888888888888888,0.0,0.0,0.0,0.0,0.0,0.0
锡林郭勒盟,2010,7,7,0.14285714285714285,0.14285714285714285,0.0,0.0,0.0,0.0,0.8571428571428571,0.8571428571428571,0.0,0.0,0.0,0.0,0.0,0.0
锡林郭勒盟,2011,14,14,0.2857142857142857,0.2857142857142857,0.0,0.0,0.0,0.0,0.7142857142857143,0.7142857142857143,0.0,0.0,0.0,0.0,0.0,0.0
锡林郭勒盟,2012,16,16,0.5625,0.5625,0.0,0.0,0.0,0.0,0.375,0.375,0.0625,0.0625,0.0,0.0,0.0,0.0
锡林郭勒盟,2013,14,14,0.5714285714285714,0.5714285714285714,0.0,0.0,0.0,0.0,0.35714285714285715,0.35714285714285715,0.07142857142857142,0.07142857142857142,0.0,0.0,0.0,0.0
锡林郭勒盟,2014,20,20,0.4,0.4,0.0,0.0,0.0,0.0,0.45,0.45,0.15,0.15,0.0,0.0,0.0,0.0
锡林郭勒盟,2015,10,10,0.4,0.4,0.0,0.0,0.0,0.0,0.5,0.5,0.1,0.1,0.0,0.0,0.0,0.0
锡林郭勒盟,2016,46,34,0.5,0.6764705882352942,0.0,0.0,0.021739130434782608,0.029411764705882353,0.1956521739130435,0.2647058823529412,0.021739130434782608,0.029411764705882353,0.0,0.0,0.0,0.0
锡林郭勒盟,2017,44,37,0.4090909090909091,0.4864864864864865,0.0,0.0,0.0,0.0,0.29545454545454547,0.35135135135135137,0.022727272727272728,0.02702702702702703,0.0,0.0,0.11363636363636363,0.13513513513513514
锡林郭勒盟,2018,59,43,0.22033898305084745,0.3023255813953488,0.0,0.0,0.0,0.0,0.2542372881355932,0.3488372093023256,0.1016949152542373,0.13953488372093023,0.0,0.0,0.15254237288135594,0.20930232558139536
锡林郭勒盟,2019,109,81,0.30275229357798167,0.4074074074074074,0.0,0.0,0.03669724770642202,0.04938271604938271,0.3211009174311927,0.43209876543209874,0.0,0.0,0.0,0.0,0.08256880733944955,0.1111111111111111
锡林郭勒盟,2020,102,58,0.4019607843137255,0.7068965517241379,0.0,0.0,0.0,0.0,0.08823529411764706,0.15517241379310345,0.029411764705882353,0.05172413793103448,0.0,0.0,0.049019607843137254,0.08620689655172414
锡林郭勒盟,2021,144,80,0.2708333333333333,0.4875,0.0,0.0,0.020833333333333332,0.0375,0.2222222222222222,0.4,0.0,0.0,0.0,0.0,0.041666666666666664,0.075
锡林郭勒盟,2022,138,92,0.4855072463768116,0.7282608695652174,0.0,0.0,0.0,0.0,0.06521739130434782,0.09782608695652174,0.014492753623188406,0.021739130434782608,0.0,0.0,0.10144927536231885,0.15217391304347827
锡林郭勒盟,2023,170,129,0.6823529411764706,0.8992248062015504,0.0,0.0,0.0,0.0,0.0,0.0,0.0,0.0,0.0,0.0,0.07647058823529412,0.10077519379844961
锦州,2008,137,74,0.30656934306569344,0.5675675675675675,0.0,0.0,0.0,0.0,0.145985401459854,0.2702702702702703,0.0,0.0,0.0,0.0,0.08759124087591241,0.16216216216216217
锦州,2009,132,61,0.17424242424242425,0.3770491803278688,0.0,0.0,0.0,0.0,0.1590909090909091,0.3442622950819672,0.0,0.0,0.0,0.0,0.12878787878787878,0.2786885245901639
锦州,2010,96,57,0.375,0.631578947368421,0.0,0.0,0.0,0.0,0.052083333333333336,0.08771929824561403,0.0,0.0,0.03125,0.05263157894736842,0.13541666666666666,0.22807017543859648
锦州,2011,139,92,0.3237410071942446,0.4891304347826087,0.0,0.0,0.0,0.0,0.09352517985611511,0.14130434782608695,0.0,0.0,0.014388489208633094,0.021739130434782608,0.2302158273381295,0.34782608695652173
锦州,2012,186,137,0.3709677419354839,0.5036496350364964,0.0,0.0,0.0,0.0,0.0,0.0,0.0,0.0,0.010752688172043012,0.014598540145985401,0.3548387096774194,0.48175182481751827
锦州,2013,294,189,0.19387755102040816,0.30158730158730157,0.0,0.0,0.0,0.0,0.047619047619047616,0.07407407407407407,0.0,0.0,0.0,0.0,0.4013605442176871,0.6243386243386243
锦州,2014,423,282,0.15602836879432624,0.23404255319148937,0.0,0.0,0.0,0.0,0.07328605200945626,0.1099290780141844,0.0,0.0,0.0,0.0,0.4373522458628842,0.6560283687943262
锦州,2015,383,296,0.13315926892950392,0.17229729729729729,0.0,0.0,0.007832898172323759,0.010135135135135136,0.06266318537859007,0.08108108108108109,0.0,0.0,0.0,0.0,0.5691906005221932,0.7364864864864865
锦州,2016,570,404,0.11228070175438597,0.15841584158415842,0.0,0.0,0.0,0.0,0.10175438596491228,0.14356435643564355,0.0,0.0,0.0,0.0,0.49473684210526314,0.698019801980198
锦州,2017,473,307,0.10782241014799154,0.16612377850162866,0.0,0.0,0.0,0.0,0.11205073995771671,0.17263843648208468,0.0,0.0,0.0,0.0,0.42917547568710357,0.6612377850162866
锦州,2018,597,389,0.10552763819095477,0.16195372750642673,0.0,0.0,0.010050251256281407,0.015424164524421594,0.05527638190954774,0.08483290488431877,0.0,0.0,0.0,0.0,0.4807370184254606,0.7377892030848329
锦州,2019,450,341,0.18666666666666668,0.24633431085043989,0.0,0.0,0.0,0.0,0.06444444444444444,0.08504398826979472,0.0,0.0,0.006666666666666667,0.008797653958944282,0.5,0.6598240469208211
锦州,2020,494,295,0.22469635627530365,0.376271186440678,0.0,0.0,0.0,0.0,0.058704453441295545,0.09830508474576272,0.0,0.0,0.0,0.0,0.31376518218623484,0.5254237288135594
锦州,2021,527,333,0.24667931688804554,0.39039039039039036,0.0,0.0,0.018975332068311195,0.03003003003003003,0.03984819734345351,0.06306306306306306,0.0,0.0,0.0,0.0,0.32637571157495254,0.5165165165165165
锦州,2022,425,293,0.20705882352941177,0.3003412969283277,0.0,0.0,0.021176470588235293,0.030716723549488054,0.03764705882352941,0.05460750853242321,0.0,0.0,0.0,0.0,0.4235294117647059,0.6143344709897611
锦州,2023,576,436,0.203125,0.268348623853211,0.0,0.0,0.020833333333333332,0.027522935779816515,0.006944444444444444,0.009174311926605505,0.0,0.0,0.0,0.0,0.5260416666666666,0.694954128440367
镇江,2008,979,505,0.12461695607763024,0.24158415841584158,0.0,0.0,0.0,0.0,0.03983656792645557,0.07722772277227723,0.0,0.0,0.010214504596527068,0.019801980198019802,0.3411644535240041,0.6613861386138614
镇江,2009,1263,592,0.1377672209026128,0.2939189189189189,0.0,0.0,0.0,0.0,0.023752969121140142,0.05067567567567568,0.0,0.0,0.009501187648456057,0.02027027027027027,0.2977038796516231,0.6351351351351351
镇江,2010,1754,790,0.13568985176738882,0.3012658227848101,0.0,0.0,0.0,0.0,0.00855188141391106,0.0189873417721519,0.006271379703534778,0.013924050632911392,0.00855188141391106,0.0189873417721519,0.2913340935005701,0.6468354430379747
镇江,2011,2694,992,0.12806236080178174,0.3477822580645161,0.0,0.0,0.0,0.0,0.0,0.0,0.005939123979213066,0.016129032258064516,0.0,0.0,0.2342242019302153,0.6360887096774194
镇江,2012,4604,1755,0.10490877497827976,0.27521367521367524,0.0,0.0,0.0,0.0,0.0,0.0,0.005212858384013901,0.013675213675213675,0.007819287576020852,0.020512820512820513,0.263249348392702,0.6905982905982906
镇江,2013,8527,2822,0.06520464407177202,0.19702338766832034,0.0,0.0,0.0,0.0,0.0035182361909229507,0.010630758327427357,0.011962003049138033,0.03614457831325301,0.007857394159727924,0.02374202693125443,0.2424064735545913,0.7324592487597449
镇江,2014,7663,2101,0.07829831658619339,0.28557829604950025,0.0,0.0,0.0,0.0,0.0,0.0,0.008351820435860628,0.03046168491194669,0.0,0.0,0.18752446822393318,0.6839600190385531
镇江,2015,8312,2315,0.06340230991337825,0.22764578833693305,0.0,0.0,0.0,0.0,0.0,0.0,0.00541385948026949,0.019438444924406047,0.0040904716073147255,0.01468682505399568,0.2056063522617902,0.7382289416846652
镇江,2016,10841,3375,0.08347938382068075,0.26814814814814814,0.0,0.0,0.0,0.0,0.0,0.0,0.006825938566552901,0.021925925925925925,0.0,0.0,0.22101282169541556,0.709925925925926
镇江,2017,14902,3372,0.06536035431485707,0.2888493475682088,0.0,0.0,0.0,0.0,0.0,0.0,0.003959200107368138,0.01749703440094899,0.0,0.0,0.15695879747684874,0.6936536180308422
镇江,2018,11419,3442,0.059549873018653124,0.19755955839628123,0.0,0.0,0.0,0.0,0.0,0.0,0.006130133987214292,0.02033701336432307,0.0033277870216306157,0.011040092969203951,0.23241965145809615,0.7710633352701918
镇江,2019,7746,3499,0.0595145881745417,0.13175192912260647,0.0,0.0,0.0024528789052414147,0.0054301228922549296,0.0,0.0,0.012135295636457526,0.026864818519577022,0.003356571133488252,0.007430694484138326,0.3742576813839401,0.8285224349814233
镇江,2020,8296,3559,0.05448408871745419,0.12700196684461929,0.0,0.0,0.0,0.0,0.0078351012536162,0.01826355717898286,0.014585342333654773,0.03399831413318348,0.00662970106075217,0.015453779151447036,0.34546769527483123,0.8052823826917673
镇江,2021,8679,4073,0.05046664362253716,0.1075374416891726,0.0,0.0,0.0035718400737412143,0.007611097471151486,0.0,0.0,0.0029957368360410187,0.006383501104836729,0.0025348542458808617,0.005401424011784925,0.4097246226523793,0.8730665357230543
镇江,2022,8281,4070,0.0480618282816085,0.0977886977886978,0.0,0.0,0.003622750875498128,0.007371007371007371,0.0,0.0,0.0,0.0,0.006641709938413235,0.013513513513513514,0.4331602463470595,0.8813267813267813
镇江,2023,8287,4025,0.06359358030650417,0.13093167701863354,0.0,0.0,0.0,0.0,0.0,0.0,0.0,0.0,0.002775431398576083,0.005714285714285714,0.4193314830457343,0.8633540372670807
长春,2008,1206,832,0.06965174129353234,0.10096153846153846,0.0,0.0,0.0,0.0,0.01824212271973466,0.026442307692307692,0.0,0.0,0.25787728026533996,0.3737980769230769,0.3441127694859038,0.4987980769230769
长春,2009,1368,937,0.08771929824561403,0.128068303094984,0.0,0.0,0.0,0.0,0.019736842105263157,0.0288153681963714,0.0,0.0,0.2324561403508772,0.33938100320170755,0.34502923976608185,0.503735325506937
长春,2010,1868,1394,0.13383297644539616,0.1793400286944046,0.0,0.0,0.0,0.0,0.007494646680942184,0.010043041606886656,0.003747323340471092,0.005021520803443328,0.22109207708779444,0.2962697274031564,0.38008565310492504,0.509325681492109
长春,2011,2117,1504,0.06471421823334908,0.09109042553191489,0.0,0.0,0.0,0.0,0.014643363249881908,0.020611702127659573,0.0,0.0,0.22579121398205007,0.3178191489361702,0.4052905054322154,0.5704787234042553
长春,2012,2572,1883,0.09020217729393468,0.12320764737121614,0.0,0.0,0.0,0.0,0.01166407465007776,0.015932023366967606,0.0,0.0,0.24416796267496113,0.3335103558151885,0.38608087091757387,0.5273499734466277
长春,2013,3146,2308,0.10012714558169103,0.13648180242634314,0.0,0.0,0.0,0.0,0.008582326764144946,0.01169844020797227,0.0,0.0,0.20883661792752703,0.28466204506065856,0.4160839160839161,0.567157712305026
长春,2014,3450,2655,0.0736231884057971,0.09566854990583804,0.0,0.0,0.0,0.0,0.004927536231884058,0.0064030131826741995,0.0,0.0,0.24579710144927536,0.31939736346516007,0.44521739130434784,0.5785310734463277
长春,2015,4100,3010,0.06292682926829268,0.08571428571428572,0.0,0.0,0.0,0.0,0.0,0.0,0.0,0.0,0.18682926829268293,0.25448504983388703,0.484390243902439,0.6598006644518273
长春,2016,5163,3785,0.08251016850668216,0.11254953764861295,0.0,0.0,0.0,0.0,0.010459035444509006,0.014266842800528402,0.0,0.0,0.1623087352314546,0.2214002642007926,0.4778229711408096,0.651783355350066
长春,2017,6897,5010,0.13179643323183993,0.181437125748503,0.0,0.0,0.0,0.0,0.0,0.0,0.0,0.0,0.1509351892127012,0.20778443113772455,0.4436711613745107,0.6107784431137725
长春,2018,8569,5701,0.1116816431322208,0.1678652867917909,0.0,0.0,0.0,0.0,0.0,0.0,0.0,0.0,0.12603571011786674,0.18944044904402738,0.4275878165480219,0.6426942641641817
长春,2019,9806,7251,0.1604119926575566,0.21693559509033236,0.0,0.0,0.007648378543748726,0.01034340091021928,0.0,0.0,0.0,0.0,0.12400571078931266,0.1677010067576886,0.44737915561900876,0.6050199972417598
长春,2020,9789,6852,0.2056389825314128,0.29378283712784586,0.0,0.0,0.01399530084789049,0.019994162288382952,0.0,0.0,0.0,0.0,0.11564000408621923,0.16520723876240515,0.364695065890285,0.521015761821366
长春,2021,12078,8408,0.22429210134128166,0.32219314938154137,0.0,0.0,0.012253684384831926,0.017602283539486202,0.0,0.0,0.0,0.0,0.1036595462824971,0.1489058039961941,0.3559364133134625,0.5112987630827783
长春,2022,16788,13254,0.4212532761496307,0.5335747698807907,0.0,0.0,0.007386228258279724,0.00935566621397314,0.0,0.0,0.0,0.0,0.09494877293304742,0.12026558020220311,0.26590421729807007,0.33680398370303305
长春,2023,18947,14450,0.3790045917559508,0.4969550173010381,0.0,0.0,0.006544571700005278,0.008581314878892734,0.0,0.0,0.0,0.0,0.08149047342587216,0.10685121107266436,0.2956140813849158,0.38761245674740485
长沙,2008,1797,1063,0.0790205898720089,0.13358419567262464,0.0,0.0,0.0,0.0,0.08347245409015025,0.14111006585136407,0.0077907623817473565,0.01317027281279398,0.013912075681691708,0.023518344308560677,0.4073455759599332,0.6886171213546566
长沙,2009,2390,1304,0.13765690376569037,0.2523006134969325,0.0,0.0,0.0,0.0,0.013389121338912133,0.024539877300613498,0.0,0.0,0.010460251046025104,0.019171779141104295,0.38410041841004183,0.7039877300613497
长沙,2010,3100,1626,0.13580645161290322,0.25891758917589175,0.0,0.0,0.0,0.0,0.03967741935483871,0.07564575645756458,0.0,0.0,0.0,0.0,0.34903225806451615,0.6654366543665436
长沙,2011,4592,2582,0.22800522648083624,0.40549961270333074,0.0,0.0,0.0,0.0,0.0389808362369338,0.06932610379550735,0.0,0.0,0.0,0.0,0.2952961672473868,0.5251742835011619
长沙,2012,5385,3075,0.24289693593314762,0.4253658536585366,0.0,0.0,0.0,0.0,0.012813370473537604,0.0224390243902439,0.0,0.0,0.016527390900649953,0.028943089430894308,0.2987929433611885,0.5232520325203251
长沙,2013,5864,3211,0.17837653478854024,0.32575521644347555,0.0,0.0,0.0,0.0,0.006139154160982265,0.011211460604173155,0.0,0.0,0.011596180081855388,0.02117720336343818,0.35146657571623463,0.6418561195889131
长沙,2014,6937,3304,0.11763009946662822,0.2469733656174334,0.0,0.0,0.0,0.0,0.006631108548363846,0.013922518159806295,0.0,0.0,0.014847916966988612,0.031174334140435835,0.33717745423093554,0.7079297820823245
长沙,2015,8549,3810,0.08047724880102936,0.1805774278215223,0.0,0.0,0.0,0.0,0.0,0.0,0.0,0.0,0.019417475728155338,0.04356955380577428,0.34577143525558546,0.7758530183727034
长沙,2016,12499,4768,0.09272741819345548,0.2430788590604027,0.0,0.0,0.0,0.0,0.0,0.0,0.0,0.0,0.006880550444035523,0.018036912751677854,0.2818625490039203,0.7388842281879194
长沙,2017,18596,6742,0.14825768982576898,0.4089291011569267,0.0,0.0,0.0,0.0,0.0,0.0,0.0,0.0,0.0,0.0,0.21429339642933964,0.5910708988430733
长沙,2018,19186,6714,0.07338684457416866,0.20971105153410782,0.0,0.0,0.006932138017304285,0.019809353589514446,0.0,0.0,0.0,0.0,0.004326071093505681,0.01236222817992255,0.2652976128426978,0.7581173666964551
长沙,2019,18847,7890,0.08218814665464,0.19632446134347276,0.0,0.0,0.016978829521939832,0.04055766793409379,0.0,0.0,0.0,0.0,0.0,0.0,0.3194672892237491,0.7631178707224334
长沙,2020,22204,9161,0.09727976941091696,0.23578211985591094,0.0,0.0,0.015402630156728518,0.037332168977185894,0.0,0.0,0.0,0.0,0.0,0.0,0.29990091875337777,0.7268857111669031
长沙,2021,24304,10921,0.10438610928242265,0.23230473399871807,0.0,0.0,0.0201201448321264,0.04477611940298507,0.0,0.0,0.0,0.0,0.0,0.0,0.32484364713627384,0.7229191465982968
长沙,2022,27599,13624,0.10804739302148629,0.21887844979448032,0.0,0.0,0.027827095184608137,0.05637110980622431,0.0,0.0,0.0,0.0,0.0,0.0,0.35776658574586034,0.7247504403992954
长沙,2023,27392,12706,0.10371641355140188,0.2235951518967417,0.0,0.0,0.013799649532710281,0.029749724539587595,0.0,0.0,0.0,0.0,0.0,0.0,0.3463419976635514,0.7466551235636707
长治,2008,175,81,0.22285714285714286,0.48148148148148145,0.0,0.0,0.017142857142857144,0.037037037037037035,0.22285714285714286,0.48148148148148145,0.0,0.0,0.0,0.0,0.0,0.0
长治,2009,271,137,0.18081180811808117,0.35766423357664234,0.0,0.0,0.014760147601476014,0.029197080291970802,0.21033210332103322,0.41605839416058393,0.0996309963099631,0.19708029197080293,0.0,0.0,0.0,0.0
长治,2010,339,149,0.2182890855457227,0.4966442953020134,0.0,0.0,0.0,0.0,0.13569321533923304,0.3087248322147651,0.0855457227138643,0.19463087248322147,0.0,0.0,0.0,0.0
长治,2011,524,208,0.25572519083969464,0.6442307692307693,0.0,0.0,0.02480916030534351,0.0625,0.11641221374045801,0.2932692307692308,0.0,0.0,0.0,0.0,0.0,0.0
长治,2012,520,191,0.20576923076923076,0.5602094240837696,0.0,0.0,0.0,0.0,0.16153846153846155,0.4397905759162304,0.0,0.0,0.0,0.0,0.0,0.0
长治,2013,576,238,0.2847222222222222,0.6890756302521008,0.0,0.0,0.020833333333333332,0.05042016806722689,0.09027777777777778,0.2184873949579832,0.017361111111111112,0.04201680672268908,0.0,0.0,0.0,0.0
长治,2014,557,268,0.40754039497307004,0.8470149253731343,0.0,0.0,0.0,0.0,0.07360861759425494,0.15298507462686567,0.0,0.0,0.0,0.0,0.0,0.0
长治,2015,291,198,0.5979381443298969,0.8787878787878788,0.0,0.0,0.0,0.0,0.061855670103092786,0.09090909090909091,0.0,0.0,0.020618556701030927,0.030303030303030304,0.0,0.0
长治,2016,211,140,0.6492890995260664,0.9785714285714285,0.0,0.0,0.0,0.0,0.014218009478672985,0.02142857142857143,0.0,0.0,0.0,0.0,0.0,0.0
长治,2017,348,183,0.4827586206896552,0.9180327868852459,0.0,0.0,0.0,0.0,0.04310344827586207,0.08196721311475409,0.0,0.0,0.0,0.0,0.0,0.0
长治,2018,333,174,0.46546546546546547,0.8908045977011494,0.0,0.0,0.0,0.0,0.015015015015015015,0.028735632183908046,0.0,0.0,0.0,0.0,0.042042042042042045,0.08045977011494253
长治,2019,424,215,0.41273584905660377,0.813953488372093,0.0,0.0,0.0,0.0,0.0330188679245283,0.06511627906976744,0.0,0.0,0.0,0.0,0.06132075471698113,0.12093023255813953
长治,2020,643,307,0.4059097978227061,0.8501628664495114,0.0,0.0,0.0,0.0,0.038880248833592534,0.08143322475570032,0.0,0.0,0.0,0.0,0.03265940902021773,0.06840390879478828
长治,2021,584,290,0.4452054794520548,0.896551724137931,0.0,0.0,0.0,0.0,0.023972602739726026,0.04827586206896552,0.0,0.0,0.0,0.0,0.0273972602739726,0.05517241379310345
长治,2022,510,256,0.40588235294117647,0.80859375,0.0,0.0,0.0,0.0,0.0,0.0,0.0,0.0,0.013725490196078431,0.02734375,0.08235294117647059,0.1640625
长治,2023,659,302,0.3990895295902883,0.8708609271523179,0.0,0.0,0.0,0.0,0.0,0.0,0.0,0.0,0.0,0.0,0.05918057663125948,0.1291390728476821
阜新,2008,42,35,0.11904761904761904,0.14285714285714285,0.0,0.0,0.0,0.0,0.5952380952380952,0.7142857142857143,0.0,0.0,0.0,0.0,0.11904761904761904,0.14285714285714285
阜新,2009,35,30,0.2857142857142857,0.3333333333333333,0.0,0.0,0.0,0.0,0.4857142857142857,0.5666666666666667,0.0,0.0,0.0,0.0,0.08571428571428572,0.1
阜新,2010,61,49,0.14754098360655737,0.1836734693877551,0.0,0.0,0.0,0.0,0.39344262295081966,0.4897959183673469,0.0,0.0,0.0,0.0,0.26229508196721313,0.32653061224489793
阜新,2011,101,90,0.26732673267326734,0.3,0.0,0.0,0.0,0.0,0.46534653465346537,0.5222222222222223,0.0,0.0,0.0,0.0,0.15841584158415842,0.17777777777777778
阜新,2012,127,108,0.2755905511811024,0.32407407407407407,0.0,0.0,0.0,0.0,0.09448818897637795,0.1111111111111111,0.0,0.0,0.015748031496062992,0.018518518518518517,0.4645669291338583,0.5462962962962963
阜新,2013,191,156,0.1518324607329843,0.1858974358974359,0.0,0.0,0.0,0.0,0.04712041884816754,0.057692307692307696,0.0,0.0,0.0,0.0,0.6178010471204188,0.7564102564102564
阜新,2014,193,151,0.09326424870466321,0.11920529801324503,0.0,0.0,0.0,0.0,0.10880829015544041,0.1390728476821192,0.0,0.0,0.0,0.0,0.5803108808290155,0.7417218543046358
阜新,2015,294,254,0.12585034013605442,0.14566929133858267,0.0,0.0,0.0,0.0,0.04421768707482993,0.051181102362204724,0.0,0.0,0.006802721088435374,0.007874015748031496,0.6870748299319728,0.7952755905511811
阜新,2016,396,341,0.0707070707070707,0.08211143695014662,0.0,0.0,0.0,0.0,0.10353535353535354,0.12023460410557185,0.0,0.0,0.020202020202020204,0.02346041055718475,0.6666666666666666,0.7741935483870968
阜新,2017,384,338,0.078125,0.08875739644970414,0.0,0.0,0.0,0.0,0.078125,0.08875739644970414,0.0,0.0,0.0,0.0,0.7239583333333334,0.8224852071005917
阜新,2018,523,453,0.04206500956022945,0.04856512141280353,0.0,0.0,0.011472275334608031,0.013245033112582781,0.06500956022944551,0.07505518763796909,0.0,0.0,0.0,0.0,0.7476099426386233,0.8631346578366446
阜新,2019,605,538,0.1140495867768595,0.12825278810408922,0.0,0.0,0.0,0.0,0.02975206611570248,0.03345724907063197,0.0,0.0,0.0,0.0,0.7454545454545455,0.8382899628252788
阜新,2020,754,651,0.07957559681697612,0.09216589861751152,0.0,0.0,0.0,0.0,0.054376657824933686,0.0629800307219662,0.003978779840848806,0.004608294930875576,0.0,0.0,0.7254641909814323,0.8402457757296466
阜新,2021,991,912,0.1503531786074672,0.16337719298245615,0.0,0.0,0.0030272452068617556,0.003289473684210526,0.016145307769929364,0.017543859649122806,0.0,0.0,0.0030272452068617556,0.003289473684210526,0.7477295660948536,0.8125
阜新,2022,721,651,0.11511789181692095,0.12749615975422426,0.0,0.0,0.0,0.0,0.020804438280166437,0.02304147465437788,0.0,0.0,0.0,0.0,0.7669902912621359,0.8494623655913979
阜新,2023,527,470,0.18216318785578747,0.20425531914893616,0.0,0.0,0.0056925996204933585,0.006382978723404255,0.015180265654648957,0.01702127659574468,0.0,0.0,0.015180265654648957,0.01702127659574468,0.6736242884250474,0.7553191489361702
阜阳,2008,43,30,0.13953488372093023,0.2,0.0,0.0,0.0,0.0,0.5581395348837209,0.8,0.0,0.0,0.0,0.0,0.0,0.0
阜阳,2009,74,43,0.10810810810810811,0.18604651162790697,0.0,0.0,0.0,0.0,0.47297297297297297,0.813953488372093,0.0,0.0,0.0,0.0,0.0,0.0
阜阳,2010,215,107,0.13953488372093023,0.2803738317757009,0.0,0.0,0.0,0.0,0.3581395348837209,0.719626168224299,0.0,0.0,0.0,0.0,0.0,0.0
阜阳,2011,280,116,0.11071428571428571,0.2672413793103448,0.0,0.0,0.0,0.0,0.30357142857142855,0.7327586206896551,0.0,0.0,0.0,0.0,0.0,0.0
阜阳,2012,459,209,0.17429193899782136,0.3827751196172249,0.0,0.0,0.0,0.0,0.28104575163398693,0.6172248803827751,0.0,0.0,0.0,0.0,0.0,0.0
阜阳,2013,1721,411,0.10226612434631029,0.4282238442822384,0.0,0.0,0.02266124346310285,0.0948905109489051,0.11388727484020918,0.4768856447688564,0.0,0.0,0.0,0.0,0.0,0.0
阜阳,2014,2129,580,0.14372945044621888,0.5275862068965518,0.0,0.0,0.00986378581493659,0.03620689655172414,0.0868952559887271,0.31896551724137934,0.0,0.0,0.018788163457022077,0.06896551724137931,0.013151714419915453,0.04827586206896552
阜阳,2015,3240,628,0.07253086419753087,0.37420382165605093,0.0,0.0,0.0,0.0,0.10802469135802469,0.5573248407643312,0.0,0.0,0.0,0.0,0.013271604938271606,0.06847133757961783
阜阳,2016,4236,597,0.08734655335221908,0.6197654941373534,0.0,0.0,0.0,0.0,0.040132200188857416,0.2847571189279732,0.0,0.0,0.0,0.0,0.013456090651558074,0.09547738693467336
阜阳,2017,6386,651,0.06435953648606327,0.631336405529954,0.0,0.0,0.0,0.0,0.01800814281240213,0.17665130568356374,0.006263701847792045,0.06144393241167435,0.0,0.0,0.013310366426558097,0.130568356374808
阜阳,2018,6278,897,0.08967824147817777,0.6276477146042363,0.0,0.0,0.0,0.0,0.021822236381013063,0.1527313266443701,0.004778591908251036,0.033444816053511704,0.0,0.0,0.026600828289264095,0.18617614269788182
阜阳,2019,3255,494,0.11766513056835637,0.7753036437246964,0.0,0.0,0.0,0.0,0.006144393241167435,0.04048582995951417,0.0,0.0,0.0,0.0,0.02795698924731183,0.18421052631578946
阜阳,2020,5247,705,0.12102153611587574,0.900709219858156,0.0,0.0,0.0,0.0,0.00476462740613684,0.03546099290780142,0.0,0.0,0.0,0.0,0.008576329331046312,0.06382978723404255
阜阳,2021,2974,471,0.13584398117014124,0.8577494692144374,0.0,0.0,0.00605245460659045,0.03821656050955414,0.0,0.0,0.0,0.0,0.0,0.0,0.01647612642905178,0.1040339702760085
阜阳,2022,2594,534,0.1900539707016191,0.9232209737827716,0.0,0.0,0.0,0.0,0.0,0.0,0.0,0.0,0.0,0.0,0.015805705474171164,0.07677902621722846
阜阳,2023,2382,651,0.24853064651553317,0.9093701996927803,0.0,0.0,0.007556675062972292,0.027649769585253458,0.0,0.0,0.0,0.0,0.0,0.0,0.017212426532325777,0.0629800307219662
防城港,2008,6,6,0.3333333333333333,0.3333333333333333,0.0,0.0,0.0,0.0,0.6666666666666666,0.6666666666666666,0.0,0.0,0.0,0.0,0.0,0.0
防城港,2009,9,9,0.5555555555555556,0.5555555555555556,0.0,0.0,0.0,0.0,0.4444444444444444,0.4444444444444444,0.0,0.0,0.0,0.0,0.0,0.0
防城港,2010,10,10,0.2,0.2,0.0,0.0,0.0,0.0,0.8,0.8,0.0,0.0,0.0,0.0,0.0,0.0
防城港,2011,29,29,0.4827586206896552,0.4827586206896552,0.0,0.0,0.0,0.0,0.5172413793103449,0.5172413793103449,0.0,0.0,0.0,0.0,0.0,0.0
防城港,2012,145,121,0.3103448275862069,0.371900826446281,0.0,0.0,0.0,0.0,0.5241379310344828,0.628099173553719,0.0,0.0,0.0,0.0,0.0,0.0
防城港,2013,339,222,0.12389380530973451,0.1891891891891892,0.0,0.0,0.0,0.0,0.5309734513274337,0.8108108108108109,0.0,0.0,0.0,0.0,0.0,0.0
防城港,2014,535,373,0.2616822429906542,0.3753351206434316,0.0,0.0,0.0,0.0,0.4355140186915888,0.6246648793565683,0.0,0.0,0.0,0.0,0.0,0.0
防城港,2015,927,303,0.3268608414239482,1.0,0.0,0.0,0.0,0.0,0.0,0.0,0.0,0.0,0.0,0.0,0.0,0.0
防城港,2016,1465,603,0.3508532423208191,0.8524046434494196,0.0,0.0,0.0,0.0,0.0,0.0,0.06075085324232082,0.14759535655058043,0.0,0.0,0.0,0.0
防城港,2017,881,456,0.44721906923950056,0.8640350877192983,0.0,0.0,0.0,0.0,0.0,0.0,0.07037457434733257,0.13596491228070176,0.0,0.0,0.0,0.0
防城港,2018,103,92,0.7087378640776699,0.7934782608695652,0.0,0.0,0.0,0.0,0.11650485436893204,0.13043478260869565,0.038834951456310676,0.043478260869565216,0.02912621359223301,0.03260869565217391,0.0,0.0
防城港,2019,122,110,0.7950819672131147,0.8818181818181818,0.0,0.0,0.0,0.0,0.09016393442622951,0.1,0.01639344262295082,0.01818181818181818,0.0,0.0,0.0,0.0
防城港,2020,119,92,0.6890756302521008,0.8913043478260869,0.0,0.0,0.0,0.0,0.058823529411764705,0.07608695652173914,0.025210084033613446,0.03260869565217391,0.0,0.0,0.0,0.0
防城港,2021,175,120,0.6057142857142858,0.8833333333333333,0.0,0.0,0.0,0.0,0.08,0.11666666666666667,0.0,0.0,0.0,0.0,0.0,0.0
防城港,2022,229,201,0.8558951965065502,0.9751243781094527,0.0,0.0,0.0,0.0,0.021834061135371178,0.024875621890547265,0.0,0.0,0.0,0.0,0.0,0.0
防城港,2023,237,197,0.8227848101265823,0.9898477157360406,0.0,0.0,0.0,0.0,0.0,0.0,0.008438818565400843,0.01015228426395939,0.0,0.0,0.0,0.0
阳江,2008,22,22,0.3181818181818182,0.3181818181818182,0.0,0.0,0.0,0.0,0.6818181818181818,0.6818181818181818,0.0,0.0,0.0,0.0,0.0,0.0
阳江,2009,36,35,0.2222222222222222,0.22857142857142856,0.0,0.0,0.0,0.0,0.75,0.7714285714285715,0.0,0.0,0.0,0.0,0.0,0.0
阳江,2010,49,40,0.24489795918367346,0.3,0.0,0.0,0.0,0.0,0.5714285714285714,0.7,0.0,0.0,0.0,0.0,0.0,0.0
阳江,2011,29,26,0.4827586206896552,0.5384615384615384,0.0,0.0,0.0,0.0,0.41379310344827586,0.46153846153846156,0.0,0.0,0.0,0.0,0.0,0.0
阳江,2012,39,28,0.23076923076923078,0.32142857142857145,0.0,0.0,0.0,0.0,0.46153846153846156,0.6428571428571429,0.02564102564102564,0.03571428571428571,0.0,0.0,0.0,0.0
阳江,2013,42,27,0.3333333333333333,0.5185185185185185,0.0,0.0,0.0,0.0,0.30952380952380953,0.48148148148148145,0.0,0.0,0.0,0.0,0.0,0.0
阳江,2014,63,51,0.5238095238095238,0.6470588235294118,0.0,0.0,0.0,0.0,0.2857142857142857,0.35294117647058826,0.0,0.0,0.0,0.0,0.0,0.0
阳江,2015,69,47,0.37681159420289856,0.5531914893617021,0.0,0.0,0.0,0.0,0.2463768115942029,0.3617021276595745,0.0,0.0,0.057971014492753624,0.0851063829787234,0.0,0.0
阳江,2016,117,78,0.5213675213675214,0.782051282051282,0.0,0.0,0.0,0.0,0.11965811965811966,0.1794871794871795,0.0,0.0,0.02564102564102564,0.038461538461538464,0.0,0.0
阳江,2017,166,97,0.5240963855421686,0.8969072164948454,0.0,0.0,0.0,0.0,0.03614457831325301,0.061855670103092786,0.0,0.0,0.024096385542168676,0.041237113402061855,0.0,0.0
阳江,2018,269,148,0.379182156133829,0.6891891891891891,0.0,0.0,0.0,0.0,0.15613382899628253,0.28378378378378377,0.0,0.0,0.01486988847583643,0.02702702702702703,0.0,0.0
阳江,2019,294,161,0.3435374149659864,0.6273291925465838,0.0,0.0,0.0,0.0,0.15306122448979592,0.2795031055900621,0.0,0.0,0.017006802721088437,0.031055900621118012,0.034013605442176874,0.062111801242236024
阳江,2020,423,231,0.38534278959810875,0.7056277056277056,0.0,0.0,0.026004728132387706,0.047619047619047616,0.10401891252955082,0.19047619047619047,0.0,0.0,0.0,0.0,0.030732860520094562,0.05627705627705628
阳江,2021,536,277,0.4944029850746269,0.9566787003610109,0.0,0.0,0.0,0.0,0.0,0.0,0.0,0.0,0.0,0.0,0.022388059701492536,0.04332129963898917
阳江,2022,590,388,0.6237288135593221,0.9484536082474226,0.0,0.0,0.0,0.0,0.0,0.0,0.0,0.0,0.015254237288135594,0.023195876288659795,0.01864406779661017,0.028350515463917526
阳江,2023,651,464,0.6374807987711214,0.8943965517241379,0.0,0.0,0.009216589861751152,0.01293103448275862,0.0,0.0,0.0,0.0,0.030721966205837174,0.04310344827586207,0.03533026113671275,0.04956896551724138
阳泉,2008,93,88,0.07526881720430108,0.07954545454545454,0.0,0.0,0.0,0.0,0.8602150537634409,0.9090909090909091,0.010752688172043012,0.011363636363636364,0.0,0.0,0.0,0.0
阳泉,2009,48,48,0.16666666666666666,0.16666666666666666,0.0,0.0,0.0,0.0,0.8333333333333334,0.8333333333333334,0.0,0.0,0.0,0.0,0.0,0.0
阳泉,2010,151,135,0.052980132450331126,0.05925925925925926,0.0,0.0,0.0,0.0,0.8410596026490066,0.9407407407407408,0.0,0.0,0.0,0.0,0.0,0.0
阳泉,2011,153,136,0.10457516339869281,0.11764705882352941,0.0,0.0,0.0,0.0,0.7843137254901961,0.8823529411764706,0.0,0.0,0.0,0.0,0.0,0.0
阳泉,2012,151,134,0.2980132450331126,0.3358208955223881,0.0,0.0,0.0,0.0,0.543046357615894,0.6119402985074627,0.046357615894039736,0.05223880597014925,0.0,0.0,0.0,0.0
阳泉,2013,287,249,0.12195121951219512,0.14056224899598393,0.0,0.0,0.0,0.0,0.7177700348432056,0.8273092369477911,0.010452961672473868,0.012048192771084338,0.017421602787456445,0.020080321285140562,0.0,0.0
阳泉,2014,165,122,0.07878787878787878,0.10655737704918032,0.0,0.0,0.0,0.0,0.6606060606060606,0.8934426229508197,0.0,0.0,0.0,0.0,0.0,0.0
阳泉,2015,89,64,0.10112359550561797,0.140625,0.0,0.0,0.0,0.0,0.6179775280898876,0.859375,0.0,0.0,0.0,0.0,0.0,0.0
阳泉,2016,258,194,0.20155038759689922,0.26804123711340205,0.0,0.0,0.0,0.0,0.5503875968992248,0.7319587628865979,0.0,0.0,0.0,0.0,0.0,0.0
阳泉,2017,446,308,0.1860986547085202,0.2694805194805195,0.0,0.0,0.0,0.0,0.48654708520179374,0.7045454545454546,0.0,0.0,0.0,0.0,0.017937219730941704,0.025974025974025976
阳泉,2018,377,272,0.16976127320954906,0.23529411764705882,0.0,0.0,0.0,0.0,0.5358090185676393,0.7426470588235294,0.0,0.0,0.0,0.0,0.015915119363395226,0.022058823529411766
阳泉,2019,231,160,0.22943722943722944,0.33125,0.0,0.0,0.0,0.0,0.3852813852813853,0.55625,0.0,0.0,0.0,0.0,0.07792207792207792,0.1125
阳泉,2020,326,222,0.20552147239263804,0.30180180180180183,0.0,0.0,0.0,0.0,0.37423312883435583,0.5495495495495496,0.015337423312883436,0.02252252252252252,0.012269938650306749,0.018018018018018018,0.0736196319018405,0.10810810810810811
阳泉,2021,252,179,0.5198412698412699,0.7318435754189944,0.0,0.0,0.0,0.0,0.12301587301587301,0.17318435754189945,0.0,0.0,0.0,0.0,0.06746031746031746,0.09497206703910614
阳泉,2022,216,139,0.4722222222222222,0.7338129496402878,0.0,0.0,0.013888888888888888,0.02158273381294964,0.009259259259259259,0.014388489208633094,0.0,0.0,0.0,0.0,0.14814814814814814,0.2302158273381295
阳泉,2023,220,123,0.4772727272727273,0.8536585365853658,0.0,0.0,0.01818181818181818,0.032520325203252036,0.0,0.0,0.0,0.0,0.0,0.0,0.06363636363636363,0.11382113821138211
阿克苏,2018,10,10,0.8,0.8,0.0,0.0,0.0,0.0,0.2,0.2,0.0,0.0,0.0,0.0,0.0,0.0
阿克苏,2019,17,17,0.6470588235294118,0.6470588235294118,0.0,0.0,0.0,0.0,0.23529411764705882,0.23529411764705882,0.058823529411764705,0.058823529411764705,0.058823529411764705,0.058823529411764705,0.0,0.0
阿克苏,2020,4,4,1.0,1.0,0.0,0.0,0.0,0.0,0.0,0.0,0.0,0.0,0.0,0.0,0.0,0.0
阿克苏,2021,5,5,1.0,1.0,0.0,0.0,0.0,0.0,0.0,0.0,0.0,0.0,0.0,0.0,0.0,0.0
阿克苏,2022,36,35,0.7222222222222222,0.7428571428571429,0.0,0.0,0.0,0.0,0.05555555555555555,0.05714285714285714,0.027777777777777776,0.02857142857142857,0.027777777777777776,0.02857142857142857,0.1388888888888889,0.14285714285714285
阿克苏,2023,72,53,0.5833333333333334,0.7924528301886793,0.0,0.0,0.0,0.0,0.0,0.0,0.041666666666666664,0.05660377358490566,0.0,0.0,0.1111111111111111,0.1509433962264151
阿克苏地区,2008,7,7,0.42857142857142855,0.42857142857142855,0.0,0.0,0.0,0.0,0.5714285714285714,0.5714285714285714,0.0,0.0,0.0,0.0,0.0,0.0
阿克苏地区,2009,14,14,0.07142857142857142,0.07142857142857142,0.0,0.0,0.0,0.0,0.7142857142857143,0.7142857142857143,0.21428571428571427,0.21428571428571427,0.0,0.0,0.0,0.0
阿克苏地区,2010,16,16,0.375,0.375,0.0,0.0,0.0,0.0,0.4375,0.4375,0.1875,0.1875,0.0,0.0,0.0,0.0
阿克苏地区,2011,20,20,0.35,0.35,0.0,0.0,0.0,0.0,0.35,0.35,0.15,0.15,0.0,0.0,0.15,0.15
阿克苏地区,2012,41,38,0.5121951219512195,0.5526315789473685,0.0,0.0,0.0,0.0,0.21951219512195122,0.23684210526315788,0.0,0.0,0.0,0.0,0.1951219512195122,0.21052631578947367
阿克苏地区,2013,39,39,0.358974358974359,0.358974358974359,0.0,0.0,0.0,0.0,0.23076923076923078,0.23076923076923078,0.0,0.0,0.0,0.0,0.41025641025641024,0.41025641025641024
阿克苏地区,2014,50,49,0.14,0.14285714285714285,0.0,0.0,0.0,0.0,0.48,0.4897959183673469,0.0,0.0,0.0,0.0,0.36,0.3673469387755102
阿克苏地区,2015,76,62,0.19736842105263158,0.24193548387096775,0.02631578947368421,0.03225806451612903,0.0,0.0,0.18421052631578946,0.22580645161290322,0.06578947368421052,0.08064516129032258,0.0,0.0,0.34210526315789475,0.41935483870967744
阿克苏地区,2016,104,89,0.2980769230769231,0.34831460674157305,0.0,0.0,0.0,0.0,0.10576923076923077,0.12359550561797752,0.04807692307692308,0.056179775280898875,0.0,0.0,0.40384615384615385,0.47191011235955055
阿克苏地区,2017,70,61,0.42857142857142855,0.4918032786885246,0.0,0.0,0.0,0.0,0.14285714285714285,0.16393442622950818,0.02857142857142857,0.03278688524590164,0.014285714285714285,0.01639344262295082,0.2571428571428571,0.29508196721311475
阿克苏地区,2018,120,101,0.3333333333333333,0.39603960396039606,0.0,0.0,0.016666666666666666,0.019801980198019802,0.13333333333333333,0.15841584158415842,0.058333333333333334,0.06930693069306931,0.025,0.0297029702970297,0.275,0.32673267326732675
阿克苏地区,2019,146,114,0.3767123287671233,0.4824561403508772,0.0,0.0,0.0,0.0,0.1917808219178082,0.24561403508771928,0.0136986301369863,0.017543859649122806,0.0,0.0,0.19863013698630136,0.2543859649122807
阿克苏地区,2020,121,100,0.38016528925619836,0.46,0.0,0.0,0.0,0.0,0.2892561983471074,0.35,0.01652892561983471,0.02,0.0,0.0,0.14049586776859505,0.17
阿克苏地区,2021,125,90,0.344,0.4777777777777778,0.0,0.0,0.0,0.0,0.104,0.14444444444444443,0.032,0.044444444444444446,0.016,0.022222222222222223,0.224,0.3111111111111111
阿克苏地区,2022,176,121,0.5170454545454546,0.7520661157024794,0.0,0.0,0.0,0.0,0.011363636363636364,0.01652892561983471,0.022727272727272728,0.03305785123966942,0.011363636363636364,0.01652892561983471,0.125,0.18181818181818182
阿克苏地区,2023,173,126,0.4393063583815029,0.6031746031746031,0.0,0.0,0.0,0.0,0.0,0.0,0.023121387283236993,0.031746031746031744,0.0,0.0,0.2658959537572254,0.36507936507936506
阿勒泰,2016,1,1,1.0,1.0,0.0,0.0,0.0,0.0,0.0,0.0,0.0,0.0,0.0,0.0,0.0,0.0
阿勒泰,2019,3,3,0.6666666666666666,0.6666666666666666,0.0,0.0,0.0,0.0,0.3333333333333333,0.3333333333333333,0.0,0.0,0.0,0.0,0.0,0.0
阿勒泰,2020,1,1,1.0,1.0,0.0,0.0,0.0,0.0,0.0,0.0,0.0,0.0,0.0,0.0,0.0,0.0
阿勒泰,2021,2,2,1.0,1.0,0.0,0.0,0.0,0.0,0.0,0.0,0.0,0.0,0.0,0.0,0.0,0.0
阿勒泰,2022,19,19,0.3157894736842105,0.3157894736842105,0.0,0.0,0.0,0.0,0.05263157894736842,0.05263157894736842,0.631578947368421,0.631578947368421,0.0,0.0,0.0,0.0
阿勒泰,2023,25,25,0.96,0.96,0.0,0.0,0.0,0.0,0.04,0.04,0.0,0.0,0.0,0.0,0.0,0.0
阿勒泰地区,2008,20,20,0.0,0.0,0.2,0.2,0.05,0.05,0.25,0.25,0.5,0.5,0.0,0.0,0.0,0.0
阿勒泰地区,2009,21,21,0.047619047619047616,0.047619047619047616,0.0,0.0,0.0,0.0,0.3333333333333333,0.3333333333333333,0.6190476190476191,0.6190476190476191,0.0,0.0,0.0,0.0
阿勒泰地区,2010,8,8,0.625,0.625,0.0,0.0,0.0,0.0,0.25,0.25,0.125,0.125,0.0,0.0,0.0,0.0
阿勒泰地区,2011,5,5,0.8,0.8,0.0,0.0,0.0,0.0,0.0,0.0,0.2,0.2,0.0,0.0,0.0,0.0
阿勒泰地区,2012,35,35,0.6857142857142857,0.6857142857142857,0.0,0.0,0.0,0.0,0.3142857142857143,0.3142857142857143,0.0,0.0,0.0,0.0,0.0,0.0
阿勒泰地区,2013,30,30,0.7666666666666667,0.7666666666666667,0.0,0.0,0.0,0.0,0.2,0.2,0.03333333333333333,0.03333333333333333,0.0,0.0,0.0,0.0
阿勒泰地区,2014,39,39,0.6410256410256411,0.6410256410256411,0.0,0.0,0.02564102564102564,0.02564102564102564,0.10256410256410256,0.10256410256410256,0.23076923076923078,0.23076923076923078,0.0,0.0,0.0,0.0
阿勒泰地区,2015,49,45,0.42857142857142855,0.4666666666666667,0.0,0.0,0.0,0.0,0.3877551020408163,0.4222222222222222,0.10204081632653061,0.1111111111111111,0.0,0.0,0.0,0.0
阿勒泰地区,2016,45,45,0.4666666666666667,0.4666666666666667,0.0,0.0,0.0,0.0,0.2222222222222222,0.2222222222222222,0.3111111111111111,0.3111111111111111,0.0,0.0,0.0,0.0
阿勒泰地区,2017,68,58,0.39705882352941174,0.46551724137931033,0.0,0.0,0.0,0.0,0.22058823529411764,0.25862068965517243,0.20588235294117646,0.2413793103448276,0.029411764705882353,0.034482758620689655,0.0,0.0
阿勒泰地区,2018,42,37,0.5,0.5675675675675675,0.0,0.0,0.023809523809523808,0.02702702702702703,0.11904761904761904,0.13513513513513514,0.21428571428571427,0.24324324324324326,0.023809523809523808,0.02702702702702703,0.0,0.0
阿勒泰地区,2019,36,33,0.4166666666666667,0.45454545454545453,0.0,0.0,0.0,0.0,0.4166666666666667,0.45454545454545453,0.08333333333333333,0.09090909090909091,0.0,0.0,0.0,0.0
阿勒泰地区,2020,37,37,0.6756756756756757,0.6756756756756757,0.02702702702702703,0.02702702702702703,0.0,0.0,0.2702702702702703,0.2702702702702703,0.02702702702702703,0.02702702702702703,0.0,0.0,0.0,0.0
阿勒泰地区,2021,48,48,0.6666666666666666,0.6666666666666666,0.0,0.0,0.08333333333333333,0.08333333333333333,0.10416666666666667,0.10416666666666667,0.14583333333333334,0.14583333333333334,0.0,0.0,0.0,0.0
阿勒泰地区,2022,37,37,0.5945945945945946,0.5945945945945946,0.0,0.0,0.02702702702702703,0.02702702702702703,0.24324324324324326,0.24324324324324326,0.13513513513513514,0.13513513513513514,0.0,0.0,0.0,0.0
阿勒泰地区,2023,47,47,0.9148936170212766,0.9148936170212766,0.0,0.0,0.02127659574468085,0.02127659574468085,0.0,0.0,0.06382978723404255,0.06382978723404255,0.0,0.0,0.0,0.0
阿坝,2018,2,2,0.5,0.5,0.0,0.0,0.0,0.0,0.0,0.0,0.0,0.0,0.5,0.5,0.0,0.0
阿坝,2019,2,2,1.0,1.0,0.0,0.0,0.0,0.0,0.0,0.0,0.0,0.0,0.0,0.0,0.0,0.0
阿坝,2020,1,1,1.0,1.0,0.0,0.0,0.0,0.0,0.0,0.0,0.0,0.0,0.0,0.0,0.0,0.0
阿坝,2021,8,8,0.25,0.25,0.125,0.125,0.125,0.125,0.0,0.0,0.0,0.0,0.0,0.0,0.5,0.5
阿坝,2022,15,15,0.6,0.6,0.0,0.0,0.0,0.0,0.3333333333333333,0.3333333333333333,0.0,0.0,0.06666666666666667,0.06666666666666667,0.0,0.0
阿坝,2023,56,51,0.8928571428571429,0.9803921568627451,0.0,0.0,0.0,0.0,0.017857142857142856,0.0196078431372549,0.0,0.0,0.0,0.0,0.0,0.0
阿坝藏族羌族自治州,2008,7,7,0.42857142857142855,0.42857142857142855,0.0,0.0,0.0,0.0,0.2857142857142857,0.2857142857142857,0.0,0.0,0.2857142857142857,0.2857142857142857,0.0,0.0
阿坝藏族羌族自治州,2009,3,3,0.6666666666666666,0.6666666666666666,0.0,0.0,0.0,0.0,0.3333333333333333,0.3333333333333333,0.0,0.0,0.0,0.0,0.0,0.0
阿坝藏族羌族自治州,2010,11,11,0.7272727272727273,0.7272727272727273,0.0,0.0,0.0,0.0,0.2727272727272727,0.2727272727272727,0.0,0.0,0.0,0.0,0.0,0.0
阿坝藏族羌族自治州,2011,13,13,0.23076923076923078,0.23076923076923078,0.0,0.0,0.0,0.0,0.5384615384615384,0.5384615384615384,0.0,0.0,0.23076923076923078,0.23076923076923078,0.0,0.0
阿坝藏族羌族自治州,2012,6,6,0.3333333333333333,0.3333333333333333,0.0,0.0,0.0,0.0,0.5,0.5,0.16666666666666666,0.16666666666666666,0.0,0.0,0.0,0.0
阿坝藏族羌族自治州,2013,24,24,0.375,0.375,0.125,0.125,0.0,0.0,0.2916666666666667,0.2916666666666667,0.125,0.125,0.08333333333333333,0.08333333333333333,0.0,0.0
阿坝藏族羌族自治州,2014,17,17,0.47058823529411764,0.47058823529411764,0.0,0.0,0.0,0.0,0.35294117647058826,0.35294117647058826,0.058823529411764705,0.058823529411764705,0.11764705882352941,0.11764705882352941,0.0,0.0
阿坝藏族羌族自治州,2015,27,27,0.5925925925925926,0.5925925925925926,0.037037037037037035,0.037037037037037035,0.0,0.0,0.14814814814814814,0.14814814814814814,0.037037037037037035,0.037037037037037035,0.0,0.0,0.18518518518518517,0.18518518518518517
阿坝藏族羌族自治州,2016,45,33,0.4,0.5454545454545454,0.022222222222222223,0.030303030303030304,0.0,0.0,0.15555555555555556,0.21212121212121213,0.022222222222222223,0.030303030303030304,0.022222222222222223,0.030303030303030304,0.1111111111111111,0.15151515151515152
阿坝藏族羌族自治州,2017,50,38,0.62,0.8157894736842105,0.0,0.0,0.0,0.0,0.02,0.02631578947368421,0.04,0.05263157894736842,0.08,0.10526315789473684,0.0,0.0
阿坝藏族羌族自治州,2018,77,65,0.4675324675324675,0.5538461538461539,0.0,0.0,0.0,0.0,0.09090909090909091,0.1076923076923077,0.09090909090909091,0.1076923076923077,0.06493506493506493,0.07692307692307693,0.12987012987012986,0.15384615384615385
阿坝藏族羌族自治州,2019,79,65,0.6455696202531646,0.7846153846153846,0.0,0.0,0.0,0.0,0.02531645569620253,0.03076923076923077,0.0,0.0,0.08860759493670886,0.1076923076923077,0.06329113924050633,0.07692307692307693
阿坝藏族羌族自治州,2020,70,63,0.4857142857142857,0.5396825396825397,0.0,0.0,0.0,0.0,0.04285714285714286,0.047619047619047616,0.02857142857142857,0.031746031746031744,0.02857142857142857,0.031746031746031744,0.3142857142857143,0.3492063492063492
阿坝藏族羌族自治州,2021,76,59,0.4473684210526316,0.576271186440678,0.02631578947368421,0.03389830508474576,0.0,0.0,0.05263157894736842,0.06779661016949153,0.0,0.0,0.06578947368421052,0.0847457627118644,0.18421052631578946,0.23728813559322035
阿坝藏族羌族自治州,2022,97,86,0.6185567010309279,0.6976744186046512,0.020618556701030927,0.023255813953488372,0.0,0.0,0.07216494845360824,0.08139534883720931,0.0,0.0,0.041237113402061855,0.046511627906976744,0.13402061855670103,0.1511627906976744
阿坝藏族羌族自治州,2023,65,55,0.7076923076923077,0.8363636363636363,0.0,0.0,0.0,0.0,0.03076923076923077,0.03636363636363636,0.0,0.0,0.0,0.0,0.1076923076923077,0.12727272727272726
阿拉善,2017,1,1,1.0,1.0,0.0,0.0,0.0,0.0,0.0,0.0,0.0,0.0,0.0,0.0,0.0,0.0
阿拉善,2019,4,4,0.75,0.75,0.0,0.0,0.25,0.25,0.0,0.0,0.0,0.0,0.0,0.0,0.0,0.0
阿拉善,2020,1,1,0.0,0.0,0.0,0.0,0.0,0.0,0.0,0.0,1.0,1.0,0.0,0.0,0.0,0.0
阿拉善,2021,6,6,1.0,1.0,0.0,0.0,0.0,0.0,0.0,0.0,0.0,0.0,0.0,0.0,0.0,0.0
阿拉善,2022,16,16,1.0,1.0,0.0,0.0,0.0,0.0,0.0,0.0,0.0,0.0,0.0,0.0,0.0,0.0
阿拉善,2023,27,27,0.8888888888888888,0.8888888888888888,0.0,0.0,0.0,0.0,0.0,0.0,0.037037037037037035,0.037037037037037035,0.07407407407407407,0.07407407407407407,0.0,0.0
阿拉善盟,2008,4,4,0.75,0.75,0.25,0.25,0.0,0.0,0.0,0.0,0.0,0.0,0.0,0.0,0.0,0.0
阿拉善盟,2009,1,1,0.0,0.0,0.0,0.0,0.0,0.0,1.0,1.0,0.0,0.0,0.0,0.0,0.0,0.0
阿拉善盟,2010,1,1,1.0,1.0,0.0,0.0,0.0,0.0,0.0,0.0,0.0,0.0,0.0,0.0,0.0,0.0
阿拉善盟,2011,4,4,1.0,1.0,0.0,0.0,0.0,0.0,0.0,0.0,0.0,0.0,0.0,0.0,0.0,0.0
阿拉善盟,2012,7,7,0.14285714285714285,0.14285714285714285,0.0,0.0,0.0,0.0,0.8571428571428571,0.8571428571428571,0.0,0.0,0.0,0.0,0.0,0.0
阿拉善盟,2013,6,6,0.6666666666666666,0.6666666666666666,0.0,0.0,0.0,0.0,0.3333333333333333,0.3333333333333333,0.0,0.0,0.0,0.0,0.0,0.0
阿拉善盟,2014,26,26,0.5769230769230769,0.5769230769230769,0.0,0.0,0.0,0.0,0.4230769230769231,0.4230769230769231,0.0,0.0,0.0,0.0,0.0,0.0
阿拉善盟,2015,26,26,0.5384615384615384,0.5384615384615384,0.0,0.0,0.0,0.0,0.46153846153846156,0.46153846153846156,0.0,0.0,0.0,0.0,0.0,0.0
阿拉善盟,2016,20,20,0.45,0.45,0.0,0.0,0.0,0.0,0.35,0.35,0.2,0.2,0.0,0.0,0.0,0.0
阿拉善盟,2017,21,21,0.8571428571428571,0.8571428571428571,0.0,0.0,0.0,0.0,0.09523809523809523,0.09523809523809523,0.047619047619047616,0.047619047619047616,0.0,0.0,0.0,0.0
阿拉善盟,2018,42,41,0.47619047619047616,0.4878048780487805,0.0,0.0,0.07142857142857142,0.07317073170731707,0.30952380952380953,0.3170731707317073,0.0,0.0,0.09523809523809523,0.0975609756097561,0.023809523809523808,0.024390243902439025
阿拉善盟,2019,38,38,0.7894736842105263,0.7894736842105263,0.0,0.0,0.07894736842105263,0.07894736842105263,0.07894736842105263,0.07894736842105263,0.02631578947368421,0.02631578947368421,0.02631578947368421,0.02631578947368421,0.0,0.0
阿拉善盟,2020,50,38,0.7,0.9210526315789473,0.0,0.0,0.0,0.0,0.02,0.02631578947368421,0.02,0.02631578947368421,0.02,0.02631578947368421,0.0,0.0
阿拉善盟,2021,58,41,0.6206896551724138,0.8780487804878049,0.0,0.0,0.0,0.0,0.017241379310344827,0.024390243902439025,0.0,0.0,0.06896551724137931,0.0975609756097561,0.0,0.0
阿拉善盟,2022,48,33,0.5833333333333334,0.8484848484848485,0.0,0.0,0.0,0.0,0.0,0.0,0.0625,0.09090909090909091,0.041666666666666664,0.06060606060606061,0.0,0.0
阿拉善盟,2023,67,50,0.6716417910447762,0.9,0.0,0.0,0.0,0.0,0.0,0.0,0.0,0.0,0.07462686567164178,0.1,0.0,0.0
阿拉尔,2008,4,4,0.0,0.0,0.0,0.0,0.0,0.0,0.5,0.5,0.0,0.0,0.0,0.0,0.5,0.5
阿拉尔,2009,1,1,0.0,0.0,0.0,0.0,0.0,0.0,0.0,0.0,0.0,0.0,0.0,0.0,1.0,1.0
阿拉尔,2010,3,3,0.3333333333333333,0.3333333333333333,0.0,0.0,0.0,0.0,0.3333333333333333,0.3333333333333333,0.3333333333333333,0.3333333333333333,0.0,0.0,0.0,0.0
阿拉尔,2011,12,12,0.08333333333333333,0.08333333333333333,0.0,0.0,0.0,0.0,0.3333333333333333,0.3333333333333333,0.0,0.0,0.0,0.0,0.5833333333333334,0.5833333333333334
阿拉尔,2012,11,11,0.09090909090909091,0.09090909090909091,0.0,0.0,0.0,0.0,0.09090909090909091,0.09090909090909091,0.0,0.0,0.0,0.0,0.8181818181818182,0.8181818181818182
阿拉尔,2013,28,28,0.07142857142857142,0.07142857142857142,0.0,0.0,0.0,0.0,0.03571428571428571,0.03571428571428571,0.0,0.0,0.0,0.0,0.8928571428571429,0.8928571428571429
阿拉尔,2014,23,23,0.0,0.0,0.0,0.0,0.0,0.0,0.0,0.0,0.0,0.0,0.0,0.0,1.0,1.0
阿拉尔,2015,34,34,0.08823529411764706,0.08823529411764706,0.0,0.0,0.0,0.0,0.11764705882352941,0.11764705882352941,0.0,0.0,0.0,0.0,0.7941176470588235,0.7941176470588235
阿拉尔,2016,75,75,0.0,0.0,0.0,0.0,0.0,0.0,0.02666666666666667,0.02666666666666667,0.0,0.0,0.0,0.0,0.9733333333333334,0.9733333333333334
阿拉尔,2017,62,62,0.0,0.0,0.0,0.0,0.0,0.0,0.03225806451612903,0.03225806451612903,0.0,0.0,0.0,0.0,0.967741935483871,0.967741935483871
阿拉尔,2018,109,109,0.027522935779816515,0.027522935779816515,0.0,0.0,0.0,0.0,0.07339449541284404,0.07339449541284404,0.0,0.0,0.0,0.0,0.8990825688073395,0.8990825688073395
阿拉尔,2019,108,108,0.12962962962962962,0.12962962962962962,0.0,0.0,0.0,0.0,0.018518518518518517,0.018518518518518517,0.0,0.0,0.0,0.0,0.8518518518518519,0.8518518518518519
阿拉尔,2020,192,192,0.09375,0.09375,0.0,0.0,0.0,0.0,0.010416666666666666,0.010416666666666666,0.0,0.0,0.005208333333333333,0.005208333333333333,0.890625,0.890625
阿拉尔,2021,202,202,0.054455445544554455,0.054455445544554455,0.0,0.0,0.0,0.0,0.034653465346534656,0.034653465346534656,0.0049504950495049506,0.0049504950495049506,0.0,0.0,0.905940594059406,0.905940594059406
阿拉尔,2022,220,218,0.11818181818181818,0.11926605504587157,0.004545454545454545,0.0045871559633027525,0.0,0.0,0.04090909090909091,0.04128440366972477,0.0,0.0,0.004545454545454545,0.0045871559633027525,0.8227272727272728,0.8302752293577982
阿拉尔,2023,213,213,0.1267605633802817,0.1267605633802817,0.0,0.0,0.0,0.0,0.009389671361502348,0.009389671361502348,0.0,0.0,0.004694835680751174,0.004694835680751174,0.8591549295774648,0.8591549295774648
阿里,2023,9,9,0.8888888888888888,0.8888888888888888,0.0,0.0,0.0,0.0,0.1111111111111111,0.1111111111111111,0.0,0.0,0.0,0.0,0.0,0.0
阿里地区,2009,1,1,1.0,1.0,0.0,0.0,0.0,0.0,0.0,0.0,0.0,0.0,0.0,0.0,0.0,0.0
阿里地区,2012,2,2,1.0,1.0,0.0,0.0,0.0,0.0,0.0,0.0,0.0,0.0,0.0,0.0,0.0,0.0
阿里地区,2015,1,1,1.0,1.0,0.0,0.0,0.0,0.0,0.0,0.0,0.0,0.0,0.0,0.0,0.0,0.0
阿里地区,2019,1,1,1.0,1.0,0.0,0.0,0.0,0.0,0.0,0.0,0.0,0.0,0.0,0.0,0.0,0.0
阿里地区,2020,3,3,0.6666666666666666,0.6666666666666666,0.0,0.0,0.0,0.0,0.3333333333333333,0.3333333333333333,0.0,0.0,0.0,0.0,0.0,0.0
阿里地区,2022,3,3,0.6666666666666666,0.6666666666666666,0.0,0.0,0.0,0.0,0.3333333333333333,0.3333333333333333,0.0,0.0,0.0,0.0,0.0,0.0
阿里地区,2023,15,15,1.0,1.0,0.0,0.0,0.0,0.0,0.0,0.0,0.0,0.0,0.0,0.0,0.0,0.0
陇南,2008,6,6,0.16666666666666666,0.16666666666666666,0.0,0.0,0.0,0.0,0.8333333333333334,0.8333333333333334,0.0,0.0,0.0,0.0,0.0,0.0
陇南,2009,4,4,0.0,0.0,0.0,0.0,0.0,0.0,1.0,1.0,0.0,0.0,0.0,0.0,0.0,0.0
陇南,2010,8,8,0.0,0.0,0.0,0.0,0.0,0.0,1.0,1.0,0.0,0.0,0.0,0.0,0.0,0.0
陇南,2011,8,8,0.25,0.25,0.0,0.0,0.0,0.0,0.75,0.75,0.0,0.0,0.0,0.0,0.0,0.0
陇南,2012,12,12,0.16666666666666666,0.16666666666666666,0.0,0.0,0.0,0.0,0.75,0.75,0.08333333333333333,0.08333333333333333,0.0,0.0,0.0,0.0
陇南,2013,6,6,0.16666666666666666,0.16666666666666666,0.0,0.0,0.0,0.0,0.8333333333333334,0.8333333333333334,0.0,0.0,0.0,0.0,0.0,0.0
陇南,2014,44,37,0.13636363636363635,0.16216216216216217,0.0,0.0,0.0,0.0,0.6818181818181818,0.8108108108108109,0.022727272727272728,0.02702702702702703,0.0,0.0,0.0,0.0
陇南,2015,39,34,0.2564102564102564,0.29411764705882354,0.0,0.0,0.0,0.0,0.5384615384615384,0.6176470588235294,0.07692307692307693,0.08823529411764706,0.0,0.0,0.0,0.0
陇南,2016,52,45,0.4230769230769231,0.4888888888888889,0.0,0.0,0.0,0.0,0.3269230769230769,0.37777777777777777,0.11538461538461539,0.13333333333333333,0.0,0.0,0.0,0.0
陇南,2017,90,69,0.2777777777777778,0.36231884057971014,0.0,0.0,0.0,0.0,0.4888888888888889,0.6376811594202898,0.0,0.0,0.0,0.0,0.0,0.0
陇南,2018,100,77,0.37,0.4805194805194805,0.0,0.0,0.0,0.0,0.36,0.4675324675324675,0.04,0.05194805194805195,0.0,0.0,0.0,0.0
陇南,2019,87,64,0.40229885057471265,0.546875,0.0,0.0,0.0,0.0,0.2413793103448276,0.328125,0.022988505747126436,0.03125,0.06896551724137931,0.09375,0.0,0.0
陇南,2020,86,55,0.3953488372093023,0.6181818181818182,0.0,0.0,0.0,0.0,0.19767441860465115,0.3090909090909091,0.046511627906976744,0.07272727272727272,0.0,0.0,0.0,0.0
陇南,2021,92,55,0.2608695652173913,0.43636363636363634,0.0,0.0,0.0,0.0,0.31521739130434784,0.5272727272727272,0.021739130434782608,0.03636363636363636,0.0,0.0,0.0,0.0
陇南,2022,95,59,0.43157894736842106,0.6949152542372882,0.0,0.0,0.0,0.0,0.12631578947368421,0.2033898305084746,0.0,0.0,0.06315789473684211,0.1016949152542373,0.0,0.0
陇南,2023,99,62,0.6060606060606061,0.967741935483871,0.0,0.0,0.0,0.0,0.020202020202020204,0.03225806451612903,0.0,0.0,0.0,0.0,0.0,0.0
陵水,2018,5,5,1.0,1.0,0.0,0.0,0.0,0.0,0.0,0.0,0.0,0.0,0.0,0.0,0.0,0.0
陵水,2019,6,6,1.0,1.0,0.0,0.0,0.0,0.0,0.0,0.0,0.0,0.0,0.0,0.0,0.0,0.0
陵水,2020,3,3,0.6666666666666666,0.6666666666666666,0.0,0.0,0.0,0.0,0.3333333333333333,0.3333333333333333,0.0,0.0,0.0,0.0,0.0,0.0
陵水,2021,5,5,1.0,1.0,0.0,0.0,0.0,0.0,0.0,0.0,0.0,0.0,0.0,0.0,0.0,0.0
陵水,2022,3,3,1.0,1.0,0.0,0.0,0.0,0.0,0.0,0.0,0.0,0.0,0.0,0.0,0.0,0.0
陵水,2023,24,24,0.8333333333333334,0.8333333333333334,0.0,0.0,0.0,0.0,0.125,0.125,0.041666666666666664,0.041666666666666664,0.0,0.0,0.0,0.0
陵水黎族自治县,2008,19,19,0.0,0.0,0.0,0.0,0.0,0.0,0.05263157894736842,0.05263157894736842,0.0,0.0,0.9473684210526315,0.9473684210526315,0.0,0.0
陵水黎族自治县,2009,41,41,0.0,0.0,0.0,0.0,0.0,0.0,0.3170731707317073,0.3170731707317073,0.0,0.0,0.6585365853658537,0.6585365853658537,0.024390243902439025,0.024390243902439025
陵水黎族自治县,2010,30,30,0.0,0.0,0.0,0.0,0.0,0.0,0.06666666666666667,0.06666666666666667,0.0,0.0,0.9333333333333333,0.9333333333333333,0.0,0.0
陵水黎族自治县,2011,13,13,0.0,0.0,0.0,0.0,0.0,0.0,0.15384615384615385,0.15384615384615385,0.0,0.0,0.8461538461538461,0.8461538461538461,0.0,0.0
陵水黎族自治县,2012,54,54,0.018518518518518517,0.018518518518518517,0.0,0.0,0.0,0.0,0.037037037037037035,0.037037037037037035,0.0,0.0,0.9259259259259259,0.9259259259259259,0.018518518518518517,0.018518518518518517
陵水黎族自治县,2013,57,57,0.0,0.0,0.0,0.0,0.0,0.0,0.03508771929824561,0.03508771929824561,0.0,0.0,0.9649122807017544,0.9649122807017544,0.0,0.0
陵水黎族自治县,2014,43,43,0.0,0.0,0.0,0.0,0.0,0.0,0.0,0.0,0.0,0.0,1.0,1.0,0.0,0.0
陵水黎族自治县,2015,66,66,0.0,0.0,0.0,0.0,0.0,0.0,0.07575757575757576,0.07575757575757576,0.0,0.0,0.9242424242424242,0.9242424242424242,0.0,0.0
陵水黎族自治县,2016,77,77,0.14285714285714285,0.14285714285714285,0.0,0.0,0.0,0.0,0.03896103896103896,0.03896103896103896,0.012987012987012988,0.012987012987012988,0.8051948051948052,0.8051948051948052,0.0,0.0
陵水黎族自治县,2017,44,44,0.36363636363636365,0.36363636363636365,0.0,0.0,0.0,0.0,0.045454545454545456,0.045454545454545456,0.0,0.0,0.5909090909090909,0.5909090909090909,0.0,0.0
陵水黎族自治县,2018,31,31,0.9032258064516129,0.9032258064516129,0.0,0.0,0.0,0.0,0.0967741935483871,0.0967741935483871,0.0,0.0,0.0,0.0,0.0,0.0
陵水黎族自治县,2019,32,32,0.78125,0.78125,0.0,0.0,0.0,0.0,0.21875,0.21875,0.0,0.0,0.0,0.0,0.0,0.0
陵水黎族自治县,2020,21,21,0.6666666666666666,0.6666666666666666,0.0,0.0,0.0,0.0,0.2857142857142857,0.2857142857142857,0.047619047619047616,0.047619047619047616,0.0,0.0,0.0,0.0
陵水黎族自治县,2021,52,52,0.9038461538461539,0.9038461538461539,0.0,0.0,0.0,0.0,0.07692307692307693,0.07692307692307693,0.0,0.0,0.019230769230769232,0.019230769230769232,0.0,0.0
陵水黎族自治县,2022,36,36,0.9166666666666666,0.9166666666666666,0.0,0.0,0.0,0.0,0.08333333333333333,0.08333333333333333,0.0,0.0,0.0,0.0,0.0,0.0
陵水黎族自治县,2023,19,19,0.631578947368421,0.631578947368421,0.0,0.0,0.0,0.0,0.2631578947368421,0.2631578947368421,0.10526315789473684,0.10526315789473684,0.0,0.0,0.0,0.0
随州,2008,33,30,0.48484848484848486,0.5333333333333333,0.0,0.0,0.0,0.0,0.42424242424242425,0.4666666666666667,0.0,0.0,0.0,0.0,0.0,0.0
随州,2009,36,29,0.5,0.6206896551724138,0.0,0.0,0.0,0.0,0.3055555555555556,0.3793103448275862,0.0,0.0,0.0,0.0,0.0,0.0
随州,2010,51,38,0.5882352941176471,0.7894736842105263,0.0,0.0,0.0,0.0,0.1568627450980392,0.21052631578947367,0.0,0.0,0.0,0.0,0.0,0.0
随州,2011,79,54,0.45569620253164556,0.6666666666666666,0.0,0.0,0.012658227848101266,0.018518518518518517,0.21518987341772153,0.3148148148148148,0.0,0.0,0.0,0.0,0.0,0.0
随州,2012,81,39,0.2962962962962963,0.6153846153846154,0.0,0.0,0.0,0.0,0.18518518518518517,0.38461538461538464,0.0,0.0,0.0,0.0,0.0,0.0
随州,2013,104,62,0.5192307692307693,0.8709677419354839,0.0,0.0,0.0,0.0,0.07692307692307693,0.12903225806451613,0.0,0.0,0.0,0.0,0.0,0.0
随州,2014,104,61,0.47115384615384615,0.8032786885245902,0.0,0.0,0.0,0.0,0.11538461538461539,0.19672131147540983,0.0,0.0,0.0,0.0,0.0,0.0
随州,2015,105,59,0.4,0.711864406779661,0.0,0.0,0.0,0.0,0.10476190476190476,0.1864406779661017,0.0,0.0,0.05714285714285714,0.1016949152542373,0.0,0.0
随州,2016,126,75,0.3888888888888889,0.6533333333333333,0.0,0.0,0.0,0.0,0.20634920634920634,0.3466666666666667,0.0,0.0,0.0,0.0,0.0,0.0
随州,2017,742,583,0.27628032345013476,0.3516295025728988,0.0,0.0,0.0,0.0,0.27897574123989216,0.35506003430531735,0.0,0.0,0.0,0.0,0.23045822102425875,0.2933104631217839
随州,2018,455,313,0.5010989010989011,0.7284345047923323,0.0,0.0,0.0,0.0,0.12087912087912088,0.1757188498402556,0.0,0.0,0.0,0.0,0.06593406593406594,0.09584664536741214
随州,2019,159,80,0.34591194968553457,0.6875,0.0,0.0,0.0,0.0,0.11949685534591195,0.2375,0.0,0.0,0.03773584905660377,0.075,0.0,0.0
随州,2020,229,107,0.34497816593886466,0.7383177570093458,0.0,0.0,0.0,0.0,0.07860262008733625,0.16822429906542055,0.0,0.0,0.043668122270742356,0.09345794392523364,0.0,0.0
随州,2021,290,146,0.42758620689655175,0.8493150684931506,0.0,0.0,0.0,0.0,0.05517241379310345,0.1095890410958904,0.0,0.0,0.020689655172413793,0.0410958904109589,0.0,0.0
随州,2022,293,143,0.45051194539249145,0.9230769230769231,0.0,0.0,0.0,0.0,0.03754266211604096,0.07692307692307693,0.0,0.0,0.0,0.0,0.0,0.0
随州,2023,373,242,0.6487935656836461,1.0,0.0,0.0,0.0,0.0,0.0,0.0,0.0,0.0,0.0,0.0,0.0,0.0
雅安,2008,17,17,0.35294117647058826,0.35294117647058826,0.0,0.0,0.0,0.0,0.35294117647058826,0.35294117647058826,0.0,0.0,0.0,0.0,0.29411764705882354,0.29411764705882354
雅安,2009,38,38,0.21052631578947367,0.21052631578947367,0.0,0.0,0.0,0.0,0.2894736842105263,0.2894736842105263,0.0,0.0,0.0,0.0,0.5,0.5
雅安,2010,59,52,0.06779661016949153,0.07692307692307693,0.0,0.0,0.0,0.0,0.3220338983050847,0.36538461538461536,0.0,0.0,0.0,0.0,0.4915254237288136,0.5576923076923077
雅安,2011,104,103,0.17307692307692307,0.17475728155339806,0.0,0.0,0.0,0.0,0.125,0.1262135922330097,0.0,0.0,0.0,0.0,0.6923076923076923,0.6990291262135923
雅安,2012,139,119,0.2589928057553957,0.3025210084033613,0.0,0.0,0.0,0.0,0.05755395683453238,0.06722689075630252,0.0,0.0,0.0,0.0,0.539568345323741,0.6302521008403361
雅安,2013,232,215,0.22844827586206898,0.24651162790697675,0.0,0.0,0.0,0.0,0.021551724137931036,0.023255813953488372,0.0,0.0,0.0,0.0,0.6767241379310345,0.7302325581395349
雅安,2014,198,159,0.23737373737373738,0.29559748427672955,0.0,0.0,0.0,0.0,0.04040404040404041,0.050314465408805034,0.0,0.0,0.0,0.0,0.5252525252525253,0.6540880503144654
雅安,2015,269,196,0.26765799256505574,0.3673469387755102,0.0,0.0,0.0,0.0,0.13382899628252787,0.1836734693877551,0.0,0.0,0.0,0.0,0.3271375464684015,0.4489795918367347
雅安,2016,376,179,0.27393617021276595,0.5754189944134078,0.0,0.0,0.0,0.0,0.07446808510638298,0.1564245810055866,0.0,0.0,0.0,0.0,0.1276595744680851,0.2681564245810056
雅安,2017,522,211,0.19923371647509577,0.4928909952606635,0.0,0.0,0.0,0.0,0.028735632183908046,0.07109004739336493,0.06130268199233716,0.15165876777251186,0.0,0.0,0.11494252873563218,0.2843601895734597
雅安,2018,399,228,0.2681704260651629,0.4692982456140351,0.0,0.0,0.0,0.0,0.12030075187969924,0.21052631578947367,0.02506265664160401,0.043859649122807015,0.0,0.0,0.15789473684210525,0.27631578947368424
雅安,2019,218,156,0.2981651376146789,0.4166666666666667,0.0,0.0,0.0,0.0,0.013761467889908258,0.019230769230769232,0.0,0.0,0.03669724770642202,0.05128205128205128,0.3669724770642202,0.5128205128205128
雅安,2020,222,152,0.28378378378378377,0.4144736842105263,0.0,0.0,0.013513513513513514,0.019736842105263157,0.10810810810810811,0.15789473684210525,0.0,0.0,0.0,0.0,0.27927927927927926,0.40789473684210525
雅安,2021,349,240,0.3954154727793696,0.575,0.0,0.0,0.0,0.0,0.034383954154727794,0.05,0.0,0.0,0.0,0.0,0.25787965616045844,0.375
雅安,2022,457,358,0.36980306345733044,0.4720670391061452,0.0,0.0,0.028446389496717725,0.036312849162011177,0.0,0.0,0.0087527352297593,0.0111731843575419,0.0,0.0,0.37636761487964987,0.48044692737430167
雅安,2023,630,453,0.2714285714285714,0.37748344370860926,0.0,0.0,0.0,0.0,0.0,0.0,0.011111111111111112,0.01545253863134658,0.0,0.0,0.4365079365079365,0.6070640176600441
青岛,2008,1617,847,0.19480519480519481,0.371900826446281,0.0,0.0,0.0,0.0,0.04267161410018553,0.08146399055489964,0.013605442176870748,0.025974025974025976,0.09338280766852196,0.1782762691853601,0.17934446505875076,0.34238488783943327
青岛,2009,2008,1019,0.22858565737051792,0.450441609421001,0.0,0.0,0.0,0.0,0.01045816733067729,0.020608439646712464,0.0,0.0,0.08914342629482072,0.17566241413150147,0.17928286852589642,0.35328753680078506
青岛,2010,2654,1286,0.21100226073850792,0.4354587869362364,0.0,0.0,0.0,0.0,0.0,0.0,0.0,0.0,0.09080633006782216,0.187402799377916,0.1827430293896006,0.3771384136858476
青岛,2011,3890,1781,0.2210796915167095,0.48287478944413254,0.0,0.0,0.0,0.0,0.0,0.0,0.0,0.0,0.05886889460154242,0.12857944974733296,0.17789203084832905,0.38854576080853453
青岛,2012,10384,2866,0.17960323574730355,0.6507327285415213,0.0,0.0,0.0,0.0,0.0,0.0,0.0,0.0,0.0,0.0,0.09639830508474577,0.3492672714584787
青岛,2013,28717,5852,0.10203015635337953,0.5006835269993165,0.0,0.0,0.0,0.0,0.01591391858481039,0.07809295967190703,0.0,0.0,0.022773966639969355,0.11175666438824333,0.0630636904969182,0.30946684894053317
青岛,2014,26903,4746,0.08976694048990819,0.5088495575221239,0.0,0.0,0.0,0.0,0.007582797457532617,0.04298356510745891,0.0,0.0,0.006504850760138275,0.03687315634218289,0.07255696390737093,0.4112937210282343
青岛,2015,29970,5711,0.07290623957290623,0.38259499212046927,0.0,0.0,0.0,0.0,0.02365699032365699,0.12414638417089827,0.0,0.0,0.009442776109442776,0.04955349325862371,0.08455121788455122,0.44370513045000876
青岛,2016,23760,7952,0.16906565656565656,0.5051559356136821,0.0,0.0,0.0,0.0,0.0,0.0,0.0,0.0,0.010227272727272727,0.03055835010060362,0.15538720538720538,0.4642857142857143
青岛,2017,21904,8800,0.2226990504017531,0.5543181818181818,0.0,0.0,0.0,0.0,0.0,0.0,0.0,0.0,0.0195854638422206,0.04875,0.15946859021183346,0.39693181818181816
青岛,2018,22120,10696,0.2741862567811935,0.5670344053851907,0.0,0.0,0.01139240506329114,0.02356020942408377,0.0,0.0,0.0,0.0,0.0,0.0,0.19796564195298372,0.4094053851907255
青岛,2019,23680,10791,0.23944256756756757,0.5254378648874062,0.0,0.0,0.013851351351351352,0.030395700120470763,0.0,0.0,0.0,0.0,0.008910472972972972,0.019553331479936986,0.19349662162162162,0.42461310351218606
青岛,2020,27634,11090,0.22559166244481435,0.5621280432822362,0.0,0.0,0.015524354056596947,0.03868349864743012,0.0,0.0,0.0,0.0,0.0,0.0,0.16020120141854238,0.39918845807033365
青岛,2021,30447,13955,0.28206391434295663,0.6154066642780366,0.0,0.0,0.013170427299898185,0.02873522035112863,0.0,0.0,0.0,0.0,0.0,0.0,0.16310309718527277,0.35585811537083484
青岛,2022,34683,16695,0.29331372718622956,0.6093441150044924,0.0,0.0,0.008995761612317273,0.018688230008984726,0.0,0.0,0.0,0.0,0.0,0.0,0.17905025516823805,0.3719676549865229
青岛,2023,34571,15120,0.2325648665066096,0.5317460317460317,0.0,0.0,0.0,0.0,0.009805906684793614,0.02242063492063492,0.0,0.0,0.0,0.0,0.19499002053744469,0.44583333333333336
鞍山,2008,636,314,0.43238993710691825,0.8757961783439491,0.0,0.0,0.0,0.0,0.04245283018867924,0.08598726114649681,0.0,0.0,0.0,0.0,0.018867924528301886,0.03821656050955414
鞍山,2009,568,353,0.551056338028169,0.886685552407932,0.0,0.0,0.0,0.0,0.056338028169014086,0.0906515580736544,0.0,0.0,0.0,0.0,0.014084507042253521,0.0226628895184136
鞍山,2010,598,416,0.6304347826086957,0.90625,0.0,0.0,0.0,0.0,0.03177257525083612,0.04567307692307692,0.0,0.0,0.0,0.0,0.033444816053511704,0.04807692307692308
鞍山,2011,670,452,0.5940298507462687,0.8805309734513275,0.0,0.0,0.0,0.0,0.041791044776119404,0.061946902654867256,0.0,0.0,0.0,0.0,0.03880597014925373,0.05752212389380531
鞍山,2012,763,568,0.6304062909567497,0.846830985915493,0.0,0.0,0.0,0.0,0.04325032765399738,0.058098591549295774,0.0,0.0,0.0,0.0,0.07077326343381389,0.09507042253521127
鞍山,2013,811,564,0.6066584463625154,0.8723404255319149,0.0,0.0,0.0,0.0,0.027127003699136867,0.03900709219858156,0.0,0.0,0.0,0.0,0.06165228113440197,0.08865248226950355
鞍山,2014,947,642,0.5839493136219641,0.8613707165109035,0.0,0.0,0.0,0.0,0.008447729672650475,0.012461059190031152,0.0,0.0,0.004223864836325237,0.006230529595015576,0.08130939809926083,0.11993769470404984
鞍山,2015,1015,672,0.5428571428571428,0.8199404761904762,0.0,0.0,0.0,0.0,0.04039408866995074,0.06101190476190476,0.0,0.0,0.0,0.0,0.07881773399014778,0.11904761904761904
鞍山,2016,1023,698,0.5268817204301075,0.7722063037249284,0.0,0.0,0.0,0.0,0.05083088954056696,0.07449856733524356,0.0,0.0,0.0,0.0,0.10459433040078202,0.15329512893982808
鞍山,2017,1192,848,0.5268456375838926,0.7405660377358491,0.0,0.0,0.0,0.0,0.025167785234899327,0.03537735849056604,0.0,0.0,0.0,0.0,0.1593959731543624,0.2240566037735849
鞍山,2018,1189,826,0.5096719932716569,0.7336561743341404,0.0,0.0,0.0,0.0,0.01345668629100084,0.01937046004842615,0.0,0.0,0.0,0.0,0.17157275021026072,0.2469733656174334
鞍山,2019,1414,995,0.4837340876944837,0.6874371859296482,0.0,0.0,0.0,0.0,0.021923620933521924,0.031155778894472363,0.0,0.0,0.0,0.0,0.19801980198019803,0.2814070351758794
鞍山,2020,1752,1168,0.4429223744292237,0.6643835616438356,0.0,0.0,0.0,0.0,0.0091324200913242,0.0136986301369863,0.0,0.0,0.0,0.0,0.2146118721461187,0.3219178082191781
鞍山,2021,1396,899,0.5415472779369628,0.8409343715239155,0.0,0.0,0.0,0.0,0.00501432664756447,0.00778642936596218,0.0,0.0,0.0,0.0,0.09742120343839542,0.15127919911012236
鞍山,2022,1277,934,0.6342991386061081,0.867237687366167,0.0,0.0,0.0,0.0,0.008613938919342208,0.011777301927194861,0.0,0.0,0.009397024275646046,0.01284796573875803,0.07909162098668755,0.10813704496788008
鞍山,2023,1551,1274,0.7279174725983236,0.8861852433281004,0.0,0.0,0.0,0.0,0.0,0.0,0.0,0.0,0.0,0.0,0.09348807221147647,0.11381475667189953
韶关,2008,66,49,0.4393939393939394,0.5918367346938775,0.0,0.0,0.0,0.0,0.2727272727272727,0.3673469387755102,0.0,0.0,0.0,0.0,0.030303030303030304,0.04081632653061224
韶关,2009,71,50,0.2112676056338028,0.3,0.0,0.0,0.0,0.0,0.38028169014084506,0.54,0.0,0.0,0.014084507042253521,0.02,0.09859154929577464,0.14
韶关,2010,137,84,0.27007299270072993,0.44047619047619047,0.0,0.0,0.0,0.0,0.31386861313868614,0.5119047619047619,0.0,0.0,0.0,0.0,0.029197080291970802,0.047619047619047616
韶关,2011,170,100,0.22941176470588234,0.39,0.0,0.0,0.0,0.0,0.3235294117647059,0.55,0.0,0.0,0.0,0.0,0.03529411764705882,0.06
韶关,2012,258,155,0.20930232558139536,0.34838709677419355,0.0,0.0,0.0,0.0,0.32558139534883723,0.5419354838709678,0.0,0.0,0.0,0.0,0.06589147286821706,0.10967741935483871
韶关,2013,306,168,0.13398692810457516,0.24404761904761904,0.0,0.0,0.0,0.0,0.4019607843137255,0.7321428571428571,0.013071895424836602,0.023809523809523808,0.0,0.0,0.0,0.0
韶关,2014,396,248,0.20707070707070707,0.33064516129032256,0.0,0.0,0.0,0.0,0.3484848484848485,0.5564516129032258,0.03282828282828283,0.05241935483870968,0.0,0.0,0.03787878787878788,0.06048387096774194
韶关,2015,608,405,0.1611842105263158,0.2419753086419753,0.0,0.0,0.0,0.0,0.48355263157894735,0.725925925925926,0.0,0.0,0.0,0.0,0.02138157894736842,0.03209876543209877
韶关,2016,556,336,0.24820143884892087,0.4107142857142857,0.0,0.0,0.0,0.0,0.3039568345323741,0.5029761904761905,0.0,0.0,0.0,0.0,0.052158273381294966,0.08630952380952381
韶关,2017,749,418,0.11882510013351134,0.21291866028708134,0.0,0.0,0.0,0.0,0.4045393858477971,0.7248803827751196,0.0,0.0,0.0,0.0,0.03471295060080107,0.06220095693779904
韶关,2018,906,350,0.23620309050772628,0.6114285714285714,0.0,0.0,0.0,0.0,0.05739514348785872,0.14857142857142858,0.0,0.0,0.0,0.0,0.09271523178807947,0.24
韶关,2019,767,362,0.40547588005215124,0.8591160220994475,0.0,0.0,0.0,0.0,0.009126466753585397,0.019337016574585635,0.0,0.0,0.0,0.0,0.05736636245110821,0.12154696132596685
韶关,2020,1465,726,0.45119453924914676,0.9104683195592287,0.0,0.0,0.0,0.0,0.013651877133105802,0.027548209366391185,0.0,0.0,0.0,0.0,0.030716723549488054,0.06198347107438017
韶关,2021,1414,764,0.5134370579915134,0.9502617801047121,0.0,0.0,0.0,0.0,0.0,0.0,0.0,0.0,0.006364922206506365,0.011780104712041885,0.02050919377652051,0.03795811518324607
韶关,2022,1365,806,0.5347985347985348,0.9057071960297767,0.0,0.0,0.0,0.0,0.013186813186813187,0.022332506203473945,0.0,0.0,0.0,0.0,0.04249084249084249,0.07196029776674938
韶关,2023,1438,775,0.47426981919332406,0.88,0.0,0.0,0.0,0.0,0.0,0.0,0.0,0.0,0.0,0.0,0.06467315716272601,0.12
香港,2008,1,1,0.0,0.0,0.0,0.0,0.0,0.0,0.0,0.0,0.0,0.0,0.0,0.0,1.0,1.0
香港,2013,2,2,0.5,0.5,0.0,0.0,0.0,0.0,0.0,0.0,0.0,0.0,0.0,0.0,0.5,0.5
香港,2014,7,7,0.8571428571428571,0.8571428571428571,0.0,0.0,0.0,0.0,0.0,0.0,0.0,0.0,0.0,0.0,0.14285714285714285,0.14285714285714285
香港,2015,7,7,1.0,1.0,0.0,0.0,0.0,0.0,0.0,0.0,0.0,0.0,0.0,0.0,0.0,0.0
香港,2016,21,21,0.8571428571428571,0.8571428571428571,0.0,0.0,0.0,0.0,0.0,0.0,0.0,0.0,0.0,0.0,0.14285714285714285,0.14285714285714285
香港,2017,33,33,0.8484848484848485,0.8484848484848485,0.0,0.0,0.0,0.0,0.06060606060606061,0.06060606060606061,0.06060606060606061,0.06060606060606061,0.0,0.0,0.030303030303030304,0.030303030303030304
香港,2018,82,62,0.6097560975609756,0.8064516129032258,0.0,0.0,0.0,0.0,0.0,0.0,0.0,0.0,0.0,0.0,0.14634146341463414,0.1935483870967742
香港,2019,195,122,0.46153846153846156,0.7377049180327869,0.0,0.0,0.0,0.0,0.0,0.0,0.0,0.0,0.0,0.0,0.1641025641025641,0.26229508196721313
香港,2020,339,224,0.44837758112094395,0.6785714285714286,0.0,0.0,0.0,0.0,0.0,0.0,0.0,0.0,0.0,0.0,0.21238938053097345,0.32142857142857145
香港,2021,385,228,0.38701298701298703,0.6535087719298246,0.0,0.0,0.0,0.0,0.0,0.0,0.0,0.0,0.0,0.0,0.2051948051948052,0.34649122807017546
香港,2022,552,278,0.22826086956521738,0.45323741007194246,0.0,0.0,0.0,0.0,0.0,0.0,0.0,0.0,0.0,0.0,0.2753623188405797,0.5467625899280576
香港,2023,1012,475,0.21640316205533597,0.4610526315789474,0.0,0.0,0.0,0.0,0.0,0.0,0.0,0.0,0.0,0.0,0.25296442687747034,0.5389473684210526
香港特别行政区,2008,621,285,0.2946859903381642,0.6421052631578947,0.0,0.0,0.0,0.0,0.008051529790660225,0.017543859649122806,0.0,0.0,0.0,0.0,0.15619967793880837,0.34035087719298246
香港特别行政区,2009,693,310,0.3189033189033189,0.7129032258064516,0.0,0.0,0.0,0.0,0.0,0.0,0.023088023088023088,0.05161290322580645,0.0,0.0,0.10533910533910534,0.23548387096774193
香港特别行政区,2010,882,446,0.36394557823129253,0.7197309417040358,0.0,0.0,0.0,0.0,0.0,0.0,0.01927437641723356,0.03811659192825112,0.0,0.0,0.12244897959183673,0.242152466367713
香港特别行政区,2011,898,433,0.3674832962138085,0.7621247113163973,0.0,0.0,0.0,0.0,0.0,0.0,0.0,0.0,0.0,0.0,0.11469933184855234,0.23787528868360278
香港特别行政区,2012,877,375,0.346636259977195,0.8106666666666666,0.0,0.0,0.0,0.0,0.0,0.0,0.0,0.0,0.0,0.0,0.08095781071835804,0.18933333333333333
香港特别行政区,2013,967,424,0.3247156153050672,0.7405660377358491,0.0,0.0,0.0,0.0,0.0,0.0,0.0,0.0,0.0,0.0,0.11375387797311272,0.25943396226415094
香港特别行政区,2014,1050,453,0.3028571428571429,0.7019867549668874,0.0,0.0,0.0,0.0,0.010476190476190476,0.024282560706401765,0.0,0.0,0.0,0.0,0.1180952380952381,0.2737306843267108
香港特别行政区,2015,1081,395,0.27567067530064754,0.7544303797468355,0.0,0.0,0.0,0.0,0.0,0.0,0.0,0.0,0.0,0.0,0.08973172987974098,0.24556962025316456
香港特别行政区,2016,1377,563,0.3021060275962237,0.738898756660746,0.0,0.0,0.0,0.0,0.0,0.0,0.0,0.0,0.0,0.0,0.10675381263616558,0.261101243339254
香港特别行政区,2017,1487,562,0.2528581035642233,0.6690391459074733,0.0,0.0,0.0,0.0,0.02824478816408877,0.07473309608540925,0.0,0.0,0.0,0.0,0.0968392737054472,0.25622775800711745
香港特别行政区,2018,1792,867,0.39676339285714285,0.8200692041522492,0.0,0.0,0.0,0.0,0.01953125,0.040369088811995385,0.0,0.0,0.0,0.0,0.06752232142857142,0.1395617070357555
香港特别行政区,2019,1335,430,0.20599250936329588,0.6395348837209303,0.0,0.0,0.0,0.0,0.008239700374531835,0.02558139534883721,0.0,0.0,0.0,0.0,0.10786516853932585,0.33488372093023255
香港特别行政区,2020,1370,545,0.23722627737226276,0.5963302752293578,0.0,0.0,0.0,0.0,0.0072992700729927005,0.01834862385321101,0.010218978102189781,0.025688073394495414,0.0,0.0,0.14306569343065692,0.3596330275229358
香港特别行政区,2021,1176,498,0.24319727891156462,0.5742971887550201,0.0,0.0,0.0,0.0,0.0,0.0,0.0,0.0,0.0,0.0,0.18027210884353742,0.42570281124497994
香港特别行政区,2022,840,402,0.25357142857142856,0.5298507462686567,0.0,0.0,0.0,0.0,0.0,0.0,0.013095238095238096,0.02736318407960199,0.0,0.0,0.2119047619047619,0.4427860696517413
香港特别行政区,2023,513,270,0.391812865497076,0.7444444444444445,0.0,0.0,0.0,0.0,0.0,0.0,0.0,0.0,0.0,0.0,0.13450292397660818,0.25555555555555554
马鞍山,2008,155,129,0.5741935483870968,0.689922480620155,0.0,0.0,0.0,0.0,0.05806451612903226,0.06976744186046512,0.0,0.0,0.012903225806451613,0.015503875968992248,0.1870967741935484,0.2248062015503876
马鞍山,2009,145,112,0.5379310344827586,0.6964285714285714,0.0,0.0,0.0,0.0,0.06206896551724138,0.08035714285714286,0.0,0.0,0.0,0.0,0.1724137931034483,0.22321428571428573
马鞍山,2010,241,173,0.5020746887966805,0.6994219653179191,0.0,0.0,0.0,0.0,0.058091286307053944,0.08092485549132948,0.0,0.0,0.0,0.0,0.15767634854771784,0.21965317919075145
马鞍山,2011,425,294,0.4964705882352941,0.717687074829932,0.0,0.0,0.0,0.0,0.009411764705882352,0.013605442176870748,0.0,0.0,0.0,0.0,0.18588235294117647,0.2687074829931973
马鞍山,2012,927,593,0.5005393743257821,0.7824620573355818,0.0,0.0,0.0,0.0,0.022653721682847898,0.03541315345699832,0.0,0.0,0.0,0.0,0.11650485436893204,0.1821247892074199
马鞍山,2013,2036,1221,0.45726915520628686,0.7624897624897625,0.0,0.0,0.0,0.0,0.02455795677799607,0.04095004095004095,0.04223968565815324,0.07043407043407043,0.0,0.0,0.0756385068762279,0.12612612612612611
马鞍山,2014,2990,1213,0.225752508361204,0.5564715581203628,0.0,0.0,0.0,0.0,0.0765886287625418,0.18878812860676009,0.049498327759197325,0.12201154163231658,0.0,0.0,0.05384615384615385,0.1327287716405606
马鞍山,2015,3423,1285,0.2708150744960561,0.7214007782101167,0.0,0.0,0.0,0.0,0.0,0.0,0.03797838153666375,0.10116731517509728,0.0,0.0,0.06660823838737949,0.177431906614786
马鞍山,2016,4959,1618,0.23795119983867716,0.7292954264524104,0.0,0.0,0.0,0.0,0.012905827787860456,0.03955500618046971,0.018753781004234724,0.057478368355995055,0.0,0.0,0.056664650131074815,0.17367119901112485
马鞍山,2017,5844,1791,0.22399041752224505,0.7308766052484645,0.0,0.0,0.0,0.0,0.014202600958247776,0.0463428252372976,0.006331279945242984,0.02065884980457845,0.0,0.0,0.06194387405886379,0.20212171970965942
马鞍山,2018,6073,2082,0.2631318952741643,0.7675312199807877,0.0,0.0,0.0,0.0,0.005433887699654207,0.01585014409221902,0.0,0.0,0.0,0.0,0.07426313189527417,0.21661863592699326
马鞍山,2019,5121,1970,0.2995508689709041,0.7786802030456853,0.0,0.0,0.0,0.0,0.0,0.0,0.0,0.0,0.0,0.0,0.08513962116774068,0.22131979695431472
马鞍山,2020,7965,2224,0.22724419334588827,0.8138489208633094,0.0,0.0,0.0,0.0,0.0,0.0,0.0,0.0,0.0,0.0,0.0519774011299435,0.18615107913669066
马鞍山,2021,5085,2038,0.288102261553589,0.7188420019627085,0.0,0.0,0.0,0.0,0.0,0.0,0.0,0.0,0.0,0.0,0.11268436578171091,0.28115799803729147
马鞍山,2022,5665,2558,0.31844660194174756,0.7052384675527756,0.0,0.0,0.0,0.0,0.0,0.0,0.0,0.0,0.0,0.0,0.13309796999117388,0.2947615324472244
马鞍山,2023,6048,3138,0.40029761904761907,0.7715105162523901,0.0,0.0,0.0,0.0,0.0,0.0,0.0,0.0,0.0,0.0,0.1185515873015873,0.22848948374760994
驻马店,2008,68,44,0.029411764705882353,0.045454545454545456,0.0,0.0,0.0,0.0,0.6176470588235294,0.9545454545454546,0.0,0.0,0.0,0.0,0.0,0.0
驻马店,2009,126,97,0.0873015873015873,0.1134020618556701,0.0,0.0,0.0,0.0,0.6825396825396826,0.8865979381443299,0.0,0.0,0.0,0.0,0.0,0.0
驻马店,2010,116,93,0.1724137931034483,0.21505376344086022,0.0,0.0,0.0,0.0,0.6293103448275862,0.7849462365591398,0.0,0.0,0.0,0.0,0.0,0.0
驻马店,2011,124,86,0.3870967741935484,0.5581395348837209,0.0,0.0,0.0,0.0,0.2661290322580645,0.38372093023255816,0.0,0.0,0.0,0.0,0.04032258064516129,0.05813953488372093
驻马店,2012,101,68,0.2376237623762376,0.35294117647058826,0.0,0.0,0.0,0.0,0.39603960396039606,0.5882352941176471,0.0,0.0,0.0,0.0,0.039603960396039604,0.058823529411764705
驻马店,2013,145,83,0.36551724137931035,0.6385542168674698,0.0,0.0,0.0,0.0,0.1724137931034483,0.30120481927710846,0.0,0.0,0.0,0.0,0.034482758620689655,0.060240963855421686
驻马店,2014,159,88,0.27044025157232704,0.48863636363636365,0.0,0.0,0.0,0.0,0.1949685534591195,0.3522727272727273,0.0,0.0,0.018867924528301886,0.03409090909090909,0.06918238993710692,0.125
驻马店,2015,236,134,0.3983050847457627,0.7014925373134329,0.0,0.0,0.0,0.0,0.07627118644067797,0.13432835820895522,0.012711864406779662,0.022388059701492536,0.0,0.0,0.08050847457627118,0.1417910447761194
驻马店,2016,241,120,0.27800829875518673,0.5583333333333333,0.0,0.0,0.0,0.0,0.12033195020746888,0.24166666666666667,0.0,0.0,0.0,0.0,0.0995850622406639,0.2
驻马店,2017,292,155,0.2568493150684932,0.4838709677419355,0.0,0.0,0.0,0.0,0.14726027397260275,0.27741935483870966,0.0,0.0,0.0136986301369863,0.025806451612903226,0.11301369863013698,0.2129032258064516
驻马店,2018,432,256,0.33564814814814814,0.56640625,0.0,0.0,0.0,0.0,0.03935185185185185,0.06640625,0.0,0.0,0.0,0.0,0.2175925925925926,0.3671875
驻马店,2019,382,189,0.2198952879581152,0.4444444444444444,0.0,0.0,0.0,0.0,0.07329842931937172,0.14814814814814814,0.0,0.0,0.0,0.0,0.20157068062827224,0.4074074074074074
驻马店,2020,689,283,0.2525399129172714,0.6148409893992933,0.0,0.0,0.010159651669085631,0.024734982332155476,0.0,0.0,0.0,0.0,0.0,0.0,0.14804063860667635,0.36042402826855124
驻马店,2021,793,339,0.22950819672131148,0.5368731563421829,0.0,0.0,0.03909205548549811,0.09144542772861357,0.008827238335435058,0.02064896755162242,0.0,0.0,0.0,0.0,0.15006305170239598,0.35103244837758113
驻马店,2022,919,396,0.13492927094668117,0.31313131313131315,0.0,0.0,0.11207834602829161,0.2601010101010101,0.006528835690968444,0.015151515151515152,0.0,0.0,0.0,0.0,0.17736670293797607,0.4116161616161616
驻马店,2023,672,316,0.25297619047619047,0.5379746835443038,0.0,0.0,0.026785714285714284,0.056962025316455694,0.0,0.0,0.0,0.0,0.0,0.0,0.19047619047619047,0.4050632911392405
高雄,2016,1,1,1.0,1.0,0.0,0.0,0.0,0.0,0.0,0.0,0.0,0.0,0.0,0.0,0.0,0.0
高雄,2017,4,4,0.75,0.75,0.0,0.0,0.0,0.0,0.0,0.0,0.25,0.25,0.0,0.0,0.0,0.0
高雄,2018,24,24,1.0,1.0,0.0,0.0,0.0,0.0,0.0,0.0,0.0,0.0,0.0,0.0,0.0,0.0
高雄,2019,39,39,0.8205128205128205,0.8205128205128205,0.0,0.0,0.0,0.0,0.1282051282051282,0.1282051282051282,0.05128205128205128,0.05128205128205128,0.0,0.0,0.0,0.0
高雄,2020,81,75,0.8395061728395061,0.9066666666666666,0.0,0.0,0.0,0.0,0.024691358024691357,0.02666666666666667,0.06172839506172839,0.06666666666666667,0.0,0.0,0.0,0.0
高雄,2021,109,89,0.7247706422018348,0.8876404494382022,0.0,0.0,0.0,0.0,0.0,0.0,0.05504587155963303,0.06741573033707865,0.0,0.0,0.03669724770642202,0.0449438202247191
高雄,2022,133,100,0.6015037593984962,0.8,0.0,0.0,0.0,0.0,0.03007518796992481,0.04,0.09022556390977443,0.12,0.0,0.0,0.03007518796992481,0.04
高雄,2023,308,238,0.672077922077922,0.8697478991596639,0.0,0.0,0.0,0.0,0.00974025974025974,0.012605042016806723,0.09090909090909091,0.11764705882352941,0.0,0.0,0.0,0.0
鸡西,2008,27,25,0.14814814814814814,0.16,0.0,0.0,0.0,0.0,0.7777777777777778,0.84,0.0,0.0,0.0,0.0,0.0,0.0
鸡西,2009,34,32,0.17647058823529413,0.1875,0.0,0.0,0.0,0.0,0.7058823529411765,0.75,0.058823529411764705,0.0625,0.0,0.0,0.0,0.0
鸡西,2010,41,33,0.24390243902439024,0.30303030303030304,0.0,0.0,0.0,0.0,0.5609756097560976,0.696969696969697,0.0,0.0,0.0,0.0,0.0,0.0
鸡西,2011,39,29,0.1282051282051282,0.1724137931034483,0.0,0.0,0.0,0.0,0.5641025641025641,0.7586206896551724,0.05128205128205128,0.06896551724137931,0.0,0.0,0.0,0.0
鸡西,2012,37,37,0.13513513513513514,0.13513513513513514,0.0,0.0,0.0,0.0,0.7567567567567568,0.7567567567567568,0.10810810810810811,0.10810810810810811,0.0,0.0,0.0,0.0
鸡西,2013,56,38,0.21428571428571427,0.3157894736842105,0.0,0.0,0.0,0.0,0.39285714285714285,0.5789473684210527,0.03571428571428571,0.05263157894736842,0.0,0.0,0.03571428571428571,0.05263157894736842
鸡西,2014,71,38,0.15492957746478872,0.2894736842105263,0.0,0.0,0.0,0.0,0.38028169014084506,0.7105263157894737,0.0,0.0,0.0,0.0,0.0,0.0
鸡西,2015,68,45,0.19117647058823528,0.28888888888888886,0.0,0.0,0.0,0.0,0.47058823529411764,0.7111111111111111,0.0,0.0,0.0,0.0,0.0,0.0
鸡西,2016,82,62,0.3048780487804878,0.4032258064516129,0.0,0.0,0.0,0.0,0.32926829268292684,0.43548387096774194,0.0,0.0,0.0,0.0,0.12195121951219512,0.16129032258064516
鸡西,2017,104,87,0.22115384615384615,0.26436781609195403,0.0,0.0,0.0,0.0,0.16346153846153846,0.19540229885057472,0.0,0.0,0.0,0.0,0.4519230769230769,0.5402298850574713
鸡西,2018,158,131,0.17721518987341772,0.21374045801526717,0.0,0.0,0.0,0.0,0.31645569620253167,0.3816793893129771,0.0,0.0,0.0,0.0,0.33544303797468356,0.40458015267175573
鸡西,2019,111,81,0.15315315315315314,0.20987654320987653,0.0,0.0,0.0,0.0,0.26126126126126126,0.35802469135802467,0.0,0.0,0.0,0.0,0.3153153153153153,0.43209876543209874
鸡西,2020,217,169,0.11981566820276497,0.15384615384615385,0.0,0.0,0.0,0.0,0.2073732718894009,0.26627218934911245,0.0,0.0,0.0,0.0,0.45161290322580644,0.5798816568047337
鸡西,2021,198,117,0.2828282828282828,0.47863247863247865,0.0,0.0,0.0,0.0,0.21717171717171718,0.36752136752136755,0.0,0.0,0.0,0.0,0.09090909090909091,0.15384615384615385
鸡西,2022,147,108,0.4557823129251701,0.6203703703703703,0.0,0.0,0.013605442176870748,0.018518518518518517,0.061224489795918366,0.08333333333333333,0.0,0.0,0.0,0.0,0.20408163265306123,0.2777777777777778
鸡西,2023,145,93,0.4482758620689655,0.6989247311827957,0.0,0.0,0.0,0.0,0.09655172413793103,0.15053763440860216,0.0,0.0,0.0,0.0,0.09655172413793103,0.15053763440860216
鹤壁,2008,57,43,0.22807017543859648,0.3023255813953488,0.0,0.0,0.0,0.0,0.5263157894736842,0.6976744186046512,0.0,0.0,0.0,0.0,0.0,0.0
鹤壁,2009,68,54,0.5735294117647058,0.7222222222222222,0.0,0.0,0.0,0.0,0.22058823529411764,0.2777777777777778,0.0,0.0,0.0,0.0,0.0,0.0
鹤壁,2010,87,60,0.47126436781609193,0.6833333333333333,0.0,0.0,0.0,0.0,0.1839080459770115,0.26666666666666666,0.0,0.0,0.0,0.0,0.034482758620689655,0.05
鹤壁,2011,114,78,0.5087719298245614,0.7435897435897436,0.0,0.0,0.0,0.0,0.17543859649122806,0.2564102564102564,0.0,0.0,0.0,0.0,0.0,0.0
鹤壁,2012,82,50,0.35365853658536583,0.58,0.0,0.0,0.0,0.0,0.25609756097560976,0.42,0.0,0.0,0.0,0.0,0.0,0.0
鹤壁,2013,127,99,0.5118110236220472,0.6565656565656566,0.0,0.0,0.0,0.0,0.1732283464566929,0.2222222222222222,0.0,0.0,0.0,0.0,0.09448818897637795,0.12121212121212122
鹤壁,2014,120,96,0.6333333333333333,0.7916666666666666,0.0,0.0,0.0,0.0,0.13333333333333333,0.16666666666666666,0.0,0.0,0.0,0.0,0.03333333333333333,0.041666666666666664
鹤壁,2015,105,72,0.580952380952381,0.8472222222222222,0.0,0.0,0.0,0.0,0.06666666666666667,0.09722222222222222,0.01904761904761905,0.027777777777777776,0.0,0.0,0.01904761904761905,0.027777777777777776
鹤壁,2016,133,89,0.5488721804511278,0.8202247191011236,0.0,0.0,0.0,0.0,0.07518796992481203,0.11235955056179775,0.0,0.0,0.0,0.0,0.045112781954887216,0.06741573033707865
鹤壁,2017,186,121,0.5752688172043011,0.8842975206611571,0.0,0.0,0.026881720430107527,0.04132231404958678,0.04838709677419355,0.0743801652892562,0.0,0.0,0.0,0.0,0.0,0.0
鹤壁,2018,219,120,0.4337899543378995,0.7916666666666666,0.0,0.0,0.0273972602739726,0.05,0.0639269406392694,0.11666666666666667,0.0,0.0,0.0228310502283105,0.041666666666666664,0.0,0.0
鹤壁,2019,198,135,0.4898989898989899,0.7185185185185186,0.0,0.0,0.0,0.0,0.1111111111111111,0.16296296296296298,0.010101010101010102,0.014814814814814815,0.0,0.0,0.0707070707070707,0.1037037037037037
鹤壁,2020,317,178,0.2807570977917981,0.5,0.0,0.0,0.10410094637223975,0.1853932584269663,0.17665615141955837,0.3146067415730337,0.0,0.0,0.0,0.0,0.0,0.0
鹤壁,2021,365,206,0.3178082191780822,0.5631067961165048,0.0,0.0,0.15616438356164383,0.2766990291262136,0.057534246575342465,0.10194174757281553,0.0,0.0,0.0,0.0,0.03287671232876712,0.05825242718446602
鹤壁,2022,454,237,0.32819383259911894,0.6286919831223629,0.0,0.0,0.13215859030837004,0.25316455696202533,0.0,0.0,0.0,0.0,0.0,0.0,0.06167400881057269,0.11814345991561181
鹤壁,2023,408,213,0.4215686274509804,0.8075117370892019,0.0,0.0,0.04411764705882353,0.08450704225352113,0.0,0.0,0.0,0.0,0.0,0.0,0.056372549019607844,0.107981220657277
鹤岗,2008,7,7,0.0,0.0,0.0,0.0,0.0,0.0,1.0,1.0,0.0,0.0,0.0,0.0,0.0,0.0
鹤岗,2009,10,10,0.3,0.3,0.0,0.0,0.0,0.0,0.7,0.7,0.0,0.0,0.0,0.0,0.0,0.0
鹤岗,2010,14,14,0.14285714285714285,0.14285714285714285,0.0,0.0,0.0,0.0,0.7857142857142857,0.7857142857142857,0.07142857142857142,0.07142857142857142,0.0,0.0,0.0,0.0
鹤岗,2011,24,24,0.7083333333333334,0.7083333333333334,0.0,0.0,0.0,0.0,0.20833333333333334,0.20833333333333334,0.08333333333333333,0.08333333333333333,0.0,0.0,0.0,0.0
鹤岗,2012,22,22,0.4090909090909091,0.4090909090909091,0.0,0.0,0.0,0.0,0.5,0.5,0.09090909090909091,0.09090909090909091,0.0,0.0,0.0,0.0
鹤岗,2013,38,27,0.3157894736842105,0.4444444444444444,0.0,0.0,0.0,0.0,0.39473684210526316,0.5555555555555556,0.0,0.0,0.0,0.0,0.0,0.0
鹤岗,2014,39,30,0.3333333333333333,0.43333333333333335,0.0,0.0,0.0,0.0,0.4358974358974359,0.5666666666666667,0.0,0.0,0.0,0.0,0.0,0.0
鹤岗,2015,39,34,0.38461538461538464,0.4411764705882353,0.0,0.0,0.0,0.0,0.48717948717948717,0.5588235294117647,0.0,0.0,0.0,0.0,0.0,0.0
鹤岗,2016,42,30,0.2857142857142857,0.4,0.0,0.0,0.0,0.0,0.42857142857142855,0.6,0.0,0.0,0.0,0.0,0.0,0.0
鹤岗,2017,43,43,0.7674418604651163,0.7674418604651163,0.0,0.0,0.0,0.0,0.23255813953488372,0.23255813953488372,0.0,0.0,0.0,0.0,0.0,0.0
鹤岗,2018,49,44,0.2653061224489796,0.29545454545454547,0.0,0.0,0.0,0.0,0.6326530612244898,0.7045454545454546,0.0,0.0,0.0,0.0,0.0,0.0
鹤岗,2019,32,32,0.6875,0.6875,0.0,0.0,0.0,0.0,0.3125,0.3125,0.0,0.0,0.0,0.0,0.0,0.0
鹤岗,2020,96,78,0.4479166666666667,0.5512820512820513,0.0,0.0,0.0,0.0,0.3125,0.38461538461538464,0.0,0.0,0.052083333333333336,0.0641025641025641,0.0,0.0
鹤岗,2021,102,69,0.38235294117647056,0.5652173913043478,0.0,0.0,0.0,0.0,0.29411764705882354,0.43478260869565216,0.0,0.0,0.0,0.0,0.0,0.0
鹤岗,2022,101,74,0.594059405940594,0.8108108108108109,0.0,0.0,0.0,0.0,0.13861386138613863,0.1891891891891892,0.0,0.0,0.0,0.0,0.0,0.0
鹤岗,2023,145,123,0.7862068965517242,0.926829268292683,0.0,0.0,0.020689655172413793,0.024390243902439025,0.041379310344827586,0.04878048780487805,0.0,0.0,0.0,0.0,0.0,0.0
鹰潭,2008,25,25,0.32,0.32,0.0,0.0,0.0,0.0,0.68,0.68,0.0,0.0,0.0,0.0,0.0,0.0
鹰潭,2009,49,43,0.5714285714285714,0.6511627906976745,0.0,0.0,0.0,0.0,0.30612244897959184,0.3488372093023256,0.0,0.0,0.0,0.0,0.0,0.0
鹰潭,2010,58,47,0.39655172413793105,0.48936170212765956,0.0,0.0,0.0,0.0,0.39655172413793105,0.48936170212765956,0.0,0.0,0.017241379310344827,0.02127659574468085,0.0,0.0
鹰潭,2011,53,50,0.4528301886792453,0.48,0.0,0.0,0.0,0.0,0.49056603773584906,0.52,0.0,0.0,0.0,0.0,0.0,0.0
鹰潭,2012,74,55,0.527027027027027,0.7090909090909091,0.0,0.0,0.02702702702702703,0.03636363636363636,0.1891891891891892,0.2545454545454545,0.0,0.0,0.0,0.0,0.0,0.0
鹰潭,2013,81,60,0.5185185185185185,0.7,0.0,0.0,0.024691358024691357,0.03333333333333333,0.1728395061728395,0.23333333333333334,0.0,0.0,0.024691358024691357,0.03333333333333333,0.0,0.0
鹰潭,2014,52,47,0.75,0.8297872340425532,0.0,0.0,0.0,0.0,0.15384615384615385,0.1702127659574468,0.0,0.0,0.0,0.0,0.0,0.0
鹰潭,2015,87,64,0.5977011494252874,0.8125,0.0,0.0,0.0,0.0,0.13793103448275862,0.1875,0.0,0.0,0.0,0.0,0.0,0.0
鹰潭,2016,108,81,0.6851851851851852,0.9135802469135802,0.0,0.0,0.0,0.0,0.06481481481481481,0.08641975308641975,0.0,0.0,0.0,0.0,0.0,0.0
鹰潭,2017,343,222,0.2594752186588921,0.4009009009009009,0.0,0.0,0.0,0.0,0.3877551020408163,0.5990990990990991,0.0,0.0,0.0,0.0,0.0,0.0
鹰潭,2018,170,99,0.4470588235294118,0.7676767676767676,0.0,0.0,0.0,0.0,0.13529411764705881,0.23232323232323232,0.0,0.0,0.0,0.0,0.0,0.0
鹰潭,2019,328,149,0.45426829268292684,1.0,0.0,0.0,0.0,0.0,0.0,0.0,0.0,0.0,0.0,0.0,0.0,0.0
鹰潭,2020,775,215,0.27741935483870966,1.0,0.0,0.0,0.0,0.0,0.0,0.0,0.0,0.0,0.0,0.0,0.0,0.0
鹰潭,2021,860,272,0.29069767441860467,0.9191176470588235,0.0,0.0,0.0,0.0,0.0,0.0,0.02558139534883721,0.08088235294117647,0.0,0.0,0.0,0.0
鹰潭,2022,1292,295,0.21362229102167182,0.9355932203389831,0.0,0.0,0.0,0.0,0.0,0.0,0.014705882352941176,0.06440677966101695,0.0,0.0,0.0,0.0
鹰潭,2023,1139,304,0.2510974539069359,0.9407894736842105,0.0,0.0,0.0,0.0,0.0,0.0,0.015803336259877086,0.05921052631578947,0.0,0.0,0.0,0.0
黄冈,2008,50,28,0.12,0.21428571428571427,0.0,0.0,0.0,0.0,0.44,0.7857142857142857,0.0,0.0,0.0,0.0,0.0,0.0
黄冈,2009,71,41,0.30985915492957744,0.5365853658536586,0.0,0.0,0.0,0.0,0.2676056338028169,0.4634146341463415,0.0,0.0,0.0,0.0,0.0,0.0
黄冈,2010,58,32,0.3448275862068966,0.625,0.0,0.0,0.0,0.0,0.20689655172413793,0.375,0.0,0.0,0.0,0.0,0.0,0.0
黄冈,2011,117,56,0.3076923076923077,0.6428571428571429,0.0,0.0,0.0,0.0,0.17094017094017094,0.35714285714285715,0.0,0.0,0.0,0.0,0.0,0.0
黄冈,2012,204,94,0.3088235294117647,0.6702127659574468,0.0,0.0,0.0,0.0,0.13725490196078433,0.2978723404255319,0.0,0.0,0.0,0.0,0.014705882352941176,0.031914893617021274
黄冈,2013,357,142,0.1568627450980392,0.39436619718309857,0.0,0.0,0.0,0.0,0.21568627450980393,0.5422535211267606,0.0,0.0,0.0,0.0,0.025210084033613446,0.06338028169014084
黄冈,2014,416,113,0.18509615384615385,0.6814159292035398,0.0,0.0,0.0,0.0,0.06490384615384616,0.23893805309734514,0.0,0.0,0.0,0.0,0.021634615384615384,0.07964601769911504
黄冈,2015,500,157,0.108,0.34394904458598724,0.0,0.0,0.01,0.03184713375796178,0.152,0.4840764331210191,0.0,0.0,0.0,0.0,0.044,0.14012738853503184
黄冈,2016,860,258,0.1744186046511628,0.5813953488372093,0.0,0.0,0.0,0.0,0.08372093023255814,0.27906976744186046,0.0,0.0,0.0,0.0,0.04186046511627907,0.13953488372093023
黄冈,2017,1299,459,0.2517321016166282,0.7124183006535948,0.0,0.0,0.0,0.0,0.05157813702848345,0.14596949891067537,0.014626635873749037,0.04139433551198257,0.0,0.0,0.03541185527328714,0.10021786492374728
黄冈,2018,1772,456,0.12246049661399548,0.4758771929824561,0.0,0.0,0.0,0.0,0.07392776523702031,0.28728070175438597,0.0,0.0,0.0,0.0,0.060948081264108354,0.23684210526315788
黄冈,2019,1431,358,0.19217330538085256,0.7681564245810056,0.0,0.0,0.0,0.0,0.0,0.0,0.0,0.0,0.0,0.0,0.058001397624039136,0.23184357541899442
黄冈,2020,1366,349,0.2240117130307467,0.8767908309455588,0.0,0.0,0.0,0.0,0.0,0.0,0.0,0.0,0.0,0.0,0.0314787701317716,0.12320916905444126
黄冈,2021,968,287,0.2365702479338843,0.7979094076655052,0.0,0.0,0.0,0.0,0.013429752066115703,0.04529616724738676,0.0,0.0,0.0,0.0,0.04648760330578512,0.156794425087108
黄冈,2022,859,228,0.18975552968568102,0.7149122807017544,0.0,0.0,0.0,0.0,0.012805587892898719,0.04824561403508772,0.0,0.0,0.0,0.0,0.06286379511059371,0.23684210526315788
黄冈,2023,933,279,0.2315112540192926,0.7741935483870968,0.0,0.0,0.0,0.0,0.0,0.0,0.0,0.0,0.0,0.0,0.06752411575562701,0.22580645161290322
黄南,2018,1,1,1.0,1.0,0.0,0.0,0.0,0.0,0.0,0.0,0.0,0.0,0.0,0.0,0.0,0.0
黄南,2021,4,4,1.0,1.0,0.0,0.0,0.0,0.0,0.0,0.0,0.0,0.0,0.0,0.0,0.0,0.0
黄南,2023,23,23,0.9565217391304348,0.9565217391304348,0.0,0.0,0.043478260869565216,0.043478260869565216,0.0,0.0,0.0,0.0,0.0,0.0,0.0,0.0
黄南藏族自治州,2014,3,3,1.0,1.0,0.0,0.0,0.0,0.0,0.0,0.0,0.0,0.0,0.0,0.0,0.0,0.0
黄南藏族自治州,2015,5,5,1.0,1.0,0.0,0.0,0.0,0.0,0.0,0.0,0.0,0.0,0.0,0.0,0.0,0.0
黄南藏族自治州,2016,11,11,0.45454545454545453,0.45454545454545453,0.0,0.0,0.0,0.0,0.5454545454545454,0.5454545454545454,0.0,0.0,0.0,0.0,0.0,0.0
黄南藏族自治州,2017,5,5,0.0,0.0,0.0,0.0,0.0,0.0,1.0,1.0,0.0,0.0,0.0,0.0,0.0,0.0
黄南藏族自治州,2018,17,17,0.5882352941176471,0.5882352941176471,0.0,0.0,0.0,0.0,0.4117647058823529,0.4117647058823529,0.0,0.0,0.0,0.0,0.0,0.0
黄南藏族自治州,2019,15,15,0.6666666666666666,0.6666666666666666,0.0,0.0,0.06666666666666667,0.06666666666666667,0.26666666666666666,0.26666666666666666,0.0,0.0,0.0,0.0,0.0,0.0
黄南藏族自治州,2020,33,33,0.5454545454545454,0.5454545454545454,0.0,0.0,0.0,0.0,0.3333333333333333,0.3333333333333333,0.12121212121212122,0.12121212121212122,0.0,0.0,0.0,0.0
黄南藏族自治州,2021,29,29,0.6896551724137931,0.6896551724137931,0.0,0.0,0.034482758620689655,0.034482758620689655,0.2413793103448276,0.2413793103448276,0.034482758620689655,0.034482758620689655,0.0,0.0,0.0,0.0
黄南藏族自治州,2022,16,16,0.875,0.875,0.0,0.0,0.0,0.0,0.125,0.125,0.0,0.0,0.0,0.0,0.0,0.0
黄南藏族自治州,2023,4,4,1.0,1.0,0.0,0.0,0.0,0.0,0.0,0.0,0.0,0.0,0.0,0.0,0.0,0.0
黄山,2008,44,36,0.5454545454545454,0.6666666666666666,0.0,0.0,0.0,0.0,0.25,0.3055555555555556,0.0,0.0,0.0,0.0,0.022727272727272728,0.027777777777777776
黄山,2009,54,36,0.37037037037037035,0.5555555555555556,0.0,0.0,0.0,0.0,0.2962962962962963,0.4444444444444444,0.0,0.0,0.0,0.0,0.0,0.0
黄山,2010,86,48,0.4418604651162791,0.7916666666666666,0.0,0.0,0.0,0.0,0.06976744186046512,0.125,0.0,0.0,0.011627906976744186,0.020833333333333332,0.03488372093023256,0.0625
黄山,2011,110,59,0.37272727272727274,0.6949152542372882,0.0,0.0,0.0,0.0,0.06363636363636363,0.11864406779661017,0.0,0.0,0.03636363636363636,0.06779661016949153,0.06363636363636363,0.11864406779661017
黄山,2012,261,137,0.3448275862068966,0.656934306569343,0.0,0.0,0.0,0.0,0.11877394636015326,0.22627737226277372,0.0,0.0,0.011494252873563218,0.021897810218978103,0.04980842911877394,0.0948905109489051
黄山,2013,294,142,0.3707482993197279,0.7676056338028169,0.0,0.0,0.0,0.0,0.01020408163265306,0.02112676056338028,0.0,0.0,0.030612244897959183,0.06338028169014084,0.07142857142857142,0.14788732394366197
黄山,2014,229,98,0.3318777292576419,0.7755102040816326,0.0,0.0,0.0,0.0,0.008733624454148471,0.02040816326530612,0.0,0.0,0.03056768558951965,0.07142857142857142,0.056768558951965066,0.1326530612244898
黄山,2015,279,164,0.3010752688172043,0.5121951219512195,0.0,0.0,0.0,0.0,0.11827956989247312,0.20121951219512196,0.0,0.0,0.02867383512544803,0.04878048780487805,0.13978494623655913,0.23780487804878048
黄山,2016,415,220,0.3397590361445783,0.6409090909090909,0.0,0.0,0.0,0.0,0.02650602409638554,0.05,0.0,0.0,0.0,0.0,0.163855421686747,0.3090909090909091
黄山,2017,415,209,0.363855421686747,0.722488038277512,0.0,0.0,0.0,0.0,0.04819277108433735,0.09569377990430622,0.0,0.0,0.0,0.0,0.09156626506024096,0.18181818181818182
黄山,2018,830,458,0.42530120481927713,0.7707423580786026,0.0,0.0,0.0,0.0,0.05060240963855422,0.09170305676855896,0.0,0.0,0.0,0.0,0.07590361445783132,0.13755458515283842
黄山,2019,609,280,0.3070607553366174,0.6678571428571428,0.0,0.0,0.0,0.0,0.0,0.0,0.0,0.0,0.0,0.0,0.15270935960591134,0.33214285714285713
黄山,2020,802,307,0.2805486284289277,0.7328990228013029,0.0,0.0,0.0,0.0,0.01371571072319202,0.035830618892508145,0.0,0.0,0.0,0.0,0.0885286783042394,0.23127035830618892
黄山,2021,828,305,0.2222222222222222,0.6032786885245902,0.0,0.0,0.0,0.0,0.007246376811594203,0.019672131147540985,0.0,0.0,0.0,0.0,0.1388888888888889,0.3770491803278688
黄山,2022,923,310,0.21776814734561215,0.6483870967741936,0.0,0.0,0.0,0.0,0.0,0.0,0.0,0.0,0.015167930660888408,0.04516129032258064,0.10292524377031419,0.3064516129032258
黄山,2023,948,306,0.23734177215189872,0.7352941176470589,0.0,0.0,0.0,0.0,0.0,0.0,0.0,0.0,0.0,0.0,0.08544303797468354,0.2647058823529412
黄石,2008,89,50,0.2247191011235955,0.4,0.0,0.0,0.0,0.0,0.30337078651685395,0.54,0.0,0.0,0.0,0.0,0.033707865168539325,0.06
黄石,2009,86,51,0.4069767441860465,0.6862745098039216,0.0,0.0,0.0,0.0,0.12790697674418605,0.21568627450980393,0.0,0.0,0.023255813953488372,0.0392156862745098,0.03488372093023256,0.058823529411764705
黄石,2010,103,49,0.3592233009708738,0.7551020408163265,0.0,0.0,0.0,0.0,0.0970873786407767,0.20408163265306123,0.0,0.0,0.0,0.0,0.019417475728155338,0.04081632653061224
黄石,2011,244,148,0.5901639344262295,0.972972972972973,0.0,0.0,0.0,0.0,0.0,0.0,0.0,0.0,0.0,0.0,0.01639344262295082,0.02702702702702703
黄石,2012,699,409,0.24892703862660945,0.4254278728606357,0.0,0.0,0.0,0.0,0.25894134477825465,0.44254278728606355,0.0,0.0,0.07725321888412018,0.13202933985330073,0.0,0.0
黄石,2013,863,412,0.1969872537659328,0.41262135922330095,0.0,0.0,0.0,0.0,0.1645422943221321,0.3446601941747573,0.0,0.0,0.10312862108922363,0.21601941747572814,0.012746234067207415,0.02669902912621359
黄石,2014,856,421,0.22897196261682243,0.4655581947743468,0.0,0.0,0.0,0.0,0.16238317757009346,0.33016627078384797,0.0,0.0,0.06542056074766354,0.1330166270783848,0.035046728971962614,0.07125890736342043
黄石,2015,1138,524,0.4200351493848858,0.9122137404580153,0.0,0.0,0.0,0.0,0.01845342706502636,0.04007633587786259,0.0,0.0,0.021968365553602813,0.04770992366412214,0.0,0.0
黄石,2016,1335,506,0.3790262172284644,1.0,0.0,0.0,0.0,0.0,0.0,0.0,0.0,0.0,0.0,0.0,0.0,0.0
黄石,2017,2066,434,0.16263310745401743,0.7741935483870968,0.0,0.0,0.0,0.0,0.0,0.0,0.00968054211035818,0.04608294930875576,0.0,0.0,0.0377541142303969,0.17972350230414746
黄石,2018,2156,544,0.16558441558441558,0.65625,0.0,0.0,0.0,0.0,0.00974025974025974,0.03860294117647059,0.0,0.0,0.0,0.0,0.07699443413729128,0.30514705882352944
黄石,2019,1311,394,0.12585812356979406,0.41878172588832485,0.0,0.0,0.0,0.0,0.018306636155606407,0.06091370558375635,0.0,0.0,0.0,0.0,0.15636918382913806,0.5203045685279187
黄石,2020,1259,497,0.2811755361397935,0.7122736418511066,0.0,0.0,0.007942811755361398,0.02012072434607646,0.006354249404289118,0.01609657947686117,0.0,0.0,0.0,0.0,0.09928514694201747,0.2515090543259557
黄石,2021,1115,447,0.2663677130044843,0.6644295302013423,0.0,0.0,0.02242152466367713,0.05592841163310962,0.008071748878923767,0.020134228187919462,0.0,0.0,0.0,0.0,0.10403587443946188,0.2595078299776286
黄石,2022,1093,470,0.3037511436413541,0.7063829787234043,0.0,0.0,0.0192131747483989,0.04468085106382979,0.0,0.0,0.0,0.0,0.0,0.0,0.1070448307410796,0.24893617021276596
黄石,2023,1251,689,0.4708233413269384,0.8548621190130624,0.0,0.0,0.009592326139088728,0.01741654571843251,0.0,0.0,0.0,0.0,0.0,0.0,0.07034372501998401,0.12772133526850507
黑河,2008,20,20,0.0,0.0,0.0,0.0,0.0,0.0,1.0,1.0,0.0,0.0,0.0,0.0,0.0,0.0
黑河,2009,23,23,0.0,0.0,0.0,0.0,0.0,0.0,1.0,1.0,0.0,0.0,0.0,0.0,0.0,0.0
黑河,2010,15,15,0.3333333333333333,0.3333333333333333,0.0,0.0,0.0,0.0,0.6666666666666666,0.6666666666666666,0.0,0.0,0.0,0.0,0.0,0.0
黑河,2011,21,21,0.14285714285714285,0.14285714285714285,0.0,0.0,0.0,0.0,0.8095238095238095,0.8095238095238095,0.0,0.0,0.047619047619047616,0.047619047619047616,0.0,0.0
黑河,2012,21,21,0.19047619047619047,0.19047619047619047,0.0,0.0,0.0,0.0,0.47619047619047616,0.47619047619047616,0.09523809523809523,0.09523809523809523,0.23809523809523808,0.23809523809523808,0.0,0.0
黑河,2013,42,42,0.42857142857142855,0.42857142857142855,0.0,0.0,0.0,0.0,0.38095238095238093,0.38095238095238093,0.047619047619047616,0.047619047619047616,0.14285714285714285,0.14285714285714285,0.0,0.0
黑河,2014,34,34,0.5,0.5,0.0,0.0,0.0,0.0,0.38235294117647056,0.38235294117647056,0.0,0.0,0.11764705882352941,0.11764705882352941,0.0,0.0
黑河,2015,46,45,0.10869565217391304,0.1111111111111111,0.0,0.0,0.0,0.0,0.5,0.5111111111111111,0.0,0.0,0.1956521739130435,0.2,0.17391304347826086,0.17777777777777778
黑河,2016,36,36,0.3055555555555556,0.3055555555555556,0.0,0.0,0.0,0.0,0.5555555555555556,0.5555555555555556,0.0,0.0,0.08333333333333333,0.08333333333333333,0.05555555555555555,0.05555555555555555
黑河,2017,46,35,0.15217391304347827,0.2,0.0,0.0,0.0,0.0,0.41304347826086957,0.5428571428571428,0.021739130434782608,0.02857142857142857,0.08695652173913043,0.11428571428571428,0.08695652173913043,0.11428571428571428
黑河,2018,50,47,0.34,0.3617021276595745,0.0,0.0,0.0,0.0,0.28,0.2978723404255319,0.0,0.0,0.06,0.06382978723404255,0.26,0.2765957446808511
黑河,2019,99,83,0.1414141414141414,0.1686746987951807,0.0,0.0,0.020202020202020204,0.024096385542168676,0.41414141414141414,0.4939759036144578,0.0,0.0,0.09090909090909091,0.10843373493975904,0.1717171717171717,0.20481927710843373
黑河,2020,79,58,0.22784810126582278,0.3103448275862069,0.0,0.0,0.0,0.0,0.379746835443038,0.5172413793103449,0.0,0.0,0.05063291139240506,0.06896551724137931,0.0759493670886076,0.10344827586206896
黑河,2021,121,94,0.2809917355371901,0.3617021276595745,0.0,0.0,0.0,0.0,0.2727272727272727,0.35106382978723405,0.0,0.0,0.03305785123966942,0.0425531914893617,0.19008264462809918,0.24468085106382978
黑河,2022,90,66,0.43333333333333335,0.5909090909090909,0.0,0.0,0.0,0.0,0.14444444444444443,0.19696969696969696,0.0,0.0,0.05555555555555555,0.07575757575757576,0.1,0.13636363636363635
黑河,2023,80,64,0.35,0.4375,0.0,0.0,0.025,0.03125,0.125,0.15625,0.0125,0.015625,0.1625,0.203125,0.125,0.15625
黔东南,2017,4,4,1.0,1.0,0.0,0.0,0.0,0.0,0.0,0.0,0.0,0.0,0.0,0.0,0.0,0.0
黔东南,2018,12,12,0.75,0.75,0.0,0.0,0.0,0.0,0.25,0.25,0.0,0.0,0.0,0.0,0.0,0.0
黔东南,2019,17,17,0.8823529411764706,0.8823529411764706,0.0,0.0,0.0,0.0,0.058823529411764705,0.058823529411764705,0.0,0.0,0.0,0.0,0.058823529411764705,0.058823529411764705
黔东南,2020,8,8,0.875,0.875,0.0,0.0,0.0,0.0,0.125,0.125,0.0,0.0,0.0,0.0,0.0,0.0
黔东南,2021,25,23,0.64,0.6956521739130435,0.0,0.0,0.0,0.0,0.24,0.2608695652173913,0.0,0.0,0.0,0.0,0.04,0.043478260869565216
黔东南,2022,32,27,0.8125,0.9629629629629629,0.0,0.0,0.0,0.0,0.03125,0.037037037037037035,0.0,0.0,0.0,0.0,0.0,0.0
黔东南,2023,121,60,0.36363636363636365,0.7333333333333333,0.0,0.0,0.0,0.0,0.01652892561983471,0.03333333333333333,0.01652892561983471,0.03333333333333333,0.0,0.0,0.09917355371900827,0.2
黔东南苗族侗族自治州,2008,17,17,0.11764705882352941,0.11764705882352941,0.0,0.0,0.0,0.0,0.8823529411764706,0.8823529411764706,0.0,0.0,0.0,0.0,0.0,0.0
黔东南苗族侗族自治州,2009,26,26,0.19230769230769232,0.19230769230769232,0.0,0.0,0.0,0.0,0.8076923076923077,0.8076923076923077,0.0,0.0,0.0,0.0,0.0,0.0
黔东南苗族侗族自治州,2010,18,18,0.2777777777777778,0.2777777777777778,0.0,0.0,0.0,0.0,0.7222222222222222,0.7222222222222222,0.0,0.0,0.0,0.0,0.0,0.0
黔东南苗族侗族自治州,2011,32,27,0.03125,0.037037037037037035,0.0,0.0,0.0,0.0,0.65625,0.7777777777777778,0.09375,0.1111111111111111,0.0,0.0,0.0625,0.07407407407407407
黔东南苗族侗族自治州,2012,158,110,0.2911392405063291,0.41818181818181815,0.0,0.0,0.0,0.0,0.056962025316455694,0.08181818181818182,0.3291139240506329,0.4727272727272727,0.0,0.0,0.0189873417721519,0.02727272727272727
黔东南苗族侗族自治州,2013,156,109,0.5192307692307693,0.7431192660550459,0.0,0.0,0.0,0.0,0.1282051282051282,0.1834862385321101,0.05128205128205128,0.07339449541284404,0.0,0.0,0.0,0.0
黔东南苗族侗族自治州,2014,473,290,0.53276955602537,0.8689655172413793,0.0,0.0,0.0,0.0,0.0,0.0,0.06553911205073996,0.10689655172413794,0.0,0.0,0.014799154334038054,0.02413793103448276
黔东南苗族侗族自治州,2015,504,163,0.27976190476190477,0.8650306748466258,0.0,0.0,0.0,0.0,0.0,0.0,0.04365079365079365,0.13496932515337423,0.0,0.0,0.0,0.0
黔东南苗族侗族自治州,2016,768,246,0.2838541666666667,0.8861788617886179,0.0,0.0,0.0,0.0,0.01171875,0.036585365853658534,0.024739583333333332,0.07723577235772358,0.0,0.0,0.0,0.0
黔东南苗族侗族自治州,2017,1065,239,0.16619718309859155,0.7405857740585774,0.0,0.0,0.0,0.0,0.016901408450704224,0.07531380753138076,0.008450704225352112,0.03765690376569038,0.02535211267605634,0.11297071129707113,0.007511737089201878,0.03347280334728033
黔东南苗族侗族自治州,2018,847,204,0.1936245572609209,0.803921568627451,0.0,0.0,0.0,0.0,0.03659976387249114,0.15196078431372548,0.0,0.0,0.0,0.0,0.010625737898465172,0.04411764705882353
黔东南苗族侗族自治州,2019,424,170,0.25943396226415094,0.6470588235294118,0.0,0.0,0.0,0.0,0.08254716981132075,0.20588235294117646,0.014150943396226415,0.03529411764705882,0.018867924528301886,0.047058823529411764,0.025943396226415096,0.06470588235294118
黔东南苗族侗族自治州,2020,353,136,0.11898016997167139,0.3088235294117647,0.0,0.0,0.0,0.0,0.23796033994334279,0.6176470588235294,0.0,0.0,0.028328611898016998,0.07352941176470588,0.0,0.0
黔东南苗族侗族自治州,2021,329,105,0.1519756838905775,0.47619047619047616,0.0,0.0,0.0,0.0,0.1094224924012158,0.34285714285714286,0.0121580547112462,0.0380952380952381,0.015197568389057751,0.047619047619047616,0.030395136778115502,0.09523809523809523
黔东南苗族侗族自治州,2022,207,77,0.21739130434782608,0.5844155844155844,0.0,0.0,0.024154589371980676,0.06493506493506493,0.0821256038647343,0.22077922077922077,0.0,0.0,0.0,0.0,0.04830917874396135,0.12987012987012986
黔东南苗族侗族自治州,2023,217,107,0.1382488479262673,0.2803738317757009,0.0,0.0,0.1935483870967742,0.3925233644859813,0.03686635944700461,0.07476635514018691,0.05069124423963134,0.102803738317757,0.0,0.0,0.07373271889400922,0.14953271028037382
黔南,2016,2,2,1.0,1.0,0.0,0.0,0.0,0.0,0.0,0.0,0.0,0.0,0.0,0.0,0.0,0.0
黔南,2017,4,4,0.75,0.75,0.0,0.0,0.0,0.0,0.25,0.25,0.0,0.0,0.0,0.0,0.0,0.0
黔南,2018,13,13,0.9230769230769231,0.9230769230769231,0.0,0.0,0.0,0.0,0.07692307692307693,0.07692307692307693,0.0,0.0,0.0,0.0,0.0,0.0
黔南,2019,15,15,0.8,0.8,0.0,0.0,0.06666666666666667,0.06666666666666667,0.13333333333333333,0.13333333333333333,0.0,0.0,0.0,0.0,0.0,0.0
黔南,2020,23,23,0.7391304347826086,0.7391304347826086,0.0,0.0,0.043478260869565216,0.043478260869565216,0.08695652173913043,0.08695652173913043,0.0,0.0,0.0,0.0,0.13043478260869565,0.13043478260869565
黔南,2021,28,25,0.5714285714285714,0.64,0.0,0.0,0.10714285714285714,0.12,0.14285714285714285,0.16,0.03571428571428571,0.04,0.03571428571428571,0.04,0.0,0.0
黔南,2022,79,51,0.4430379746835443,0.6862745098039216,0.0,0.0,0.10126582278481013,0.1568627450980392,0.05063291139240506,0.0784313725490196,0.0,0.0,0.0,0.0,0.05063291139240506,0.0784313725490196
黔南,2023,173,84,0.4046242774566474,0.8333333333333334,0.0,0.0,0.0,0.0,0.0,0.0,0.0,0.0,0.0,0.0,0.08092485549132948,0.16666666666666666
黔南布依族苗族自治州,2008,15,15,0.26666666666666666,0.26666666666666666,0.0,0.0,0.0,0.0,0.7333333333333333,0.7333333333333333,0.0,0.0,0.0,0.0,0.0,0.0
黔南布依族苗族自治州,2009,23,23,0.43478260869565216,0.43478260869565216,0.0,0.0,0.0,0.0,0.5652173913043478,0.5652173913043478,0.0,0.0,0.0,0.0,0.0,0.0
黔南布依族苗族自治州,2010,21,21,0.38095238095238093,0.38095238095238093,0.0,0.0,0.0,0.0,0.5714285714285714,0.5714285714285714,0.047619047619047616,0.047619047619047616,0.0,0.0,0.0,0.0
黔南布依族苗族自治州,2011,100,63,0.33,0.5238095238095238,0.0,0.0,0.0,0.0,0.26,0.4126984126984127,0.04,0.06349206349206349,0.0,0.0,0.0,0.0
黔南布依族苗族自治州,2012,80,56,0.5125,0.7321428571428571,0.0,0.0,0.0,0.0,0.1875,0.26785714285714285,0.0,0.0,0.0,0.0,0.0,0.0
黔南布依族苗族自治州,2013,122,76,0.4262295081967213,0.6842105263157895,0.0,0.0,0.02459016393442623,0.039473684210526314,0.11475409836065574,0.18421052631578946,0.05737704918032787,0.09210526315789473,0.0,0.0,0.0,0.0
黔南布依族苗族自治州,2014,289,168,0.5017301038062284,0.8630952380952381,0.0,0.0,0.0,0.0,0.05536332179930796,0.09523809523809523,0.0,0.0,0.0,0.0,0.02422145328719723,0.041666666666666664
黔南布依族苗族自治州,2015,677,367,0.5199409158050221,0.9591280653950953,0.0,0.0,0.0,0.0,0.0,0.0,0.022156573116691284,0.04087193460490463,0.0,0.0,0.0,0.0
黔南布依族苗族自治州,2016,1467,451,0.2474437627811861,0.8048780487804879,0.0,0.0,0.0,0.0,0.04294478527607362,0.13968957871396895,0.017041581458759374,0.05543237250554324,0.0,0.0,0.0,0.0
黔南布依族苗族自治州,2017,1138,399,0.2478031634446397,0.706766917293233,0.0,0.0,0.0,0.0,0.04569420035149385,0.13032581453634084,0.04569420035149385,0.13032581453634084,0.0,0.0,0.011423550087873463,0.03258145363408521
黔南布依族苗族自治州,2018,838,342,0.3042959427207637,0.7456140350877193,0.0,0.0,0.0,0.0,0.013126491646778043,0.03216374269005848,0.0,0.0,0.0,0.0,0.09069212410501193,0.2222222222222222
黔南布依族苗族自治州,2019,459,229,0.30718954248366015,0.6157205240174672,0.0,0.0,0.0,0.0,0.08932461873638345,0.17903930131004367,0.010893246187363835,0.021834061135371178,0.0,0.0,0.0915032679738562,0.18340611353711792
黔南布依族苗族自治州,2020,410,174,0.22439024390243903,0.5287356321839081,0.0,0.0,0.0,0.0,0.14390243902439023,0.3390804597701149,0.01707317073170732,0.040229885057471264,0.0,0.0,0.03902439024390244,0.09195402298850575
黔南布依族苗族自治州,2021,454,173,0.29955947136563876,0.7861271676300579,0.0,0.0,0.0,0.0,0.05506607929515418,0.14450867052023122,0.0,0.0,0.0,0.0,0.02643171806167401,0.06936416184971098
黔南布依族苗族自治州,2022,395,161,0.22784810126582278,0.5590062111801242,0.0,0.0,0.027848101265822784,0.06832298136645963,0.007594936708860759,0.018633540372670808,0.04050632911392405,0.09937888198757763,0.0,0.0,0.10379746835443038,0.2546583850931677
黔南布依族苗族自治州,2023,285,126,0.3087719298245614,0.6984126984126984,0.0,0.0,0.028070175438596492,0.06349206349206349,0.0,0.0,0.014035087719298246,0.031746031746031744,0.0,0.0,0.0912280701754386,0.20634920634920634
黔西南,2017,2,2,1.0,1.0,0.0,0.0,0.0,0.0,0.0,0.0,0.0,0.0,0.0,0.0,0.0,0.0
黔西南,2018,2,2,0.5,0.5,0.0,0.0,0.0,0.0,0.5,0.5,0.0,0.0,0.0,0.0,0.0,0.0
黔西南,2019,11,11,0.7272727272727273,0.7272727272727273,0.0,0.0,0.09090909090909091,0.09090909090909091,0.18181818181818182,0.18181818181818182,0.0,0.0,0.0,0.0,0.0,0.0
黔西南,2020,12,12,0.9166666666666666,0.9166666666666666,0.0,0.0,0.0,0.0,0.08333333333333333,0.08333333333333333,0.0,0.0,0.0,0.0,0.0,0.0
黔西南,2021,23,23,0.9130434782608695,0.9130434782608695,0.0,0.0,0.0,0.0,0.08695652173913043,0.08695652173913043,0.0,0.0,0.0,0.0,0.0,0.0
黔西南,2022,28,27,0.8571428571428571,0.8888888888888888,0.0,0.0,0.0,0.0,0.0,0.0,0.03571428571428571,0.037037037037037035,0.03571428571428571,0.037037037037037035,0.03571428571428571,0.037037037037037035
黔西南,2023,105,69,0.4666666666666667,0.7101449275362319,0.0,0.0,0.047619047619047616,0.07246376811594203,0.01904761904761905,0.028985507246376812,0.047619047619047616,0.07246376811594203,0.02857142857142857,0.043478260869565216,0.047619047619047616,0.07246376811594203
黔西南布依族苗族自治州,2008,2,2,0.0,0.0,0.0,0.0,0.0,0.0,0.5,0.5,0.0,0.0,0.5,0.5,0.0,0.0
黔西南布依族苗族自治州,2009,10,10,0.3,0.3,0.0,0.0,0.0,0.0,0.5,0.5,0.1,0.1,0.1,0.1,0.0,0.0
黔西南布依族苗族自治州,2010,25,25,0.36,0.36,0.0,0.0,0.0,0.0,0.64,0.64,0.0,0.0,0.0,0.0,0.0,0.0
黔西南布依族苗族自治州,2011,50,43,0.58,0.6744186046511628,0.0,0.0,0.0,0.0,0.2,0.23255813953488372,0.0,0.0,0.08,0.09302325581395349,0.0,0.0
黔西南布依族苗族自治州,2012,44,38,0.5,0.5789473684210527,0.0,0.0,0.0,0.0,0.20454545454545456,0.23684210526315788,0.022727272727272728,0.02631578947368421,0.13636363636363635,0.15789473684210525,0.0,0.0
黔西南布依族苗族自治州,2013,92,81,0.6630434782608695,0.7530864197530864,0.0,0.0,0.0,0.0,0.07608695652173914,0.08641975308641975,0.03260869565217391,0.037037037037037035,0.09782608695652174,0.1111111111111111,0.010869565217391304,0.012345679012345678
黔西南布依族苗族自治州,2014,81,55,0.5679012345679012,0.8363636363636363,0.0,0.0,0.0,0.0,0.012345679012345678,0.01818181818181818,0.06172839506172839,0.09090909090909091,0.024691358024691357,0.03636363636363636,0.012345679012345678,0.01818181818181818
黔西南布依族苗族自治州,2015,159,121,0.6415094339622641,0.8429752066115702,0.0,0.0,0.0,0.0,0.06918238993710692,0.09090909090909091,0.018867924528301886,0.024793388429752067,0.031446540880503145,0.04132231404958678,0.0,0.0
黔西南布依族苗族自治州,2016,366,165,0.3879781420765027,0.8606060606060606,0.0,0.0,0.0,0.0,0.0,0.0,0.0,0.0,0.06284153005464481,0.1393939393939394,0.0,0.0
黔西南布依族苗族自治州,2017,827,253,0.2551390568319226,0.83399209486166,0.0,0.0,0.0,0.0,0.0,0.0,0.05078597339782346,0.16600790513833993,0.0,0.0,0.0,0.0
黔西南布依族苗族自治州,2018,944,256,0.2489406779661017,0.91796875,0.0,0.0,0.0,0.0,0.0,0.0,0.01059322033898305,0.0390625,0.011652542372881356,0.04296875,0.0,0.0
黔西南布依族苗族自治州,2019,398,166,0.32663316582914576,0.7831325301204819,0.0,0.0,0.02512562814070352,0.060240963855421686,0.0,0.0,0.01256281407035176,0.030120481927710843,0.052763819095477386,0.12650602409638553,0.0,0.0
黔西南布依族苗族自治州,2020,469,183,0.3646055437100213,0.9344262295081968,0.0,0.0,0.0,0.0,0.0255863539445629,0.06557377049180328,0.0,0.0,0.0,0.0,0.0,0.0
黔西南布依族苗族自治州,2021,218,108,0.3440366972477064,0.6944444444444444,0.0,0.0,0.022935779816513763,0.046296296296296294,0.06880733944954129,0.1388888888888889,0.0,0.0,0.045871559633027525,0.09259259259259259,0.013761467889908258,0.027777777777777776
黔西南布依族苗族自治州,2022,251,122,0.3705179282868526,0.7622950819672131,0.0,0.0,0.0199203187250996,0.040983606557377046,0.043824701195219126,0.09016393442622951,0.0,0.0,0.0199203187250996,0.040983606557377046,0.03187250996015936,0.06557377049180328
黔西南布依族苗族自治州,2023,179,103,0.3743016759776536,0.6504854368932039,0.0,0.0,0.10614525139664804,0.18446601941747573,0.0223463687150838,0.038834951456310676,0.01675977653631285,0.02912621359223301,0.03910614525139665,0.06796116504854369,0.01675977653631285,0.02912621359223301
齐齐哈尔,2008,110,83,0.42727272727272725,0.5662650602409639,0.0,0.0,0.0,0.0,0.24545454545454545,0.3253012048192771,0.0,0.0,0.0,0.0,0.08181818181818182,0.10843373493975904
齐齐哈尔,2009,125,100,0.48,0.6,0.0,0.0,0.0,0.0,0.168,0.21,0.0,0.0,0.0,0.0,0.152,0.19
齐齐哈尔,2010,158,119,0.36075949367088606,0.4789915966386555,0.0,0.0,0.0,0.0,0.2468354430379747,0.3277310924369748,0.0,0.0,0.012658227848101266,0.01680672268907563,0.13291139240506328,0.17647058823529413
齐齐哈尔,2011,179,138,0.4245810055865922,0.5507246376811594,0.0,0.0,0.0,0.0,0.15083798882681565,0.1956521739130435,0.0,0.0,0.0,0.0,0.19553072625698323,0.2536231884057971
齐齐哈尔,2012,264,197,0.5416666666666666,0.7258883248730964,0.0,0.0,0.0,0.0,0.09090909090909091,0.1218274111675127,0.0,0.0,0.0,0.0,0.11363636363636363,0.15228426395939088
齐齐哈尔,2013,256,194,0.33984375,0.4484536082474227,0.0,0.0,0.0,0.0,0.10546875,0.13917525773195877,0.0,0.0,0.03125,0.041237113402061855,0.28125,0.3711340206185567
齐齐哈尔,2014,340,268,0.4647058823529412,0.5895522388059702,0.0,0.0,0.0,0.0,0.052941176470588235,0.06716417910447761,0.0,0.0,0.08235294117647059,0.1044776119402985,0.18823529411764706,0.23880597014925373
齐齐哈尔,2015,369,272,0.36585365853658536,0.4963235294117647,0.0,0.0,0.0,0.0,0.032520325203252036,0.04411764705882353,0.0,0.0,0.024390243902439025,0.03308823529411765,0.3143631436314363,0.4264705882352941
齐齐哈尔,2016,371,265,0.33692722371967654,0.4716981132075472,0.0,0.0,0.0,0.0,0.04582210242587601,0.06415094339622641,0.0,0.0,0.03773584905660377,0.052830188679245285,0.29380053908355797,0.41132075471698115
齐齐哈尔,2017,393,283,0.2697201017811705,0.3745583038869258,0.0,0.0,0.0,0.0,0.12213740458015267,0.1696113074204947,0.0,0.0,0.04071246819338423,0.05653710247349823,0.2875318066157761,0.3992932862190813
齐齐哈尔,2018,564,297,0.20212765957446807,0.3838383838383838,0.0,0.0,0.0,0.0,0.09042553191489362,0.1717171717171717,0.0,0.0,0.03900709219858156,0.07407407407407407,0.1950354609929078,0.37037037037037035
齐齐哈尔,2019,533,329,0.29080675422138835,0.47112462006079026,0.0,0.0,0.0,0.0,0.0525328330206379,0.0851063829787234,0.0,0.0,0.0450281425891182,0.0729483282674772,0.22889305816135083,0.3708206686930091
齐齐哈尔,2020,711,421,0.3136427566807314,0.5296912114014252,0.0,0.0,0.0,0.0,0.04360056258790436,0.07363420427553444,0.0,0.0,0.07032348804500703,0.1187648456057007,0.16455696202531644,0.27790973871733965
齐齐哈尔,2021,732,488,0.3483606557377049,0.5225409836065574,0.0,0.0,0.0,0.0,0.015027322404371584,0.022540983606557378,0.0,0.0,0.050546448087431695,0.07581967213114754,0.2527322404371585,0.3790983606557377
齐齐哈尔,2022,698,492,0.3452722063037249,0.4898373983739837,0.0,0.0,0.012893982808022923,0.018292682926829267,0.008595988538681949,0.012195121951219513,0.0,0.0,0.04871060171919771,0.06910569105691057,0.28939828080229224,0.4105691056910569
齐齐哈尔,2023,853,632,0.2696365767878077,0.3639240506329114,0.0,0.0,0.06096131301289566,0.08227848101265822,0.0,0.0,0.0,0.0,0.07620164126611957,0.10284810126582279,0.33411488862837047,0.4509493670886076
龙岩,2008,74,56,0.5,0.6607142857142857,0.0,0.0,0.0,0.0,0.25675675675675674,0.3392857142857143,0.0,0.0,0.0,0.0,0.0,0.0
龙岩,2009,133,93,0.15037593984962405,0.21505376344086022,0.0,0.0,0.0,0.0,0.5488721804511278,0.7849462365591398,0.0,0.0,0.0,0.0,0.0,0.0
龙岩,2010,172,99,0.3313953488372093,0.5757575757575758,0.0,0.0,0.0,0.0,0.2441860465116279,0.42424242424242425,0.0,0.0,0.0,0.0,0.0,0.0
龙岩,2011,253,136,0.38735177865612647,0.7205882352941176,0.0,0.0,0.0,0.0,0.15019762845849802,0.27941176470588236,0.0,0.0,0.0,0.0,0.0,0.0
龙岩,2012,286,142,0.27972027972027974,0.5633802816901409,0.0,0.0,0.0,0.0,0.20279720279720279,0.4084507042253521,0.0,0.0,0.0,0.0,0.013986013986013986,0.028169014084507043
龙岩,2013,338,185,0.3757396449704142,0.6864864864864865,0.0,0.0,0.0,0.0,0.17159763313609466,0.31351351351351353,0.0,0.0,0.0,0.0,0.0,0.0
龙岩,2014,571,336,0.329246935201401,0.5595238095238095,0.0,0.0,0.0,0.0,0.2276707530647986,0.3869047619047619,0.0,0.0,0.0,0.0,0.03152364273204904,0.05357142857142857
龙岩,2015,1057,682,0.12204351939451277,0.18914956011730205,0.0,0.0,0.0,0.0,0.47776726584673607,0.7404692082111437,0.0,0.0,0.0,0.0,0.04541154210028382,0.07038123167155426
龙岩,2016,1780,1232,0.09438202247191012,0.13636363636363635,0.0,0.0,0.0,0.0,0.5426966292134832,0.7840909090909091,0.016853932584269662,0.024350649350649352,0.01741573033707865,0.025162337662337664,0.020786516853932586,0.030032467532467532
龙岩,2017,722,282,0.19806094182825484,0.5070921985815603,0.0,0.0,0.0,0.0,0.1038781163434903,0.26595744680851063,0.0,0.0,0.024930747922437674,0.06382978723404255,0.06371191135734072,0.16312056737588654
龙岩,2018,1013,481,0.2724580454096742,0.5738045738045738,0.0,0.0,0.0,0.0,0.07798617966436328,0.16424116424116425,0.0,0.0,0.0,0.0,0.12438302073050346,0.26195426195426197
龙岩,2019,989,390,0.27401415571284127,0.6948717948717948,0.0,0.0,0.0,0.0,0.016177957532861477,0.041025641025641026,0.0,0.0,0.0,0.0,0.10414560161779575,0.2641025641025641
龙岩,2020,1580,436,0.25,0.9059633027522935,0.0,0.0,0.0,0.0,0.0,0.0,0.0,0.0,0.0,0.0,0.025949367088607594,0.09403669724770643
龙岩,2021,1260,475,0.3277777777777778,0.8694736842105263,0.0,0.0,0.0,0.0,0.0,0.0,0.0,0.0,0.0,0.0,0.049206349206349205,0.13052631578947368
龙岩,2022,1297,539,0.3292212798766384,0.7922077922077922,0.0,0.0,0.0,0.0,0.0,0.0,0.0,0.0,0.01233616037008481,0.029684601113172542,0.07401696222050887,0.17810760667903525
龙岩,2023,1542,675,0.4059662775616083,0.9274074074074075,0.0,0.0,0.0,0.0,0.0,0.0,0.0,0.0,0.0,0.0,0.031776913099870296,0.0725925925925926
