city,applicant,applicant_type_rough,patents,rank_baseline
七台河,王乃时,likely_individual,3,1
七台河,魏熙臣,likely_individual,3,2
七台河,王安,likely_individual,2,3
七台河,王福春,likely_individual,2,4
七台河,邱延海,likely_individual,2,5
七台河,七台河电业局,other_org_or_unclear,1,6
七台河,侯志敏,likely_individual,1,7
七台河,勃利县恒气炉制造厂,firm,1,8
七台河,勃利县森清能源开发有限公司,firm,1,9
七台河,史兴海,likely_individual,1,10
七台河,吴志环,likely_individual,1,11
七台河,吴长明,likely_individual,1,12
七台河,周利臣,likely_individual,1,13
七台河,夏鑫宇,likely_individual,1,14
七台河,姚勇,likely_individual,1,15
七台河,孙朝启,likely_individual,1,16
七台河,张宏昌,likely_individual,1,17
七台河,张辉,likely_individual,1,18
七台河,戴振伟,likely_individual,1,19
七台河,朱文强,likely_individual,1,20
万宁,中国医学科学院药用植物研究所海南分所,research_institute,7,1
万宁,中国热带农业科学院香料饮料研究所,research_institute,7,2
万宁,海南省兴隆华侨农场咖啡厂,firm,2,3
万宁,谭永福,likely_individual,2,4
万宁,段世荣,likely_individual,1,5
万宁,符施春,likely_individual,1,6
三亚,三亚市南繁科学技术研究院,research_institute,6,1
三亚,陈跃明,likely_individual,5,2
三亚,中国水产科学研究院南海水产研究所热带水产研究开发中心,research_institute,3,3
三亚,蔡春生,likely_individual,3,4
三亚,海南海德热带农业资源研究所有限公司,firm,2,5
三亚,三亚海润珠宝有限公司,firm,1,6
三亚,三亚百泰微纳生物工程有限公司,firm,1,7
三亚,孙元斌,likely_individual,1,8
三亚,李建权,likely_individual,1,9
三亚,海南瑞泽新型建材股份有限公司,firm,1,10
三亚,王德福,likely_individual,1,11
三亚,益科博能源设备(三亚)有限公司,firm,1,12
三亚,辛力学,likely_individual,1,13
三亚,陈宏,likely_individual,1,14
三亚,黄元卓,likely_individual,1,15
三明,智胜化工股份有限公司,firm,10,1
三明,福建海峡科化股份有限公司,firm,7,2
三明,三明华健生物工程有限公司,firm,6,3
三明,福建省麦丹生物集团有限公司,firm,5,4
三明,黄必录,likely_individual,5,5
三明,健盛食品股份有限公司,firm,4,6
三明,沙县宏盛塑料有限公司,firm,4,7
三明,福建三钢闽光股份有限公司,firm,4,8
三明,福建省汉堂生物制药股份有限公司,firm,4,9
三明,绿田(福建)食品有限公司,firm,4,10
三明,三明学院,university_or_college,3,11
三明,刘闽龙,likely_individual,3,12
三明,杨明杰,likely_individual,3,13
三明,福建华橡自控技术股份有限公司,firm,3,14
三明,福建环科化工橡胶集团有限公司,firm,3,15
三明,福建铙山纸业集团有限公司,firm,3,16
三明,罗云,likely_individual,3,17
三明,郑承煜,likely_individual,3,18
三明,三明市海斯福化工有限责任公司,firm,2,19
三明,三明市鑫兴食品有限公司,firm,2,20
三门峡,灵宝市金源矿业有限责任公司,firm,23,1
三门峡,河南中原黄金冶炼厂有限责任公司,firm,10,2
三门峡,王延玲,likely_individual,9,3
三门峡,河南省电力公司三门峡供电公司,firm,6,4
三门峡,三门峡市峡威化工有限公司,firm,4,5
三门峡,河南容安热工新材料有限公司,firm,4,6
三门峡,潘治宇,likely_individual,4,7
三门峡,刘宏建,likely_individual,3,8
三门峡,河南孟成生物药业股份有限公司,firm,3,9
三门峡,河南省湖滨果品加工新技术研究院,research_institute,3,10
三门峡,灵宝市电业局,other_org_or_unclear,3,11
三门峡,灵宝黄金股份有限公司,firm,3,12
三门峡,王安劳,likely_individual,3,13
三门峡,薛辉,likely_individual,3,14
三门峡,三门峡奥科化工有限公司,firm,2,15
三门峡,三门峡市新仰韶合成料有限公司,firm,2,16
三门峡,三门峡豫鑫路桥工程有限责任公司,firm,2,17
三门峡,三门峡赛诺维制药有限公司,firm,2,18
三门峡,三门峡龙飞生物工程有限公司,firm,2,19
三门峡,冯雨田,likely_individual,2,20
上海,上海交通大学,university_or_college,3121,1
上海,中芯国际集成电路制造(上海)有限公司,firm,1948,2
上海,上海大学,university_or_college,1578,3
上海,复旦大学,university_or_college,1511,4
上海,东华大学,university_or_college,1502,5
上海,同济大学,university_or_college,1353,6
上海,华东理工大学,university_or_college,1070,7
上海,宝山钢铁股份有限公司,firm,839,8
上海,上海华虹NEC电子有限公司,firm,745,9
上海,华东师范大学,university_or_college,574,10
上海,上海贝尔股份有限公司,firm,514,11
上海,上海宏力半导体制造有限公司,firm,501,12
上海,上海理工大学,university_or_college,482,13
上海,中国科学院上海微系统与信息技术研究所,research_institute,458,14
上海,中国科学院上海硅酸盐研究所,research_institute,445,15
上海,上海微电子装备有限公司,firm,436,16
上海,中国科学院上海光学精密机械研究所,research_institute,364,17
上海,上海应用技术学院,university_or_college,337,18
上海,中国人民解放军第二军医大学,university_or_college,335,19
上海,上海工程技术大学,university_or_college,308,20
上饶,邓学峰,likely_individual,16,1
上饶,金雹峰,likely_individual,8,2
上饶,吴赣英,likely_individual,7,3
上饶,上饶旭日冶炼厂,firm,4,4
上饶,晶科能源有限公司,firm,4,5
上饶,杨文波,likely_individual,4,6
上饶,凤凰光学股份有限公司,firm,3,7
上饶,刘奇,likely_individual,3,8
上饶,占丰存,likely_individual,3,9
上饶,江西圣达威电工材料有限公司,firm,3,10
上饶,胡本和,likely_individual,3,11
上饶,上饶市天佳新型材料有限公司,firm,2,12
上饶,上饶师范学院,university_or_college,2,13
上饶,余正栋,likely_individual,2,14
上饶,倪国梁,likely_individual,2,15
上饶,刘少云,likely_individual,2,16
上饶,占志波,likely_individual,2,17
上饶,朱裕前,likely_individual,2,18
上饶,杨玉梁,likely_individual,2,19
上饶,柳清高,likely_individual,2,20
东方,徐壹一,likely_individual,3,1
东方,周伯霖,likely_individual,1,2
东莞,东莞宏威数码机械有限公司,firm,191,1
东莞,汪晋强,likely_individual,151,2
东莞,王嘉兴,likely_individual,136,3
东莞,广东生益科技股份有限公司,firm,107,4
东莞,东莞宇龙通信科技有限公司,firm,90,5
东莞,何云,likely_individual,79,6
东莞,王莉,likely_individual,77,7
东莞,东莞新能源科技有限公司,firm,74,8
东莞,富港电子(东莞)有限公司,firm,68,9
东莞,东莞勤上光电股份有限公司,firm,57,10
东莞,何侠,likely_individual,51,11
东莞,东莞市步步高家用电器有限公司,firm,41,12
东莞,广东易事特电源股份有限公司,firm,40,13
东莞,东莞市万丰纳米材料有限公司,firm,39,14
东莞,东莞理工学院,university_or_college,36,15
东莞,陈慧婷,likely_individual,36,16
东莞,马艳荣,likely_individual,36,17
东莞,东莞市飞新达精密机械科技有限公司,firm,35,18
东莞,谢善情,likely_individual,33,19
东莞,东莞万士达液晶显示器有限公司,firm,32,20
东营,中国石油大学(华东),university_or_college,234,1
东营,中国石化集团胜利石油管理局钻井工艺研究院,research_institute,40,2
东营,中国石油化工股份有限公司胜利油田分公司采油工艺研究院,firm,34,3
东营,信义集团公司,firm,27,4
东营,李华玉,likely_individual,26,5
东营,山东万得福实业集团有限公司,firm,25,6
东营,胜利油田高原石油装备有限责任公司,firm,23,7
东营,胜利油田胜利动力机械集团有限公司,firm,22,8
东营,垦利三合新材料科技有限责任公司,firm,17,9
东营,白霞,likely_individual,17,10
东营,胜利油田胜利工程设计咨询有限责任公司,firm,17,11
东营,东营市正汉海洋食品有限公司,firm,15,12
东营,张金凤,likely_individual,12,13
东营,韩燕,likely_individual,12,14
东营,胜利油田胜利勘察设计研究院有限公司,firm,11,15
东营,东营方圆有色金属有限公司,firm,10,16
东营,中国石化集团胜利石油管理局,firm,10,17
东营,岳学旺,likely_individual,10,18
东营,李富祥,likely_individual,10,19
东营,胜利油田新大管业科技发展有限责任公司,firm,10,20
中卫,中冶美利纸业股份有限公司,firm,10,1
中卫,宁夏明欣生物制品有限公司,firm,2,2
中卫,宁夏香山酒业(集团)有限公司,firm,2,3
中卫,郭金龙,likely_individual,2,4
中卫,高永宏,likely_individual,2,5
中卫,中冶美利纸业集团有限公司,firm,1,6
中卫,刘金钊,likely_individual,1,7
中卫,宁夏万隆新材料有限公司,firm,1,8
中卫,宁夏中卫大河机床有限责任公司,firm,1,9
中卫,宁夏中宁县早康枸杞开发有限公司,firm,1,10
中卫,宁夏茂弘浆纸化学品有限公司,firm,1,11
中卫,张爱平,likely_individual,1,12
中卫,王自贵,likely_individual,1,13
中卫,马建华,likely_individual,1,14
中卫,黄博,likely_individual,1,15
中山,李耀强,likely_individual,55,1
中山,雷先鸣,likely_individual,55,2
中山,中山市奥美森工业有限公司,firm,45,3
中山,李运乃,likely_individual,37,4
中山,中山大洋电机股份有限公司,firm,33,5
中山,广东三和管桩有限公司,firm,32,6
中山,广东三和化工科技有限公司,firm,25,7
中山,中山伟强科技有限公司,firm,20,8
中山,电子科技大学中山学院,university_or_college,20,9
中山,广东铁将军防盗设备有限公司,firm,19,10
中山,广东通宇通讯设备有限公司,firm,17,11
中山,麦广树,likely_individual,16,12
中山,TCL空调器(中山)有限公司,firm,15,13
中山,中山火炬职业技术学院,university_or_college,14,14
中山,国碁电子(中山)有限公司,firm,14,15
中山,广东电网公司中山供电局,firm,14,16
中山,顾永洪,likely_individual,14,17
中山,中山华帝燃具股份有限公司,firm,13,18
中山,中山建华管桩有限公司墙体材料分公司,firm,13,19
中山,中山爱科数字科技有限公司,firm,13,20
临夏回族自治州,牛赫铖,likely_individual,9,1
临夏回族自治州,甘肃省电力公司刘家峡水电厂,firm,5,2
临夏回族自治州,临夏州华夏乳品有限责任公司,firm,4,3
临夏回族自治州,临夏州云江生态实业有限责任公司,firm,2,4
临夏回族自治州,临夏市清河源清真食品有限责任公司,firm,2,5
临夏回族自治州,甘肃宏良皮业股份有限公司,firm,2,6
临夏回族自治州,刘明义,likely_individual,1,7
临夏回族自治州,和政县华龙乳制品有限公司,firm,1,8
临夏回族自治州,师向东,likely_individual,1,9
临夏回族自治州,杨雨虹,likely_individual,1,10
临夏回族自治州,石喆,likely_individual,1,11
临夏回族自治州,罗守国,likely_individual,1,12
临夏回族自治州,胡宝衡,likely_individual,1,13
临夏回族自治州,金瑞龙,likely_individual,1,14
临夏回族自治州,马吉利斯,likely_individual,1,15
临汾,张成赟,likely_individual,36,1
临汾,张雷,likely_individual,35,2
临汾,郝俊峰,likely_individual,20,3
临汾,王向东,likely_individual,15,4
临汾,郝亮,likely_individual,15,5
临汾,董云,likely_individual,14,6
临汾,吴彦勇,likely_individual,13,7
临汾,山西师范大学,university_or_college,12,8
临汾,韩俊峰,likely_individual,12,9
临汾,侯马市模范机械制造有限公司,firm,11,10
临汾,左霖,likely_individual,8,11
临汾,李仁,likely_individual,8,12
临汾,李振宇,likely_individual,8,13
临汾,山西平阳重工机械有限责任公司,firm,7,14
临汾,山西飞虹激光科技有限公司,firm,7,15
临汾,张慧琴,likely_individual,7,16
临汾,山西光宇半导体照明有限公司,firm,6,17
临汾,山西汤荣机械制造股份有限公司,firm,6,18
临汾,步新源,likely_individual,6,19
临汾,武征杰,likely_individual,6,20
临沂,鲁南制药集团股份有限公司,firm,119,1
临沂,山东金正大生态工程股份有限公司,firm,95,2
临沂,山东新时代药业有限公司,firm,57,3
临沂,山东罗欣药业股份有限公司,firm,49,4
临沂,山东宏艺科技股份有限公司,firm,23,5
临沂,山东阜丰生物科技开发有限公司,firm,23,6
临沂,张超,likely_individual,12,7
临沂,山东新港企业集团有限公司,firm,11,8
临沂,陈锋,likely_individual,10,9
临沂,施可丰化工股份有限公司,firm,9,10
临沂,胡顺珍,likely_individual,9,11
临沂,丁相军,likely_individual,8,12
临沂,刘新才,likely_individual,8,13
临沂,山东卡特重工有限公司,firm,8,14
临沂,山东圣威新能源有限公司,firm,8,15
临沂,贾秉成,likely_individual,8,16
临沂,山东华盛农业药械股份有限公司,firm,7,17
临沂,张立省,other_org_or_unclear,7,18
临沂,徐尉,likely_individual,7,19
临沂,李进民,likely_individual,7,20
临沧,苏玉林,likely_individual,5,1
临沧,云南临沧鑫圆锗业股份有限公司,firm,4,2
临沧,云南博尚高岭科技股份有限公司,firm,4,3
临沧,云南天鸿高岭矿业有限公司,firm,2,4
临沧,石定柱,likely_individual,2,5
临沧,云南澜沧江啤酒企业(集团)有限公司,firm,1,6
临沧,凤庆香竹箐古茶有限责任公司,firm,1,7
临沧,字德正,likely_individual,1,8
临沧,安厚才,likely_individual,1,9
临沧,徐华勤,likely_individual,1,10
临沧,施明祝,likely_individual,1,11
临沧,杨绍林,likely_individual,1,12
临沧,梅根全,likely_individual,1,13
临沧,毕会军,likely_individual,1,14
临沧,王胜阳,likely_individual,1,15
临高县,林飞,likely_individual,7,1
临高县,王定豪,likely_individual,3,2
丹东,丹东东方测控技术有限公司,firm,24,1
丹东,丹东奥龙射线仪器有限公司,firm,20,2
丹东,丹东克隆集团有限责任公司,firm,16,3
丹东,辽宁恒星精细化工(集团)有限公司,firm,14,4
丹东,辽宁曙光汽车集团股份有限公司,firm,11,5
丹东,东港市慧海海洋生物科技开发有限公司,firm,10,6
丹东,于文祥,likely_individual,9,7
丹东,东港市低压电器附件厂,firm,8,8
丹东,辽东学院,university_or_college,8,9
丹东,辽宁恒星精细化工有限公司,firm,8,10
丹东,丹东北方环保工程有限公司,firm,6,11
丹东,辽宁精化科技有限公司,firm,6,12
丹东,丹东华通测控有限公司,firm,5,13
丹东,丹东太智厨房设备有限公司,firm,5,14
丹东,罗毅,likely_individual,5,15
丹东,辽宁广天食品有限公司,firm,5,16
丹东,东港市东方高新金属材料有限公司,firm,4,17
丹东,丹东华日理学电气有限公司,firm,4,18
丹东,丹东市兄弟建材有限公司,firm,4,19
丹东,丹东市承天新能源开发有限公司,firm,4,20
丽水,蓝子花,likely_individual,20,1
丽水,赵赐安,likely_individual,15,2
丽水,浙江凯恩特种材料股份有限公司,firm,7,3
丽水,丽水市优耐克水性树脂科技有限公司,firm,6,4
丽水,浙江池禾化工有限公司,firm,5,5
丽水,浙江立丰机械零部件有限公司,firm,5,6
丽水,丽水市红点创意产品设计有限责任公司,firm,4,7
丽水,叶有奇,likely_individual,4,8
丽水,叶礼奎,likely_individual,4,9
丽水,徐财泉,likely_individual,4,10
丽水,林素伟,likely_individual,4,11
丽水,浙江博威汽车空调有限公司,firm,4,12
丽水,浙江富来森竹炭有限公司,firm,4,13
丽水,浙江省缙云县三鼎实业有限公司,firm,4,14
丽水,浙江青风制冷设备制造有限公司,firm,4,15
丽水,阮红菊,likely_individual,4,16
丽水,丽水市路通机械铸造厂,firm,3,17
丽水,丽水职业技术学院,university_or_college,3,18
丽水,叶竹勤,likely_individual,3,19
丽水,叶高,likely_individual,3,20
丽江,云南省农业科学院高山经济植物研究所,research_institute,16,1
丽江,丽江得一食品有限责任公司,firm,7,2
丽江,张云鹏,likely_individual,5,3
丽江,丽江先锋食品开发有限公司,firm,4,4
丽江,宁蒗女儿珍生物工程有限公司,firm,4,5
丽江,丽江华利生物开发药业有限公司,firm,3,6
丽江,丽江印象花卉产业有限责任公司,firm,2,7
丽江,丽江市农业科学研究所,research_institute,2,8
丽江,丽江程海保尔生物开发有限公司,firm,2,9
丽江,冯磊,likely_individual,2,10
丽江,华坪县华农科技开发有限责任公司,firm,2,11
丽江,芮茂能,likely_individual,2,12
丽江,丽江中源绿色食品有限公司,firm,1,13
丽江,丽江伯符农业科技发展有限公司,firm,1,14
丽江,丽江华利生物开发有限责任公司,firm,1,15
丽江,丽江坤源食品有限公司,firm,1,16
丽江,云南丽江机床有限公司,firm,1,17
丽江,张永祥,likely_individual,1,18
丽江,李玺磊,likely_individual,1,19
丽江,杨创新,likely_individual,1,20
乌兰察布,乌兰察布新奥气化采煤技术有限公司,firm,8,1
乌兰察布,关慧明,likely_individual,3,2
乌兰察布,任国华,likely_individual,2,3
乌兰察布,刘广,likely_individual,2,4
乌兰察布,丁保生,likely_individual,1,5
乌兰察布,乌兰察布市集宁区和氏马铃薯食品有限公司,firm,1,6
乌兰察布,于彤,likely_individual,1,7
乌兰察布,兴和兴永碳素有限公司,firm,1,8
乌兰察布,内蒙古万豪氟化工有限公司,firm,1,9
乌兰察布,内蒙古易通新能源有限责任公司,firm,1,10
乌兰察布,内蒙古爱立特纺织有限公司,firm,1,11
乌兰察布,内蒙古超牌高岭土有限公司,firm,1,12
乌兰察布,孟庆良,likely_individual,1,13
乌兰察布,富广食品集团有限公司,firm,1,14
乌兰察布,岳文,likely_individual,1,15
乌兰察布,张俊,likely_individual,1,16
乌兰察布,杨太平,likely_individual,1,17
乌兰察布,杨守田,likely_individual,1,18
乌兰察布,杨树仁,likely_individual,1,19
乌兰察布,杨泽,likely_individual,1,20
乌海,康仁,likely_individual,7,1
乌海,乌海市巨能环保科技开发有限公司,firm,2,2
乌海,乌海市西水水泥有限责任公司,firm,2,3
乌海,张德君,likely_individual,2,4
乌海,乌海市三林良种林果苗木开发有限责任公司,firm,1,5
乌海,乌海市盛远塑胶有限责任公司,firm,1,6
乌海,内蒙古五湖泵业有限公司,firm,1,7
乌海,内蒙古北方保安民爆器材有限公司,firm,1,8
乌海,内蒙古君正化工有限责任公司,firm,1,9
乌海,内蒙古师范大学,university_or_college,1,10
乌海,内蒙古汉森酒业集团有限公司,firm,1,11
乌海,内蒙古西水创业股份有限公司,firm,1,12
乌海,刘国钧,likely_individual,1,13
乌海,卢云山,likely_individual,1,14
乌海,孙志成,likely_individual,1,15
乌海,宋银忠,likely_individual,1,16
乌海,李哲,likely_individual,1,17
乌海,杜学文,likely_individual,1,18
乌海,王万明,likely_individual,1,19
乌海,王晓平,likely_individual,1,20
乌鲁木齐,新疆大学,university_or_college,112,1
乌鲁木齐,中国科学院新疆理化技术研究所,research_institute,104,2
乌鲁木齐,中国科学院新疆生态与地理研究所,research_institute,58,3
乌鲁木齐,新疆农业大学,university_or_college,50,4
乌鲁木齐,宝钢集团新疆八一钢铁有限公司,firm,39,5
乌鲁木齐,新疆德蓝股份有限公司,firm,23,6
乌鲁木齐,新疆医科大学,university_or_college,22,7
乌鲁木齐,新疆农业科学院微生物应用研究所,research_institute,21,8
乌鲁木齐,新疆维吾尔自治区药物研究所,research_institute,17,9
乌鲁木齐,新疆金风科技股份有限公司,firm,13,10
乌鲁木齐,新疆农业科学院农业机械化研究所,research_institute,11,11
乌鲁木齐,新疆出入境检验检疫局检验检疫技术中心,other_org_or_unclear,11,12
乌鲁木齐,乌鲁木齐现代石油化工有限公司,firm,9,13
乌鲁木齐,于向阳,likely_individual,9,14
乌鲁木齐,新疆众和股份有限公司,firm,9,15
乌鲁木齐,新疆维吾尔自治区畜牧科学院中国澳大利亚绵羊育种研究中心,research_institute,9,16
乌鲁木齐,新疆天地集团有限公司,firm,8,17
乌鲁木齐,新疆维吾尔自治区中药民族药研究所,research_institute,8,18
乌鲁木齐,于瑞德,likely_individual,7,19
乌鲁木齐,周永清,likely_individual,7,20
乐东黎族自治县,邢睿,likely_individual,1,1
乐山,四川东风电机厂有限公司,firm,18,1
乐山,乐山乐电天威硅业科技有限责任公司,firm,13,2
乐山,乐山师范学院,university_or_college,11,3
乐山,四川省乐山市福华通达农药科技有限公司,firm,11,4
乐山,刘吉彬,likely_individual,7,5
乐山,四川嘉华企业(集团)股份有限公司,firm,6,6
乐山,四川明星电缆股份有限公司,firm,6,7
乐山,四川永祥多晶硅有限公司,firm,6,8
乐山,四川省富侨工业有限公司,firm,5,9
乐山,彭树林,likely_individual,5,10
乐山,四川平安都市通讯科技有限公司,firm,4,11
乐山,乐山华发电子科技股份有限公司,firm,3,12
乐山,乐山晟嘉电气有限公司,firm,3,13
乐山,李晓文,likely_individual,3,14
乐山,魏川人,likely_individual,3,15
乐山,乐山市五通桥百泰机电厂,firm,2,16
乐山,乐山永祥硅业有限公司,firm,2,17
乐山,伍杰,likely_individual,2,18
乐山,刘军华,likely_individual,2,19
乐山,周川,likely_individual,2,20
九江,九江学院,university_or_college,20,1
九江,蓝星化工新材料股份有限公司江西星火有机硅厂,firm,13,2
九江,中铁四局集团第五工程有限公司,firm,12,3
九江,中铁大桥局集团第五工程有限公司,firm,12,4
九江,江西九江供电公司,firm,7,5
九江,吴鹏,likely_individual,6,6
九江,孙炜,likely_individual,6,7
九江,魏琳郎,likely_individual,6,8
九江,江西旭阳雷迪高科技股份有限公司,firm,5,9
九江,九江精密测试技术研究所,research_institute,4,10
九江,奥盛(九江)钢线钢缆有限公司,firm,4,11
九江,江西生成卫生用品有限公司,firm,4,12
九江,九江中弘电子科技有限公司,firm,3,13
九江,九江力山环保科技有限公司,firm,3,14
九江,劳林安,likely_individual,3,15
九江,曹治建,likely_individual,3,16
九江,欧阳贵林,likely_individual,3,17
九江,江西修水湘赣有色金属有限公司,firm,3,18
九江,江西省棉花研究所,research_institute,3,19
九江,王一田,likely_individual,3,20
云浮,黄金平,likely_individual,7,1
云浮,广东温氏食品集团有限公司,firm,5,2
云浮,邓桂成,likely_individual,5,3
云浮,广东大华农动物保健品股份有限公司,firm,4,4
云浮,邓仕林,likely_individual,4,5
云浮,冼剑光,likely_individual,3,6
云浮,姚凌,likely_individual,3,7
云浮,广东凌丰集团有限公司,firm,2,8
云浮,广东凌丰集团股份有限公司,firm,2,9
云浮,张乃银,likely_individual,2,10
云浮,欧淼森,likely_individual,2,11
云浮,陈伙荣,likely_individual,2,12
云浮,陈喆,likely_individual,2,13
云浮,严巧整,likely_individual,1,14
云浮,中材天山(云浮)水泥有限公司,firm,1,15
云浮,云浮华南酒庄酒业有限公司,firm,1,16
云浮,云浮市九方农业科技发展有限公司,firm,1,17
云浮,云浮市云城区创利达石材厂,firm,1,18
云浮,云浮市亚洲石材机械有限公司,firm,1,19
云浮,云浮长佳数字科技有限公司,firm,1,20
五指山,占达东,likely_individual,2,1
五指山,海南制药厂有限公司,firm,2,2
五指山,冯晋臣,likely_individual,1,3
五指山,白燕,likely_individual,1,4
亳州,陈富中,likely_individual,25,1
亳州,张春平,likely_individual,19,2
亳州,张守力,likely_individual,11,3
亳州,北京同仁堂(亳州)饮片有限责任公司,firm,9,4
亳州,李宏良,likely_individual,9,5
亳州,安徽沪谯中药科技有限公司,firm,6,6
亳州,安徽济人药业有限公司,firm,5,7
亳州,王干,likely_individual,5,8
亳州,安徽方敏医药有限公司,firm,4,9
亳州,张誉耀,likely_individual,4,10
亳州,王晓光,likely_individual,4,11
亳州,亳州市亳广中药饮片有限公司,firm,3,12
亳州,安徽海鑫中药饮片有限公司,firm,3,13
亳州,宋华民,likely_individual,3,14
亳州,李怀良,likely_individual,3,15
亳州,李晓根,likely_individual,3,16
亳州,齐运生,likely_individual,3,17
亳州,亳州市正和铝业有限公司,firm,2,18
亳州,刘云飞,likely_individual,2,19
亳州,卜新意,likely_individual,2,20
仙桃,瑞阳汽车零部件(仙桃)有限公司,firm,17,1
仙桃,仙桃市魏氏生物工程有限责任公司,firm,8,2
仙桃,湖北猴王焊材有限公司,firm,8,3
仙桃,湖北仙隆化工股份有限公司,firm,6,4
仙桃,仙桃市中星电子材料有限公司,firm,5,5
仙桃,仙桃市格瑞化学工业有限公司,firm,4,6
仙桃,湖北新蓝天新材料股份有限公司,firm,4,7
仙桃,湖北天轮机械有限公司,firm,3,8
仙桃,湖北慧狮塑业股份有限公司,firm,3,9
仙桃,湖北蓝科光电有限公司,firm,3,10
仙桃,仙桃市中楚化工有限责任公司,firm,2,11
仙桃,仙桃市展朋新材料有限公司,firm,2,12
仙桃,仙桃市蓝天化工有限责任公司,firm,2,13
仙桃,沙本红,likely_individual,2,14
仙桃,湖北包旺包装材料有限公司,firm,2,15
仙桃,胡志伟,likely_individual,2,16
仙桃,许高峰,likely_individual,2,17
仙桃,邹崇毓,likely_individual,2,18
仙桃,亚通塑胶(湖北)有限公司,firm,1,19
仙桃,仙桃市先达铸造有限公司,firm,1,20
伊春,胡保军,likely_individual,6,1
伊春,张广,likely_individual,5,2
伊春,王冰雪,likely_individual,4,3
伊春,王国红,likely_individual,4,4
伊春,张凤春,likely_individual,3,5
伊春,刘志新,likely_individual,2,6
伊春,吴坤,likely_individual,2,7
伊春,曲元翠,likely_individual,2,8
伊春,朱振华,likely_individual,2,9
伊春,李德坤,likely_individual,2,10
伊春,王晓辉,likely_individual,2,11
伊春,隋进清,likely_individual,2,12
伊春,黑龙江带岭科技开发有限公司,firm,2,13
伊春,候俊臣,likely_individual,1,14
伊春,刘志民,likely_individual,1,15
伊春,刘文忠,likely_individual,1,16
伊春,刘玉树,likely_individual,1,17
伊春,周一臣,likely_individual,1,18
伊春,姚鱼海,likely_individual,1,19
伊春,寇振荣,likely_individual,1,20
伊犁哈萨克自治州,赵东波,likely_individual,4,1
伊犁哈萨克自治州,杨进先,likely_individual,3,2
伊犁哈萨克自治州,吴金有,likely_individual,2,3
伊犁哈萨克自治州,新疆蓝山屯河新材料有限公司,firm,2,4
伊犁哈萨克自治州,王元昊,likely_individual,2,5
伊犁哈萨克自治州,王宏林,likely_individual,2,6
伊犁哈萨克自治州,薛万里,likely_individual,2,7
伊犁哈萨克自治州,伊犁肖尔布拉克酒业有限责任公司,firm,1,8
伊犁哈萨克自治州,伍青春,likely_individual,1,9
伊犁哈萨克自治州,华提江加合甫拜,other_org_or_unclear,1,10
伊犁哈萨克自治州,哈里旦吐尔逊,other_org_or_unclear,1,11
伊犁哈萨克自治州,奎屯达亿石油化工科技有限公司,firm,1,12
伊犁哈萨克自治州,姑丽苏木努尔拜西,other_org_or_unclear,1,13
伊犁哈萨克自治州,安琪酵母(伊犁)有限公司,firm,1,14
伊犁哈萨克自治州,宋光宇,likely_individual,1,15
伊犁哈萨克自治州,廖运燕,likely_individual,1,16
伊犁哈萨克自治州,张志远,likely_individual,1,17
伊犁哈萨克自治州,张明江,likely_individual,1,18
伊犁哈萨克自治州,张春敏,likely_individual,1,19
伊犁哈萨克自治州,张省生,other_org_or_unclear,1,20
佛山,佛山市顺德区顺达电脑厂有限公司,firm,275,1
佛山,美的集团有限公司,firm,269,2
佛山,广东美的电器股份有限公司,firm,181,3
佛山,广东新宝电器股份有限公司,firm,151,4
佛山,佛山市顺德区汉达精密电子科技有限公司,firm,122,5
佛山,广东联塑科技实业有限公司,firm,109,6
佛山,李贵祥,likely_individual,82,7
佛山,广东格兰仕集团有限公司,firm,75,8
佛山,海信科龙电器股份有限公司,firm,72,9
佛山,广东美芝制冷设备有限公司,firm,71,10
佛山,佛山普立华科技有限公司,firm,69,11
佛山,广东志高空调有限公司,firm,67,12
佛山,佛山市海天调味食品有限公司,firm,42,13
佛山,伍志勇,likely_individual,39,14
佛山,广东中显科技有限公司,firm,39,15
佛山,广东松下环境系统有限公司,firm,37,16
佛山,冼泰来,likely_individual,31,17
佛山,黎秋萍,likely_individual,31,18
佛山,广东科达机电股份有限公司,firm,30,19
佛山,韩燕,likely_individual,30,20
佳木斯,佳木斯大学,university_or_college,23,1
佳木斯,姚福才,likely_individual,9,2
佳木斯,刘永明,likely_individual,7,3
佳木斯,宋亚力,likely_individual,5,4
佳木斯,黑龙江龙煤卓异救援装备科技有限公司,firm,5,5
佳木斯,佳木斯三和亚麻纺织有限责任公司,firm,4,6
佳木斯,钦焕宇,likely_individual,3,7
佳木斯,黑龙江沃尔德电缆有限公司,firm,3,8
佳木斯,黑龙江迪尔制药机械有限责任公司,firm,3,9
佳木斯,佳木斯电业局,other_org_or_unclear,2,10
佳木斯,杜臣,likely_individual,2,11
佳木斯,胡明,likely_individual,2,12
佳木斯,谢丁佳,likely_individual,2,13
佳木斯,陈玉良,likely_individual,2,14
佳木斯,陈金旭,likely_individual,2,15
佳木斯,黄晓东,likely_individual,2,16
佳木斯,于敏,likely_individual,1,17
佳木斯,于莲,likely_individual,1,18
佳木斯,代瑞华,likely_individual,1,19
佳木斯,佳木斯三江水飞蓟素制品有限公司,firm,1,20
保定,河北农业大学,university_or_college,127,1
保定,保定天威集团有限公司,firm,104,2
保定,华北电力大学(保定),university_or_college,104,3
保定,河北大学,university_or_college,66,4
保定,中国乐凯胶片集团公司,firm,60,5
保定,英利能源(中国)有限公司,firm,38,6
保定,长城汽车股份有限公司,firm,29,7
保定,中国石油集团东方地球物理勘探有限责任公司,firm,26,8
保定,风帆股份有限公司,firm,20,9
保定,刘爱东,likely_individual,17,10
保定,河北省农林科学院植物保护研究所,research_institute,12,11
保定,凌云工业股份有限公司,firm,10,12
保定,巨力索具股份有限公司,firm,10,13
保定,杨更亮,likely_individual,10,14
保定,药都制药集团股份有限公司,firm,9,15
保定,保定维特瑞交通设施工程有限责任公司,firm,8,16
保定,苑宝义,likely_individual,8,17
保定,保定惠阳航空螺旋桨制造厂,firm,7,18
保定,保定钞票纸业有限公司,firm,7,19
保定,赵云现,likely_individual,7,20
保山,云南永昌铅锌股份有限公司,firm,4,1
保山,李桂云,likely_individual,4,2
保山,车培国,likely_individual,4,3
保山,陈亚忠,likely_individual,4,4
保山,保山奥新绿色资源开发有限公司,firm,3,5
保山,保山市林业技术推广总站,other_org_or_unclear,3,6
保山,云南景兰热作科技有限责任公司,firm,2,7
保山,云南省农业科学院热带亚热带经济作物研究所,research_institute,2,8
保山,云南省烟草公司保山市公司,firm,2,9
保山,吕建中,likely_individual,2,10
保山,艾习寿,likely_individual,2,11
保山,于跃廷,likely_individual,1,12
保山,余家贵,likely_individual,1,13
保山,保山市映山红甜柿开发有限公司,firm,1,14
保山,刘东才,likely_individual,1,15
保山,左卫宁,likely_individual,1,16
保山,康祖明,likely_individual,1,17
保山,普加宏,likely_individual,1,18
保山,李兆荣,likely_individual,1,19
保山,李绍华,likely_individual,1,20
信阳,河南省电力公司信阳供电公司,firm,11,1
信阳,信阳天意节能技术有限公司,firm,5,2
信阳,信阳师范学院,university_or_college,5,3
信阳,南阳天意保温耐火材料有限公司,firm,5,4
信阳,河南羚锐制药股份有限公司,firm,5,5
信阳,中国人民解放军空军第一航空学院,university_or_college,3,6
信阳,商城县开源环保设备有限公司,firm,3,7
信阳,孟凡刚,likely_individual,3,8
信阳,河南黄国粮业有限公司,firm,3,9
信阳,路林茫,likely_individual,3,10
信阳,马国军,likely_individual,3,11
信阳,信阳市上天梯恒源矿业有限公司,firm,2,12
信阳,倪逢寅,likely_individual,2,13
信阳,关兵,likely_individual,2,14
信阳,凯蒂(信阳)新型材料有限公司,firm,2,15
信阳,吴长青,likely_individual,2,16
信阳,周作崇,likely_individual,2,17
信阳,尚作运,likely_individual,2,18
信阳,张正辉,likely_individual,2,19
信阳,江传龙,likely_individual,2,20
儋州,张珉,likely_individual,8,1
儋州,李隆基,likely_individual,1,2
儋州,罗春青,likely_individual,1,3
儋州,袁琦,likely_individual,1,4
克孜勒苏柯尔克孜自治州,吉风旺,likely_individual,1,1
克拉玛依,中国石油集团西部钻探工程有限公司,firm,19,1
克拉玛依,西部钻探克拉玛依钻井工艺研究院,research_institute,10,2
克拉玛依,新疆威奥科技股份有限公司,firm,9,3
克拉玛依,中国石油集团西部钻探工程有限公司克拉玛依钻井工艺研究院,firm,7,4
克拉玛依,中国石油新疆油田分公司采油工艺研究院,research_institute,6,5
克拉玛依,徐洪德,likely_individual,6,6
克拉玛依,新疆华易石油工程技术有限公司,firm,6,7
克拉玛依,新疆石油管理局试油公司,firm,5,8
克拉玛依,新疆石油管理局采油工艺研究院,research_institute,5,9
克拉玛依,于荣,likely_individual,4,10
克拉玛依,新疆油田勘察设计研究院,research_institute,4,11
克拉玛依,新疆石油工程建设有限责任公司,firm,4,12
克拉玛依,新疆科力新技术发展有限公司,firm,4,13
克拉玛依,中国石油天然气集团公司,firm,3,14
克拉玛依,克拉玛依市金山石油化工有限公司,firm,3,15
克拉玛依,宋志亮,likely_individual,3,16
克拉玛依,新疆石油勘察研究设计院(有限公司),firm,3,17
克拉玛依,新疆石油管理局井下作业公司,firm,3,18
克拉玛依,新疆石油管理局机械制造总公司,firm,3,19
克拉玛依,贾新成,likely_individual,3,20
六安,秦才东,likely_individual,13,1
六安,司红康,likely_individual,10,2
六安,孙毅,likely_individual,7,3
六安,安徽大昌矿业集团有限公司,firm,6,4
六安,安徽应流集团霍山铸造有限公司,firm,5,5
六安,安徽世华化工有限公司,firm,4,6
六安,安徽博微长安电子有限公司,firm,4,7
六安,安徽格义清洁能源技术有限公司,firm,4,8
六安,安徽省舒城三乐童车有限责任公司,firm,4,9
六安,朱守新,likely_individual,4,10
六安,六安新宇节能科技有限公司,firm,3,11
六安,刘文,likely_individual,3,12
六安,刘明江,likely_individual,3,13
六安,姚俊,likely_individual,3,14
六安,安徽世林照明股份有限公司,firm,3,15
六安,安徽应流铸业有限公司,firm,3,16
六安,张同金,likely_individual,3,17
六安,舒城瑞宇涂料有限公司,firm,3,18
六安,六安亿牛有机肥生产基地,other_org_or_unclear,2,19
六安,六安市金土地农业科普示范园,other_org_or_unclear,2,20
六盘水,王旭光,likely_individual,7,1
六盘水,唐健,likely_individual,3,2
六盘水,强建民,likely_individual,2,3
六盘水,徐东贵,likely_individual,2,4
六盘水,徐建成,likely_individual,2,5
六盘水,首钢水城钢铁(集团)有限责任公司,firm,2,6
六盘水,龚定军,likely_individual,2,7
六盘水,付尚松,likely_individual,1,8
六盘水,代源松,likely_individual,1,9
六盘水,何终毅,likely_individual,1,10
六盘水,六盘水威箐焦化有限公司,firm,1,11
六盘水,六盘水神驰生物科技有限公司,firm,1,12
六盘水,孙开付,likely_individual,1,13
六盘水,宋邦娟,likely_individual,1,14
六盘水,张建一,likely_individual,1,15
六盘水,曾天锐,likely_individual,1,16
六盘水,李艳,likely_individual,1,17
六盘水,桂希衡,likely_individual,1,18
六盘水,王元祥,likely_individual,1,19
六盘水,盘江煤电(集团)煤矿设计研究院有限公司,firm,1,20
兰州,中国科学院兰州化学物理研究所,research_institute,218,1
兰州,西北师范大学,university_or_college,215,2
兰州,兰州大学,university_or_college,177,3
兰州,兰州理工大学,university_or_college,177,4
兰州,中国航天科技集团公司第五研究院第五一○研究所,research_institute,94,5
兰州,中国农业科学院兰州兽医研究所,research_institute,55,6
兰州,甘肃农业大学,university_or_college,50,7
兰州,甘肃奇正藏药有限公司,firm,46,8
兰州,中国科学院近代物理研究所,research_institute,41,9
兰州,中国移动通信集团甘肃有限公司,firm,36,10
兰州,中国石油兰州石油化工公司,firm,33,11
兰州,兰州交通大学,university_or_college,31,12
兰州,中国农业科学院兰州畜牧与兽药研究所,research_institute,28,13
兰州,天华化工机械及自动化研究设计院,other_org_or_unclear,21,14
兰州,李红玉,likely_individual,21,15
兰州,北方涂料工业研究设计院,other_org_or_unclear,17,16
兰州,中国市政工程西北设计研究院有限公司,firm,14,17
兰州,中国科学院寒区旱区环境与工程研究所,research_institute,14,18
兰州,中国航天科技集团公司第五研究院第五一〇研究所,research_institute,14,19
兰州,甘肃省农业科学院农产品贮藏加工研究所,research_institute,14,20
兴安盟,王焕元,likely_individual,4,1
兴安盟,吴荣梅,likely_individual,3,2
兴安盟,李相前,likely_individual,3,3
兴安盟,刘忠波,likely_individual,2,4
兴安盟,孟祥玉,likely_individual,2,5
兴安盟,张纯杰,likely_individual,2,6
兴安盟,万国瑞,likely_individual,1,7
兴安盟,周凤东,likely_individual,1,8
兴安盟,张建军,likely_individual,1,9
兴安盟,敖景顺,likely_individual,1,10
兴安盟,李桂华,likely_individual,1,11
兴安盟,李润彬,likely_individual,1,12
兴安盟,李银山,likely_individual,1,13
兴安盟,王善堂,likely_individual,1,14
兴安盟,王玉,likely_individual,1,15
兴安盟,白兴华,likely_individual,1,16
兴安盟,管圣林,likely_individual,1,17
兴安盟,袁永臣,likely_individual,1,18
兴安盟,赵东浩,likely_individual,1,19
内江,蒋奉国,likely_individual,10,1
内江,郑晓容,likely_individual,10,2
内江,隆昌山川精密焊管有限责任公司,firm,9,3
内江,王鑫弘,likely_individual,8,4
内江,中铁隆昌铁路器材有限公司,firm,6,5
内江,邹世才,likely_individual,6,6
内江,四川梓橦宫药业有限公司,firm,4,7
内江,四川省川威集团有限公司,firm,3,8
内江,李勤坤,likely_individual,3,9
内江,李开超,likely_individual,3,10
内江,内江天科化工有限责任公司,firm,2,11
内江,叶伦志,likely_individual,2,12
内江,四川电力建设三公司,firm,2,13
内江,四川白塔新联兴陶瓷集团有限责任公司,firm,2,14
内江,朱楷,likely_individual,2,15
内江,李勤昆,likely_individual,2,16
内江,李强,likely_individual,2,17
内江,伍志权,likely_individual,1,18
内江,内江市帆航制钉有限责任公司,firm,1,19
内江,内江市效率源信息安全技术有限责任公司,firm,1,20
凉山彝族自治州,郑鉴忠,likely_individual,11,1
凉山彝族自治州,王文祥,likely_individual,10,2
凉山彝族自治州,四川环太实业有限责任公司,firm,6,3
凉山彝族自治州,赵明生,likely_individual,5,4
凉山彝族自治州,中国人民解放军63796部队,other_org_or_unclear,4,5
凉山彝族自治州,西昌学院,university_or_college,4,6
凉山彝族自治州,西昌航飞苦荞科技发展有限公司,firm,4,7
凉山彝族自治州,四川省电力公司西昌电业局,firm,3,8
凉山彝族自治州,杨显林,likely_individual,3,9
凉山彝族自治州,西昌新钒钛有限公司,firm,3,10
凉山彝族自治州,西昌电业局,other_org_or_unclear,3,11
凉山彝族自治州,何爱民,likely_individual,2,12
凉山彝族自治州,四川省烟草公司凉山州公司,firm,2,13
凉山彝族自治州,张兴仕,likely_individual,2,14
凉山彝族自治州,李德地,likely_individual,2,15
凉山彝族自治州,杨家云,likely_individual,2,16
凉山彝族自治州,熊福银,likely_individual,2,17
凉山彝族自治州,重庆钢铁集团矿业有限公司太和铁矿,firm,2,18
凉山彝族自治州,付明刚,likely_individual,1,19
凉山彝族自治州,刘机,likely_individual,1,20
包头,内蒙古科技大学,university_or_college,69,1
包头,中冶东方工程技术有限公司,firm,20,2
包头,内蒙古北方重工业集团有限公司,firm,14,3
包头,内蒙古第一机械制造(集团)有限公司,firm,13,4
包头,内蒙古第一机械集团有限公司,firm,13,5
包头,中国第二冶金建设有限责任公司,firm,12,6
包头,耿乐,likely_individual,12,7
包头,包头稀土研究院,research_institute,10,8
包头,瑞科稀土冶金及功能材料国家工程研究中心有限公司,firm,9,9
包头,包头中药有限责任公司,firm,8,10
包头,包头市京瑞新材料有限公司,firm,7,11
包头,金骄特种新材料(集团)有限公司,firm,7,12
包头,中核北方核燃料元件有限公司,firm,6,13
包头,郑彬,likely_individual,6,14
包头,中国二冶集团有限公司,firm,4,15
包头,内蒙古鹿王羊绒有限公司,firm,4,16
包头,包头北方创业股份有限公司,firm,4,17
包头,包头市山晟新能源有限责任公司,firm,4,18
包头,包头市汇全稀土实业(集团)有限公司,firm,4,19
包头,包头铝业有限公司,firm,4,20
北京,清华大学,university_or_college,3958,1
北京,中国石油化工股份有限公司,firm,3884,2
北京,北京航空航天大学,university_or_college,2687,3
北京,大唐移动通信设备有限公司,firm,1704,4
北京,中国移动通信集团公司,firm,1312,5
北京,北京大学,university_or_college,1231,6
北京,北京工业大学,university_or_college,1127,7
北京,北京理工大学,university_or_college,1071,8
北京,北京化工大学,university_or_college,1033,9
北京,中国农业大学,university_or_college,1030,10
北京,中国石油天然气股份有限公司,firm,1024,11
北京,中国科学院微电子研究所,research_institute,959,12
北京,北京交通大学,university_or_college,921,13
北京,北京科技大学,university_or_college,913,14
北京,北京邮电大学,university_or_college,859,15
北京,北京中星微电子有限公司,firm,854,16
北京,联想(北京)有限公司,firm,794,17
北京,北大方正集团有限公司,firm,784,18
北京,中国海洋石油总公司,firm,699,19
北京,中国电信股份有限公司,firm,585,20
北海,刘光文,likely_individual,8,1
北海,巢启,likely_individual,7,2
北海,广西壮族自治区海洋研究所,research_institute,6,3
北海,广西银河风力发电有限公司,firm,6,4
北海,冯岩,likely_individual,4,5
北海,北海银河科技继保电气有限公司,firm,4,6
北海,潘世澄,likely_individual,4,7
北海,罗琮贵,likely_individual,4,8
北海,北海市深蓝科技发展有限责任公司,firm,3,9
北海,广西北海圣安时代科技有限公司,firm,3,10
北海,广西正五海洋产业股份有限公司,firm,3,11
北海,何信国,likely_individual,2,12
北海,北海洼地螺旋藻产业基地有限公司,firm,2,13
北海,北海银河开关设备有限公司,firm,2,14
北海,合浦展鹏实业有限公司,firm,2,15
北海,合浦果香园食品有限公司,firm,2,16
北海,吴其荣,likely_individual,2,17
北海,吴积善,likely_individual,2,18
北海,周耀瑜,likely_individual,2,19
北海,广西红树林研究中心,other_org_or_unclear,2,20
十堰,湖北汽车工业学院,university_or_college,11,1
十堰,竹溪创艺皂素有限公司,firm,6,2
十堰,竹山县秦巴钡盐有限公司,firm,5,3
十堰,湖北诺克橡塑密封科技有限公司,firm,4,4
十堰,刘光东,likely_individual,3,5
十堰,十堰市郧齿汽车零部件有限公司,firm,3,6
十堰,十堰梅子贡茶业集团,firm,3,7
十堰,十堰渝川食品有限公司,firm,3,8
十堰,十堰科纳汽车电器有限公司,firm,3,9
十堰,周金社,likely_individual,3,10
十堰,张书勤,likely_individual,3,11
十堰,湖北世纪中远车辆有限公司,firm,3,12
十堰,湖北泰戈电动汽车开发有限公司,firm,3,13
十堰,东风伟世通(十堰)汽车饰件系统有限公司,firm,2,14
十堰,东风汽车悬架弹簧有限公司,firm,2,15
十堰,东风汽车零部件(集团)有限公司,firm,2,16
十堰,东风精密铸造有限公司,firm,2,17
十堰,丹江口福安运输有限责任公司,firm,2,18
十堰,十堰天舒机电科技有限公司,firm,2,19
十堰,十堰市佳恒液压机械有限公司,firm,2,20
南京,东南大学,university_or_college,2052,1
南京,南京大学,university_or_college,1112,2
南京,南京航空航天大学,university_or_college,988,3
南京,南京工业大学,university_or_college,773,4
南京,南京农业大学,university_or_college,435,5
南京,南京邮电大学,university_or_college,435,6
南京,河海大学,university_or_college,402,7
南京,南京乐金熊猫电器有限公司,firm,380,8
南京,南京理工大学,university_or_college,372,9
南京,中国药科大学,university_or_college,314,10
南京,南京师范大学,university_or_college,276,11
南京,南京林业大学,university_or_college,261,12
南京,南京信息工程大学,university_or_college,257,13
南京,江苏省农业科学院,research_institute,239,14
南京,南京华洲药业有限公司,firm,205,15
南京,国网电力科学研究院,research_institute,195,16
南京,南京泽朗医药科技有限公司,firm,147,17
南京,中国林业科学研究院林产化学工业研究所,research_institute,143,18
南京,博西华电器(江苏)有限公司,firm,143,19
南京,卓向东,likely_individual,133,20
南充,何仁城,likely_individual,28,1
南充,西华师范大学,university_or_college,12,2
南充,冯石文,likely_individual,10,3
南充,张益,likely_individual,6,4
南充,马正华,likely_individual,6,5
南充,廖玉春,likely_individual,4,6
南充,四川三鑫南蕾气门座制造有限公司,firm,3,7
南充,四川保宁制药有限公司,firm,3,8
南充,四川南充市丝绸(进出口)有限公司,firm,3,9
南充,四川省农业科学院蚕业研究所,research_institute,3,10
南充,张弛一智,likely_individual,3,11
南充,杨绍柏,likely_individual,3,12
南充,四川阆中煜群农产品开发有限责任公司,firm,2,13
南充,川北医学院附属医院,hospital,2,14
南充,敬俊,likely_individual,2,15
南充,李义,likely_individual,2,16
南充,李幸,likely_individual,2,17
南充,李长春,likely_individual,2,18
南充,杨世奉,likely_individual,2,19
南充,杨斌,likely_individual,2,20
南宁,广西大学,university_or_college,288,1
南宁,广西民族大学,university_or_college,46,2
南宁,广西田园生化股份有限公司,firm,36,3
南宁,中国移动通信集团广西有限公司,firm,33,4
南宁,广西壮族自治区化工研究院,research_institute,29,5
南宁,广西科学院,research_institute,17,6
南宁,广西中医学院,university_or_college,16,7
南宁,广西医科大学,university_or_college,16,8
南宁,广西中烟工业公司,firm,14,9
南宁,广西博科药业有限公司,firm,11,10
南宁,广西壮族自治区水产研究所,research_institute,11,11
南宁,广西明阳生化科技股份有限公司,firm,11,12
南宁,刘名汉,likely_individual,10,13
南宁,叶长东,likely_individual,10,14
南宁,刘华钢,likely_individual,9,15
南宁,广西壮族自治区甘蔗研究所,research_institute,9,16
南宁,广西壮族自治区药用植物园,other_org_or_unclear,9,17
南宁,广西师范学院,university_or_college,9,18
南宁,广西玉柴专用汽车有限公司,firm,9,19
南宁,陈江涛,likely_individual,8,20
南平,陈智贤,likely_individual,5,1
南平,黄光佗,likely_individual,5,2
南平,福建圣元电子科技有限公司,firm,4,3
南平,福建省南平铝业有限公司,firm,4,4
南平,王雨平,likely_individual,3,5
南平,福建万新发电设备有限公司,firm,3,6
南平,福建南纺股份有限公司,firm,3,7
南平,福建建阳龙翔科技开发有限公司,firm,3,8
南平,福建省建阳武夷味精有限公司,firm,3,9
南平,福建省邵武市榕丰化工有限公司,firm,3,10
南平,钟志强,likely_individual,3,11
南平,俞明,likely_individual,2,12
南平,刘金炜,likely_individual,2,13
南平,华闽南配集团股份有限公司,firm,2,14
南平,吴上辉,likely_individual,2,15
南平,吴开敏,likely_individual,2,16
南平,姚荣建,likely_individual,2,17
南平,张培坤,likely_individual,2,18
南平,张文兵,likely_individual,2,19
南平,杨洪,likely_individual,2,20
南昌,南昌大学,university_or_college,308,1
南昌,南昌航空大学,university_or_college,198,2
南昌,华东交通大学,university_or_college,116,3
南昌,中国瑞林工程技术有限公司,firm,68,4
南昌,江西科技师范学院,university_or_college,52,5
南昌,泰豪科技股份有限公司,firm,44,6
南昌,晶能光电(江西)有限公司,firm,42,7
南昌,江西洪都航空工业集团有限责任公司,firm,33,8
南昌,江西稀有稀土金属钨业集团有限公司,firm,33,9
南昌,江西中医学院,university_or_college,31,10
南昌,江西济民可信集团有限公司,firm,31,11
南昌,江西省电力科学研究院,research_institute,28,12
南昌,南昌弘益科技有限公司,firm,27,13
南昌,江西师范大学,university_or_college,27,14
南昌,江西稀有金属钨业控股集团有限公司,firm,22,15
南昌,江西本草天工科技有限责任公司,firm,19,16
南昌,江西金达莱环保研发中心有限公司,firm,19,17
南昌,江西农业大学,university_or_college,16,18
南昌,江西省电力信息通讯有限公司,firm,14,19
南昌,罗蒙明,likely_individual,14,20
南通,南通芯迎设计服务有限公司,firm,495,1
南通,东丽纤维研究所(中国)有限公司,firm,369,2
南通,南通众联科技服务有限公司,firm,192,3
南通,南通大学,university_or_college,128,4
南通,南通玺运贸易有限公司,firm,59,5
南通,南通恒帅机电设备有限公司,firm,57,6
南通,海安县商业学校,other_org_or_unclear,56,7
南通,南通玺路贸易有限公司,firm,53,8
南通,南通锦悦服装设计有限公司,firm,51,9
南通,海安县联发张氏色织有限公司,firm,49,10
南通,南通海利特橡塑机械有限公司,firm,47,11
南通,成进学,likely_individual,47,12
南通,如皋市白蒲镇润泽服饰厂,firm,43,13
南通,海安联科汽车零部件有限公司,firm,42,14
南通,南通亿学文具有限公司,firm,36,15
南通,南通盛利重工机械制造有限公司,firm,36,16
南通,倪海军,likely_individual,35,17
南通,南通五联品牌策划有限公司,firm,35,18
南通,南通市金佐年实验装备有限公司,firm,35,19
南通,杨红宇,likely_individual,35,20
南阳,河南省电力公司南阳供电公司,firm,105,1
南阳,南阳汉冶特钢有限公司,firm,41,2
南阳,河南省西保冶材集团有限公司,firm,39,3
南阳,西峡龙成特种材料有限公司,firm,29,4
南阳,河南中光学集团有限公司,firm,22,5
南阳,乐凯集团第二胶片厂,firm,17,6
南阳,南阳防爆集团股份有限公司,firm,12,7
南阳,南阳二机石油装备(集团)有限公司,firm,10,8
南阳,南阳师范学院,university_or_college,9,9
南阳,南阳普康药业有限公司,firm,9,10
南阳,河南省西峡汽车水泵股份有限公司,firm,9,11
南阳,西峡龙成冶金材料有限公司,firm,9,12
南阳,夏光甫,likely_individual,8,13
南阳,张敬如,likely_individual,8,14
南阳,河南天冠企业集团有限公司,firm,8,15
南阳,河南省宛西制药股份有限公司,firm,8,16
南阳,邓州市雪阳棉纺集团有限公司,firm,8,17
南阳,利达光电股份有限公司,firm,7,18
南阳,河南华阳装备制造有限公司,firm,7,19
南阳,西峡县西泵特种铸造有限公司,firm,7,20
博尔塔拉蒙古自治州,刘明双,likely_individual,2,1
博尔塔拉蒙古自治州,杨永顺,likely_individual,2,2
博尔塔拉蒙古自治州,郭江龙,likely_individual,2,3
博尔塔拉蒙古自治州,马有精,likely_individual,2,4
博尔塔拉蒙古自治州,新疆赛湖渔业科技开发有限公司,firm,1,5
博尔塔拉蒙古自治州,李通,likely_individual,1,6
博尔塔拉蒙古自治州,樊爱君,likely_individual,1,7
博尔塔拉蒙古自治州,王志强,likely_individual,1,8
博尔塔拉蒙古自治州,许明东,likely_individual,1,9
厦门,厦门大学,university_or_college,820,1
厦门,厦门松霖科技有限公司,firm,126,2
厦门,友达光电(厦门)有限公司,firm,97,3
厦门,厦门雅迅网络股份有限公司,firm,84,4
厦门,厦门敏讯信息技术股份有限公司,firm,82,5
厦门,集美大学,university_or_college,63,6
厦门,厦门市三安光电科技有限公司,firm,59,7
厦门,冠捷显示科技(厦门)有限公司,firm,50,8
厦门,厦门市易洁卫浴有限公司,firm,36,9
厦门,国家海洋局第三海洋研究所,research_institute,32,10
厦门,联想移动通信科技有限公司,firm,32,11
厦门,厦门华侨电子股份有限公司,firm,23,12
厦门,李有为,likely_individual,23,13
厦门,中国科学院城市环境研究所,research_institute,21,14
厦门,厦门市美亚柏科信息股份有限公司,firm,21,15
厦门,宸鸿科技(厦门)有限公司,firm,18,16
厦门,福建中烟工业公司,firm,18,17
厦门,厦门理工学院,university_or_college,17,18
厦门,福建省水产研究所,research_institute,17,19
厦门,厦门紫金矿冶技术有限公司,firm,15,20
双鸭山,黑龙江建龙钢铁有限公司,firm,15,1
双鸭山,黑龙江双锅锅炉股份有限公司,firm,5,2
双鸭山,李孝杰,likely_individual,4,3
双鸭山,郝振才,likely_individual,4,4
双鸭山,双鸭山东方墙材工业有限责任公司,firm,3,5
双鸭山,周荣刚,likely_individual,2,6
双鸭山,王悦英,likely_individual,2,7
双鸭山,王涛,likely_individual,2,8
双鸭山,闵利新,likely_individual,2,9
双鸭山,齐绍春,likely_individual,2,10
双鸭山,万胜臣,likely_individual,1,11
双鸭山,乔生,likely_individual,1,12
双鸭山,于占林,likely_individual,1,13
双鸭山,任立彪,likely_individual,1,14
双鸭山,刘金龙,likely_individual,1,15
双鸭山,双鸭山电业局,other_org_or_unclear,1,16
双鸭山,吴廷达,likely_individual,1,17
双鸭山,徐成有,likely_individual,1,18
双鸭山,李继文,likely_individual,1,19
双鸭山,王义财,likely_individual,1,20
台州,浙江吉利汽车研究院有限公司,firm,206,1
台州,浙江华海药业股份有限公司,firm,74,2
台州,浙江双友物流器械股份有限公司,firm,54,3
台州,浙江海正药业股份有限公司,firm,45,4
台州,浙江九洲药业股份有限公司,firm,41,5
台州,浙江鸿友压缩机制造有限公司,firm,36,6
台州,卓旦春,likely_individual,34,7
台州,吴为国,likely_individual,24,8
台州,浙江德玛克机械有限公司,firm,21,9
台州,浙江沃尔达铜业有限公司,firm,20,10
台州,蔡业,likely_individual,18,11
台州,浙江新杰克缝纫机股份有限公司,firm,17,12
台州,浙江广天变压器有限公司,firm,16,13
台州,中捷缝纫机股份有限公司,firm,15,14
台州,浙江银轮机械股份有限公司,firm,15,15
台州,王兴章,likely_individual,15,16
台州,陈通平,likely_individual,15,17
台州,林军华,likely_individual,14,18
台州,浙江海翔药业股份有限公司,firm,14,19
台州,浙江苏泊尔股份有限公司,firm,14,20
台湾省,英业达股份有限公司,firm,2157,1
台湾省,友达光电股份有限公司,firm,1885,2
台湾省,财团法人工业技术研究院,research_institute,1400,3
台湾省,台湾积体电路制造股份有限公司,firm,1091,4
台湾省,联发科技股份有限公司,firm,859,5
台湾省,宏达国际电子股份有限公司,firm,599,6
台湾省,华硕电脑股份有限公司,firm,542,7
台湾省,宏碁股份有限公司,firm,529,8
台湾省,台达电子工业股份有限公司,firm,487,9
台湾省,纬创资通股份有限公司,firm,427,10
台湾省,旺宏电子股份有限公司,firm,354,11
台湾省,日月光半导体制造股份有限公司,firm,349,12
台湾省,联咏科技股份有限公司,firm,330,13
台湾省,奇景光电股份有限公司,firm,329,14
台湾省,瑞昱半导体股份有限公司,firm,323,15
台湾省,威盛电子股份有限公司,firm,294,16
台湾省,和硕联合科技股份有限公司,firm,259,17
台湾省,奇美电子股份有限公司,firm,259,18
台湾省,华晶科技股份有限公司,firm,228,19
台湾省,致伸科技股份有限公司,firm,211,20
合肥,中国科学技术大学,university_or_college,485,1
合肥,合肥工业大学,university_or_college,483,2
合肥,中国科学院合肥物质科学研究院,research_institute,162,3
合肥,中国科学院等离子体物理研究所,research_institute,113,4
合肥,中国科学院安徽光学精密机械研究所,research_institute,88,5
合肥,安徽农业大学,university_or_college,88,6
合肥,合肥美的荣事达电冰箱有限公司,firm,86,7
合肥,合肥杰事杰新材料股份有限公司,firm,68,8
合肥,安徽大学,university_or_college,66,9
合肥,中国移动通信集团安徽有限公司,firm,51,10
合肥,许春雷,likely_individual,49,11
合肥,高旌,likely_individual,48,12
合肥,合肥通用机械研究院,research_institute,38,13
合肥,安徽奥来新能源有限公司,firm,37,14
合肥,安徽巨一自动化装备有限公司,firm,36,15
合肥,孙善骏,likely_individual,31,16
合肥,合肥杰事杰新材料有限公司,firm,29,17
合肥,中铁四局集团有限公司,firm,28,18
合肥,吴昌德,likely_individual,24,19
合肥,安徽中烟工业公司,firm,23,20
吉安,邓保荣,likely_individual,10,1
吉安,吉安市优特利科技有限公司,firm,5,2
吉安,李勇,likely_individual,5,3
吉安,江西普正制药有限公司,firm,5,4
吉安,陈文通,likely_individual,4,5
吉安,龙乐武,likely_individual,4,6
吉安,刘教贤,likely_individual,3,7
吉安,刘津平,likely_individual,3,8
吉安,安福唯冠油压机械有限公司,firm,3,9
吉安,江西合力泰微电子有限公司,firm,3,10
吉安,江西新赣江药业有限公司,firm,3,11
吉安,王格,likely_individual,3,12
吉安,肖军平,likely_individual,3,13
吉安,万仁全,likely_individual,2,14
吉安,井冈山大学,university_or_college,2,15
吉安,卢新平,likely_individual,2,16
吉安,吉安市三江超纤无纺有限公司,firm,2,17
吉安,周柏云,likely_individual,2,18
吉安,尹青,likely_individual,2,19
吉安,曾凡荣,likely_individual,2,20
吉林,东北电力大学,university_or_college,71,1
吉林,北华大学,university_or_college,23,2
吉林,吉林博大农林生物科技有限公司,firm,16,3
吉林,赵景辉,likely_individual,12,4
吉林,吉林吉恩镍业股份有限公司,firm,10,5
吉林,中国农业科学院特产研究所,research_institute,8,6
吉林,中石油东北炼化工程有限公司吉林设计院,firm,8,7
吉林,吉化集团吉林市星云工贸有限公司,firm,8,8
吉林,吉林化工学院,university_or_college,8,9
吉林,邱阳,likely_individual,8,10
吉林,吉林金秋农药有限公司,firm,7,11
吉林,吉林新亚强生物化工有限公司,firm,6,12
吉林,马秋生,likely_individual,6,13
吉林,高英林,likely_individual,6,14
吉林,中钢集团吉林铁合金股份有限公司,firm,5,15
吉林,吉林吉尔吉药业有限公司,firm,5,16
吉林,吉林市北华航天科技有限公司,firm,5,17
吉林,李弘,likely_individual,5,18
吉林,白山发电厂,firm,5,19
吉林,中国石油集团工程设计有限责任公司东北分公司,firm,4,20
吐鲁番,中国石油集团西部钻探工程有限公司,firm,6,1
吐鲁番,中国石油集团西部钻探工程有限公司吐哈钻井工艺研究院,firm,4,2
吐鲁番,刘勇,likely_individual,4,3
吐鲁番,新疆沈宏集团股份有限公司,firm,3,4
吐鲁番,朱登山,likely_individual,2,5
吐鲁番,谢长清,likely_individual,2,6
吐鲁番,丁振洲,likely_individual,1,7
吐鲁番,买日江热西提,other_org_or_unclear,1,8
吐鲁番,刘军,likely_individual,1,9
吐鲁番,吐鲁番市驼铃酒业有限公司,firm,1,10
吐鲁番,吐鲁番沈宏金属工业有限责任公司,firm,1,11
吐鲁番,张立顺,likely_individual,1,12
吐鲁番,徐宽,likely_individual,1,13
吐鲁番,斯力木马木提,other_org_or_unclear,1,14
吐鲁番,新疆安华矿业投资有限公司,firm,1,15
吐鲁番,新疆电力公司吐鲁番电业局,firm,1,16
吐鲁番,朱玉青,likely_individual,1,17
吐鲁番,李世龙,likely_individual,1,18
吐鲁番,杨小红,likely_individual,1,19
吐鲁番,聂钢峰,likely_individual,1,20
吕梁,任首旺,likely_individual,30,1
吕梁,冯丽花,likely_individual,19,2
吕梁,叶奉奇,likely_individual,15,3
吕梁,郭丽丽,likely_individual,15,4
吕梁,冯文光,likely_individual,14,5
吕梁,山西省农业科学院经济作物研究所,research_institute,11,6
吕梁,冯文明,likely_individual,10,7
吕梁,樊铁山,likely_individual,10,8
吕梁,田向东,likely_individual,8,9
吕梁,赵宏伟,likely_individual,8,10
吕梁,山西新天源医药化工有限公司,firm,6,11
吕梁,朱晏墨,likely_individual,6,12
吕梁,石其贵,likely_individual,5,13
吕梁,郝伟,likely_individual,5,14
吕梁,交城义望铁合金有限责任公司,firm,4,15
吕梁,山西宏特煤化工有限公司,firm,4,16
吕梁,山西山宝食用菌生物有限公司,firm,4,17
吕梁,山西金绿禾燕麦研究所,research_institute,4,18
吕梁,任正,likely_individual,3,19
吕梁,孟庆巨,likely_individual,3,20
吴忠,吴忠仪表有限责任公司,firm,5,1
吴忠,王建业,likely_individual,5,2
吴忠,宁夏电力公司吴忠供电局,firm,4,3
吴忠,王金安,likely_individual,3,4
吴忠,韩新平,likely_individual,3,5
吴忠,宁夏金世纪包装印刷有限公司,firm,2,6
吴忠,丁发洪,likely_individual,1,7
吴忠,宁夏宁龙塑胶管业有限公司,firm,1,8
吴忠,朱琳,likely_individual,1,9
吴忠,权国柱,likely_individual,1,10
吴忠,李宪才,likely_individual,1,11
吴忠,杨士俊,likely_individual,1,12
吴忠,王又康,likely_individual,1,13
吴忠,秦树国,likely_individual,1,14
吴忠,蔡云飞,likely_individual,1,15
吴忠,谢义斌,likely_individual,1,16
吴忠,赵红举,likely_individual,1,17
吴忠,雷泽民,likely_individual,1,18
吴忠,青铜峡铝业集团有限公司,firm,1,19
吴忠,马向明,likely_individual,1,20
周口,郸城财鑫糖业有限责任公司,firm,10,1
周口,河南省电力公司周口供电公司,firm,9,2
周口,克科,likely_individual,7,3
周口,河南财鑫实业化工有限责任公司,firm,6,4
周口,辅仁药业集团有限公司,firm,6,5
周口,张保寅,likely_individual,5,6
周口,河南普爱饲料股份有限公司,firm,5,7
周口,河南金丹乳酸有限公司,firm,5,8
周口,河南百年康鑫药业有限公司,firm,4,9
周口,河南金丹乳酸科技有限公司,firm,4,10
周口,党永富,likely_individual,3,11
周口,张兴亮,likely_individual,3,12
周口,张永华,likely_individual,3,13
周口,朱望,likely_individual,3,14
周口,李宇翔,likely_individual,3,15
周口,李建刚,likely_individual,3,16
周口,河南莲花天安食业有限公司,firm,3,17
周口,王德风,likely_individual,3,18
周口,郭振山,likely_individual,3,19
周口,刘志广,likely_individual,2,20
呼伦贝尔,刘波,likely_individual,8,1
呼伦贝尔,徐锦镛,likely_individual,7,2
呼伦贝尔,李树森,likely_individual,6,3
呼伦贝尔,邹用军,likely_individual,6,4
呼伦贝尔,姚景祥,likely_individual,4,5
呼伦贝尔,徐禄,likely_individual,3,6
呼伦贝尔,杨占江,likely_individual,3,7
呼伦贝尔,靳胜福,likely_individual,3,8
呼伦贝尔,于宝锋,likely_individual,2,9
呼伦贝尔,刘彦军,likely_individual,2,10
呼伦贝尔,杜庆东,likely_individual,2,11
呼伦贝尔,王刚,likely_individual,2,12
呼伦贝尔,白松,likely_individual,2,13
呼伦贝尔,邹方昕,likely_individual,2,14
呼伦贝尔,万恒,likely_individual,1,15
呼伦贝尔,万群,likely_individual,1,16
呼伦贝尔,乔晶源,likely_individual,1,17
呼伦贝尔,关锡珍,likely_individual,1,18
呼伦贝尔,内蒙古宏裕科技股份有限公司,firm,1,19
呼伦贝尔,内蒙古森工栲胶制品有限责任公司,firm,1,20
呼和浩特,内蒙古伊利实业集团股份有限公司,firm,281,1
呼和浩特,内蒙古蒙牛乳业(集团)股份有限公司,firm,241,2
呼和浩特,内蒙古大学,university_or_college,71,3
呼和浩特,内蒙古农业大学,university_or_college,32,4
呼和浩特,邬林祥,likely_individual,29,5
呼和浩特,中国农业机械化科学研究院呼和浩特分院,research_institute,18,6
呼和浩特,内蒙古电子信息职业技术学院,university_or_college,13,7
呼和浩特,内蒙古工业大学,university_or_college,12,8
呼和浩特,徐国元,likely_individual,12,9
呼和浩特,内蒙古永业生物技术有限责任公司,firm,11,10
呼和浩特,中国农业科学院草原研究所,research_institute,10,11
呼和浩特,孔繁忠,likely_individual,10,12
呼和浩特,内蒙古奈伦农业科技股份有限公司,firm,9,13
呼和浩特,内蒙古自治区农牧业科学院,research_institute,9,14
呼和浩特,内蒙古医学院,university_or_college,8,15
呼和浩特,吕瑞强,likely_individual,7,16
呼和浩特,内蒙古神舟硅业有限责任公司,firm,6,17
呼和浩特,内蒙古蒙科立软件有限责任公司,firm,6,18
呼和浩特,内蒙古麦格磁投资管理有限公司,firm,6,19
呼和浩特,乌日娜,likely_individual,5,20
和田地区,新疆和田玉圣科技有限责任公司,firm,2,1
和田地区,麦提托合提依敏萨依普,other_org_or_unclear,2,2
和田地区,买吐送阿布都热合木,other_org_or_unclear,1,3
和田地区,图尔贡托合提,other_org_or_unclear,1,4
和田地区,图尔贡赛迪,other_org_or_unclear,1,5
和田地区,新疆阿布丹食品开发有限公司,firm,1,6
和田地区,杰力力加帕尔,other_org_or_unclear,1,7
和田地区,穆太力普努尔麦麦提,other_org_or_unclear,1,8
和田地区,阿不都依米提艾买提,other_org_or_unclear,1,9
和田地区,阿不都卡的阿不都哈力克,other_org_or_unclear,1,10
和田地区,阿布都拉巴克,other_org_or_unclear,1,11
咸宁,湖北嘉裕管业股份有限公司,firm,8,1
咸宁,湖北玉立砂带集团股份有限公司,firm,6,2
咸宁,湖北省电力公司咸宁供电公司,firm,6,3
咸宁,湖北省通山县通力镁业有限责任公司,firm,6,4
咸宁,杨秋良,likely_individual,5,5
咸宁,朱君山,likely_individual,4,6
咸宁,柯国平,likely_individual,4,7
咸宁,湖北天化麻业股份有限公司,firm,3,8
咸宁,湖北平安电工材料有限公司,firm,3,9
咸宁,湖北莱克斯特科技有限公司,firm,3,10
咸宁,赤壁市赤壁红口口乐有限公司,firm,3,11
咸宁,余新华,likely_individual,2,12
咸宁,吕孝民,likely_individual,2,13
咸宁,徐世刚,likely_individual,2,14
咸宁,杨金海,likely_individual,2,15
咸宁,湖北合加环境设备有限公司,firm,2,16
咸宁,湖北帅力化工有限公司,firm,2,17
咸宁,湖北盛华再生能源开发有限公司,firm,2,18
咸宁,湖北省咸宁三合机电制业有限责任公司,firm,2,19
咸宁,湖北福人药业股份有限公司,firm,2,20
咸阳,西北农林科技大学,university_or_college,507,1
咸阳,彩虹集团公司,firm,287,2
咸阳,彩虹集团电子股份有限公司,firm,70,3
咸阳,陕西东泰制药有限公司,firm,28,4
咸阳,彩虹显示器件股份有限公司,firm,26,5
咸阳,陕西彩虹电子玻璃有限公司,firm,19,6
咸阳,中国船舶重工集团公司第十二研究所,research_institute,16,7
咸阳,咸阳步长医药科技发展有限公司,firm,12,8
咸阳,陕西化建工程有限责任公司,firm,10,9
咸阳,彩虹彩色显像管总厂,firm,8,10
咸阳,西北农林科技大学无公害农药研究服务中心,university_or_college,8,11
咸阳,陕西华特新材料股份有限公司,firm,8,12
咸阳,咸阳陶瓷研究设计院,other_org_or_unclear,7,13
咸阳,杨凌农科大无公害农药研究服务中心,other_org_or_unclear,7,14
咸阳,西北农林科技大学农药研究所,research_institute,7,15
咸阳,陕西步长制药有限公司,firm,7,16
咸阳,陕西生益科技有限公司,firm,7,17
咸阳,朱作远,likely_individual,6,18
咸阳,武兴战,likely_individual,6,19
咸阳,董平,likely_individual,6,20
哈密,陈华松,likely_individual,6,1
哈密,李宝林,likely_individual,3,2
哈密,刘照清,likely_individual,2,3
哈密,司密花,likely_individual,2,4
哈密,冯虎林,likely_individual,1,5
哈密,刘丽华,likely_individual,1,6
哈密,吕天文,likely_individual,1,7
哈密,国投新疆罗布泊钾盐有限责任公司,firm,1,8
哈密,崔彦立,likely_individual,1,9
哈密,徐晓白,likely_individual,1,10
哈密,新疆汇通旱地龙腐植酸有限责任公司,firm,1,11
哈密,施建平,likely_individual,1,12
哈密,朱崇德,likely_individual,1,13
哈密,李建明,likely_individual,1,14
哈密,李新潮,likely_individual,1,15
哈密,林三明,likely_individual,1,16
哈密,王云海,likely_individual,1,17
哈密,王光耀,likely_individual,1,18
哈密,郭东京,likely_individual,1,19
哈密,魏子贺,likely_individual,1,20
哈尔滨,哈尔滨工业大学,university_or_college,2783,1
哈尔滨,哈尔滨工程大学,university_or_college,980,2
哈尔滨,东北农业大学,university_or_college,320,3
哈尔滨,东北林业大学,university_or_college,273,4
哈尔滨,黑龙江大学,university_or_college,184,5
哈尔滨,哈尔滨理工大学,university_or_college,141,6
哈尔滨,中国农业科学院哈尔滨兽医研究所,research_institute,97,7
哈尔滨,中国科学院东北地理与农业生态研究所,research_institute,83,8
哈尔滨,哈尔滨电机厂有限责任公司,firm,61,9
哈尔滨,哈尔滨开恩科技开发有限公司,firm,57,10
哈尔滨,哈尔滨师范大学,university_or_college,42,11
哈尔滨,黑龙江省科学院石油化学研究院,research_institute,39,12
哈尔滨,黑龙江科技学院,university_or_college,39,13
哈尔滨,哈尔滨商业大学,university_or_college,38,14
哈尔滨,哈尔滨医科大学,university_or_college,33,15
哈尔滨,哈尔滨飞机工业集团有限责任公司,firm,33,16
哈尔滨,中国水产科学研究院黑龙江水产研究所,research_institute,31,17
哈尔滨,东北轻合金有限责任公司,firm,30,18
哈尔滨,哈尔滨鸿盛房屋节能体系研发中心,other_org_or_unclear,29,19
哈尔滨,吴德滨,likely_individual,24,20
唐山,河北理工大学,university_or_college,125,1
唐山,唐山轨道客车有限责任公司,firm,44,2
唐山,中冶京唐建设有限公司,firm,27,3
唐山,中国二十二冶集团有限公司,firm,24,4
唐山,河北省首钢迁安钢铁有限责任公司,firm,21,5
唐山,唐山国丰钢铁有限公司,firm,15,6
唐山,张建卿,likely_individual,15,7
唐山,河北玉田兴业印刷机械有限公司,firm,14,8
唐山,河北联合大学,university_or_college,11,9
唐山,唐山师范学院,university_or_college,10,10
唐山,河北钢铁股份有限公司唐山分公司,firm,10,11
唐山,李功民,likely_individual,9,12
唐山,荣玉明,likely_individual,9,13
唐山,郭进军,likely_individual,8,14
唐山,吴国存,likely_individual,7,15
唐山,唐山市思远涂料有限公司,firm,7,16
唐山,唐山建龙实业有限公司,firm,7,17
唐山,唐山德生防水材料有限公司,firm,7,18
唐山,唐山钢铁股份有限公司,firm,7,19
唐山,于秀珠,likely_individual,6,20
商丘,河南省电力公司商丘供电公司,firm,46,1
商丘,永城煤电控股集团有限公司,firm,11,2
商丘,商丘市天宇电力工程有限公司,firm,7,3
商丘,张壮斗,likely_individual,5,4
商丘,张银生,likely_individual,3,5
商丘,曹持武,likely_individual,3,6
商丘,陈坤,likely_individual,3,7
商丘,陈清华,likely_individual,3,8
商丘,万广灿,likely_individual,2,9
商丘,代思友,likely_individual,2,10
商丘,冯子龙,likely_individual,2,11
商丘,刘广辉,likely_individual,2,12
商丘,单明胜,likely_individual,2,13
商丘,史培德,likely_individual,2,14
商丘,周玉玲,likely_individual,2,15
商丘,商丘三利新能源有限公司,firm,2,16
商丘,商丘市博大化工有限公司,firm,2,17
商丘,商丘市康森动物药品研究所,research_institute,2,18
商丘,商丘师范学院,university_or_college,2,19
商丘,商丘爱己爱牧动物药业有限公司,firm,2,20
商洛,山阳县金川封幸化工有限责任公司,firm,3,1
商洛,董必进,likely_individual,3,2
商洛,丹凤县永鑫电子材料有限责任公司,firm,2,3
商洛,山阳县茶叶公司,firm,2,4
商洛,山阳县银华矿业有限公司,firm,2,5
商洛,张峻,likely_individual,2,6
商洛,张本刚,likely_individual,2,7
商洛,徐能德,likely_individual,2,8
商洛,李挺,likely_individual,2,9
商洛,镇安华美农业产业化有限公司,firm,2,10
商洛,陕西亿农高科药业有限公司,firm,2,11
商洛,陕西商洛盘龙植物药业有限公司,firm,2,12
商洛,魏清林,likely_individual,2,13
商洛,魏青山,likely_individual,2,14
商洛,丹凤县商山红葡萄酒有限公司,firm,1,15
商洛,丹凤县荣毅电子有限公司,firm,1,16
商洛,冀卫荣,likely_individual,1,17
商洛,史永淳,likely_individual,1,18
商洛,吴英,likely_individual,1,19
商洛,周扬家,likely_individual,1,20
喀什地区,马邦明,likely_individual,10,1
喀什地区,马帮明,likely_individual,6,2
喀什地区,汤永顺,likely_individual,4,3
喀什地区,吐尔孙尼亚孜吐合提尼亚孜,other_org_or_unclear,2,4
喀什地区,梁志军,likely_individual,2,5
喀什地区,仝旭峰,likely_individual,1,6
喀什地区,叶城县金秋实业生物肥有限公司,firm,1,7
喀什地区,图尔蓀江莫依丁,other_org_or_unclear,1,8
喀什地区,徐玉梅,likely_individual,1,9
喀什地区,托合提依米提,other_org_or_unclear,1,10
喀什地区,新疆雅戈尔棉纺织有限公司,firm,1,11
喀什地区,苏力坦马木提,other_org_or_unclear,1,12
嘉兴,中科院嘉兴中心微系统所分中心,other_org_or_unclear,96,1
嘉兴,嘉兴闻泰通讯科技有限公司,firm,79,2
嘉兴,嘉兴学院,university_or_college,63,3
嘉兴,谭湘,likely_individual,63,4
嘉兴,闻泰集团有限公司,firm,32,5
嘉兴,巨石集团有限公司,firm,28,6
嘉兴,浙江华友钴业股份有限公司,firm,22,7
嘉兴,华章电气(桐乡)有限公司,firm,20,8
嘉兴,胡玉芳,likely_individual,20,9
嘉兴,黄大林,likely_individual,20,10
嘉兴,平湖市电子有限公司,firm,19,11
嘉兴,浙江亚特电器有限公司,firm,17,12
嘉兴,秦山核电有限公司,firm,17,13
嘉兴,嘉兴斯达微电子有限公司,firm,16,14
嘉兴,浙江红马铸造有限公司,firm,15,15
嘉兴,浙江昱辉阳光能源有限公司,firm,14,16
嘉兴,嘉兴协丰汽车电器有限公司,firm,13,17
嘉兴,陆志根,likely_individual,13,18
嘉兴,靳志玉,likely_individual,13,19
嘉兴,中国电子科技集团公司第三十六研究所,research_institute,12,20
嘉峪关,曹绪东,likely_individual,3,1
嘉峪关,邓丽菊,likely_individual,3,2
嘉峪关,甘肃酒钢集团西部重工股份有限公司,firm,2,3
嘉峪关,马永刚,likely_individual,2,4
嘉峪关,卢治红,likely_individual,1,5
嘉峪关,嘉峪关市海特机械设备制造有限责任公司,firm,1,6
嘉峪关,孙鹤,likely_individual,1,7
嘉峪关,张华,likely_individual,1,8
嘉峪关,杨光,likely_individual,1,9
嘉峪关,酒泉钢铁(集团)有限责任公司,firm,1,10
嘉峪关,陈义,likely_individual,1,11
四平,吉林师范大学,university_or_college,36,1
四平,吉林一正药业集团有限公司,firm,7,2
四平,吉林省艾斯克机电集团有限公司,firm,7,3
四平,四平红嘴农业高新技术开发有限公司,firm,7,4
四平,吉林庆达新能源电力股份有限公司,firm,6,5
四平,吉林吉春制药有限公司,firm,5,6
四平,吉林省农业科学院,research_institute,5,7
四平,王守东,likely_individual,4,8
四平,刘晓红,likely_individual,3,9
四平,吉林庆达数码有限公司,firm,3,10
四平,四平大吉强磁滤清器有限公司,firm,3,11
四平,四平市枫叶科技有限公司,firm,3,12
四平,四平线路器材厂,firm,3,13
四平,张文,likely_individual,3,14
四平,徐松江,likely_individual,3,15
四平,王志平,likely_individual,3,16
四平,一汽四平专用汽车有限公司,firm,2,17
四平,刘大志,likely_individual,2,18
四平,吉林久盛机械加工有限公司,firm,2,19
四平,吉林曙光农牧有限公司,firm,2,20
固原,宁夏电力公司固原供电局,firm,3,1
固原,何建栋,likely_individual,1,2
固原,何心,likely_individual,1,3
固原,宁夏鸿景农机科技有限公司,firm,1,4
固原,马原,likely_individual,1,5
塔城地区,孙强国,likely_individual,16,1
塔城地区,侯敏,likely_individual,1,2
塔城地区,刘威坊,likely_individual,1,3
塔城地区,刘清平,likely_individual,1,4
塔城地区,卢新魁,likely_individual,1,5
塔城地区,房淑河,likely_individual,1,6
塔城地区,新疆乌苏市北方新科有限公司,firm,1,7
塔城地区,新疆星塔矿业有限公司,firm,1,8
塔城地区,李久章,likely_individual,1,9
塔城地区,杜曼那毕,likely_individual,1,10
塔城地区,王来忠,likely_individual,1,11
塔城地区,苏瑞萍,likely_individual,1,12
塔城地区,贺富军,likely_individual,1,13
塔城地区,迟庆杰,likely_individual,1,14
大兴安岭地区,大兴安岭林格贝有机食品有限责任公司,firm,17,1
大兴安岭地区,李斌,likely_individual,5,2
大兴安岭地区,大兴安岭嘉迪欧营养原料有限公司,firm,4,3
大兴安岭地区,张永富,likely_individual,4,4
大兴安岭地区,大兴安岭绿源蜂业有限公司,firm,3,5
大兴安岭地区,大兴安岭科丽尔生物工程有限责任公司,firm,2,6
大兴安岭地区,大兴安岭韩家园松涛鹿苑野生动物养殖有限责任公司,firm,2,7
大兴安岭地区,孙景波,likely_individual,2,8
大兴安岭地区,黄向明,likely_individual,2,9
大兴安岭地区,黑龙江北奇神高科保健品有限公司,firm,2,10
大兴安岭地区,大兴安岭海德生物工程有限公司,firm,1,11
大兴安岭地区,大兴安岭电业局,other_org_or_unclear,1,12
大兴安岭地区,孙瑞祥,likely_individual,1,13
大兴安岭地区,孙福民,likely_individual,1,14
大兴安岭地区,孙铁龙,likely_individual,1,15
大兴安岭地区,孟蒙,likely_individual,1,16
大兴安岭地区,徐万岭,likely_individual,1,17
大兴安岭地区,徐春华,likely_individual,1,18
大兴安岭地区,朱彦春,likely_individual,1,19
大兴安岭地区,杨介新,likely_individual,1,20
大同,中国北车集团大同电力机车有限责任公司,firm,54,1
大同,中国兵器工业集团第七○研究所,research_institute,26,2
大同,仝仲盛,likely_individual,17,3
大同,山西大同大学,university_or_college,17,4
大同,大同北方天力增压技术有限公司,firm,9,5
大同,大同煤矿集团有限责任公司,firm,7,6
大同,中国兵器工业集团第七0研究所,research_institute,6,7
大同,山西普德药业股份有限公司,firm,5,8
大同,山西振东泰盛制药有限公司,firm,4,9
大同,山西普德药业有限公司,firm,4,10
大同,中国重汽集团大同齿轮有限公司,firm,3,11
大同,山西大同齿轮集团有限责任公司,firm,3,12
大同,山西省电力公司大同供电分公司,firm,3,13
大同,李贵义,likely_individual,3,14
大同,王府,likely_individual,3,15
大同,侯健,likely_individual,2,16
大同,周振华,likely_individual,2,17
大同,大同市康能矿山新技术有限公司,firm,2,18
大同,大同市新成特炭有限公司,firm,2,19
大同,大同市机械化农业生态项目实验管理站,other_org_or_unclear,2,20
大庆,大庆油田有限责任公司,firm,145,1
大庆,大庆石油管理局,government,58,2
大庆,黑龙江八一农垦大学,university_or_college,28,3
大庆,大庆石油学院,university_or_college,24,4
大庆,东北石油大学,university_or_college,14,5
大庆,张学军,likely_individual,13,6
大庆,翟云升,likely_individual,9,7
大庆,龚智勇,likely_individual,8,8
大庆,张丽萍,likely_individual,7,9
大庆,孙安顺,likely_individual,6,10
大庆,张宝有,likely_individual,6,11
大庆,大庆井井源油田科技开发有限公司,firm,5,12
大庆,大庆高新区华龙祥化工有限公司,firm,5,13
大庆,秦大春,likely_individual,5,14
大庆,苏重清,likely_individual,5,15
大庆,赵全会,likely_individual,5,16
大庆,初景涛,likely_individual,4,17
大庆,张佳民,likely_individual,4,18
大庆,张元海,likely_individual,4,19
大庆,汤天武,likely_individual,4,20
大理白族自治州,大理学院,university_or_college,63,1
大理白族自治州,云南力帆骏马车辆有限公司,firm,4,2
大理白族自治州,云南清逸堂实业有限公司,firm,4,3
大理白族自治州,云南电网公司大理供电局,firm,4,4
大理白族自治州,云南省烟草公司大理州公司,firm,4,5
大理白族自治州,云南大理东亚乳业有限公司,firm,3,6
大理白族自治州,云南祥云飞龙有色金属股份有限公司,firm,3,7
大理白族自治州,云南大理洱宝实业有限公司,firm,2,8
大理白族自治州,云南远益园林工程有限公司,firm,2,9
大理白族自治州,大理白族自治州园艺工作站,other_org_or_unclear,2,10
大理白族自治州,李世章,likely_individual,2,11
大理白族自治州,王幸福,likely_individual,2,12
大理白族自治州,红塔烟草(集团)有限责任公司大理卷烟厂,firm,2,13
大理白族自治州,丁圣权,likely_individual,1,14
大理白族自治州,云南新希望邓川蝶泉乳业有限公司,firm,1,15
大理白族自治州,云南省地方病防治所,other_org_or_unclear,1,16
大理白族自治州,任元富,likely_individual,1,17
大理白族自治州,何文林,likely_individual,1,18
大理白族自治州,刘继斌,likely_individual,1,19
大理白族自治州,大理白族自治州家畜繁育指导站,other_org_or_unclear,1,20
大连,大连理工大学,university_or_college,995,1
大连,中国科学院大连化学物理研究所,research_institute,685,2
大连,大连创达技术交易市场有限公司,firm,360,3
大连,大连海事大学,university_or_college,245,4
大连,大连工业大学,university_or_college,199,5
大连,大连大学,university_or_college,120,6
大连,大连水产学院,university_or_college,110,7
大连,大连海洋大学,university_or_college,106,8
大连,大连交通大学,university_or_college,95,9
大连,中国北车股份有限公司大连电力牵引研发中心,firm,84,10
大连,大连兆阳软件科技有限公司,firm,83,11
大连,苗丽华,likely_individual,81,12
大连,大连华锐股份有限公司,firm,79,13
大连,中国北车集团大连机车车辆有限公司,firm,78,14
大连,瓦房店轴承集团有限责任公司,firm,76,15
大连,大连橡胶塑料机械股份有限公司,firm,63,16
大连,新源动力股份有限公司,firm,62,17
大连,孙承宽,likely_individual,61,18
大连,大连三达奥克化学股份有限公司,firm,60,19
大连,大连船舶重工集团有限公司,firm,53,20
天水,天水长城开关厂有限公司,firm,21,1
天水,天水华天科技股份有限公司,firm,14,2
天水,天水华天微电子股份有限公司,firm,11,3
天水,天水天光半导体有限责任公司,firm,8,4
天水,天水电气传动研究所有限责任公司,research_institute,8,5
天水,天水红山试验机有限公司,firm,7,6
天水,天水锻压机床有限公司,firm,6,7
天水,天水维尔康蜂业科技有限公司,firm,4,8
天水,天水星火机床有限责任公司,firm,3,9
天水,张宗舟,likely_individual,3,10
天水,杨奇彪,likely_individual,3,11
天水,邵德子,likely_individual,3,12
天水,天水七四九电子有限公司,firm,2,13
天水,天水华天机械有限公司,firm,2,14
天水,天水师范学院,university_or_college,2,15
天水,天水绿鹏农业科技有限公司,firm,2,16
天水,孟顺利,likely_individual,2,17
天水,王廷璞,likely_individual,2,18
天水,顾军,likely_individual,2,19
天水,乔焕平,likely_individual,1,20
天津,天津大学,university_or_college,1822,1
天津,乐金电子(天津)电器有限公司,firm,1304,2
天津,南开大学,university_or_college,622,3
天津,天津工业大学,university_or_college,353,4
天津,天津生机集团股份有限公司,firm,353,5
天津,天津科技大学,university_or_college,308,6
天津,河北工业大学,university_or_college,285,7
天津,天津理工大学,university_or_college,254,8
天津,天津市化学试剂研究所,research_institute,185,9
天津,天津药物研究院,research_institute,170,10
天津,天津天士力制药股份有限公司,firm,128,11
天津,天津师范大学,university_or_college,127,12
天津,天津金耀集团有限公司,firm,124,13
天津,天津瑞普生物技术股份有限公司,firm,121,14
天津,天津市中宝制药有限公司,firm,111,15
天津,天津市天发重型水电设备制造有限公司,firm,99,16
天津,天津德凯化工股份有限公司,firm,98,17
天津,天津春发食品配料有限公司,firm,98,18
天津,天津市公博科技开发有限公司,firm,97,19
天津,天津滨海国际花卉科技园区股份有限公司,firm,97,20
天门,湖北益泰药业有限公司,firm,7,1
天门,马江兵,likely_individual,4,2
天门,天门纺织机械有限公司,firm,3,3
天门,湖北省天门泵业有限公司,firm,3,4
天门,朱云飞,likely_individual,2,5
天门,湖北成田制药股份有限公司,firm,2,6
天门,王雄普,likely_individual,2,7
天门,付建明,likely_individual,1,8
天门,周婵娟,likely_individual,1,9
天门,天门市五谷机械设备有限公司,firm,1,10
天门,天门市天宝化工科技有限公司,firm,1,11
天门,姜新民,likely_individual,1,12
天门,张俊波,likely_individual,1,13
天门,张福兵,likely_individual,1,14
天门,李先虎,likely_individual,1,15
天门,杨茂才,likely_individual,1,16
天门,杨萍,likely_individual,1,17
天门,汪小力,likely_individual,1,18
天门,汪泰吉,likely_individual,1,19
天门,湖北丰腾种业有限公司,firm,1,20
太原,太原理工大学,university_or_college,333,1
太原,山西太钢不锈钢股份有限公司,firm,269,2
太原,中北大学,university_or_college,216,3
太原,中国科学院山西煤炭化学研究所,research_institute,180,4
太原,山西大学,university_or_college,171,5
太原,太原重工股份有限公司,firm,139,6
太原,煤炭科学研究总院太原研究院,research_institute,56,7
太原,太原科技大学,university_or_college,53,8
太原,山西医科大学,university_or_college,33,9
太原,太原通泽重工有限公司,firm,30,10
太原,中国日用化学工业研究院,research_institute,25,11
太原,中铁三局集团有限公司,firm,25,12
太原,太原市汉波食品工业有限公司,firm,25,13
太原,山西省电力公司电力科学研究院,research_institute,23,14
太原,太原钢铁(集团)有限公司,firm,21,15
太原,中国辐射防护研究院,research_institute,20,16
太原,蓝星化工有限责任公司,firm,20,17
太原,中科合成油技术有限公司,firm,19,18
太原,赛鼎工程有限公司,firm,18,19
太原,中国移动通信集团山西有限公司,firm,17,20
威海,山东新北洋信息技术股份有限公司,firm,85,1
威海,泰祥集团技术开发有限公司,firm,63,2
威海,威海华东数控股份有限公司,firm,62,3
威海,山东大学威海分校,university_or_college,61,4
威海,山东好当家海洋发展股份有限公司,firm,52,5
威海,哈尔滨工业大学(威海),university_or_college,49,6
威海,天润曲轴股份有限公司,firm,40,7
威海,刘运波,likely_individual,34,8
威海,威海新异生物科技有限公司,firm,34,9
威海,丰建萍,likely_individual,32,10
威海,威海中复西港船艇有限公司,firm,31,11
威海,威海华菱光电有限公司,firm,31,12
威海,刘国昌,likely_individual,30,13
威海,荣成市新技术应用研究所,research_institute,30,14
威海,荣成市科学技术情报研究所,research_institute,30,15
威海,蔡晓东,likely_individual,30,16
威海,高英豪,likely_individual,30,17
威海,史海霞,likely_individual,29,18
威海,山东华力电机集团股份有限公司,firm,29,19
威海,赵莉,likely_individual,29,20
娄底,宁小静,likely_individual,26,1
娄底,湖南华菱涟源钢铁有限公司,firm,16,2
娄底,娄底市裕德科技有限公司,firm,9,3
娄底,湖南省双峰县湘源皇视电子有限公司,firm,8,4
娄底,湖南人文科技学院,university_or_college,7,5
娄底,锡矿山闪星锑业有限责任公司,firm,7,6
娄底,吴国都,likely_individual,6,7
娄底,双峰县湘源金穗收割机制造有限公司,firm,5,8
娄底,湖南省农友机械集团有限公司,firm,5,9
娄底,娄底市乐开口实业有限公司,firm,4,10
娄底,伍帝州,likely_individual,3,11
娄底,周红阳,likely_individual,3,12
娄底,娄底市三星矿山设备制造有限公司,firm,3,13
娄底,孙富文,likely_individual,3,14
娄底,张希朋,likely_individual,3,15
娄底,李本平,likely_individual,3,16
娄底,李海仁,likely_individual,3,17
娄底,李源湘,likely_individual,3,18
娄底,梁经军,likely_individual,3,19
娄底,湖南鑫美格新型装饰材料有限公司,firm,3,20
孝感,湖北富邦化工科技有限公司,firm,23,1
孝感,国营红峰机械厂,firm,15,2
孝感,国营江北机械厂,firm,14,3
孝感,孝感学院,university_or_college,9,4
孝感,刘利华,likely_individual,8,5
孝感,湖北汉光科技股份有限公司,firm,8,6
孝感,湖北富思特材料科技有限公司,firm,7,7
孝感,湖北富邦科技股份有限公司,firm,7,8
孝感,湖北德邦化工新材料有限公司,firm,6,9
孝感,际华三五零九纺织有限公司,firm,6,10
孝感,国营红林机械厂,firm,5,11
孝感,国营红阳机械厂,firm,5,12
孝感,孝感市捷能特种光源照明器具有限公司,firm,5,13
孝感,孝感市易生新材料有限公司,firm,5,14
孝感,湖北中碧环保科技有限公司,firm,5,15
孝感,大禹电气科技股份有限公司,firm,4,16
孝感,湖北全洲扬子江建设工程有限公司,firm,4,17
孝感,湖北双环科技股份有限公司,firm,4,18
孝感,湖北智丰数控机械有限公司,firm,4,19
孝感,刘化民,likely_individual,3,20
宁德,谢逢华,likely_individual,20,1
宁德,严能进,likely_individual,19,2
宁德,福建福安闽东亚南电机有限公司,firm,6,3
宁德,林学金,likely_individual,5,4
宁德,林庆章,likely_individual,4,5
宁德,郑家卫,likely_individual,4,6
宁德,郭自刚,likely_individual,4,7
宁德,陈解生,likely_individual,4,8
宁德,余深权,likely_individual,3,9
宁德,宁德新能源科技有限公司,firm,3,10
宁德,林振程,likely_individual,3,11
宁德,福建尤迪电机制造有限公司,firm,3,12
宁德,福建省长兴船舶重工有限公司,firm,3,13
宁德,翁赐和,likely_individual,3,14
宁德,肖茂,likely_individual,3,15
宁德,陈石云,likely_individual,3,16
宁德,陈阿进,likely_individual,3,17
宁德,刘川汶,likely_individual,2,18
宁德,宁德市星宇科技有限公司,firm,2,19
宁德,宁德市海洋技术开发总公司,firm,2,20
宁波,宁波大学,university_or_college,455,1
宁波,中国科学院宁波材料技术与工程研究所,research_institute,232,2
宁波,浙江大学宁波理工学院,university_or_college,97,3
宁波,陈际军,likely_individual,93,4
宁波,宁波江丰电子材料有限公司,firm,77,5
宁波,施军达,likely_individual,68,6
宁波,宁波荣溢化纤科技有限公司,firm,55,7
宁波,周奇迪,likely_individual,54,8
宁波,宁波工程学院,university_or_college,50,9
宁波,宁波方太厨具有限公司,firm,47,10
宁波,中国兵器工业第五二研究所,research_institute,43,11
宁波,孔赟荣,likely_individual,43,12
宁波,黄金伦,likely_individual,33,13
宁波,宁波奥克斯空调有限公司,firm,32,14
宁波,朱建华,likely_individual,32,15
宁波,俞钟晓,likely_individual,26,16
宁波,宁波永发集团有限公司,firm,26,17
宁波,宁波信泰机械有限公司,firm,25,18
宁波,陆颂荫,likely_individual,25,19
宁波,黄樟焱,likely_individual,25,20
安庆,安庆市恒昌机械制造有限责任公司,firm,9,1
安庆,安徽华茂纺织股份有限公司,firm,8,2
安庆,安徽同发设备股份有限公司,firm,7,3
安庆,安庆市中天石油化工有限公司,firm,6,4
安庆,安徽时联特种溶剂股份有限公司,firm,6,5
安庆,安徽赛而特离心机有限公司,firm,5,6
安庆,何龙,likely_individual,4,7
安庆,吴锏国,likely_individual,4,8
安庆,安徽万邦高森造纸有限公司,firm,4,9
安庆,安徽华祥实业有限公司,firm,4,10
安庆,安徽省电力公司安庆供电公司,firm,4,11
安庆,范群英,likely_individual,4,12
安庆,马世金,likely_individual,4,13
安庆,黄晓峰,likely_individual,4,14
安庆,倪明旺,likely_individual,3,15
安庆,安徽中烟机械有限公司,firm,3,16
安庆,安徽华业化工有限公司,firm,3,17
安庆,安徽盛运机械股份有限公司,firm,3,18
安庆,汪潜,likely_individual,3,19
安庆,严学文,likely_individual,2,20
安康,汉阴县川陕魔芋厂,firm,5,1
安康,安康学院,university_or_college,3,2
安康,平利县申草园茶业有限公司,firm,3,3
安康,赵奎山,likely_individual,3,4
安康,中国水利水电第三工程局有限公司,firm,2,5
安康,北京大学安康药物研究院,research_institute,2,6
安康,安康市植保植检站,other_org_or_unclear,2,7
安康,平利县女娲银峰茶叶有限公司,firm,2,8
安康,平利县百草堂生物科技有限公司,firm,2,9
安康,张忠民,likely_individual,2,10
安康,梁尚安,likely_individual,2,11
安康,陈庭财,likely_individual,2,12
安康,陈虎,likely_individual,2,13
安康,刘信军,likely_individual,1,14
安康,刘列平,likely_individual,1,15
安康,刘恕滨,likely_individual,1,16
安康,吴大春,likely_individual,1,17
安康,安康供电局,other_org_or_unclear,1,18
安康,安康市兴安粮食有限公司,firm,1,19
安康,安康市志朗生物资源应用研究所,research_institute,1,20
安阳,中国农业科学院棉花研究所,research_institute,27,1
安阳,郝全得,likely_individual,16,2
安阳,安阳钢铁股份有限公司,firm,14,3
安阳,河南省电力公司安阳供电公司,firm,13,4
安阳,河南安彩高科股份有限公司,firm,12,5
安阳,巨锋,likely_individual,10,6
安阳,安阳市全丰农药化工有限责任公司,firm,8,7
安阳,安阳鑫盛机床股份有限公司,firm,8,8
安阳,河南省开仑化工有限责任公司,firm,8,9
安阳,乔新光,likely_individual,7,10
安阳,刘皇琼,likely_individual,7,11
安阳,张品生,likely_individual,7,12
安阳,常俊平,likely_individual,6,13
安阳,杨保成,likely_individual,6,14
安阳,河南省宏源车轮有限公司,firm,6,15
安阳,刘海堂,likely_individual,5,16
安阳,安阳钢铁集团有限责任公司,firm,5,17
安阳,徐贵阁,likely_individual,5,18
安阳,江红旗,likely_individual,5,19
安阳,汤阴县超贝工程设备有限公司,firm,5,20
安顺,贵州安大航空锻造有限责任公司,firm,28,1
安顺,贵州百灵企业集团制药股份有限公司,firm,18,2
安顺,贵州红星发展股份有限公司,firm,18,3
安顺,贵州新安航空机械有限责任公司,firm,11,4
安顺,贵州云马飞机制造厂,firm,8,5
安顺,贵州安吉航空精密铸造有限责任公司,firm,8,6
安顺,中航贵州飞机有限责任公司,firm,6,7
安顺,贵州双阳飞机制造厂,firm,6,8
安顺,贵州盖克无人机有限责任公司,firm,6,9
安顺,贵州贵航无人机有限责任公司,firm,5,10
安顺,贵州黎阳航空发动机公司,firm,4,11
安顺,王甲南,likely_individual,3,12
安顺,肖富洲,likely_individual,3,13
安顺,贵州平坝宏大铝化工有限公司,firm,3,14
安顺,贵州柳江畜禽有限公司,firm,3,15
安顺,贵州红湖机械厂,firm,3,16
安顺,贵州航空发动机研究所,research_institute,3,17
安顺,贵州黎阳航空动力有限公司,firm,3,18
安顺,安顺开发区福远蜡染艺术有限公司,firm,2,19
安顺,尹博功,likely_individual,2,20
定安县,定安翰林绿果槟榔专业合作社,other_org_or_unclear,2,1
定安县,海南椰国热带水果食品加工有限公司,firm,1,2
定西,常华,likely_individual,8,1
定西,苟宪福,likely_individual,5,2
定西,景履元,likely_individual,4,3
定西,陇西中天药业有限责任公司,firm,4,4
定西,张银川,likely_individual,3,5
定西,杜林东,likely_individual,3,6
定西,甘肃甘强医药发展有限责任公司,firm,3,7
定西,苟永平,likely_individual,3,8
定西,董义斌,likely_individual,3,9
定西,侯兆乾,likely_individual,2,10
定西,定西市旱农科研推广中心实验农场,other_org_or_unclear,2,11
定西,甘肃圣大方舟马铃薯变性淀粉有限公司,firm,2,12
定西,甘肃大鑫铜业有限责任公司,firm,2,13
定西,甘肃岷归中药材科技有限公司,firm,2,14
定西,甘肃效灵生物开发有限责任公司,firm,2,15
定西,罗劲竹,likely_individual,2,16
定西,赵明,likely_individual,2,17
定西,丁菊兰,likely_individual,1,18
定西,中国铝业股份有限公司,firm,1,19
定西,包永全,likely_individual,1,20
宜宾,宜宾长毅浆粕有限责任公司,firm,24,1
宜宾,四川惊雷科技股份有限公司,firm,20,2
宜宾,宜宾海丝特纤维有限责任公司,firm,20,3
宜宾,宜宾丝丽雅集团有限公司,firm,12,4
宜宾,中核建中核燃料元件有限公司,firm,10,5
宜宾,四川省宜宾五粮液集团有限公司,firm,8,6
宜宾,宜宾学院,university_or_college,8,7
宜宾,宜宾天原集团股份有限公司,firm,6,8
宜宾,四川省宜宾惠美线业有限责任公司,firm,4,9
宜宾,游玉明,likely_individual,4,10
宜宾,四川省宜宾市叙府酒业有限公司,firm,3,11
宜宾,宜宾市外贸金叶茶业有限责任公司,firm,3,12
宜宾,宜宾金川电子有限责任公司,firm,3,13
宜宾,江安县农业技术推广站,other_org_or_unclear,3,14
宜宾,何保良,likely_individual,2,15
宜宾,叶均,likely_individual,2,16
宜宾,四川宜宾岷江机械制造有限责任公司,firm,2,17
宜宾,四川省宜宾岷江专用汽车有限责任公司,firm,2,18
宜宾,四川省宜宾普什模具有限公司,firm,2,19
宜宾,四川省长宁县竹海特种纤维素科技有限责任公司,firm,2,20
宜昌,安琪酵母股份有限公司,firm,61,1
宜昌,中国船舶重工集团公司第七一○研究所,research_institute,60,2
宜昌,三峡大学,university_or_college,56,3
宜昌,中国葛洲坝集团股份有限公司,firm,40,4
宜昌,湖北兴发化工集团股份有限公司,firm,34,5
宜昌,许昌义,likely_individual,16,6
宜昌,朱大悦,likely_individual,14,7
宜昌,三峡大学第一临床医学院,university_or_college,13,8
宜昌,宜昌长机科技有限责任公司,firm,12,9
宜昌,宜昌人福药业有限责任公司,firm,10,10
宜昌,宜昌劲森光电科技股份有限公司,firm,10,11
宜昌,宜昌劲森照明电子有限公司,firm,10,12
宜昌,中国长江三峡集团公司,firm,9,13
宜昌,宜昌英汉超声电气有限公司,firm,9,14
宜昌,郑茜,likely_individual,9,15
宜昌,黑旋风工程机械开发有限公司,firm,9,16
宜昌,中国葛洲坝集团机械船舶有限公司,firm,8,17
宜昌,宜昌市科力生实业有限公司,firm,8,18
宜昌,黑旋风锯业股份有限公司,firm,8,19
宜昌,宜昌楚汉风生物科技有限公司,firm,7,20
宜春,杨文龙,likely_individual,16,1
宜春,宜春学院,university_or_college,15,2
宜春,江西百神药业集团有限公司,firm,14,3
宜春,唐善学,likely_individual,11,4
宜春,江西泰豪特种电机有限公司,firm,10,5
宜春,张志国,likely_individual,7,6
宜春,江西铜鼓江桥竹木业有限责任公司,firm,7,7
宜春,赵家春,likely_individual,7,8
宜春,周辉林,likely_individual,4,9
宜春,江西华伍制动器股份有限公司,firm,4,10
宜春,江西济民可信药业有限公司,firm,4,11
宜春,江西远洋保险设备实业集团有限公司,firm,4,12
宜春,江西金伟生物制品有限公司,firm,4,13
宜春,周喜才,likely_individual,3,14
宜春,宜春强微生物科技有限公司,firm,3,15
宜春,江西本源新材料科技有限公司,firm,3,16
宜春,江西省福斯特新能源有限公司,firm,3,17
宜春,王桂林,likely_individual,3,18
宜春,美德(江西)生物科技有限公司,firm,3,19
宜春,丰城市宏成金属制品有限公司,firm,2,20
宝鸡,宝鸡石油机械有限责任公司,firm,20,1
宝鸡,中铁宝桥集团有限公司,firm,17,2
宝鸡,常荣波,likely_individual,15,3
宝鸡,宝鸡钛业股份有限公司,firm,13,4
宝鸡,宝鸡石油钢管有限责任公司,firm,10,5
宝鸡,张建利,likely_individual,9,6
宝鸡,程玉全,likely_individual,8,7
宝鸡,陕西宝成航空仪表有限责任公司,firm,8,8
宝鸡,陕西群力电工有限责任公司,firm,7,9
宝鸡,中铁宝桥股份有限公司,firm,6,10
宝鸡,宝鸡烽火诺信科技有限公司,firm,6,11
宝鸡,李晓林,likely_individual,6,12
宝鸡,宝商集团陕西辰济药业有限公司,firm,5,13
宝鸡,杨喜鸿,likely_individual,5,14
宝鸡,陕西秦川机械发展股份有限公司,firm,5,15
宝鸡,君达(凤县)环保资源无害化过程科技有限公司,firm,4,16
宝鸡,宝钛集团有限公司,firm,4,17
宝鸡,宝鸡保德利电气设备有限责任公司,firm,4,18
宝鸡,宝鸡市巨成钛业有限责任公司,firm,4,19
宝鸡,徐樊,likely_individual,4,20
宣城,曹芬,likely_individual,18,1
宣城,安徽中鼎密封件股份有限公司,firm,15,2
宣城,宁国市海天力工业发展有限公司,firm,9,3
宣城,安徽省宁国市长乐林产品开发有限公司,firm,9,4
宣城,宁国聚隆实业有限公司,firm,8,5
宣城,亚新科噪声与振动技术(安徽)有限公司,firm,7,6
宣城,安徽中鼎金亚汽车管件制造有限公司,firm,7,7
宣城,叶春全,likely_individual,6,8
宣城,宁国市开源电力耐磨材料有限公司,firm,6,9
宣城,安徽江南化工股份有限公司,firm,6,10
宣城,安徽莱恩电泵有限公司,firm,6,11
宣城,安徽中鼎泰克汽车密封件有限公司,firm,5,12
宣城,安徽省宁国新宁实业有限公司,firm,5,13
宣城,安徽省宁国诚信耐磨材料有限公司,firm,5,14
宣城,宁国市南洋铁球有限公司,firm,4,15
宣城,安徽广信农化股份有限公司,firm,4,16
宣城,安徽省凤形耐磨材料股份有限公司,firm,4,17
宣城,安徽立兴化工有限公司,firm,4,18
宣城,安徽聚隆机械有限公司,firm,4,19
宣城,安徽黄山云乐灵芝有限公司,firm,4,20
宿州,张红旗,likely_individual,20,1
宿州,柳小伟,likely_individual,15,2
宿州,中煤第三建设(集团)有限责任公司,firm,9,3
宿州,安徽省皖北药业股份有限公司,firm,8,4
宿州,范明合,likely_individual,7,5
宿州,中煤第三建设(集团)有限责任公司三十工程处,firm,5,6
宿州,张磊,likely_individual,5,7
宿州,胡冰,likely_individual,5,8
宿州,丰原宿州生物化工有限公司,firm,4,9
宿州,袁斌,likely_individual,4,10
宿州,赵海静,likely_individual,4,11
宿州,中煤第三建设公司机电安装工程处,firm,3,12
宿州,李雷,likely_individual,3,13
宿州,邓素华,likely_individual,3,14
宿州,邵广宇,likely_individual,3,15
宿州,凌豫超,likely_individual,2,16
宿州,刘广善,likely_individual,2,17
宿州,夏长杰,likely_individual,2,18
宿州,安徽省电力公司宿州供电公司,firm,2,19
宿州,安徽省皖北煤电集团孟庄煤矿,firm,2,20
宿迁,张天任,likely_individual,45,1
宿迁,泗阳天琴软件科技有限公司,firm,22,2
宿迁,李苏扬,likely_individual,13,3
宿迁,中节能(宿迁)生物质能发电有限公司,firm,7,4
宿迁,江苏宇飞电力科技有限公司,firm,7,5
宿迁,江苏恒州特种玻璃纤维材料有限公司,firm,7,6
宿迁,张翠兰,likely_individual,6,7
宿迁,宿迁市固丰管桩有限公司,firm,5,8
宿迁,江苏三元轮胎有限公司,firm,5,9
宿迁,江苏省电力公司沭阳县供电公司,firm,5,10
宿迁,江苏省电力公司泗阳县供电公司,firm,5,11
宿迁,江苏秀强玻璃工艺有限公司,firm,5,12
宿迁,浙江天能电池(江苏)有限公司,firm,5,13
宿迁,宿迁市嘉润照明有限公司,firm,4,14
宿迁,张嘉闻,likely_individual,4,15
宿迁,朱永山,likely_individual,4,16
宿迁,江苏大江木业有限公司,firm,4,17
宿迁,江苏省电力公司泗洪县供电公司,firm,4,18
宿迁,刘健,likely_individual,3,19
宿迁,张奕,likely_individual,3,20
山南,西藏海思科药业集团股份有限公司,firm,3,1
岳阳,岳阳昌德化工实业有限公司,firm,23,1
岳阳,岳阳纸业股份有限公司,firm,23,2
岳阳,湖南长岭石化科技开发有限公司,firm,22,3
岳阳,湖南省金为型材有限公司,firm,16,4
岳阳,际华三五一七橡胶制品有限公司,firm,16,5
岳阳,湖南理工学院,university_or_college,15,6
岳阳,段鳗珊,likely_individual,10,7
岳阳,湖南福湘木业有限责任公司,firm,10,8
岳阳,中国化学工程第四建设公司,firm,7,9
岳阳,湖南中科电气股份有限公司,firm,7,10
岳阳,湖南国发精细化工科技有限公司,firm,7,11
岳阳,湖南金联星冶金材料技术有限公司,firm,6,12
岳阳,万继华,likely_individual,4,13
岳阳,刘辉舟,likely_individual,4,14
岳阳,彭鸽威,likely_individual,4,15
岳阳,湖南茂源林业有限责任公司,firm,4,16
岳阳,湖南荣宏钼业材料股份有限公司,firm,4,17
岳阳,肖永雪,likely_individual,4,18
岳阳,华彬,likely_individual,3,19
岳阳,岳阳大陆激光技术有限公司,firm,3,20
崇左,周琳庆,likely_individual,3,1
崇左,中国林业科学研究院热带林业实验中心,research_institute,2,2
崇左,何钟宁,likely_individual,1,3
崇左,安琪酵母(崇左)有限公司,firm,1,4
崇左,席凯帆,likely_individual,1,5
崇左,广西新振锰业集团有限公司,firm,1,6
崇左,广西民族师范学院,university_or_college,1,7
崇左,廖文革,likely_individual,1,8
崇左,陆仲合,likely_individual,1,9
崇左,韦品琦,likely_individual,1,10
巴中,董礼,likely_individual,5,1
巴中,徐江林,likely_individual,3,2
巴中,李禄海,likely_individual,3,3
巴中,杨崇君,likely_individual,2,4
巴中,肖乾利,likely_individual,2,5
巴中,苟于洋,likely_individual,2,6
巴中,黄震,likely_individual,2,7
巴中,严冬,likely_individual,1,8
巴中,何照光,likely_individual,1,9
巴中,冯浚洋,likely_individual,1,10
巴中,周炳刚,likely_individual,1,11
巴中,张东如,likely_individual,1,12
巴中,张丹,likely_individual,1,13
巴中,张超,likely_individual,1,14
巴中,李全才,likely_individual,1,15
巴中,李科,likely_individual,1,16
巴中,杜克发,likely_individual,1,17
巴中,纪勇,likely_individual,1,18
巴中,罗猛,likely_individual,1,19
巴中,蔡光育,likely_individual,1,20
巴彦淖尔,陈恒,likely_individual,12,1
巴彦淖尔,中兴能源(内蒙古)有限公司,firm,2,2
巴彦淖尔,内蒙古王爷地苁蓉生物有限公司,firm,2,3
巴彦淖尔,内蒙古际华森普利服装皮业有限公司,firm,2,4
巴彦淖尔,吴涛,likely_individual,2,5
巴彦淖尔,张占飞,likely_individual,2,6
巴彦淖尔,杨子龙,likely_individual,2,7
巴彦淖尔,黄永胜,likely_individual,2,8
巴彦淖尔,丁杰,likely_individual,1,9
巴彦淖尔,丁涛,likely_individual,1,10
巴彦淖尔,何贵明,likely_individual,1,11
巴彦淖尔,内蒙古百吉纳奶酒有限责任公司,firm,1,12
巴彦淖尔,刘国柱,likely_individual,1,13
巴彦淖尔,刘慧,likely_individual,1,14
巴彦淖尔,唐金生,likely_individual,1,15
巴彦淖尔,孟令刚,likely_individual,1,16
巴彦淖尔,孟庆国,likely_individual,1,17
巴彦淖尔,孟文华,likely_individual,1,18
巴彦淖尔,张培义,likely_individual,1,19
巴彦淖尔,张忠义,likely_individual,1,20
巴音郭楞蒙古自治州,罗永,likely_individual,6,1
巴音郭楞蒙古自治州,新疆华油油气工程有限公司,firm,4,2
巴音郭楞蒙古自治州,田开银,likely_individual,3,3
巴音郭楞蒙古自治州,艾沙尕依提,other_org_or_unclear,3,4
巴音郭楞蒙古自治州,蒋毅蕾,likely_individual,3,5
巴音郭楞蒙古自治州,中国石油化工股份有限公司,firm,2,6
巴音郭楞蒙古自治州,依明尼亚孜,other_org_or_unclear,2,7
巴音郭楞蒙古自治州,新疆博湖苇业股份有限公司,firm,2,8
巴音郭楞蒙古自治州,新疆海瑞盛生物工程股份有限公司,firm,2,9
巴音郭楞蒙古自治州,新疆瑞源乳业有限公司,firm,2,10
巴音郭楞蒙古自治州,新疆生产建设兵团农二师农业科学研究所,research_institute,2,11
巴音郭楞蒙古自治州,田志坚,likely_individual,2,12
巴音郭楞蒙古自治州,蒋小明,likely_individual,2,13
巴音郭楞蒙古自治州,陈国庆,likely_individual,2,14
巴音郭楞蒙古自治州,韩一波,likely_individual,2,15
巴音郭楞蒙古自治州,冶峙钢,likely_individual,1,16
巴音郭楞蒙古自治州,吉运河,likely_individual,1,17
巴音郭楞蒙古自治州,吴锦章,likely_individual,1,18
巴音郭楞蒙古自治州,吴长杰,likely_individual,1,19
巴音郭楞蒙古自治州,周虹,likely_individual,1,20
常州,江苏工业学院,university_or_college,259,1
常州,常州亿晶光电科技有限公司,firm,146,2
常州,常州天合光能有限公司,firm,124,3
常州,常州大学,university_or_college,103,4
常州,河海大学常州校区,university_or_college,97,5
常州,杨贻方,likely_individual,78,6
常州,江苏技术师范学院,university_or_college,63,7
常州,南车戚墅堰机车有限公司,firm,58,8
常州,江苏省电力公司常州供电公司,firm,44,9
常州,江苏亚邦染料股份有限公司,firm,31,10
常州,唐秀庚,likely_individual,30,11
常州,常州市第八纺织机械有限公司,firm,30,12
常州,蔡建林,likely_individual,30,13
常州,褚礼政,likely_individual,29,14
常州,南车戚墅堰机车车辆工艺研究所有限公司,firm,27,15
常州,李钟平,likely_individual,27,16
常州,瑞声声学科技(常州)有限公司,firm,26,17
常州,何建明,likely_individual,24,18
常州,常州工学院,university_or_college,23,19
常州,诸小莉,likely_individual,22,20
常德,常德力元新材料有限责任公司,firm,11,1
常德,湖南中泰特种装备有限责任公司,firm,11,2
常德,何岗,likely_individual,7,3
常德,彭焕庭,likely_individual,7,4
常德,江利,likely_individual,7,5
常德,湖南文理学院,university_or_college,7,6
常德,湖南康普医药研究院,research_institute,6,7
常德,覃志明,likely_individual,6,8
常德,常德烟草机械有限责任公司,firm,5,9
常德,常德金鹏印务有限公司,firm,5,10
常德,湖南创元铝业有限公司,firm,5,11
常德,湖南嘉业达电子有限公司,firm,5,12
常德,湖南恒至凿岩科技有限公司,firm,5,13
常德,万福生科(湖南)农业开发股份有限公司,firm,4,14
常德,何艺菲,likely_individual,4,15
常德,常德市磊鑫矿业科技有限公司,firm,4,16
常德,常德纺织机械有限公司,firm,4,17
常德,汉寿县何岗电子机械科研所,other_org_or_unclear,4,18
常德,湖南凯斯机械股份有限公司,firm,4,19
常德,湖南汉寿中煤科技有限公司,firm,4,20
平凉,甘肃红峰机械有限责任公司,firm,10,1
平凉,中国电子科技集团公司第四十五研究所,research_institute,7,2
平凉,姚永新,likely_individual,4,3
平凉,任平乐,likely_individual,2,4
平凉,刘引红,likely_individual,2,5
平凉,孙玮,likely_individual,2,6
平凉,郑海,likely_individual,2,7
平凉,原平彤,likely_individual,1,8
平凉,唐乃存,likely_individual,1,9
平凉,姜富春,likely_individual,1,10
平凉,孟春彩,likely_individual,1,11
平凉,戴宝成,likely_individual,1,12
平凉,李晓明,likely_individual,1,13
平凉,杜进,likely_individual,1,14
平凉,王宏凯,likely_individual,1,15
平凉,王瑜,likely_individual,1,16
平凉,甘肃虹光电子有限责任公司,firm,1,17
平凉,田小龙,likely_individual,1,18
平凉,肖卫,likely_individual,1,19
平凉,蒙文成,likely_individual,1,20
平顶山,河南省电力公司平顶山供电公司,firm,34,1
平顶山,舞阳钢铁有限责任公司,firm,29,2
平顶山,河南省绿韵建材有限公司,firm,28,3
平顶山,平高集团有限公司,firm,15,4
平顶山,河南平高电气股份有限公司,firm,15,5
平顶山,平顶山华邦工程塑料有限公司,firm,9,6
平顶山,平煤建工集团有限公司,firm,8,7
平顶山,汝州市中医院,hospital,8,8
平顶山,河南海星化工科技有限公司,firm,8,9
平顶山,平顶山市金牛足食品有限公司,firm,7,10
平顶山,冯学安,likely_individual,6,11
平顶山,平顶山市恒鑫丰玻璃有限责任公司,firm,6,12
平顶山,河南梦想食品有限公司,firm,6,13
平顶山,中国神马集团有限责任公司,firm,5,14
平顶山,宋兆普,likely_individual,5,15
平顶山,常铁榜,likely_individual,5,16
平顶山,张培举,likely_individual,5,17
平顶山,河南城建学院,university_or_college,5,18
平顶山,河南省龙腾高科实业有限公司,firm,5,19
平顶山,秦跃山,likely_individual,5,20
广元,赵彦杰,likely_individual,13,1
广元,王怀能,likely_individual,11,2
广元,广元市海天实业有限责任公司,firm,4,3
广元,广元瑞峰精工机械制造有限公司,firm,4,4
广元,四川飞亚新材料有限公司,firm,3,5
广元,王元知,likely_individual,3,6
广元,零八一电子集团有限公司,firm,3,7
广元,四川省电力公司广元电业局,firm,2,8
广元,广元电业局,other_org_or_unclear,2,9
广元,张德忠,likely_individual,2,10
广元,李长海,likely_individual,2,11
广元,王建中,likely_individual,2,12
广元,王辉,likely_individual,2,13
广元,祖新华,likely_individual,2,14
广元,陈茂祥,likely_individual,2,15
广元,零八一电子集团四川力源电子有限公司,firm,2,16
广元,零八一电子集团四川华昌电子有限公司,firm,2,17
广元,零八一电子集团四川天源机械有限公司,firm,2,18
广元,雷青林,likely_individual,2,19
广元,青川县天运金属开发有限公司,firm,2,20
广安,胡明跃,likely_individual,4,1
广安,伍庶,likely_individual,3,2
广安,李波,likely_individual,3,3
广安,张静,likely_individual,2,4
广安,胡文平,likely_individual,2,5
广安,黄青华,likely_individual,2,6
广安,任光汉,likely_individual,1,7
广安,冯其高,likely_individual,1,8
广安,周小林,likely_individual,1,9
广安,唐朝勤,likely_individual,1,10
广安,四川华蓥山广能集团嘉华机械有限责任公司,firm,1,11
广安,四川华蓥建工集团有限公司,firm,1,12
广安,四川同心门业有限公司,firm,1,13
广安,四川省电力公司广安电业局,firm,1,14
广安,四川省邻水县第二中学,other_org_or_unclear,1,15
广安,四川金易管业有限公司,firm,1,16
广安,广安凯特医药化工有限公司,firm,1,17
广安,广安大同经络科技有限公司,firm,1,18
广安,广安静屹塑料光纤有限公司,firm,1,19
广安,张家政,likely_individual,1,20
广州,华南理工大学,university_or_college,1741,1
广州,中山大学,university_or_college,1185,2
广州,华南农业大学,university_or_college,451,3
广州,广东威创视讯科技股份有限公司,firm,338,4
广州,广东工业大学,university_or_college,297,5
广州,暨南大学,university_or_college,287,6
广州,旭丽电子(广州)有限公司,firm,255,7
广州,华南师范大学,university_or_college,237,8
广州,中国科学院广州能源研究所,research_institute,191,9
广州,京信通信系统(中国)有限公司,firm,185,10
广州,金发科技股份有限公司,firm,131,11
广州,新邮通信设备有限公司,firm,129,12
广州,中国移动通信集团广东有限公司,firm,118,13
广州,广州杰赛科技股份有限公司,firm,110,14
广州,南方医科大学,university_or_college,106,15
广州,广州宝胆医疗器械科技有限公司,firm,103,16
广州,广州大学,university_or_college,101,17
广州,中国科学院南海海洋研究所,research_institute,99,18
广州,中国科学院广州生物医药与健康研究院,research_institute,91,19
广州,广东药学院,university_or_college,90,20
庆阳,刘清海,likely_individual,27,1
庆阳,贾简华,likely_individual,5,2
庆阳,张振明,likely_individual,4,3
庆阳,陈翮,likely_individual,4,4
庆阳,庆阳市康惠玫瑰发展有限责任公司,firm,3,5
庆阳,苏建峰,likely_individual,3,6
庆阳,李世芳,likely_individual,2,7
庆阳,武生智,likely_individual,2,8
庆阳,祁银学,likely_individual,2,9
庆阳,肖栋,likely_individual,2,10
庆阳,袁岳鹏,likely_individual,2,11
庆阳,赵菊莲,likely_individual,2,12
庆阳,陇东学院,university_or_college,2,13
庆阳,刘珠海,likely_individual,1,14
庆阳,史怀孝,likely_individual,1,15
庆阳,宫印保,likely_individual,1,16
庆阳,张栋杰,likely_individual,1,17
庆阳,慕博聪,likely_individual,1,18
庆阳,景向虎,likely_individual,1,19
庆阳,汤官俊,likely_individual,1,20
廊坊,新奥科技发展有限公司,firm,208,1
廊坊,中国电子科技集团公司第四十五研究所,research_institute,67,2
廊坊,李春涛,likely_individual,47,3
廊坊,新奥光伏能源有限公司,firm,25,4
廊坊,王广武,likely_individual,24,5
廊坊,张海宏,likely_individual,18,6
廊坊,中国石油天然气管道局,other_org_or_unclear,14,7
廊坊,廊坊智通机器人系统有限公司,firm,9,8
廊坊,量子高科(北京)研究院有限公司,firm,9,9
廊坊,李志军,likely_individual,8,10
廊坊,由伟,likely_individual,8,11
廊坊,中海油田服务股份有限公司,firm,7,12
廊坊,中铁隧道集团二处有限公司,firm,7,13
廊坊,福尔生物制药股份有限公司,firm,7,14
廊坊,高智,likely_individual,7,15
廊坊,刘群,likely_individual,6,16
廊坊,新奥(廊坊)燃气技术研究发展有限公司,firm,6,17
廊坊,新奥博为技术有限公司,firm,6,18
廊坊,卢爱军,likely_individual,5,19
廊坊,廊坊凯博建设机械科技有限公司,firm,5,20
延安,陕西永泰生物工程有限责任公司,firm,12,1
延安,延安市微生物研究所,research_institute,3,2
延安,延安常泰药业有限责任公司,firm,3,3
延安,杨昕辰,likely_individual,3,4
延安,白福有,likely_individual,3,5
延安,胡东文,likely_individual,3,6
延安,刘联合,likely_individual,2,7
延安,延安供电局,other_org_or_unclear,2,8
延安,延安圣通聚源生态科技有限公司,firm,2,9
延安,张启贵,likely_individual,2,10
延安,张烨,likely_individual,2,11
延安,志丹县鹏翔食品有限责任公司,firm,2,12
延安,朱志学,likely_individual,2,13
延安,赵宇,likely_individual,2,14
延安,马凤翔,likely_individual,2,15
延安,高峰,likely_individual,2,16
延安,任荣,likely_individual,1,17
延安,冯治堂,likely_individual,1,18
延安,同淑霞,likely_individual,1,19
延安,康雄雄,likely_individual,1,20
延边朝鲜族自治州,延边大学,university_or_college,23,1
延边朝鲜族自治州,吉林华康药业股份有限公司,firm,9,2
延边朝鲜族自治州,吉林保利科技中试有限公司,firm,8,3
延边朝鲜族自治州,吉林圣亚医药科技有限公司,firm,7,4
延边朝鲜族自治州,延吉喜来健实业有限公司,firm,7,5
延边朝鲜族自治州,戚成吉,likely_individual,7,6
延边朝鲜族自治州,敦化市亚联机械制造有限公司,firm,7,7
延边朝鲜族自治州,和龙双昊高新技术有限公司,firm,6,8
延边朝鲜族自治州,金哲根,likely_individual,6,9
延边朝鲜族自治州,吉林草还丹药业有限公司,firm,5,10
延边朝鲜族自治州,延吉烟悦科技有限公司,firm,5,11
延边朝鲜族自治州,沈升日,likely_individual,5,12
延边朝鲜族自治州,吉林敖东延边药业股份有限公司,firm,4,13
延边朝鲜族自治州,葛铸刚,likely_individual,4,14
延边朝鲜族自治州,蒙宝林,likely_individual,4,15
延边朝鲜族自治州,全龙浩,likely_individual,3,16
延边朝鲜族自治州,延边石岘白麓纸业股份有限公司,firm,3,17
延边朝鲜族自治州,徐世友,likely_individual,3,18
延边朝鲜族自治州,朴玉莲,likely_individual,3,19
延边朝鲜族自治州,武传锋,likely_individual,3,20
开封,河南大学,university_or_college,113,1
开封,侯国山,likely_individual,61,2
开封,河南省电力公司开封供电公司,firm,17,3
开封,沈天民,likely_individual,14,4
开封,牛刚学,likely_individual,14,5
开封,于从海,likely_individual,10,6
开封,开封空分集团有限公司,firm,7,7
开封,河南新大新材料股份有限公司,firm,6,8
开封,国家粮食加工装备工程技术研究中心,other_org_or_unclear,5,9
开封,张义勇,likely_individual,4,10
开封,周红卫,likely_individual,3,11
开封,岳建伟,likely_individual,3,12
开封,开封制药(集团)有限公司,firm,3,13
开封,牛建伟,likely_individual,3,14
开封,丁国胜,likely_individual,2,15
开封,中平能化集团开封东大化工有限公司,firm,2,16
开封,余庆发,likely_individual,2,17
开封,关森林,likely_individual,2,18
开封,刘宇龙,likely_individual,2,19
开封,尉氏县中原橡胶有限公司,firm,2,20
张家口,中煤张家口煤矿机械有限责任公司,firm,12,1
张家口,河北盛华化工有限公司,firm,7,2
张家口,中国长城葡萄酒有限公司,firm,4,3
张家口,张家口百通环保科技有限公司,firm,4,4
张家口,王久泉,likely_individual,4,5
张家口,陶怀泉,likely_individual,4,6
张家口,冯志晶,likely_individual,3,7
张家口,刘海斌,likely_individual,3,8
张家口,华北电网有限公司张家口供电公司,firm,3,9
张家口,安国民,likely_individual,3,10
张家口,宣化冶金工业有限责任公司,firm,3,11
张家口,张家口汇洋机械有限公司,firm,3,12
张家口,张家口海特钢管有限责任公司,firm,3,13
张家口,侯长平,likely_individual,2,14
张家口,周继明,likely_individual,2,15
张家口,夏贤,likely_individual,2,16
张家口,宣化钢铁集团有限责任公司,firm,2,17
张家口,张家口宣化华泰矿冶机械有限公司,firm,2,18
张家口,张家口市净宇天成化工有限公司,firm,2,19
张家口,张振菲,likely_individual,2,20
张家界,程辰,likely_individual,26,1
张家界,张家界奥威科技有限公司,firm,16,2
张家界,张家界金鲵生物科技有限公司,firm,6,3
张家界,张家界三木能源开发有限公司,firm,4,4
张家界,张家界茅岩莓有限公司,firm,4,5
张家界,钟四极,likely_individual,4,6
张家界,张家界永兴玻璃有限公司,firm,3,7
张家界,刘晓华,likely_individual,2,8
张家界,吉首大学,university_or_college,2,9
张家界,夏艳群,likely_individual,2,10
张家界,张家界倍盛农林有限责任公司,firm,2,11
张家界,张家界恒亮新材料科技有限公司,firm,2,12
张家界,张家界灵洁绿色食品有限公司,firm,2,13
张家界,朱西才,likely_individual,2,14
张家界,王家听,likely_individual,2,15
张家界,程顺,likely_individual,2,16
张家界,严斧,likely_individual,1,17
张家界,伍毅,likely_individual,1,18
张家界,余其孟,likely_individual,1,19
张家界,冯国禄,likely_individual,1,20
张掖,甘肃锦世化工有限责任公司,firm,15,1
张掖,甘肃省祁连山水源涵养林研究院,research_institute,7,2
张掖,闫玫雯,likely_individual,5,3
张掖,张志通,likely_individual,4,4
张掖,石兆奇,likely_individual,4,5
张掖,闫向洲,likely_individual,4,6
张掖,赵怀谦,likely_individual,3,7
张掖,万秀玲,likely_individual,2,8
张掖,刘力争,likely_individual,2,9
张掖,刘秀梅,likely_individual,2,10
张掖,尹全权,likely_individual,2,11
张掖,梁光锋,likely_individual,2,12
张掖,甘肃西域食品有限责任公司,firm,2,13
张掖,甘肃雪晶生化有限责任公司,firm,2,14
张掖,章晓文,likely_individual,2,15
张掖,刘玉兰,likely_individual,1,16
张掖,刘鹏霞,likely_individual,1,17
张掖,吕培信,likely_individual,1,18
张掖,周福荣,likely_individual,1,19
张掖,天一王淇耳鼻喉专科医院,hospital,1,20
徐州,中国矿业大学,university_or_college,339,1
徐州,徐州重型机械有限公司,firm,119,2
徐州,赵保云,likely_individual,61,3
徐州,赵伟,likely_individual,53,4
徐州,戚冬梅,likely_individual,44,5
徐州,赵春,likely_individual,37,6
徐州,张志高,likely_individual,34,7
徐州,吴孝顺,likely_individual,32,8
徐州,江苏省电力公司徐州供电公司,firm,28,9
徐州,闫子玲,likely_individual,28,10
徐州,吴计安,likely_individual,24,11
徐州,江苏中能硅业科技发展有限公司,firm,24,12
徐州,徐州工业职业技术学院,university_or_college,22,13
徐州,江苏万邦生化医药股份有限公司,firm,22,14
徐州,孙雪梅,likely_individual,20,15
徐州,葛振志,likely_individual,20,16
徐州,徐州中部矿山设备有限公司,firm,19,17
徐州,徐州工程学院,university_or_college,19,18
徐州,王广清,likely_individual,19,19
徐州,王来朋,likely_individual,19,20
德宏傣族景颇族自治州,邱天祥,likely_individual,9,1
德宏傣族景颇族自治州,云南永利发林业有限公司,firm,8,2
德宏傣族景颇族自治州,云南省农业科学院红瑞柠檬研究所,research_institute,4,3
德宏傣族景颇族自治州,云南省德宏热带农业科学研究所,research_institute,3,4
德宏傣族景颇族自治州,云南红瑞柠檬开发有限公司,firm,2,5
德宏傣族景颇族自治州,潞西市海华开发有限公司,firm,2,6
德宏傣族景颇族自治州,云南海柯生物开发有限公司,firm,1,7
德宏傣族景颇族自治州,云南迪思企业集团坚果有限公司,firm,1,8
德宏傣族景颇族自治州,何光伟,likely_individual,1,9
德宏傣族景颇族自治州,吕加志,likely_individual,1,10
德宏傣族景颇族自治州,德宏州林业局中心苗圃,other_org_or_unclear,1,11
德宏傣族景颇族自治州,晏兰芬,likely_individual,1,12
德宏傣族景颇族自治州,李荣昌,likely_individual,1,13
德宏傣族景颇族自治州,瑞丽民族制药有限公司,firm,1,14
德宏傣族景颇族自治州,盈江县和鑫进出口贸易有限责任公司,firm,1,15
德宏傣族景颇族自治州,瞿菊香,likely_individual,1,16
德州,银世德,likely_individual,40,1
德州,山东福田药业有限公司,firm,39,2
德州,保龄宝生物股份有限公司,firm,30,3
德州,德州学院,university_or_college,15,4
德州,皇明太阳能股份有限公司,firm,13,5
德州,皇明太阳能集团有限公司,firm,11,6
德州,谷神生物科技集团有限公司,firm,11,7
德州,刘方圆,likely_individual,10,8
德州,山东龙力生物科技股份有限公司,firm,9,9
德州,通裕重工股份有限公司,firm,9,10
德州,景津压滤机集团有限公司,firm,8,11
德州,山东鼎力枣业食品集团有限公司,firm,7,12
德州,山东龙力生物科技有限公司,firm,7,13
德州,张正泉,likely_individual,7,14
德州,山东志诚化工有限公司,firm,6,15
德州,山东新矿赵官能源有限责任公司,firm,6,16
德州,山东金麒麟集团有限公司,firm,6,17
德州,德州振华装饰玻璃有限公司,firm,6,18
德州,杨和利,likely_individual,6,19
德州,姚洪茂,likely_individual,5,20
德阳,东方电气集团东方汽轮机有限公司,firm,94,1
德阳,二重集团(德阳)重型装备股份有限公司,firm,38,2
德阳,四川宏华石油设备有限公司,firm,29,3
德阳,四川美大康药业股份有限公司,firm,24,4
德阳,雷海平,likely_individual,20,5
德阳,东方电气集团东方电机有限公司,firm,16,6
德阳,姚书银,likely_individual,16,7
德阳,刘天银,likely_individual,14,8
德阳,四川龙蟒钛业股份有限公司,firm,11,9
德阳,林义艳,likely_individual,9,10
德阳,四川省广汉华威铝业有限公司,firm,8,11
德阳,四川逢春制药有限公司,firm,8,12
德阳,德阳宏广科技有限公司,firm,8,13
德阳,德阳市盛堡锁业有限责任公司,firm,8,14
德阳,陈逊,likely_individual,7,15
德阳,中江县宏泰木业有限责任公司,firm,6,16
德阳,伊东新(德阳)线缆设备有限公司,firm,6,17
德阳,四川华林自控科技有限公司,firm,6,18
德阳,四川川恒化工股份有限公司,firm,6,19
德阳,廖国维,likely_individual,6,20
忻州,山西四达酒类饮料有限责任公司,firm,9,1
忻州,山西蓝天环保设备有限公司,firm,9,2
忻州,刘建平,likely_individual,7,3
忻州,王世俊,likely_individual,7,4
忻州,王建国,likely_individual,6,5
忻州,山西新聚星锅炉有限公司,firm,5,6
忻州,忻州鑫洋玻璃制品有限公司,firm,5,7
忻州,亢吉田,likely_individual,4,8
忻州,山西安伦锻压机床有限公司,firm,4,9
忻州,樊根喜,likely_individual,4,10
忻州,毛黎生,likely_individual,4,11
忻州,王贵林,likely_individual,4,12
忻州,辛高文,likely_individual,4,13
忻州,定襄县北海酿造有限公司,firm,3,14
忻州,李四牛,likely_individual,3,15
忻州,王世裕,likely_individual,3,16
忻州,王尚瑞,likely_individual,3,17
忻州,罗训樵,likely_individual,3,18
忻州,赵明根,likely_individual,3,19
忻州,任贵云,likely_individual,2,20
怀化,湖南新恒光科技有限公司,firm,9,1
怀化,怀化学院,university_or_college,8,2
怀化,湖南骏泰浆纸有限责任公司,firm,7,3
怀化,宋光贵,likely_individual,6,4
怀化,湖南金大地材料股份有限公司,firm,6,5
怀化,怀化市双阳林化有限公司,firm,4,6
怀化,于德君,likely_individual,3,7
怀化,傅德俐,likely_individual,3,8
怀化,刘国华,likely_individual,3,9
怀化,新晃老蔡食品有限责任公司,firm,3,10
怀化,曾鸿凌,likely_individual,3,11
怀化,沈哲明,likely_individual,3,12
怀化,石天文,likely_individual,3,13
怀化,陈武茂,likely_individual,3,14
怀化,向朝晖,likely_individual,2,15
怀化,吴钦华,likely_individual,2,16
怀化,尹琼剑,likely_individual,2,17
怀化,张金凤,likely_individual,2,18
怀化,怀化医学高等专科学校,other_org_or_unclear,2,19
怀化,新晃侗族自治县中医院,hospital,2,20
怒江傈僳族自治州,云南金鼎锌业有限公司,firm,1,1
怒江傈僳族自治州,怒江享靓园林有限责任公司,firm,1,2
怒江傈僳族自治州,怒江宏盛锦盟硅业有限公司,firm,1,3
恩施土家族苗族自治州,恩施济源药业科技开发有限公司,firm,12,1
恩施土家族苗族自治州,湖北民族学院,university_or_college,7,2
恩施土家族苗族自治州,恩施清江生物工程有限公司,firm,4,3
恩施土家族苗族自治州,湖北宝石花工艺品有限公司,firm,4,4
恩施土家族苗族自治州,饶莉,likely_individual,4,5
恩施土家族苗族自治州,湖北省思乐牧业集团有限公司,firm,3,6
恩施土家族苗族自治州,利川市汇川现代农业有限公司,firm,2,7
恩施土家族苗族自治州,吴中芬,likely_individual,2,8
恩施土家族苗族自治州,吴定地,likely_individual,2,9
恩施土家族苗族自治州,恩施土家族苗族自治州农业科学院,research_institute,2,10
恩施土家族苗族自治州,恩施市齐进节能建材工程有限公司,firm,2,11
恩施土家族苗族自治州,湖北圣峰药业有限公司,firm,2,12
恩施土家族苗族自治州,湖北省农科院中药材研究所,research_institute,2,13
恩施土家族苗族自治州,湖北香连药业有限责任公司,firm,2,14
恩施土家族苗族自治州,王铂仕,likely_individual,2,15
恩施土家族苗族自治州,田恒兵,likely_individual,2,16
恩施土家族苗族自治州,赵明银,likely_individual,2,17
恩施土家族苗族自治州,赵西选,likely_individual,2,18
恩施土家族苗族自治州,高兴亮,likely_individual,2,19
恩施土家族苗族自治州,佘君山,likely_individual,1,20
惠州,惠州TCL移动通信有限公司,firm,258,1
惠州,TCL集团股份有限公司,firm,235,2
惠州,惠州市中迅化工有限公司,firm,26,3
惠州,惠州市长润发涂料有限公司,firm,26,4
惠州,惠州市华阳多媒体电子有限公司,firm,22,5
惠州,惠州亿纬锂能股份有限公司,firm,19,6
惠州,周俊雄,likely_individual,17,7
惠州,惠州市亿能电子有限公司,firm,17,8
惠州,惠州市德赛视听科技有限公司,firm,16,9
惠州,惠州市沃特新材料有限公司,firm,16,10
惠州,广东九联科技股份有限公司,firm,15,11
惠州,广东奥美特集团有限公司,firm,12,12
惠州,惠州市欧野科技有限公司,firm,12,13
惠州,惠州市百宏微动技术工业有限公司,firm,12,14
惠州,惠州强雳日常用品制造有限公司,firm,11,15
惠州,朱斯忠,likely_individual,11,16
惠州,赖新莲,likely_individual,11,17
惠州,惠州市正源微电子有限公司,firm,10,18
惠州,刘秀英,likely_individual,9,19
惠州,惠州元晖光电有限公司,firm,9,20
成都,电子科技大学,university_or_college,1099,1
成都,四川大学,university_or_college,1050,2
成都,成都市华为赛门铁克科技有限公司,firm,684,3
成都,西南交通大学,university_or_college,388,4
成都,中国科学院光电技术研究所,research_institute,252,5
成都,西南石油大学,university_or_college,167,6
成都,攀钢集团研究院有限公司,firm,136,7
成都,成都峻峰科技开发有限公司,firm,130,8
成都,袁俊海,likely_individual,111,9
成都,迈普通信技术股份有限公司,firm,108,10
成都,成都芯源系统有限公司,firm,100,11
成都,中国科学院成都生物研究所,research_institute,99,12
成都,成都理工大学,university_or_college,95,13
成都,成都市宇中梅科技有限责任公司,firm,91,14
成都,中国核动力研究设计院,other_org_or_unclear,86,15
成都,中国石油集团川庆钻探工程有限公司,firm,86,16
成都,成都飞机工业(集团)有限责任公司,firm,86,17
成都,武侯区巅峰机电科技研发中心,other_org_or_unclear,83,18
成都,中国科学院成都有机化学有限公司,firm,79,19
成都,四川农业大学,university_or_college,76,20
扬州,扬州大学,university_or_college,276,1
扬州,江苏扬农化工股份有限公司,firm,53,2
扬州,江苏朝阳液压机械集团有限公司,firm,35,3
扬州,江苏牧羊集团有限公司,firm,34,4
扬州,江苏亚威机床股份有限公司,firm,28,5
扬州,苏祥,likely_individual,26,6
扬州,史杰,likely_individual,25,7
扬州,扬州恒德模具有限公司,firm,25,8
扬州,江苏远洋东泽电缆股份有限公司,firm,22,9
扬州,扬州市聚鑫机械有限公司,firm,19,10
扬州,严宏生,likely_individual,17,11
扬州,江苏中油天工机械有限公司,firm,17,12
扬州,江苏扬农化工集团有限公司,firm,17,13
扬州,江苏诚德钢管股份有限公司,firm,17,14
扬州,扬州华盟电子有限公司,firm,16,15
扬州,江苏海明医疗器械有限公司,firm,16,16
扬州,江苏金飞达电动工具有限公司,firm,16,17
扬州,江苏奔宇车身制造有限公司,firm,15,18
扬州,江苏清溢环保设备有限公司,firm,15,19
扬州,沈军,likely_individual,15,20
承德,邓忠元,likely_individual,17,1
承德,范鸿基,likely_individual,9,2
承德,承德颈复康药业集团有限公司,firm,8,3
承德,承德建龙特殊钢有限公司,firm,7,4
承德,河北钢铁股份有限公司承德分公司,firm,6,5
承德,徐建国,likely_individual,5,6
承德,康莉,likely_individual,4,7
承德,彭兴勇,likely_individual,4,8
承德,承德新新钒钛股份有限公司,firm,4,9
承德,王平,likely_individual,4,10
承德,王海静,likely_individual,4,11
承德,闫晓峰,likely_individual,4,12
承德,陈立兵,likely_individual,4,13
承德,承德医学院中药研究所,research_institute,3,14
承德,李洁,likely_individual,3,15
承德,穆宝文,likely_individual,3,16
承德,任阁升,likely_individual,2,17
承德,吴蔓洁,likely_individual,2,18
承德,孙彦升,likely_individual,2,19
承德,张占海,likely_individual,2,20
抚州,东华理工大学,university_or_college,14,1
抚州,江西南丰振宇实业集团有限公司,firm,8,2
抚州,江西江铃底盘股份有限公司,firm,6,3
抚州,江西博雅生物制药股份有限公司,firm,4,4
抚州,抚州苍源中药材种植有限公司,firm,3,5
抚州,江西施美制药有限公司,firm,3,6
抚州,江西昌诺药业有限公司,firm,3,7
抚州,江西海豹高科技有限公司,firm,3,8
抚州,江西红星药业有限公司,firm,3,9
抚州,蔡忠贞,likely_individual,3,10
抚州,邓晓光,likely_individual,3,11
抚州,陈荣志,likely_individual,3,12
抚州,丁汉云,likely_individual,2,13
抚州,何丽英,likely_individual,2,14
抚州,何端光,likely_individual,2,15
抚州,何长根,likely_individual,2,16
抚州,回音必集团抚州制药有限公司,firm,2,17
抚州,徐东,likely_individual,2,18
抚州,抚州市临川之信生物科技有限公司,firm,2,19
抚州,江西宇骏生物工程有限公司,firm,2,20
抚顺,中国石油化工股份有限公司抚顺石油化工研究院,firm,47,1
抚顺,辽宁石油化工大学,university_or_college,45,2
抚顺,抚顺矿业集团有限责任公司,firm,29,3
抚顺,抚顺煤矿电机制造有限责任公司,firm,17,4
抚顺,中国石油化工股份有限公司,firm,14,5
抚顺,抚顺电瓷制造有限公司,firm,7,6
抚顺,抚顺哥俩好化学有限公司,firm,6,7
抚顺,煤炭科学研究总院沈阳研究院,research_institute,6,8
抚顺,抚顺佳化聚氨酯有限公司,firm,5,9
抚顺,杨平,likely_individual,5,10
抚顺,中国石油天然气第八建设有限公司,firm,4,11
抚顺,中国石油集团工程设计有限责任公司抚顺分公司,firm,4,12
抚顺,抚顺市锅炉压力容器检验研究所,research_institute,4,13
抚顺,煤炭科学研究总院抚顺分院,other_org_or_unclear,4,14
抚顺,董富山,likely_individual,4,15
抚顺,辽宁抚挖重工机械股份有限公司,firm,4,16
抚顺,辽宁省电力有限公司抚顺供电公司,firm,4,17
抚顺,刘春喜,likely_individual,3,18
抚顺,张义成,likely_individual,3,19
抚顺,抚顺挖掘机制造有限责任公司,firm,3,20
拉萨,西藏天麦力健康品有限公司,firm,16,1
拉萨,西藏月王生物技术有限公司,firm,13,2
拉萨,西藏自治区高原生物研究所,research_institute,12,3
拉萨,杨泰,likely_individual,9,4
拉萨,郑亚蓉,likely_individual,9,5
拉萨,西藏金哈达药业有限公司,firm,6,6
拉萨,吕坤秋,likely_individual,5,7
拉萨,西藏诺迪康药业股份有限公司,firm,5,8
拉萨,管新飞,likely_individual,4,9
拉萨,喻谦鹏,likely_individual,3,10
拉萨,洛藏,likely_individual,3,11
拉萨,西藏天地绿色饮品发展有限公司,firm,3,12
拉萨,西藏奇正原生态健康品有限公司,firm,3,13
拉萨,西藏金稞集团有限责任公司,firm,3,14
拉萨,郑亚玲,likely_individual,3,15
拉萨,五洲明珠股份有限公司,firm,2,16
拉萨,江春艳,likely_individual,2,17
拉萨,西藏冰川矿泉水有限公司,firm,2,18
拉萨,西藏剑圣生物药物制品开发有限公司,firm,2,19
拉萨,西藏大学,university_or_college,2,20
揭阳,蔡旭阳,likely_individual,18,1
揭阳,康美药业股份有限公司,firm,14,2
揭阳,戴瑞萍,likely_individual,8,3
揭阳,广东巨轮模具股份有限公司,firm,7,4
揭阳,普宁市仙宜岱时装有限公司,firm,7,5
揭阳,庄明儒,likely_individual,5,6
揭阳,李捍雄,likely_individual,5,7
揭阳,陈坤鑫,likely_individual,5,8
揭阳,吴孔希,likely_individual,4,9
揭阳,宋旭彬,likely_individual,4,10
揭阳,广东吉荣空调有限公司,firm,4,11
揭阳,广东天银化工实业有限公司,firm,4,12
揭阳,广东柏堡龙股份有限公司,firm,4,13
揭阳,揭阳市天阳模具有限公司,firm,4,14
揭阳,许福章,likely_individual,4,15
揭阳,邱楚盛,likely_individual,4,16
揭阳,吴礼明,likely_individual,3,17
揭阳,广东东泰乳业有限公司,firm,3,18
揭阳,广东吉青电缆实业有限公司,firm,3,19
揭阳,广东威孚包装材料有限公司,firm,3,20
攀枝花,攀钢集团钢铁钒钛股份有限公司,firm,201,1
攀枝花,攀枝花新钢钒股份有限公司,firm,76,2
攀枝花,攀钢集团攀枝花钢铁研究院有限公司,firm,65,3
攀枝花,攀钢集团冶金工程技术有限公司,firm,34,4
攀枝花,中冶实久建设有限公司,firm,25,5
攀枝花,攀枝花学院,university_or_college,24,6
攀枝花,攀枝花钢城集团有限公司,firm,23,7
攀枝花,攀钢集团攀枝花钢钒有限公司,firm,20,8
攀枝花,攀钢集团有限公司,firm,14,9
攀枝花,张留品,likely_individual,8,10
攀枝花,攀枝花环业冶金渣开发有限责任公司,firm,8,11
攀枝花,四川龙蟒矿冶有限责任公司,firm,7,12
攀枝花,攀钢集团钛业有限责任公司,firm,7,13
攀枝花,四川安宁铁钛股份有限公司,firm,6,14
攀枝花,攀枝花兴辰钒钛有限公司,firm,6,15
攀枝花,攀枝花钢城集团瑞钢工业有限公司,firm,6,16
攀枝花,攀枝花电业局,other_org_or_unclear,5,17
攀枝花,张志国,likely_individual,4,18
攀枝花,攀枝花市硕盛工贸有限公司,firm,4,19
攀枝花,攀钢冶金材料有限责任公司,firm,4,20
文山壮族苗族自治州,金代田,likely_individual,10,1
文山壮族苗族自治州,云南特安呐制药股份有限公司,firm,7,2
文山壮族苗族自治州,王仕尧,likely_individual,7,3
文山壮族苗族自治州,文山壮族苗族自治州三七科学技术研究所,research_institute,5,4
文山壮族苗族自治州,杨光孝,likely_individual,5,5
文山壮族苗族自治州,云南人羞花化妆品有限公司,firm,3,6
文山壮族苗族自治州,云南文山斗南锰业股份有限公司,firm,3,7
文山壮族苗族自治州,任锡林,likely_individual,3,8
文山壮族苗族自治州,吴江维,likely_individual,3,9
文山壮族苗族自治州,张文,likely_individual,3,10
文山壮族苗族自治州,文山三七研究院,research_institute,3,11
文山壮族苗族自治州,云南太阳魂酒业有限公司,firm,2,12
文山壮族苗族自治州,云南金穗种业有限公司,firm,2,13
文山壮族苗族自治州,刘达平,likely_individual,2,14
文山壮族苗族自治州,孙万德,likely_individual,2,15
文山壮族苗族自治州,文山县绿健生物科技有限公司,firm,2,16
文山壮族苗族自治州,文山通用机械制造有限责任公司,firm,2,17
文山壮族苗族自治州,李洪峰,likely_individual,2,18
文山壮族苗族自治州,王启福,likely_individual,2,19
文山壮族苗族自治州,肖龙,likely_individual,2,20
文昌,中国热带农业科学院椰子研究所,research_institute,15,1
文昌,海南定大养殖有限公司,firm,2,2
文昌,周国辉,likely_individual,1,3
文昌,张国钦,likely_individual,1,4
文昌,林剑,likely_individual,1,5
文昌,蔡杰美,likely_individual,1,6
文昌,袁礼江,likely_individual,1,7
新乡,河南省电力公司新乡供电公司,firm,96,1
新乡,河南师范大学,university_or_college,57,2
新乡,河南太行振动机械股份有限公司,firm,45,3
新乡,河南科隆集团有限公司,firm,36,4
新乡,乔占印,likely_individual,22,5
新乡,卫华集团有限公司,firm,22,6
新乡,河南科技学院,university_or_college,22,7
新乡,中国农业科学院农田灌溉研究所,research_institute,18,8
新乡,新乡医学院,university_or_college,18,9
新乡,河南新科隆电器有限公司,firm,16,10
新乡,河南省四达仙龙实业有限公司,firm,15,11
新乡,金龙精密铜管集团股份有限公司,firm,13,12
新乡,刘廷国,likely_individual,11,13
新乡,张伟公,likely_individual,10,14
新乡,河南心连心化肥有限公司,firm,10,15
新乡,河南省黄河防爆起重机有限公司,firm,10,16
新乡,孙佩杰,likely_individual,9,17
新乡,河南省新阳农机制造有限公司,firm,9,18
新乡,卫辉熔金高温材料有限责任公司,firm,8,19
新乡,新乡东方工业科技有限公司,firm,7,20
新余,江西赛维LDK太阳能高科技有限公司,firm,36,1
新余,江西赣锋锂业股份有限公司,firm,9,2
新余,江西华电电力有限责任公司,firm,6,3
新余,熊道时,likely_individual,4,4
新余,新余市银龙机电科技有限公司,firm,3,5
新余,新余钢铁股份有限公司,firm,3,6
新余,李涛,likely_individual,3,7
新余,赵育基,likely_individual,3,8
新余,何姗姗,likely_individual,2,9
新余,廖小庭,likely_individual,2,10
新余,新余市严达节能开发有限公司,firm,2,11
新余,新余钢铁集团有限公司,firm,2,12
新余,江西东鹏新材料有限责任公司,firm,2,13
新余,江西华腾地毯产业园有限公司,firm,2,14
新余,江西恩达家纺有限公司,firm,2,15
新余,江西省金锂科技有限公司,firm,2,16
新余,浙江泰康药业集团新余制药有限公司,firm,2,17
新余,胡发根,likely_individual,2,18
新余,胡海红,likely_individual,2,19
新余,胡飙,likely_individual,2,20
无锡,江南大学,university_or_college,1382,1
无锡,无锡华润上华半导体有限公司,firm,257,2
无锡,无锡中星微电子有限公司,firm,142,3
无锡,江苏长电科技股份有限公司,firm,130,4
无锡,陶春有,likely_individual,103,5
无锡,中国水产科学研究院淡水渔业研究中心,research_institute,84,6
无锡,詹承镇,likely_individual,84,7
无锡,无锡麟龙铝业有限公司,firm,77,8
无锡,东南大学,university_or_college,71,9
无锡,无锡市中达电机有限公司,firm,71,10
无锡,无锡开普动力有限公司,firm,69,11
无锡,无锡华联科技集团有限公司,firm,64,12
无锡,无锡爱睿芯电子有限公司,firm,64,13
无锡,无锡华联精工机械有限公司,firm,62,14
无锡,无锡尚德太阳能电力有限公司,firm,62,15
无锡,无锡同春新能源科技有限公司,firm,59,16
无锡,无锡华润矽科微电子有限公司,firm,58,17
无锡,杜也兵,likely_individual,58,18
无锡,无锡吉兴汽车声学部件科技有限公司,firm,57,19
无锡,无锡爱迪信光电科技有限公司,firm,57,20
日照,张永忠,likely_individual,61,1
日照,张璐,likely_individual,19,2
日照,日照金禾博源生化有限公司,firm,9,3
日照,刘旭祥,likely_individual,8,4
日照,日照金禾生化集团有限公司,firm,8,5
日照,孟翔鸣,likely_individual,7,6
日照,陈常秋,likely_individual,7,7
日照,陈永强,likely_individual,7,8
日照,宋百满,likely_individual,6,9
日照,滕世进,likely_individual,6,10
日照,聂清永,likely_individual,6,11
日照,陈罘杲,likely_individual,6,12
日照,丁宏利,likely_individual,5,13
日照,山东五征集团有限公司,firm,5,14
日照,日照鲁信金禾生化有限公司,firm,5,15
日照,刘曦,likely_individual,4,16
日照,日照旭日电子有限公司,firm,4,17
日照,李传峰,likely_individual,4,18
日照,杨金田,likely_individual,4,19
日照,吴昊,likely_individual,3,20
昆明,昆明理工大学,university_or_college,1108,1
昆明,云南大学,university_or_college,163,2
昆明,中国科学院昆明植物研究所,research_institute,92,3
昆明,云南农业大学,university_or_college,69,4
昆明,云南烟草科学研究院,research_institute,58,5
昆明,郭景龙,likely_individual,58,6
昆明,云南昆船设计研究院,research_institute,45,7
昆明,云南瑞升烟草技术(集团)有限公司,firm,41,8
昆明,昆明制药集团股份有限公司,firm,39,9
昆明,红云烟草(集团)有限责任公司,firm,39,10
昆明,武钢集团昆明钢铁股份有限公司,firm,36,11
昆明,红云红河烟草(集团)有限责任公司,firm,36,12
昆明,中国科学院昆明动物研究所,research_institute,35,13
昆明,云南师范大学,university_or_college,34,14
昆明,昆明贵金属研究所,research_institute,34,15
昆明,中国医学科学院医学生物学研究所,research_institute,29,16
昆明,中国科学院西双版纳热带植物园,research_institute,27,17
昆明,云南省化工研究院,research_institute,26,18
昆明,贵研铂业股份有限公司,firm,24,19
昆明,云南省农业科学院花卉研究所,research_institute,23,20
昌吉回族自治州,赫广才,likely_individual,16,1
昌吉回族自治州,特变电工股份有限公司,firm,8,2
昌吉回族自治州,新疆庄子实业有限公司,firm,5,3
昌吉回族自治州,何茁,likely_individual,3,4
昌吉回族自治州,周进友,likely_individual,3,5
昌吉回族自治州,王茂博,likely_individual,3,6
昌吉回族自治州,五家渠亚克希姆建材有限责任公司,firm,2,7
昌吉回族自治州,张同兵,likely_individual,2,8
昌吉回族自治州,戴传启,likely_individual,2,9
昌吉回族自治州,新疆新鑫矿业股份有限公司,firm,2,10
昌吉回族自治州,新疆格莱雪冰川水制造有限公司,firm,2,11
昌吉回族自治州,新疆泰昆集团股份有限公司,firm,2,12
昌吉回族自治州,耿彪,likely_individual,2,13
昌吉回族自治州,陈耀东,likely_individual,2,14
昌吉回族自治州,齐效荣,likely_individual,2,15
昌吉回族自治州,中国石油集团西部钻探工程有限公司准东钻井公司,firm,1,16
昌吉回族自治州,冯建材,likely_individual,1,17
昌吉回族自治州,刘毅,likely_individual,1,18
昌吉回族自治州,吉中民,likely_individual,1,19
昌吉回族自治州,周斌,likely_individual,1,20
昌江黎族自治县,曾昭友,likely_individual,1,1
昭通,云南昊龙实业集团兴煜冶炼有限公司,firm,3,1
昭通,云南永孜堂制药有限公司,firm,2,2
昭通,昭通天元实业有限责任公司,firm,2,3
昭通,昭通神农乌天麻良种繁育有限公司,firm,2,4
昭通,赵维军,likely_individual,2,5
昭通,陈家勇,likely_individual,2,6
昭通,魏明磊,likely_individual,2,7
昭通,云南明磊实业有限公司,firm,1,8
昭通,云南省烟草公司昭通市公司,firm,1,9
昭通,吴道顺,likely_individual,1,10
昭通,周太安,likely_individual,1,11
昭通,孙文广,likely_individual,1,12
昭通,昭通市张蝴绵蚕丝制品有限公司,firm,1,13
昭通,曾弟武,likely_individual,1,14
昭通,李兴访,likely_individual,1,15
昭通,杨绍福,likely_individual,1,16
昭通,熊卫,likely_individual,1,17
昭通,秦少闻,likely_individual,1,18
昭通,范文昌,likely_individual,1,19
昭通,范泽文,likely_individual,1,20
晋中,山西农业大学,university_or_college,23,1
晋中,翟元德,likely_individual,11,2
晋中,翟超,likely_individual,11,3
晋中,翟瑞林,likely_individual,10,4
晋中,左权县蓝天中药科技开发有限公司,firm,9,5
晋中,乔君旺,likely_individual,6,6
晋中,山西宏远科技股份有限公司,firm,6,7
晋中,左权县馨源丰商贸有限公司,firm,6,8
晋中,介休市中医医院,hospital,5,9
晋中,寿阳县明鑫铝矾耐火材料有限公司,firm,5,10
晋中,郭宏斌,likely_individual,5,11
晋中,山西全安新技术开发有限公司,firm,4,12
晋中,山西天一纳米材料科技有限公司,firm,4,13
晋中,山西天波制泵有限公司,firm,4,14
晋中,张鹏,likely_individual,4,15
晋中,晋中人和纺机轴承有限责任公司,firm,4,16
晋中,翟瑞红,likely_individual,4,17
晋中,中铁三局集团电务工程有限公司,firm,3,18
晋中,何银康,likely_individual,3,19
晋中,兰建忠,likely_individual,3,20
晋城,李永胜,likely_individual,43,1
晋城,山西晋城无烟煤矿业集团有限责任公司,firm,38,2
晋城,杨清福,likely_individual,32,3
晋城,苏存羊,likely_individual,18,4
晋城,委东劳,likely_individual,17,5
晋城,闫振东,likely_individual,16,6
晋城,山西乐百利特科技有限责任公司,firm,14,7
晋城,李军,likely_individual,8,8
晋城,高平市泫氏铸管有限公司,firm,8,9
晋城,山西兴高能源股份有限公司,firm,7,10
晋城,郭敏,likely_individual,6,11
晋城,卢柳均,likely_individual,5,12
晋城,卫斌鹏,likely_individual,4,13
晋城,山西兰花科技创业股份有限公司,firm,4,14
晋城,山西省电力公司晋城供电分公司,firm,4,15
晋城,晋城凤凰实业有限责任公司,firm,4,16
晋城,阳城县绿野生态农业有限公司,firm,4,17
晋城,吴太平,likely_individual,3,18
晋城,张保金,likely_individual,3,19
晋城,晋城市柿宝科技发展有限公司,firm,3,20
普洱,罗林松,likely_individual,10,1
普洱,云南天士力帝泊洱生物茶集团有限公司,firm,6,2
普洱,普洱市人民政府茶产业发展办公室科技服务中心,government,6,3
普洱,云南龙生茶业股份有限公司,firm,5,4
普洱,中国普洱茶研究院,research_institute,2,5
普洱,云南省烟草公司普洱市公司,firm,2,6
普洱,刘宝,likely_individual,2,7
普洱,普洱健源油脂有限公司,firm,2,8
普洱,李汁,likely_individual,2,9
普洱,王乐观,likely_individual,2,10
普洱,白汉玉,likely_individual,2,11
普洱,云南云景林纸股份有限公司,firm,1,12
普洱,云南天士力生物茶科技有限公司,firm,1,13
普洱,云南澜沧铅矿有限公司,firm,1,14
普洱,云南茶兴机械有限责任公司,firm,1,15
普洱,卫志伟,likely_individual,1,16
普洱,吴亚红,likely_individual,1,17
普洱,唐松高,likely_individual,1,18
普洱,张俊松,likely_individual,1,19
普洱,张红生,likely_individual,1,20
景德镇,景德镇陶瓷学院,university_or_college,45,1
景德镇,江西昌河航空工业有限公司,firm,12,2
景德镇,江西嘉柏新材料有限公司,firm,7,3
景德镇,江西世龙实业股份有限公司,firm,6,4
景德镇,景德镇市富祥药业有限公司,firm,5,5
景德镇,景德镇正宇奈米科技有限公司,firm,4,6
景德镇,江西电化精细化工有限责任公司,firm,4,7
景德镇,汪烈生,likely_individual,4,8
景德镇,中国直升机设计研究所,research_institute,3,9
景德镇,何启航,likely_individual,3,10
景德镇,宗海燕,likely_individual,3,11
景德镇,昌河飞机工业(集团)有限责任公司,firm,3,12
景德镇,江西德宇集团,firm,3,13
景德镇,方移平,likely_individual,2,14
景德镇,景德镇博智陶瓷有限公司,firm,2,15
景德镇,景德镇国韵青瓷股份有限公司,firm,2,16
景德镇,曹毓红,likely_individual,2,17
景德镇,江西天新药业有限公司,firm,2,18
景德镇,江西昌河汽车有限责任公司,firm,2,19
景德镇,江西省陶瓷研究所,research_institute,2,20
曲靖,云南驰宏锌锗股份有限公司,firm,15,1
曲靖,曲靖众一精细化工股份有限公司,firm,10,2
曲靖,云南云维股份有限公司,firm,4,3
曲靖,曲靖博浩生物科技股份有限公司,firm,4,4
曲靖,曲靖师范学院,university_or_college,4,5
曲靖,曲靖开发区格力康生物科技发展有限公司,firm,4,6
曲靖,李哲,likely_individual,4,7
曲靖,曲靖成浩实芯铸造有限公司,firm,3,8
曲靖,王明军,likely_individual,3,9
曲靖,耿一平,likely_individual,3,10
曲靖,许定富,likely_individual,3,11
曲靖,云南大为化工装备制造有限公司,firm,2,12
曲靖,云南雄业制药有限公司,firm,2,13
曲靖,刘华,likely_individual,2,14
曲靖,姚鹏贵,likely_individual,2,15
曲靖,宣威市恒邦磷化工业有限公司,firm,2,16
曲靖,曲靖市众一煤化有限公司,firm,2,17
曲靖,曲靖市烟草公司富源分公司,firm,2,18
曲靖,胡纯俊,likely_individual,2,19
曲靖,赵佳付,likely_individual,2,20
朔州,赵敏,likely_individual,36,1
朔州,席礼,likely_individual,10,2
朔州,中煤平朔煤业有限责任公司,firm,7,3
朔州,张建旺,likely_individual,6,4
朔州,高如奎,likely_individual,6,5
朔州,安政权,likely_individual,5,6
朔州,尹滋,likely_individual,5,7
朔州,朔州市润泽投资发展有限公司,firm,5,8
朔州,田荣春,likely_individual,5,9
朔州,丁盘武,likely_individual,4,10
朔州,苑玉山,likely_individual,4,11
朔州,魏富儒,likely_individual,4,12
朔州,龚润平,likely_individual,4,13
朔州,乔佐,likely_individual,3,14
朔州,元登科,likely_individual,3,15
朔州,刘日宏,likely_individual,3,16
朔州,吴裕礼,likely_individual,3,17
朔州,平朔煤炭工业公司,firm,3,18
朔州,武建国,likely_individual,3,19
朔州,吴裕仁,likely_individual,2,20
朝阳,东风朝阳柴油机有限责任公司,firm,20,1
朝阳,朝阳昊天有色金属有限公司,firm,13,2
朝阳,朝阳立塬新能源有限公司,firm,8,3
朝阳,辽宁联达种业有限责任公司,firm,6,4
朝阳,辽宁兴诺米业有限责任公司,firm,5,5
朝阳,辽宁省微生物科学研究院,research_institute,5,6
朝阳,北票市海丰食品有限公司,firm,4,7
朝阳,北票市雪域藏獒制品开发有限公司,firm,4,8
朝阳,朝阳市天龙大型水泥管道(集团)有限公司,firm,4,9
朝阳,朝阳重型机器发展有限公司,firm,4,10
朝阳,辽宁省电力有限公司朝阳供电公司,firm,4,11
朝阳,邵映辉,likely_individual,4,12
朝阳,霍耀锋,likely_individual,4,13
朝阳,刘国林,likely_individual,3,14
朝阳,朝阳华龙企业集团有限公司,firm,3,15
朝阳,朝阳无线电元件有限责任公司,firm,3,16
朝阳,朝阳百盛锆钛股份有限公司,firm,3,17
朝阳,朝阳鸿翔冶炼有限公司,firm,3,18
朝阳,李宪章,likely_individual,3,19
朝阳,王云龙,likely_individual,3,20
本溪,刘波,likely_individual,47,1
本溪,本钢板材股份有限公司,firm,22,2
本溪,谢廷声,likely_individual,11,3
本溪,本溪龙宝(集团)参茸有限公司,firm,10,4
本溪,王雅林,likely_individual,8,5
本溪,宋福兴,likely_individual,7,6
本溪,辽宁好护士药业(集团)有限责任公司,firm,6,7
本溪,辽宁本溪三药有限公司,firm,6,8
本溪,王铮,likely_individual,5,9
本溪,陈阵,likely_individual,5,10
本溪,谢应凯,likely_individual,4,11
本溪,辽宁科技学院,university_or_college,4,12
本溪,付长延,likely_individual,3,13
本溪,孟昭君,likely_individual,3,14
本溪,王杰,likely_individual,3,15
本溪,艾纯强,likely_individual,3,16
本溪,谢华,likely_individual,3,17
本溪,谢应旭,likely_individual,3,18
本溪,辽宁东方人药业有限公司,firm,3,19
本溪,于非,likely_individual,2,20
来宾,蒙国宁,likely_individual,3,1
来宾,广西方元电力股份有限公司桥巩水电站分公司,firm,2,2
来宾,广西有色金属集团汇元锰业有限公司,firm,2,3
来宾,广西象州联壮化工有限公司,firm,2,4
来宾,杨志杰,likely_individual,2,5
来宾,林大灵,likely_individual,2,6
来宾,韦建耀,likely_individual,2,7
来宾,兰盛锋,likely_individual,1,8
来宾,广西华佳丝绸有限公司,firm,1,9
来宾,广西合山市玉东澳洲坚果种养有限公司,firm,1,10
来宾,广西来宾银海铝业有限责任公司,firm,1,11
来宾,广西金宏昕生物科技有限公司,firm,1,12
来宾,梁志业,likely_individual,1,13
来宾,熊一言,likely_individual,1,14
来宾,相国平,likely_individual,1,15
来宾,莫宾,likely_individual,1,16
来宾,谢龙寿,likely_individual,1,17
来宾,韦耀宏,likely_individual,1,18
来宾,麦强,likely_individual,1,19
来宾,黄元安,likely_individual,1,20
杭州,浙江大学,university_or_college,5399,1
杭州,杭州华三通信技术有限公司,firm,1530,2
杭州,浙江工业大学,university_or_college,1214,3
杭州,浙江理工大学,university_or_college,491,4
杭州,杭州电子科技大学,university_or_college,372,5
杭州,中国计量学院,university_or_college,307,6
杭州,浙江省农业科学院,research_institute,188,7
杭州,杭州六易科技有限公司,firm,171,8
杭州,浙江工商大学,university_or_college,121,9
杭州,杭州师范大学,university_or_college,115,10
杭州,浙江林学院,university_or_college,107,11
杭州,三花丹佛斯(杭州)微通道换热器有限公司,firm,86,12
杭州,中国水电顾问集团华东勘测设计研究院,research_institute,75,13
杭州,中国移动通信集团浙江有限公司,firm,75,14
杭州,杭州海康威视数字技术股份有限公司,firm,73,15
杭州,英飞特电子(杭州)有限公司,firm,68,16
杭州,浙江科技学院,university_or_college,60,17
杭州,聚光科技(杭州)股份有限公司,firm,59,18
杭州,杭州珂瑞特机械制造有限公司,firm,58,19
杭州,中国水稻研究所,research_institute,57,20
松原,苗凤祥,likely_individual,5,1
松原,杨永利,likely_individual,4,2
松原,赵长顺,likely_individual,4,3
松原,安明武,likely_individual,3,4
松原,松原大多油田配套产业有限公司,firm,3,5
松原,王彦龙,likely_individual,3,6
松原,王春玉,likely_individual,3,7
松原,于俊清,likely_individual,2,8
松原,刘恩伦,likely_individual,2,9
松原,孙宏伟,likely_individual,2,10
松原,李健光,likely_individual,2,11
松原,李秋影,likely_individual,2,12
松原,李跃进,likely_individual,2,13
松原,王国辉,likely_individual,2,14
松原,王宇,likely_individual,2,15
松原,中化吉林长山化工有限公司,firm,1,16
松原,乔国富,likely_individual,1,17
松原,乔洪慧,likely_individual,1,18
松原,于长海,likely_individual,1,19
松原,刘向前,likely_individual,1,20
林芝,西藏奇正藏药股份有限公司,firm,17,1
林芝,西藏农牧学院,university_or_college,5,2
枣庄,刘善华,likely_individual,14,1
枣庄,枣庄矿业(集团)有限责任公司柴里煤矿,firm,14,2
枣庄,枣庄矿业集团付村煤业有限公司,firm,14,3
枣庄,水煤浆气化及煤化工国家工程研究中心,other_org_or_unclear,13,4
枣庄,兖矿鲁南化肥厂,firm,12,5
枣庄,孟庆云,likely_individual,10,6
枣庄,杨国梁,likely_individual,10,7
枣庄,屈广花,likely_individual,9,8
枣庄,史洪海,likely_individual,8,9
枣庄,欧阳宝武,likely_individual,8,10
枣庄,兖矿国泰化工有限公司,firm,7,11
枣庄,王春阳,likely_individual,7,12
枣庄,赵恒祥,likely_individual,7,13
枣庄,刘广强,likely_individual,6,14
枣庄,山东海吉雅环保设备有限公司,firm,6,15
枣庄,山东省泰和水处理有限公司,firm,6,16
枣庄,枣庄矿业(集团)有限责任公司蒋庄煤矿,firm,6,17
枣庄,枣庄福源印染机械有限公司,firm,6,18
枣庄,王承信,likely_individual,6,19
枣庄,山东神工海特电子科技有限公司,firm,5,20
柳州,上汽通用五菱汽车股份有限公司,firm,126,1
柳州,广西工学院,university_or_college,29,2
柳州,广西壮族自治区花红药业股份有限公司,firm,14,3
柳州,柳州欧维姆机械股份有限公司,firm,12,4
柳州,罗晓迪,likely_individual,10,5
柳州,琪元,likely_individual,9,6
柳州,柳州五菱汽车有限责任公司,firm,8,7
柳州,广西柳工机械股份有限公司,firm,7,8
柳州,曾超宁,likely_individual,7,9
柳州,罗文礼,likely_individual,7,10
柳州,刘觉滨,likely_individual,6,11
柳州,李健民,likely_individual,6,12
柳州,柳州两面针股份有限公司,firm,6,13
柳州,陈峰,likely_individual,6,14
柳州,广西建工集团第五建筑工程有限责任公司,firm,5,15
柳州,柳州职业技术学院,university_or_college,5,16
柳州,谭月清,likely_individual,5,17
柳州,韦战,likely_individual,5,18
柳州,广西华锡集团股份有限公司,firm,4,19
柳州,柳州市大荣非金属材料有限公司,firm,4,20
株洲,株洲南车时代电气股份有限公司,firm,127,1
株洲,株洲冶炼集团股份有限公司,firm,109,2
株洲,株洲时代新材料科技股份有限公司,firm,58,3
株洲,株洲钻石切削刀具股份有限公司,firm,55,4
株洲,南车株洲电力机车有限公司,firm,50,5
株洲,株洲硬质合金集团有限公司,firm,39,6
株洲,湖南工业大学,university_or_college,19,7
株洲,中国南方航空工业(集团)有限公司,firm,18,8
株洲,湖南南车时代电动汽车股份有限公司,firm,18,9
株洲,株洲变流技术国家工程研究中心有限公司,firm,16,10
株洲,株洲千金药业股份有限公司,firm,14,11
株洲,中国航空动力机械研究所,research_institute,12,12
株洲,南车株洲电力机车研究所有限公司,firm,11,13
株洲,南车株洲电机有限公司,firm,11,14
株洲,刘运武,likely_individual,10,15
株洲,株洲时代工程塑料制品有限责任公司,firm,10,16
株洲,株洲时代电气绝缘有限责任公司,firm,10,17
株洲,湖南泰鑫瓷业有限公司,firm,9,18
株洲,孙福莲,likely_individual,8,19
株洲,株洲市兴民科技有限公司,firm,8,20
桂林,桂林理工大学,university_or_college,126,1
桂林,桂林电子科技大学,university_or_college,104,2
桂林,桂林工学院,university_or_college,69,3
桂林,广西师范大学,university_or_college,57,4
桂林,昊华南方(桂林)橡胶有限责任公司,firm,25,5
桂林,中国化工橡胶桂林有限公司,firm,23,6
桂林,桂林莱茵生物科技股份有限公司,firm,19,7
桂林,中橡集团曙光橡胶工业研究设计院,firm,13,8
桂林,乔林友,likely_individual,11,9
桂林,桂林橡胶机械厂,firm,10,10
桂林,桂林乳胶厂,firm,9,11
桂林,中国化学工业桂林工程有限公司,firm,8,12
桂林,桂林三金药业股份有限公司,firm,8,13
桂林,桂林医学院,university_or_college,8,14
桂林,桂林矿产地质研究院,research_institute,8,15
桂林,燕京啤酒(桂林漓泉)股份有限公司,firm,7,16
桂林,桂林航天电子有限公司,firm,6,17
桂林,林炳营,likely_individual,5,18
桂林,桂林星火机械制造有限公司,firm,5,19
桂林,桂林机床股份有限公司,firm,5,20
梅州,嘉应学院,university_or_college,17,1
梅州,林谊,likely_individual,6,2
梅州,梅州博敏电子有限公司,firm,6,3
梅州,梅州市志浩电子科技有限公司,firm,6,4
梅州,吴煌发,likely_individual,5,5
梅州,广东南台药业有限公司,firm,5,6
梅州,广东新大地生物科技股份有限公司,firm,5,7
梅州,梅州振声包装技术有限公司,firm,5,8
梅州,兴宁市洪才电镀废水处理设备有限公司,firm,3,9
梅州,广东富农食品有限公司,firm,3,10
梅州,广东富远稀土新材料股份有限公司,firm,3,11
梅州,广福建材(蕉岭)精化有限公司,firm,3,12
梅州,徐安定,likely_individual,3,13
梅州,谢仁朗,likely_individual,3,14
梅州,倪文城,likely_individual,2,15
梅州,兴宁市精细化工厂有限公司,firm,2,16
梅州,广东侨微生物科技有限公司,firm,2,17
梅州,广东华威化工实业有限公司,firm,2,18
梅州,广东嘉和电器股份有限公司,firm,2,19
梅州,广东宇星锑业有限公司,firm,2,20
梧州,李浪辉,likely_individual,16,1
梧州,梁荫健,likely_individual,8,2
梧州,梧州神冠蛋白肠衣有限公司,firm,8,3
梧州,许淑清,likely_individual,5,4
梧州,广西强寿药业集团有限公司,firm,4,5
梧州,莫丽嘉,likely_individual,3,6
梧州,黄进平,likely_individual,3,7
梧州,吴柱华,likely_individual,2,8
梧州,广西梧州制药(集团)股份有限公司,firm,2,9
梧州,李家新,likely_individual,2,10
梧州,梧州三和新材料科技有限公司,firm,2,11
梧州,瑞福祥药业(广西)有限公司,firm,2,12
梧州,秦彩玲,likely_individual,2,13
梧州,谢煜光,likely_individual,2,14
梧州,郭富强,likely_individual,2,15
梧州,中央储备粮梧州直属库,other_org_or_unclear,1,16
梧州,刘廷,likely_individual,1,17
梧州,刘莉,likely_individual,1,18
梧州,广西天鹅蓄电池有限责任公司,firm,1,19
梧州,广西梧州日成林产化工股份有限公司,firm,1,20
楚雄彝族自治州,云南省农业科学院热区生态农业研究所,research_institute,26,1
楚雄彝族自治州,云南爱尔发生物技术有限公司,firm,6,2
楚雄彝族自治州,易美春,likely_individual,6,3
楚雄彝族自治州,黄登平,likely_individual,6,4
楚雄彝族自治州,耿兆华,likely_individual,5,5
楚雄彝族自治州,云南天腾化工有限公司,firm,4,6
楚雄彝族自治州,楚雄宏桂绿色食品有限公司,firm,4,7
楚雄彝族自治州,罗光臣,likely_individual,4,8
楚雄彝族自治州,云南燃二化工有限公司,firm,3,9
楚雄彝族自治州,叶子仁,likely_individual,3,10
楚雄彝族自治州,楚雄师范学院,university_or_college,3,11
楚雄彝族自治州,赵克阳,likely_individual,3,12
楚雄彝族自治州,云南楚雄天利药业有限公司,firm,2,13
楚雄彝族自治州,云南楚雄彝山工贸有限公司,firm,2,14
楚雄彝族自治州,云南牟定润丰源食品有限责任公司,firm,2,15
楚雄彝族自治州,倪志群,likely_individual,2,16
楚雄彝族自治州,南华茂森综合利用有限责任公司,firm,2,17
楚雄彝族自治州,周云飞,likely_individual,2,18
楚雄彝族自治州,段丽蓉,likely_individual,2,19
楚雄彝族自治州,云南云开电气股份有限公司,firm,1,20
榆林,陕西神木化学工业有限公司,firm,7,1
榆林,王树宽,likely_individual,4,2
榆林,榆林学院,university_or_college,3,3
榆林,许富昌,likely_individual,3,4
榆林,高崇东,likely_individual,3,5
榆林,高明利,likely_individual,3,6
榆林,佳县益民现代农业开发有限公司,firm,2,7
榆林,杜建,likely_individual,2,8
榆林,王建平,likely_individual,2,9
榆林,王志江,likely_individual,2,10
榆林,马文孝,likely_individual,2,11
榆林,高瑜,likely_individual,2,12
榆林,任政军,likely_individual,1,13
榆林,任玉珊,likely_individual,1,14
榆林,侯思明,likely_individual,1,15
榆林,刘子建,likely_individual,1,16
榆林,刘新宇,likely_individual,1,17
榆林,子洲县天赐中药材有限责任公司,firm,1,18
榆林,康新,likely_individual,1,19
榆林,张乃文,likely_individual,1,20
武威,甘肃敬业农业科技有限公司,firm,6,1
武威,吴元,likely_individual,4,2
武威,甘肃赫原生物制品有限公司,firm,4,3
武威,武威金苹果新果仁食品有限责任公司,firm,2,4
武威,甘肃创兴生物工程有限责任公司,firm,2,5
武威,程浩德,likely_individual,2,6
武威,丁国成,likely_individual,1,7
武威,任学瑞,likely_individual,1,8
武威,吴正奇,likely_individual,1,9
武威,张钰浩,likely_individual,1,10
武威,曹平,likely_individual,1,11
武威,武威红牛农牧科技有限公司,firm,1,12
武威,甘肃天祝藏酒酒业有限公司,firm,1,13
武威,甘肃普安制药有限公司,firm,1,14
武威,甘肃省武威公路总段,other_org_or_unclear,1,15
武威,贾永鑫,likely_individual,1,16
武威,赵永先,likely_individual,1,17
武威,郭建忠,likely_individual,1,18
武威,陈庆明,likely_individual,1,19
武汉,华中科技大学,university_or_college,1307,1
武汉,武汉大学,university_or_college,779,2
武汉,武汉理工大学,university_or_college,713,3
武汉,武汉钢铁(集团)公司,firm,436,4
武汉,华中农业大学,university_or_college,402,5
武汉,武汉科技大学,university_or_college,231,6
武汉,中国地质大学(武汉),university_or_college,198,7
武汉,烽火通信科技股份有限公司,firm,182,8
武汉,湖北中烟工业有限责任公司,firm,180,9
武汉,武汉工程大学,university_or_college,172,10
武汉,中冶南方工程技术有限公司,firm,156,11
武汉,凹凸电子(武汉)有限公司,firm,145,12
武汉,华中师范大学,university_or_college,125,13
武汉,中国科学院武汉岩土力学研究所,research_institute,113,14
武汉,湖北大学,university_or_college,98,15
武汉,武汉鼎超科技开发有限公司,firm,88,16
武汉,武汉科技学院,university_or_college,74,17
武汉,中国第一冶金建设有限责任公司,firm,71,18
武汉,湖北盛佳电器设备有限公司,firm,69,19
武汉,湖北工业大学,university_or_college,65,20
毕节,毕节地区力帆骏马振兴车辆有限公司,firm,5,1
毕节,武艳,likely_individual,2,2
毕节,殷翔,likely_individual,2,3
毕节,蒋利民,likely_individual,2,4
毕节,贵州省毕节地区农业科学研究所,research_institute,2,5
毕节,贵州省毕节地区水产技术推广站,other_org_or_unclear,2,6
毕节,冷登书,likely_individual,1,7
毕节,刘波,likely_individual,1,8
毕节,吉学忠,likely_individual,1,9
毕节,吴勇,likely_individual,1,10
毕节,张光文,likely_individual,1,11
毕节,张梅,likely_individual,1,12
毕节,彭刚,likely_individual,1,13
毕节,施绍慧,likely_individual,1,14
毕节,朱世宗,likely_individual,1,15
毕节,李发祥,likely_individual,1,16
毕节,李珊,likely_individual,1,17
毕节,李贵荣,likely_individual,1,18
毕节,毕节学院,university_or_college,1,19
毕节,王愐荣,likely_individual,1,20
永州,杨贵成,likely_individual,37,1
永州,李林军,likely_individual,18,2
永州,欧解志,likely_individual,14,3
永州,湖南省中科农业有限公司,firm,11,4
永州,姜德雄,likely_individual,9,5
永州,永州湘江纸业有限责任公司,firm,9,6
永州,湖南东港锑品有限公司,firm,9,7
永州,罗家启,likely_individual,6,8
永州,唐健鹏,likely_individual,5,9
永州,李俊国,likely_individual,5,10
永州,李德伟,likely_individual,5,11
永州,永州皓志稀土材料有限公司,firm,5,12
永州,湖南省天龙米业有限公司,firm,5,13
永州,祝根华,likely_individual,5,14
永州,李永庚,likely_individual,4,15
永州,永州市雅大科技实业有限公司,firm,4,16
永州,湖南天圣有机农业有限公司,firm,4,17
永州,谭群英,likely_individual,4,18
永州,雷宜东,likely_individual,4,19
永州,周金元,likely_individual,3,20
汉中,陕西理工学院,university_or_college,30,1
汉中,陕西飞机工业(集团)有限公司,firm,15,2
汉中,李明杰,likely_individual,7,3
汉中,杨灏,likely_individual,6,4
汉中,陕西盛华冶化有限公司,firm,5,5
汉中,吴振耀,likely_individual,4,6
汉中,唐远福,likely_individual,4,7
汉中,国营长空精密机械制造公司,firm,4,8
汉中,宁文礼,likely_individual,4,9
汉中,常堡同,likely_individual,4,10
汉中,王东,likely_individual,4,11
汉中,邵厚仁,likely_individual,4,12
汉中,张驰,likely_individual,3,13
汉中,杨灵华,likely_individual,3,14
汉中,汉中八一锌业有限责任公司,firm,3,15
汉中,汉中第一粘合剂有限公司,firm,3,16
汉中,胡胜录,likely_individual,3,17
汉中,袁鼎山,likely_individual,3,18
汉中,陕西汉王药业有限公司,firm,3,19
汉中,中核陕西铀浓缩有限公司,firm,2,20
汕头,汕头大学,university_or_college,37,1
汕头,广东粤东机械实业有限公司,firm,27,2
汕头,广东名臣有限公司,firm,24,3
汕头,广东拉芳日化有限公司,firm,22,4
汕头,广东光华化学厂有限公司,firm,20,5
汕头,汕头超声显示器(二厂)有限公司,firm,19,6
汕头,钟明华,likely_individual,19,7
汕头,王洪,likely_individual,16,8
汕头,广东奥飞动漫文化股份有限公司,firm,12,9
汕头,徐柔云,likely_individual,12,10
汕头,张学荣,likely_individual,11,11
汕头,汕头市奥山服饰有限公司,firm,11,12
汕头,张冬敏,likely_individual,10,13
汕头,徐志强,likely_individual,10,14
汕头,汕头市骏码凯撒有限公司,firm,10,15
汕头,池建平,likely_individual,10,16
汕头,洪煌炳,likely_individual,10,17
汕头,王丹琳,likely_individual,10,18
汕头,蔡丹丹,likely_individual,10,19
汕头,蔡显强,likely_individual,10,20
汕尾,信利半导体有限公司,firm,42,1
汕尾,许子龙,likely_individual,13,2
汕尾,朱小龙,likely_individual,6,3
汕尾,李秉记,likely_individual,4,4
汕尾,何展辉,likely_individual,2,5
汕尾,信利光电(汕尾)有限公司,firm,2,6
汕尾,陈武雄,likely_individual,2,7
汕尾,黄晓民,likely_individual,2,8
汕尾,黎德接,likely_individual,2,9
汕尾,何世超,likely_individual,1,10
汕尾,倪创,likely_individual,1,11
汕尾,刘诗城,likely_individual,1,12
汕尾,周君雄,likely_individual,1,13
汕尾,广东省汕尾市药品检验所,other_org_or_unclear,1,14
汕尾,广东省生宝种养有限公司,firm,1,15
汕尾,张庆楼,likely_individual,1,16
汕尾,施文峰,likely_individual,1,17
汕尾,汕尾市大利荣耀灯饰工业有限公司,firm,1,18
汕尾,汕尾铭基节能技术有限公司,firm,1,19
汕尾,王汉有,likely_individual,1,20
江门,林智勇,likely_individual,125,1
江门,五邑大学,university_or_college,56,2
江门,鹤山丽得电子实业有限公司,firm,34,3
江门,鹤山健豪灯饰企业有限公司,firm,15,4
江门,江门市科恒实业股份有限公司,firm,14,5
江门,广东嘉宝莉化工集团有限公司,firm,12,6
江门,江门市大长江集团有限公司,firm,12,7
江门,江门市汉宇电器有限公司,firm,12,8
江门,广东金莱特电器股份有限公司,firm,11,9
江门,江门市制漆厂有限公司,firm,11,10
江门,江门市蒙德电气有限公司,firm,11,11
江门,叶露微,likely_individual,10,12
江门,周剑冰,likely_individual,9,13
江门,黎永雄,likely_individual,9,14
江门,冯可健,likely_individual,8,15
江门,广东江粉磁材股份有限公司,firm,8,16
江门,李锦记(新会)食品有限公司,firm,8,17
江门,江门市三七电池实业有限公司,firm,8,18
江门,刘昆虎,likely_individual,7,19
江门,廖树汉,likely_individual,7,20
池州,吴成祥,likely_individual,10,1
池州,李震,likely_individual,9,2
池州,安徽天品堂生态农业有限公司,firm,5,3
池州,安徽马东机械制造有限公司,firm,5,4
池州,池州万维化工有限公司,firm,5,5
池州,叶守义,likely_individual,4,6
池州,安徽益友家用机床有限公司,firm,4,7
池州,池州方达科技有限公司,firm,4,8
池州,安徽池州伟舜机电有限公司,firm,3,9
池州,安徽池州皖美电器厂,firm,3,10
池州,杨泽田,likely_individual,3,11
池州,池州天宇塑业有限公司,firm,3,12
池州,池州学院,university_or_college,3,13
池州,安徽来福高科股份有限公司,firm,2,14
池州,安徽池州家用机床股份有限公司,firm,2,15
池州,安徽瑞泰汽车零部件有限责任公司,firm,2,16
池州,安徽铜冠有色金属(池州)有限责任公司九华冶炼厂,firm,2,17
池州,李雷生,likely_individual,2,18
池州,池州九华汉高电工材料有限公司,firm,2,19
池州,池州埃美柯水表铸造有限公司,firm,2,20
沈阳,东北大学,university_or_college,540,1
沈阳,中国科学院金属研究所,research_institute,495,2
沈阳,沈阳药科大学,university_or_college,284,3
沈阳,沈阳工业大学,university_or_college,253,4
沈阳,中国科学院沈阳自动化研究所,research_institute,244,5
沈阳,中国科学院沈阳应用生态研究所,research_institute,187,6
沈阳,沈阳黎明航空发动机(集团)有限责任公司,firm,185,7
沈阳,沈阳铝镁设计研究院,research_institute,166,8
沈阳,三一重型装备有限公司,firm,116,9
沈阳,沈阳飞机工业(集团)有限公司,firm,111,10
沈阳,任立蓬,likely_individual,109,11
沈阳,沈阳化工学院,university_or_college,108,12
沈阳,沈阳建筑大学,university_or_college,104,13
沈阳,沈阳理工大学,university_or_college,104,14
沈阳,沈阳铝镁设计研究院有限公司,firm,84,15
沈阳,沈阳晨讯希姆通科技有限公司,firm,82,16
沈阳,沈阳农业大学,university_or_college,75,17
沈阳,辽宁大学,university_or_college,58,18
沈阳,东软集团股份有限公司,firm,53,19
沈阳,沈阳大学,university_or_college,46,20
沧州,张永钢,likely_individual,19,1
沧州,华斯农业开发股份有限公司,firm,12,2
沧州,凯瑞化工有限责任公司,firm,9,3
沧州,邵世达,likely_individual,8,4
沧州,金秋生,likely_individual,8,5
沧州,沧州那瑞化学科技有限公司,firm,7,6
沧州,陈春祥,likely_individual,7,7
沧州,任丘市双楼电碳制品有限公司,firm,6,8
沧州,甄立新,likely_individual,6,9
沧州,沧州明珠塑料股份有限公司,firm,5,10
沧州,河北建新化工股份有限公司,firm,5,11
沧州,刘建林,likely_individual,4,12
沧州,张远林,likely_individual,4,13
沧州,张铁锤,likely_individual,4,14
沧州,李开森,likely_individual,4,15
沧州,王旭华,likely_individual,4,16
沧州,李明,likely_individual,3,17
沧州,杨孝才,likely_individual,3,18
沧州,沧州市农林科学院,research_institute,3,19
沧州,河北华北石油荣盛机械制造有限公司,firm,3,20
河池,广西华锡集团股份有限公司车河选矿厂,firm,4,1
河池,覃怀忠,likely_individual,4,2
河池,韦持理,likely_individual,4,3
河池,广西润达制药股份有限公司,firm,3,4
河池,河池学院,university_or_college,3,5
河池,杨昌标,likely_individual,2,6
河池,莫沉鹏,likely_individual,2,7
河池,蓝景恒,likely_individual,2,8
河池,阮元忠,likely_individual,2,9
河池,黄久发,likely_individual,2,10
河池,东兰音乐铜鼓文化传播有限责任公司,firm,1,11
河池,华锡集团车河选矿厂,firm,1,12
河池,吴华金,likely_individual,1,13
河池,唐浩,likely_individual,1,14
河池,孙浩忠,likely_individual,1,15
河池,广西现代职业技术学院,university_or_college,1,16
河池,曹万贵,likely_individual,1,17
河池,李长忠,likely_individual,1,18
河池,河池市南方有色冶炼有限责任公司,firm,1,19
河池,河池市津泰资源再生有限公司,firm,1,20
河源,广东雅达电子股份有限公司,firm,18,1
河源,张书闵,likely_individual,8,2
河源,张苑金,likely_individual,7,3
河源,河源市雅达电子有限公司,firm,7,4
河源,丘新贵,likely_individual,4,5
河源,河源万峰陶瓷有限公司,firm,4,6
河源,河源富马硬质合金股份有限公司,firm,4,7
河源,广东紫金正天药业有限公司,firm,3,8
河源,河源市粤兴实业有限公司,firm,3,9
河源,河源正信硬质合金有限公司,firm,3,10
河源,河源职业技术学院,university_or_college,3,11
河源,陈启房,likely_individual,3,12
河源,东源绿保生物科技开发有限公司,firm,2,13
河源,广东立国制药有限公司,firm,2,14
河源,河源市天仙湖农业发展有限公司,firm,2,15
河源,河源市特灵通通讯有限公司,firm,2,16
河源,河源海川科技有限公司,firm,2,17
河源,蔡向源,likely_individual,2,18
河源,谢文省,other_org_or_unclear,2,19
河源,陈志平,likely_individual,2,20
泉州,华侨大学,university_or_college,79,1
泉州,福建浔兴拉链科技股份有限公司,firm,50,2
泉州,福建钧石能源有限公司,firm,42,3
泉州,南安市三晶阳光电力有限公司,firm,27,4
泉州,庄景阳,likely_individual,25,5
泉州,福建恒安集团有限公司,firm,25,6
泉州,南安市柳城高捷图文设计工作室,other_org_or_unclear,20,7
泉州,福建鑫华股份有限公司,firm,20,8
泉州,吴荣光,likely_individual,15,9
泉州,福建凤竹纺织科技股份有限公司,firm,14,10
泉州,安踏(中国)有限公司,firm,12,11
泉州,戴文育,likely_individual,11,12
泉州,南安市三晶硅品精制有限公司,firm,10,13
泉州,泉州市东南光电有限公司,firm,10,14
泉州,福建百宏聚纤科技实业有限公司,firm,10,15
泉州,福建省晋江优兰发纸业有限公司,firm,9,16
泉州,和谐光电科技(泉州)有限公司,firm,8,17
泉州,晋江市连盛液压机械有限公司,firm,8,18
泉州,林福泳,likely_individual,8,19
泉州,泉州师范学院,university_or_college,8,20
泰安,张琳,likely_individual,169,1
泰安,山东农业大学,university_or_college,155,2
泰安,王芹,likely_individual,53,3
泰安,贠钦亮,likely_individual,53,4
泰安,李清水,likely_individual,48,5
泰安,宗翠红,likely_individual,45,6
泰安,李祥,likely_individual,44,7
泰安,唐超,likely_individual,38,8
泰安,张在文,likely_individual,34,9
泰安,曹淑兰,likely_individual,30,10
泰安,山东光大肥业科技有限公司,firm,29,11
泰安,李仕清,likely_individual,28,12
泰安,郭传法,likely_individual,26,13
泰安,张红旗,likely_individual,25,14
泰安,刘勇,likely_individual,22,15
泰安,律北平,likely_individual,22,16
泰安,丁平,likely_individual,21,17
泰安,刘绪春,likely_individual,21,18
泰安,夏范音,likely_individual,21,19
泰安,胡令东,likely_individual,21,20
泰州,泰州乐金电子冷机有限公司,firm,46,1
泰州,江苏飞船股份有限公司,firm,36,2
泰州,江苏双登集团有限公司,firm,29,3
泰州,南京双登科技发展研究院有限公司,firm,28,4
泰州,江苏泰隆减速机股份有限公司,firm,26,5
泰州,张晓荣,likely_individual,23,6
泰州,扬子江药业集团有限公司,firm,22,7
泰州,江苏兆胜空调有限公司,firm,22,8
泰州,江苏江山制药有限公司,firm,21,9
泰州,泰州口岸船舶有限公司,firm,20,10
泰州,鞠小平,likely_individual,20,11
泰州,殷宝良,likely_individual,17,12
泰州,泰州申视塑料有限公司,firm,17,13
泰州,泰通(泰州)工业有限公司,firm,16,14
泰州,屠国强,likely_individual,15,15
泰州,江苏欣晖食品有限公司,firm,14,16
泰州,江苏远东电机制造有限公司,firm,14,17
泰州,王崇高,likely_individual,14,18
泰州,江苏明星减震器有限公司,firm,13,19
泰州,江苏林海动力机械集团公司,firm,13,20
泸州,王光树,likely_individual,27,1
泸州,泸州品创科技有限公司,firm,26,2
泸州,孟智平,likely_individual,14,3
泸州,泸州老窖股份有限公司,firm,7,4
泸州,四川泸天化股份有限公司,firm,6,5
泸州,泸州川油钻采工具有限公司,firm,5,6
泸州,陈永生,likely_individual,5,7
泸州,四川海科机械制造有限公司,firm,4,8
泸州,泸州万联化工有限公司,firm,3,9
泸州,泸州北方化学工业有限公司,firm,3,10
泸州,阎小宁,likely_individual,3,11
泸州,周其强,likely_individual,2,12
泸州,四川长起起重设备有限公司,firm,2,13
泸州,杜力,likely_individual,2,14
泸州,泸州众大科技液压件有限公司,firm,2,15
泸州,泸州医学院附属医院,hospital,2,16
泸州,泸州大洲化工有限公司,firm,2,17
泸州,程思明,likely_individual,2,18
泸州,罗劲,likely_individual,2,19
泸州,赵明久,likely_individual,2,20
洛阳,河南科技大学,university_or_college,245,1
洛阳,中航光电科技股份有限公司,firm,126,2
洛阳,洛阳轴研科技股份有限公司,firm,110,3
洛阳,中信重工机械股份有限公司,firm,74,4
洛阳,中国船舶重工集团公司第七二五研究所,research_institute,73,5
洛阳,中色科技股份有限公司,firm,61,6
洛阳,中钢集团洛阳耐火材料研究院有限公司,firm,55,7
洛阳,中国航空工业集团公司洛阳电光设备研究所,research_institute,46,8
洛阳,何巨堂,likely_individual,45,9
洛阳,中国空空导弹研究院,research_institute,43,10
洛阳,河南省电力公司洛阳供电公司,firm,43,11
洛阳,洛阳梓生科技开发有限公司,firm,38,12
洛阳,洛阳普莱柯生物工程有限公司,firm,37,13
洛阳,中国一拖集团有限公司,firm,34,14
洛阳,中铁隧道集团有限公司,firm,27,15
洛阳,洛阳LYC轴承有限公司,firm,27,16
洛阳,刘朝轩,likely_individual,23,17
洛阳,洛阳惠中兽药有限公司,firm,22,18
洛阳,中国石化集团洛阳石油化工工程公司,firm,17,19
洛阳,中铝洛阳铜业有限公司,firm,16,20
济南,山东大学,university_or_college,1232,1
济南,浪潮电子信息产业股份有限公司,firm,313,2
济南,济南大学,university_or_college,259,3
济南,山东轩竹医药科技有限公司,firm,146,4
济南,莱芜钢铁股份有限公司,firm,133,5
济南,山东建筑大学,university_or_college,111,6
济南,山东轻工业学院,university_or_college,106,7
济南,济南开发区星火科学技术研究院,research_institute,99,8
济南,山东电力研究院,research_institute,93,9
济南,浪潮集团山东通用软件有限公司,firm,89,10
济南,候万春,likely_individual,80,11
济南,富美科技有限公司,firm,77,12
济南,中国移动通信集团山东有限公司,firm,73,13
济南,浪潮齐鲁软件产业有限公司,firm,72,14
济南,山东浪潮齐鲁软件产业股份有限公司,firm,65,15
济南,九阳股份有限公司,firm,58,16
济南,曹莹莹,likely_individual,58,17
济南,莱芜钢铁集团有限公司,firm,57,18
济南,山东交通学院,university_or_college,56,19
济南,朱惠芬,likely_individual,52,20
济宁,兖州煤业股份有限公司,firm,28,1
济宁,王伟均,likely_individual,18,2
济宁,侯圣春,likely_individual,16,3
济宁,兖矿集团有限公司,firm,16,4
济宁,贺成功,likely_individual,16,5
济宁,山东博特精工股份有限公司,firm,12,6
济宁,山东太阳纸业股份有限公司,firm,12,7
济宁,山东鲁抗辰欣药业有限公司,firm,12,8
济宁,山东省科学院激光研究所,research_institute,11,9
济宁,曲阜师范大学,university_or_college,11,10
济宁,刘宪福,likely_individual,10,11
济宁,孟凡英,likely_individual,10,12
济宁,曲阜市东宏实业有限公司,firm,10,13
济宁,菱花集团有限公司,firm,10,14
济宁,山东电力集团公司济宁供电公司,firm,9,15
济宁,唐志明,likely_individual,8,16
济宁,山东安能输送带橡胶有限公司,firm,8,17
济宁,济宁金百特工程机械有限公司,firm,8,18
济宁,丁行,likely_individual,7,19
济宁,山东鲁抗立科药物化学有限公司,firm,7,20
济源,河南豫光金铅股份有限公司,firm,17,1
济源,河南省电力公司济源供电公司,firm,9,2
济源,中原特钢股份有限公司,firm,7,3
济源,北京石晶光电科技股份有限公司济源分公司,firm,7,4
济源,河南豫光锌业有限公司,firm,5,5
济源,黄超,likely_individual,5,6
济源,河南神龙石油钻具有限公司,firm,4,7
济源,济源市贝迪地能中央空调设备有限公司,firm,4,8
济源,连德峰,likely_individual,4,9
济源,迪特克(济源)绿色生物科技有限公司,firm,4,10
济源,李界文,likely_individual,3,11
济源,河南清水源科技股份有限公司,firm,3,12
济源,唐文胜,likely_individual,2,13
济源,张全乐,likely_individual,2,14
济源,张晓群,likely_individual,2,15
济源,河南济源钢铁(集团)有限公司,firm,2,16
济源,济源优克电子材料有限公司,firm,2,17
济源,济源市万洋冶炼(集团)有限公司,firm,2,18
济源,济源市更新瓷料有限公司,firm,2,19
济源,马刘陈,likely_individual,2,20
海东,杨学青,likely_individual,4,1
海东,韦军,likely_individual,4,2
海东,平安鑫海资源开发有限公司,firm,2,3
海东,林建智,likely_individual,2,4
海东,韦守良,likely_individual,2,5
海东,加羊,likely_individual,1,6
海东,朱永文,likely_individual,1,7
海东,青海林丰农牧机械制造有限公司,firm,1,8
海东,马德明,likely_individual,1,9
海南藏族自治州,青海青海湖生物科技发展有限公司,firm,2,1
海南藏族自治州,旦巴颜排,likely_individual,1,2
海南藏族自治州,贵德县贵德清酒业有限责任公司,firm,1,3
海南藏族自治州,赵宏魁,likely_individual,1,4
海南藏族自治州,青海省青海湖药业有限公司,firm,1,5
海口,海南大学,university_or_college,96,1
海口,中国热带农业科学院热带生物技术研究所,research_institute,54,2
海口,海南美大制药有限公司,firm,47,3
海口,海南京润珍珠生物技术股份有限公司,firm,37,4
海口,王明,likely_individual,36,5
海口,陶灵刚,likely_individual,36,6
海口,王丽燕,likely_individual,29,7
海口,李平,likely_individual,28,8
海口,海南美兰史克制药有限公司,firm,28,9
海口,海南正业中农高科股份有限公司,firm,22,10
海口,海南永田药物研究院有限公司,firm,17,11
海口,刘全胜,likely_individual,15,12
海口,海南数尔药物研究有限公司,firm,15,13
海口,海南本创医药科技有限公司,firm,15,14
海口,海南碧凯药业有限公司,firm,15,15
海口,海南亚元防伪技术研究所,research_institute,14,16
海口,海南新中正制药有限公司,firm,14,17
海口,海口市制药厂有限公司,firm,13,18
海口,郝志艳,likely_individual,13,19
海口,胡建荣,likely_individual,12,20
海西蒙古族藏族自治州,青海中信国安科技发展有限公司,firm,3,1
海西蒙古族藏族自治州,刘恒志,likely_individual,2,2
海西蒙古族藏族自治州,青海盐湖工业集团股份有限公司,firm,2,3
海西蒙古族藏族自治州,刘阳,likely_individual,1,4
海西蒙古族藏族自治州,孔为军,likely_individual,1,5
海西蒙古族藏族自治州,格尔木同兴盐化有限公司,firm,1,6
海西蒙古族藏族自治州,田才让,likely_individual,1,7
海西蒙古族藏族自治州,茫崖兴元钾肥有限责任公司,firm,1,8
海西蒙古族藏族自治州,贾永财,likely_individual,1,9
海西蒙古族藏族自治州,青海中航资源有限公司,firm,1,10
海西蒙古族藏族自治州,青海碱业有限公司,firm,1,11
海西蒙古族藏族自治州,青海金锋实业有限公司,firm,1,12
海西蒙古族藏族自治州,高丽英,likely_individual,1,13
淄博,山东理工大学,university_or_college,337,1
淄博,山东东岳神舟新材料有限公司,firm,103,2
淄博,中国石油化工股份有限公司,firm,65,3
淄博,宋爱民,likely_individual,50,4
淄博,淄博高新区联创科技服务中心,other_org_or_unclear,45,5
淄博,陈久斌,likely_individual,34,6
淄博,山东超瑞施生物磁学工程技术研究中心,other_org_or_unclear,32,7
淄博,山东东大一诺威聚氨酯有限公司,firm,30,8
淄博,山东东岳高分子材料有限公司,firm,30,9
淄博,山东新华制药股份有限公司,firm,29,10
淄博,淄博兰雁集团有限责任公司,firm,26,11
淄博,山东新华医疗器械股份有限公司,firm,24,12
淄博,张红霞,likely_individual,22,13
淄博,鲁泰纺织股份有限公司,firm,19,14
淄博,山东淄博新达制药有限公司,firm,18,15
淄博,崔霖,likely_individual,17,16
淄博,山东申普汽车控制技术有限公司,firm,16,17
淄博,山东省药用玻璃股份有限公司,firm,15,18
淄博,淄博中轩生化有限公司,firm,15,19
淄博,中材高新材料股份有限公司,firm,14,20
淮北,冯世英,likely_individual,38,1
淮北,冯政,likely_individual,10,2
淮北,安徽宝迪肉类食品有限公司,firm,10,3
淮北,淮北煤炭师范学院,university_or_college,9,4
淮北,淮北中润生物能源技术开发有限公司,firm,7,5
淮北,朱松峰,likely_individual,5,6
淮北,淮北高罗输送装备有限公司,firm,5,7
淮北,孙晋欣,likely_individual,4,8
淮北,安徽省电力公司淮北供电公司,firm,4,9
淮北,淮北市协力重型机器有限责任公司,firm,4,10
淮北,孙明芹,likely_individual,3,11
淮北,安徽中意胶带有限责任公司,firm,3,12
淮北,安徽理士电池技术有限公司,firm,3,13
淮北,屈凤星,likely_individual,3,14
淮北,成善民,likely_individual,3,15
淮北,李明远,likely_individual,3,16
淮北,李晓秋,likely_individual,3,17
淮北,淮北钛钴新金属有限公司,firm,3,18
淮北,王恒,likely_individual,3,19
淮北,赵龙山,likely_individual,3,20
淮南,淮南矿业(集团)有限责任公司,firm,87,1
淮南,安徽理工大学,university_or_college,33,2
淮南,张春平,likely_individual,22,3
淮南,安徽淮化股份有限公司,firm,19,4
淮南,淮南润成科技有限公司,firm,17,5
淮南,夏凤义,likely_individual,7,6
淮南,中国电子科技集团公司第八研究所,research_institute,6,7
淮南,平安煤矿瓦斯治理国家工程研究中心有限责任公司,firm,6,8
淮南,淮南师范学院,university_or_college,6,9
淮南,安徽山河药用辅料股份有限公司,firm,5,10
淮南,淮南市华生鑫印刷包装机械有限公司,firm,5,11
淮南,淮南舜立机械有限责任公司,firm,5,12
淮南,薛爱民,likely_individual,5,13
淮南,安徽省电力公司淮南供电公司,firm,4,14
淮南,安徽中兴华汉机械有限公司,firm,3,15
淮南,安徽淮河化工股份有限公司,firm,3,16
淮南,杜江,likely_individual,3,17
淮南,淮南市通霸蓄电池有限公司,firm,3,18
淮南,煤矿瓦斯治理国家工程研究中心,other_org_or_unclear,3,19
淮南,中国化学工程第三建设有限公司,firm,2,20
淮安,淮阴工学院,university_or_college,110,1
淮安,许庆华,likely_individual,94,2
淮安,淮阴师范学院,university_or_college,40,3
淮安,杨青,likely_individual,36,4
淮安,韦星野,likely_individual,29,5
淮安,许盛英,likely_individual,28,6
淮安,韦加伟,likely_individual,23,7
淮安,凌怀宇,likely_individual,21,8
淮安,江苏理士电池有限公司,firm,21,9
淮安,贾剑,likely_individual,20,10
淮安,蒋文兰,likely_individual,19,11
淮安,江苏点金石凹土研究开发有限公司,firm,14,12
淮安,宏恒胜电子科技(淮安)有限公司,firm,13,13
淮安,徐金兰,likely_individual,12,14
淮安,解云,likely_individual,12,15
淮安,盱眙县科源新材料厂,firm,11,16
淮安,江苏沙钢集团淮钢特钢有限公司,firm,10,17
淮安,淮安万邦香料工业有限公司,firm,10,18
淮安,贾维珍,likely_individual,10,19
淮安,韦斌,likely_individual,10,20
深圳,中兴通讯股份有限公司,firm,15486,1
深圳,华为技术有限公司,firm,9186,2
深圳,鸿富锦精密工业(深圳)有限公司,firm,6969,3
深圳,比亚迪股份有限公司,firm,1702,4
深圳,深圳富泰宏精密工业有限公司,firm,1535,5
深圳,海洋王照明科技股份有限公司,firm,1439,6
深圳,深圳华为通信技术有限公司,firm,1083,7
深圳,腾讯科技(深圳)有限公司,firm,1003,8
深圳,华为终端有限公司,firm,965,9
深圳,康佳集团股份有限公司,firm,852,10
深圳,宇龙计算机通信科技(深圳)有限公司,firm,810,11
深圳,富准精密工业(深圳)有限公司,firm,666,12
深圳,金蝶软件(中国)有限公司,firm,510,13
深圳,深圳市同洲电子股份有限公司,firm,412,14
深圳,深圳TCL新技术有限公司,firm,306,15
深圳,深圳创维RGB电子有限公司,firm,298,16
深圳,深圳诺普信农化股份有限公司,firm,298,17
深圳,群康科技(深圳)有限公司,firm,292,18
深圳,晨星软件研发(深圳)有限公司,firm,276,19
深圳,富泰华工业(深圳)有限公司,firm,257,20
清远,练其辉,likely_individual,11,1
清远,广东先导稀有材料股份有限公司,firm,5,2
清远,朱成祥,likely_individual,5,3
清远,约克广州空调冷冻设备有限公司,firm,5,4
清远,清远市佳的美电子科技有限公司,firm,4,5
清远,清远市灵捷制造化工有限公司,firm,4,6
清远,蔡海华,likely_individual,4,7
清远,丽珠集团新北江制药股份有限公司,firm,3,8
清远,清远先导稀有材料有限公司,firm,3,9
清远,清远市建巢工业设计有限公司,firm,3,10
清远,先导(清远)稀有金属化工有限公司,firm,2,11
清远,吕敬桥,likely_individual,2,12
清远,孔水友,likely_individual,2,13
清远,广东聚石化学股份有限公司,firm,2,14
清远,日丰(清远)电子有限公司,firm,2,15
清远,清远嘉博制药有限公司,firm,2,16
清远,清远容大生物工程有限公司,firm,2,17
清远,清远海贝生物技术有限公司,firm,2,18
清远,英德佳纳金属科技有限公司,firm,2,19
清远,英德市奥胜新材料有限责任公司,firm,2,20
温州,温州医学院,university_or_college,120,1
温州,温州大学,university_or_college,111,2
温州,吴声震,likely_individual,50,3
温州,朱奎,likely_individual,46,4
温州,朱祚睿,likely_individual,36,5
温州,黄华道,likely_individual,29,6
温州,郑文秀,likely_individual,28,7
温州,陈仁多,likely_individual,24,8
温州,余哲锐,likely_individual,23,9
温州,温州宏丰电工合金有限公司,firm,23,10
温州,王建友,likely_individual,23,11
温州,何伟斌,likely_individual,20,12
温州,浙江正泰电器股份有限公司,firm,20,13
温州,温州医学院眼视光研究院,research_institute,20,14
温州,邹建仁,likely_individual,20,15
温州,张繁荣,likely_individual,19,16
温州,张文权,likely_individual,18,17
温州,瑞立集团瑞安汽车零部件有限公司,firm,17,18
温州,福达合金材料股份有限公司,firm,17,19
温州,王军,likely_individual,15,20
渭南,张少武,likely_individual,81,1
渭南,陕西韦尔奇作物保护有限公司,firm,43,2
渭南,陕西汤普森生物科技有限公司,firm,41,3
渭南,陕西蒲城县美邦农药有限责任公司,firm,23,4
渭南,陕西美邦农药有限公司,firm,11,5
渭南,陕西北人印刷机械有限责任公司,firm,10,6
渭南,中冶陕压重工设备有限公司,firm,5,7
渭南,陕西恒田化工有限公司,firm,5,8
渭南,刘天保,likely_individual,4,9
渭南,许朝辉,likely_individual,4,10
渭南,韩城市金太阳花椒油脂药料有限责任公司,firm,4,11
渭南,颜平安,likely_individual,4,12
渭南,颜平德,likely_individual,4,13
渭南,丁奇,likely_individual,3,14
渭南,何社明,likely_individual,3,15
渭南,刘增民,likely_individual,3,16
渭南,姚建国,likely_individual,3,17
渭南,梁长安,likely_individual,3,18
渭南,王秋绒,likely_individual,3,19
渭南,任稳,likely_individual,2,20
湖州,湖州来色生物基因工程有限公司,firm,48,1
湖州,董根荣,likely_individual,34,2
湖州,浙江世佳科技有限公司,firm,27,3
湖州,沈新荣,likely_individual,22,4
湖州,浙江升华拜克生物股份有限公司,firm,22,5
湖州,永大自行车料(湖州)有限公司,firm,20,6
湖州,浙江世友木业有限公司,firm,20,7
湖州,超威电源有限公司,firm,19,8
湖州,微宏动力系统(湖州)有限公司,firm,17,9
湖州,德华兔宝宝装饰新材股份有限公司,firm,17,10
湖州,董金奎,likely_individual,17,11
湖州,浙江省淡水水产研究所,research_institute,16,12
湖州,陈义忠,likely_individual,16,13
湖州,湖州太箭照明有限公司,firm,15,14
湖州,湖州电力局,other_org_or_unclear,15,15
湖州,钱尧翎,likely_individual,15,16
湖州,湖州机床厂有限公司,firm,14,17
湖州,钱俊,likely_individual,14,18
湖州,王中好,likely_individual,13,19
湖州,章体,likely_individual,13,20
湘潭,湘潭大学,university_or_college,169,1
湘潭,湖南科技大学,university_or_college,69,2
湘潭,湘潭电机股份有限公司,firm,33,3
湘潭,湖南华菱湘潭钢铁有限公司,firm,24,4
湘潭,湘电风能有限公司,firm,24,5
湘潭,江南机器(集团)有限公司,firm,23,6
湘潭,迅达科技集团股份有限公司,firm,15,7
湘潭,湖南工程学院,university_or_college,13,8
湘潭,肖公平,likely_individual,13,9
湘潭,湘潭平安电气有限公司,firm,11,10
湘潭,糜鹤云,likely_individual,9,11
湘潭,江麓机电科技有限公司,firm,8,12
湘潭,湖南天利恩泽太阳能科技有限公司,firm,8,13
湘潭,湖南恒润高科有限公司,firm,7,14
湘潭,湖南玉丰真空科学技术有限公司,firm,7,15
湘潭,钟汉光,likely_individual,7,16
湘潭,湖南振辉管业有限公司,firm,6,17
湘潭,湘电集团有限公司,firm,6,18
湘潭,王辉,likely_individual,6,19
湘潭,刘蒙榕,likely_individual,5,20
湘西土家族苗族自治州,吉首大学,university_or_college,19,1
湘西土家族苗族自治州,湘西自治州兴湘科技开发有限责任公司,firm,7,2
湘西土家族苗族自治州,湖南老爹农业科技开发股份有限公司,firm,6,3
湘西土家族苗族自治州,花垣县强桦矿业有限责任公司,firm,6,4
湘西土家族苗族自治州,湘西自治州矿产与新材料技术创新服务中心,other_org_or_unclear,5,5
湘西土家族苗族自治州,肖峰,likely_individual,4,6
湘西土家族苗族自治州,花垣恒远植物生化有限责任公司,firm,4,7
湘西土家族苗族自治州,保靖友丰锰业有限责任公司,firm,3,8
湘西土家族苗族自治州,向昌荣,likely_individual,3,9
湘西土家族苗族自治州,吴言发,likely_individual,3,10
湘西土家族苗族自治州,熊烈,likely_individual,3,11
湘西土家族苗族自治州,郑廷佩,likely_individual,3,12
湘西土家族苗族自治州,五矿(湖南)铁合金有限责任公司,firm,2,13
湘西土家族苗族自治州,刘鹏程,likely_individual,2,14
湘西土家族苗族自治州,吴启明,likely_individual,2,15
湘西土家族苗族自治州,周一波,likely_individual,2,16
湘西土家族苗族自治州,姚贤章,likely_individual,2,17
湘西土家族苗族自治州,湖南湘泉制药有限公司,firm,2,18
湘西土家族苗族自治州,湘西自治州奥瑞克医药化工有限责任公司,firm,2,19
湘西土家族苗族自治州,何兴兵,likely_individual,1,20
湛江,广东海洋大学,university_or_college,224,1
湛江,中国热带农业科学院农产品加工研究所,research_institute,33,2
湛江,洪涛,likely_individual,25,3
湛江,中国热带农业科学院南亚热带作物研究所,research_institute,21,4
湛江,广东医学院,university_or_college,15,5
湛江,张英华,likely_individual,15,6
湛江,湛江师范学院,university_or_college,14,7
湛江,广东恒兴集团有限公司,firm,11,8
湛江,冯建光,likely_individual,9,9
湛江,湛江胜浪海洋捕捞研究所,research_institute,9,10
湛江,湛江包装材料企业有限公司,firm,8,11
湛江,莫以贤,likely_individual,8,12
湛江,刘海云,likely_individual,7,13
湛江,周小萍,likely_individual,7,14
湛江,林荣恒,likely_individual,7,15
湛江,中国热带农业科学院农业机械研究所,research_institute,6,16
湛江,薛晓宁,likely_individual,5,17
湛江,广东粤海饲料集团有限公司,firm,4,18
湛江,湛江市聚鑫新能源有限公司,firm,4,19
湛江,湛江恒兴特种饲料有限公司,firm,4,20
滁州,博西华家用电器有限公司,firm,77,1
滁州,许修武,likely_individual,19,2
滁州,赵宽,likely_individual,16,3
滁州,万金林,likely_individual,15,4
滁州,安徽皖东化工有限公司,firm,6,5
滁州,滁州友林科技发展有限公司,firm,6,6
滁州,滁州君越高分子新材料有限公司,firm,6,7
滁州,滁州扬子必威中央空调有限公司,firm,6,8
滁州,安徽省实防新型玻璃科技有限公司,firm,5,9
滁州,明光市浩淼消防科技发展有限公司,firm,5,10
滁州,颜群,likely_individual,5,11
滁州,中国扬子集团滁州扬子空调器有限公司,firm,4,12
滁州,安徽康佳同创电器有限公司,firm,4,13
滁州,安徽省凤阳染料化工有限公司,firm,4,14
滁州,滁州扬子木业有限公司,firm,4,15
滁州,王学林,likely_individual,4,16
滁州,韦博夫,likely_individual,4,17
滁州,安徽省天马泵阀集团有限公司,firm,3,18
滁州,安徽省尚美精密机械科技有限公司,firm,3,19
滁州,安徽省电力公司滁州供电公司,firm,3,20
滨州,华纺股份有限公司,firm,19,1
滨州,山东京博控股发展有限公司,firm,19,2
滨州,山东滨州亚光毛巾有限公司,firm,15,3
滨州,西王集团有限公司,firm,15,4
滨州,邹平金刚新材料有限公司,firm,13,5
滨州,刘景斌,likely_individual,12,6
滨州,滨州学院,university_or_college,12,7
滨州,孙立华,likely_individual,11,8
滨州,山东滨州渤海活塞股份有限公司,firm,10,9
滨州,愉悦家纺有限公司,firm,9,10
滨州,陈建波,likely_individual,9,11
滨州,山东三星玉米产业科技有限公司,firm,8,12
滨州,路佃俊,likely_individual,8,13
滨州,孙立民,likely_individual,7,14
滨州,山东滨农科技有限公司,firm,7,15
滨州,孙莉,likely_individual,6,16
滨州,山东方兴科技开发有限公司,firm,6,17
滨州,山东电力集团公司滨州供电公司,firm,6,18
滨州,山东美罗福农化有限公司,firm,6,19
滨州,山东铁雄能源煤化有限公司,firm,6,20
漯河,世林(漯河)冶金设备有限公司,firm,18,1
漯河,际华三五一五皮革皮鞋有限公司,firm,12,2
漯河,河南中原轧辊有限公司,firm,6,3
漯河,关喜才,likely_individual,4,4
漯河,河南双汇投资发展股份有限公司,firm,4,5
漯河,河南省南街村(集团)有限公司,firm,4,6
漯河,河南省电力公司漯河供电公司,firm,4,7
漯河,漯河市利通橡胶有限公司,firm,4,8
漯河,漯河科莱堡洁具配件有限公司,firm,3,9
漯河,赵淑玲,likely_individual,3,10
漯河,赵秀卿,likely_individual,3,11
漯河,宋安林,likely_individual,2,12
漯河,杨中发,likely_individual,2,13
漯河,楚向前,likely_individual,2,14
漯河,河南中大生物工程有限公司,firm,2,15
漯河,河南天纳图生物科技有限公司,firm,2,16
漯河,漯河市兴茂钛业有限公司,firm,2,17
漯河,漯河市景恒冶金机械有限公司,firm,2,18
漯河,漯河市罗孚文具制造有限公司,firm,2,19
漯河,王许,likely_individual,2,20
漳州,卢能才,likely_individual,18,1
漳州,漳州万利达光催化科技有限公司,firm,17,2
漳州,福建南海食品有限公司,firm,13,3
漳州,漳州灿坤实业有限公司,firm,12,4
漳州,漳州片仔癀药业股份有限公司,firm,9,5
漳州,漳州国绿太阳能科技有限公司,firm,8,6
漳州,福建龙溪轴承(集团)股份有限公司,firm,8,7
漳州,胡枝清,likely_individual,8,8
漳州,黄得锋,likely_individual,8,9
漳州,余章军,likely_individual,7,10
漳州,漳州市麒麟电子有限公司,firm,7,11
漳州,福建富顺电子有限公司,firm,7,12
漳州,福建省东山县海魁水产集团有限公司,firm,6,13
漳州,翁文桂,likely_individual,6,14
漳州,杨锟,likely_individual,5,15
漳州,福建凯景钢铁开发有限公司,firm,5,16
漳州,龙海市奈特化工有限责任公司,firm,5,17
漳州,三实电器(漳州)有限公司,firm,4,18
漳州,周泽生,likely_individual,4,19
漳州,大闽食品(漳州)有限公司,firm,4,20
潍坊,歌尔声学股份有限公司,firm,54,1
潍坊,山东海龙股份有限公司,firm,49,2
潍坊,福田雷沃国际重工股份有限公司,firm,29,3
潍坊,潍柴动力股份有限公司,firm,28,4
潍坊,诸城市中泰机械有限公司,firm,23,5
潍坊,孚日集团股份有限公司,firm,19,6
潍坊,董宜昌,likely_individual,17,7
潍坊,薛文伟,likely_individual,17,8
潍坊,寿光市康跃增压器有限公司,firm,15,9
潍坊,山东梦金园珠宝首饰有限公司,firm,15,10
潍坊,山东美晨科技股份有限公司,firm,14,11
潍坊,山东俊富非织造材料有限公司,firm,13,12
潍坊,李祥啟,likely_individual,13,13
潍坊,山东潍坊福田模具有限责任公司,firm,12,14
潍坊,李昊,likely_individual,12,15
潍坊,潍坊学院,university_or_college,12,16
潍坊,山东佳士博食品有限公司,firm,11,17
潍坊,得利斯集团有限公司,firm,11,18
潍坊,王光顺,likely_individual,10,19
潍坊,诸城市大业金属制品有限责任公司,firm,10,20
潜江,湖北省天胶化工有限公司,firm,7,1
潜江,潜江市利荣红透天水产实业有限公司,firm,7,2
潜江,郭长安,likely_individual,5,3
潜江,郭惟,likely_individual,4,4
潜江,中国石化江汉油田分公司江汉采油厂,firm,2,5
潜江,汪昌瑞,likely_individual,2,6
潜江,湖北天进工贸有限公司,firm,2,7
潜江,潜江市知识产权协会,other_org_or_unclear,2,8
潜江,王丙军,likely_individual,2,9
潜江,邱氏湖北节能建材高新技术开发有限公司,firm,2,10
潜江,乔永成,likely_individual,1,11
潜江,刘思佳,likely_individual,1,12
潜江,叶江波,likely_individual,1,13
潜江,吴家兵,likely_individual,1,14
潜江,周学海,likely_individual,1,15
潜江,唐建宇,likely_individual,1,16
潜江,姚良新,likely_individual,1,17
潜江,廖昌文,likely_individual,1,18
潜江,李宏,likely_individual,1,19
潜江,李必华,likely_individual,1,20
潮州,韩山师范学院,university_or_college,13,1
潮州,广东宏兴集团股份有限公司宏兴制药厂,firm,7,2
潮州,潮州市三江电子有限公司,firm,7,3
潮州,臧乘誉,likely_individual,7,4
潮州,潮州三环(集团)股份有限公司,firm,6,5
潮州,广东四通集团有限公司,firm,5,6
潮州,卢锡义,likely_individual,4,7
潮州,邱凤阳,likely_individual,4,8
潮州,陈森全,likely_individual,4,9
潮州,余炳顺,likely_individual,3,10
潮州,吴焕清,likely_individual,3,11
潮州,广东长城集团股份有限公司,firm,3,12
潮州,潮州市晨歌电光源有限公司,firm,3,13
潮州,潮州正龙电池工业有限公司,firm,3,14
潮州,谢伟藩,likely_individual,3,15
潮州,陆奕歆,likely_individual,3,16
潮州,陈旭江,likely_individual,3,17
潮州,陈树喜,likely_individual,3,18
潮州,高鞫,likely_individual,3,19
潮州,伟业陶瓷有限公司,firm,2,20
澄迈县,海南利蒙特生物农药有限公司,firm,2,1
澄迈县,柯和昌,likely_individual,1,2
澄迈县,王廷标,likely_individual,1,3
澳门特别行政区,澳门科技大学,university_or_college,6,1
澳门特别行政区,谭国梁,likely_individual,6,2
澳门特别行政区,澳门大学,university_or_college,5,3
澳门特别行政区,谢庆,likely_individual,3,4
澳门特别行政区,陈嘉贤,likely_individual,3,5
澳门特别行政区,中部树脂化工有限公司,firm,2,6
澳门特别行政区,梁冠华,likely_individual,2,7
澳门特别行政区,澳门理工学院,university_or_college,2,8
澳门特别行政区,百富(澳门离岸商业服务)有限公司,firm,2,9
澳门特别行政区,康怡科技药业制造厂,firm,1,10
澳门特别行政区,李社远,likely_individual,1,11
澳门特别行政区,爱儿宝玩具有限公司,firm,1,12
澳门特别行政区,范彩云,likely_individual,1,13
澳门特别行政区,谭雪莹,likely_individual,1,14
澳门特别行政区,郑梁凯慈,likely_individual,1,15
澳门特别行政区,黄似兰,likely_individual,1,16
濮阳,河南省电力公司濮阳供电公司,firm,21,1
濮阳,濮阳贝英数控机械设备有限公司,firm,15,2
濮阳,王凤蕊,likely_individual,11,3
濮阳,上海华中药业有限公司,firm,10,4
濮阳,濮阳濮耐高温材料(集团)股份有限公司,firm,10,5
濮阳,翟庆军,likely_individual,10,6
濮阳,河南省长城特种润滑脂有限公司,firm,9,7
濮阳,濮阳市亚利机械制造有限公司,firm,9,8
濮阳,宏业生化股份有限公司,firm,8,9
濮阳,濮阳市天地人环保工程技术有限公司,firm,8,10
濮阳,河南宏业化工有限公司,firm,7,11
濮阳,濮阳市信宇石油机械化工有限公司,firm,7,12
濮阳,濮阳蔚林化工股份有限公司,firm,7,13
濮阳,王世锋,likely_individual,7,14
濮阳,河南巨烽生物能源开发有限公司,firm,6,15
濮阳,濮阳市诚信钻采助剂有限公司,firm,6,16
濮阳,濮阳惠成化工有限公司,firm,6,17
濮阳,濮阳泓天威药业有限公司,firm,6,18
濮阳,曹志才,likely_individual,5,19
濮阳,河南省中原大化集团有限责任公司,firm,5,20
烟台,李新民,likely_individual,94,1
烟台,招远市天星塑料制品厂,firm,89,2
烟台,鲁东大学,university_or_college,79,3
烟台,温永林,likely_individual,68,4
烟台,招远市鑫都标准件厂,firm,62,5
烟台,烟台海岸带可持续发展研究所,research_institute,50,6
烟台,烟台大学,university_or_college,47,7
烟台,李建远,likely_individual,40,8
烟台,宋树建,likely_individual,39,9
烟台,烟台龙源电力技术股份有限公司,firm,35,10
烟台,烟台万华聚氨酯股份有限公司,firm,34,11
烟台,冯益安,likely_individual,28,12
烟台,烟台德邦科技有限公司,firm,28,13
烟台,烟台金王礼品有限公司,firm,27,14
烟台,肖建选,likely_individual,27,15
烟台,烟台金王科贸有限公司,firm,26,16
烟台,中国人民解放军海军航空工程学院,university_or_college,24,17
烟台,中国科学院烟台海岸带研究所,research_institute,24,18
烟台,山东丽鹏股份有限公司,firm,23,19
烟台,刘方旭,likely_individual,22,20
焦作,河南理工大学,university_or_college,165,1
焦作,河南省电力公司焦作供电公司,firm,33,2
焦作,多氟多化工股份有限公司,firm,29,3
焦作,河南未来铝业(集团)有限公司,firm,24,4
焦作,孟州世博生物科技有限公司,firm,17,5
焦作,河南省中原内配股份有限公司,firm,16,6
焦作,焦作市卓立烫印材料有限公司,firm,15,7
焦作,焦作市怡园冷食有限公司,firm,15,8
焦作,邓振全,likely_individual,15,9
焦作,宋恒福,likely_individual,14,10
焦作,河南佰利联化学股份有限公司,firm,12,11
焦作,焦趁英,likely_individual,11,12
焦作,范琛,likely_individual,10,13
焦作,徐国平,likely_individual,8,14
焦作,殷德印,likely_individual,8,15
焦作,河南辅仁怀庆堂制药有限公司,firm,8,16
焦作,程长青,likely_individual,8,17
焦作,昊华宇航化工有限责任公司,firm,7,18
焦作,河南省江河纸业有限责任公司,firm,7,19
焦作,焦作健康元生物制品有限公司,firm,7,20
牡丹江,孟宪贵,likely_individual,8,1
牡丹江,牡丹江恒丰纸业股份有限公司,firm,8,2
牡丹江,孟杰,likely_individual,5,3
牡丹江,中国烟草总公司黑龙江省公司牡丹江烟草科学研究所,research_institute,4,4
牡丹江,张晓丹,likely_individual,4,5
牡丹江,林口信安建材板业有限公司,firm,4,6
牡丹江,牡丹江水力发电总厂,firm,4,7
牡丹江,郭贵仁,likely_individual,4,8
牡丹江,闫传东,likely_individual,4,9
牡丹江,黑龙江北方工具有限公司,firm,4,10
牡丹江,刘国忠,likely_individual,3,11
牡丹江,宋高臣,likely_individual,3,12
牡丹江,曹宏海,likely_individual,3,13
牡丹江,李新利,likely_individual,3,14
牡丹江,杨长河,likely_individual,3,15
牡丹江,牡丹江市红林化工有限责任公司,firm,3,16
牡丹江,牡丹江新闻传媒集团有限公司,firm,3,17
牡丹江,黑龙江省横道河子酿酒总厂,firm,3,18
牡丹江,丁宝太,likely_individual,2,19
牡丹江,俞在波,likely_individual,2,20
玉林,广西玉柴机器股份有限公司,firm,105,1
玉林,李宏江,likely_individual,12,2
玉林,广西玉柴重工有限公司,firm,5,3
玉林,庞己人,likely_individual,5,4
玉林,梁玉泉,likely_individual,5,5
玉林,郭伟,likely_individual,5,6
玉林,唐悦,likely_individual,4,7
玉林,广西汽牛农业机械有限公司,firm,4,8
玉林,李成,likely_individual,3,9
玉林,温益雄,likely_individual,3,10
玉林,玉林伟镍科技矿冶有限公司,firm,3,11
玉林,玉林市骨科医院,hospital,3,12
玉林,黄锦熙,likely_individual,3,13
玉林,冼启福,likely_individual,2,14
玉林,广西神通药业有限公司,firm,2,15
玉林,徐德峰,likely_individual,2,16
玉林,李俊,likely_individual,2,17
玉林,玉林师范学院,university_or_college,2,18
玉林,陈军,likely_individual,2,19
玉林,陈凤仪,likely_individual,2,20
玉溪,云南大红山管道有限公司,firm,80,1
玉溪,云南省烟草农业科学研究院,research_institute,40,2
玉溪,云南省烟草科学研究所,research_institute,22,3
玉溪,红塔烟草(集团)有限责任公司,firm,21,4
玉溪,云南恩典科技产业发展有限公司,firm,18,5
玉溪,阳瑞鸿,likely_individual,17,6
玉溪,王金辉,likely_individual,15,7
玉溪,玉溪玉杯金属制品有限公司,firm,13,8
玉溪,云南省玉溪市溶剂厂有限公司,firm,7,9
玉溪,张玉明,likely_individual,7,10
玉溪,王彦明,likely_individual,6,11
玉溪,张其武,likely_individual,5,12
玉溪,杨成云,likely_individual,5,13
玉溪,玉溪健坤生物药业有限公司,firm,5,14
玉溪,玉溪市星源油墨厂,firm,5,15
玉溪,玉溪市维和生物技术有限责任公司,firm,5,16
玉溪,玉溪思润印刷有限公司,firm,5,17
玉溪,赵海刚,likely_individual,5,18
玉溪,云南玉溪东魅包装材料有限公司,firm,4,19
玉溪,云南玉溪卷烟厂滤嘴棒分厂,firm,4,20
珠海,珠海格力电器股份有限公司,firm,325,1
珠海,炬力集成电路设计有限公司,firm,120,2
珠海,珠海天威飞马打印耗材有限公司,firm,44,3
珠海,丽珠医药集团股份有限公司,firm,31,4
珠海,珠海天威技术开发有限公司,firm,30,5
珠海,东信和平智能卡股份有限公司,firm,28,6
珠海,珠海艾派克微电子有限公司,firm,27,7
珠海,珠海赛纳科技有限公司,firm,26,8
珠海,珠海赛纳打印科技股份有限公司,firm,24,9
珠海,文荣,likely_individual,23,10
珠海,珠海格力节能环保制冷技术研究中心有限公司,firm,23,11
珠海,广东宝莱特医用科技股份有限公司,firm,21,12
珠海,珠海纳思达企业管理有限公司,firm,21,13
珠海,珠海慧生能源技术发展有限公司,firm,16,14
珠海,珠海金山软件股份有限公司,firm,16,15
珠海,珠海中慧微电子有限公司,firm,15,16
珠海,珠海纳思达电子科技有限公司,firm,12,17
珠海,田小平,likely_individual,12,18
珠海,广东溢多利生物科技股份有限公司,firm,11,19
珠海,珠海保税区天然宝杰数码科技材料有限公司,firm,11,20
琼海,海南省粮油科学研究所,research_institute,4,1
琼海,刘宝胜,likely_individual,1,2
琼海,卢初群,likely_individual,1,3
琼海,吴多传,likely_individual,1,4
甘南藏族自治州,甘南州科瑞乳品开发有限公司,firm,1,1
甘孜藏族自治州,唐进原,likely_individual,2,1
甘孜藏族自治州,宋德煊,likely_individual,2,2
甘孜藏族自治州,炉霍县林业开发总公司,firm,2,3
甘孜藏族自治州,叶彤,likely_individual,1,4
甘孜藏族自治州,徐宁,likely_individual,1,5
甘孜藏族自治州,甘孜州泸定桥水泥有限公司,firm,1,6
白城,孙国繁,likely_individual,5,1
白城,吉林敖东洮南药业股份有限公司,firm,4,2
白城,洮南市北方金塔实业有限责任公司,firm,4,3
白城,陈显锋,likely_individual,3,4
白城,杜鸿钧,likely_individual,2,5
白城,白城师范学院,university_or_college,2,6
白城,冯文昌,likely_individual,1,7
白城,刘慧国,likely_individual,1,8
白城,刘桂兰,likely_individual,1,9
白城,孟庆艳,likely_individual,1,10
白城,尹鹏飞,likely_individual,1,11
白城,左勇,likely_individual,1,12
白城,康兆毅,likely_individual,1,13
白城,张中兴,likely_individual,1,14
白城,张睿临,likely_individual,1,15
白城,彭丽英,likely_individual,1,16
白城,曲宝石,likely_individual,1,17
白城,李志勋,likely_individual,1,18
白城,李春胜,likely_individual,1,19
白城,洮南市金升冶金产品有限公司,firm,1,20
白山,王秀宝,likely_individual,11,1
白山,吉林省健今药业股份有限公司,firm,5,2
白山,丁政然,likely_individual,3,3
白山,刘雷,likely_individual,3,4
白山,北京同仁堂吉林人参有限责任公司,firm,3,5
白山,张连玉,likely_individual,3,6
白山,刘峰,likely_individual,2,7
白山,吉林东圣焦化有限公司,firm,2,8
白山,吉林森工集团泉阳泉饮品有限公司,firm,2,9
白山,吉林省临江市天元催化剂有限公司,firm,2,10
白山,吴殿满,likely_individual,2,11
白山,张克斌,likely_individual,2,12
白山,张立波,likely_individual,2,13
白山,施慧达药业集团(吉林)有限公司,firm,2,14
白山,柳忠润,likely_individual,2,15
白山,范先明,likely_individual,2,16
白山,袁跃成,likely_individual,2,17
白山,邢津维,likely_individual,2,18
白山,中共临江市纪律检查委员会,government,1,19
白山,临江市中药材技术开发研究中心,other_org_or_unclear,1,20
白沙黎族自治县,周怀胜,likely_individual,1,1
白沙黎族自治县,陈有范,likely_individual,1,2
白银,白银有色集团股份有限公司,firm,26,1
白银,甘肃稀土新材料股份有限公司,firm,21,2
白银,西北矿冶研究院,research_institute,12,3
白银,甘肃银光聚银化工有限公司,firm,8,4
白银,甘肃银达化工有限公司,firm,8,5
白银,甘肃银光化学工业集团有限公司,firm,4,6
白银,甘肃正生生物科技有限公司,firm,3,7
白银,万春雷,likely_individual,2,8
白银,会宁县三利土特产有限公司,firm,2,9
白银,刘生堂,likely_individual,2,10
白银,温和,likely_individual,2,11
白银,甘肃华鹭铝业有限公司,firm,2,12
白银,甘肃大象能源科技有限公司,firm,2,13
白银,甘肃昊洲肥业有限公司,firm,2,14
白银,白银中天化工有限责任公司,firm,2,15
白银,白银先达科技服务有限责任公司,firm,2,16
白银,白银李氏裕兴源医药科技有限公司,firm,2,17
白银,刘振宏,likely_individual,1,18
白银,张先汉,likely_individual,1,19
白银,朱梓瑜,likely_individual,1,20
百色,高德金,likely_individual,22,1
百色,何寒,likely_individual,4,2
百色,梁小江,likely_individual,4,3
百色,蓝星化工新材料股份有限公司广西分公司,firm,4,4
百色,黄俊柳,likely_individual,3,5
百色,黄勇,likely_individual,3,6
百色,广西华银铝业有限公司,firm,2,7
百色,广西强强碳素股份有限公司,firm,2,8
百色,广西靖西县一洲锰业有限公司,firm,2,9
百色,杨忠雅,likely_individual,2,10
百色,林惠霞,likely_individual,2,11
百色,罗吉庆,likely_individual,2,12
百色,蒙汉勤,likely_individual,2,13
百色,赖军,likely_individual,2,14
百色,中国南方电网有限责任公司超高压输电公司百色局,firm,1,15
百色,中国铝业股份有限公司,firm,1,16
百色,农文豪,likely_individual,1,17
百色,凌连聪,likely_individual,1,18
百色,右江民族医学院,university_or_college,1,19
百色,吴全环,likely_individual,1,20
益阳,益阳橡胶塑料机械集团有限公司,firm,18,1
益阳,益阳市润慷宝化工有限公司,firm,12,2
益阳,湖南城市学院,university_or_college,11,3
益阳,湖南金博复合材料科技有限公司,firm,10,4
益阳,克明面业股份有限公司,firm,8,5
益阳,沅江市明星麻业有限公司,firm,7,6
益阳,湖南万家丰科技有限公司,firm,7,7
益阳,湖南宇晶机器实业有限公司,firm,6,8
益阳,湖南艾华集团股份有限公司,firm,6,9
益阳,太阳鸟游艇股份有限公司,firm,4,10
益阳,文晓锋,likely_individual,4,11
益阳,桃江新兴管件有限责任公司,firm,4,12
益阳,沅江纸业有限责任公司,firm,4,13
益阳,黄超,likely_individual,4,14
益阳,丁俣,likely_individual,3,15
益阳,中宇爱斯柯(益阳)科技实业有限公司,firm,3,16
益阳,沅江浣溪沙麻业工程有限公司,firm,3,17
益阳,湖南宏大锑铅有限公司,firm,3,18
益阳,王记强,likely_individual,3,19
益阳,郭继中,likely_individual,3,20
盐城,盐城工学院,university_or_college,46,1
盐城,盐城师范学院,university_or_college,35,2
盐城,何汉中,likely_individual,26,3
盐城,江苏中科节能环保技术有限公司,firm,23,4
盐城,江苏华阳重工科技股份有限公司,firm,22,5
盐城,江苏长虹涂装机械有限公司,firm,22,6
盐城,江苏科行环境工程技术有限公司,firm,20,7
盐城,江苏森威集团有限责任公司,firm,19,8
盐城,盐城雄亚减震器有限公司,firm,16,9
盐城,凌德祥,likely_individual,15,10
盐城,江苏丰东热技术股份有限公司,firm,14,11
盐城,刘训刚,likely_individual,13,12
盐城,江苏克胜集团股份有限公司,firm,13,13
盐城,江苏剑牌农药化工有限公司,firm,13,14
盐城,盐城三益石化机械有限公司,firm,13,15
盐城,盐城市智成机械制造有限公司,firm,13,16
盐城,江苏永林油脂化工有限公司,firm,12,17
盐城,江苏腾龙生物药业有限公司,firm,12,18
盐城,江苏辉丰农化股份有限公司,firm,12,19
盐城,盐城纺织职业技术学院,university_or_college,12,20
盘锦,辽河石油勘探局,other_org_or_unclear,41,1
盘锦,张辉,likely_individual,9,2
盘锦,中国石油辽河油田钻采工艺研究院,research_institute,7,3
盘锦,藏树正,likely_individual,7,4
盘锦,辽宁杰事杰新材料有限公司,firm,7,5
盘锦,盘锦光合水产有限公司,firm,5,6
盘锦,舒漫,likely_individual,5,7
盘锦,盘锦和运新材料有限公司,firm,4,8
盘锦,辽宁华锦化工(集团)有限责任公司,firm,4,9
盘锦,辽宁省电力有限公司盘锦供电公司,firm,4,10
盘锦,刘其成,likely_individual,3,11
盘锦,康志勇,likely_individual,3,12
盘锦,张玉龙,likely_individual,3,13
盘锦,徐萍,likely_individual,3,14
盘锦,曲健,likely_individual,3,15
盘锦,朱克彦,likely_individual,3,16
盘锦,杨青松,likely_individual,3,17
盘锦,盘锦河升大地石油科技有限公司,firm,3,18
盘锦,耿素贤,likely_individual,3,19
盘锦,解永,likely_individual,3,20
眉山,南车眉山车辆有限公司,firm,29,1
眉山,四川大学锦江学院,university_or_college,12,2
眉山,峨嵋半导体材料研究所,research_institute,9,3
眉山,四川启明星铝业有限责任公司,firm,7,4
眉山,四川省川眉芒硝有限责任公司,firm,7,5
眉山,四川省吉香居食品有限公司,firm,6,6
眉山,四川川眉特种芒硝有限公司,firm,4,7
眉山,四川欧瑞特光电科技有限公司,firm,4,8
眉山,四川金圣赛瑞化工有限责任公司,firm,4,9
眉山,中国水利水电第七工程局有限公司机电安装分局,firm,3,10
眉山,刘启端,likely_individual,3,11
眉山,四川恒泰企业投资有限公司,firm,3,12
眉山,峨眉山市老农民食品有限公司,firm,3,13
眉山,李海泉,likely_individual,3,14
眉山,熊兴,likely_individual,3,15
眉山,四川丹甫制冷压缩机股份有限公司,firm,2,16
眉山,四川兴天源材料检测技术有限公司,firm,2,17
眉山,四川吉龙化学建材有限公司,firm,2,18
眉山,四川成洪磷化工有限责任公司,firm,2,19
眉山,四川李记酱菜调味品有限公司,firm,2,20
石嘴山,宁夏东方钽业股份有限公司,firm,13,1
石嘴山,宁夏天地奔牛实业集团有限公司,firm,10,2
石嘴山,西北稀有金属材料研究院,research_institute,10,3
石嘴山,姚会元,likely_individual,6,4
石嘴山,中色(宁夏)东方集团有限公司,firm,4,5
石嘴山,宁夏大荣化工冶金有限公司,firm,4,6
石嘴山,平罗县滨河碳化硅制品有限公司,firm,4,7
石嘴山,刘麒,likely_individual,2,8
石嘴山,宁夏大荣实业集团有限公司,firm,2,9
石嘴山,宁夏电力公司石嘴山供电局,firm,2,10
石嘴山,宁夏阳光硅业有限公司,firm,2,11
石嘴山,李志东,likely_individual,2,12
石嘴山,闫淼江,likely_individual,2,13
石嘴山,傅永茂,likely_individual,1,14
石嘴山,刘明,likely_individual,1,15
石嘴山,国电宁夏太阳能有限公司,firm,1,16
石嘴山,姜洪金,likely_individual,1,17
石嘴山,宁夏三一西北骏马电机制造股份有限公司,firm,1,18
石嘴山,宁夏天地西北煤机有限公司,firm,1,19
石嘴山,宁夏日晶电子科技有限公司,firm,1,20
石家庄,河北科技大学,university_or_college,202,1
石家庄,河北以岭医药研究院有限公司,firm,134,2
石家庄,中国电子科技集团公司第五十四研究所,research_institute,120,3
石家庄,中国电子科技集团公司第十三研究所,research_institute,45,4
石家庄,河北省电力研究院,research_institute,43,5
石家庄,石药集团中奇制药技术(石家庄)有限公司,firm,43,6
石家庄,贾会平,likely_individual,38,7
石家庄,华北制药集团制剂有限公司,firm,34,8
石家庄,河北东旭投资集团有限公司,firm,34,9
石家庄,河北师范大学,university_or_college,32,10
石家庄,中国科学院遗传与发育生物学研究所,research_institute,26,11
石家庄,中国移动通信集团河北有限公司,firm,23,12
石家庄,姚福来,likely_individual,20,13
石家庄,河北医科大学,university_or_college,19,14
石家庄,王钢柱,likely_individual,18,15
石家庄,张英泽,likely_individual,17,16
石家庄,中国人民解放军总装备部军械技术研究所,research_institute,15,17
石家庄,华北制药集团新药研究开发有限责任公司,firm,14,18
石家庄,张建中,likely_individual,14,19
石家庄,石家庄铁道学院,university_or_college,14,20
石河子,石河子大学,university_or_college,54,1
石河子,新疆天业(集团)有限公司,firm,30,2
石河子,新疆农垦科学院,research_institute,14,3
石河子,于德龙,likely_individual,8,4
石河子,代斌,likely_individual,5,5
石河子,石河子大学医学院第一附属医院,hospital,5,6
石河子,石河子市华农种子机械制造有限公司,firm,5,7
石河子,杨琳,likely_individual,4,8
石河子,刘军林,likely_individual,3,9
石河子,天辰化工有限公司,firm,3,10
石河子,新疆天科合达蓝光半导体有限公司,firm,3,11
石河子,新疆石河子中发化工有限责任公司,firm,3,12
石河子,新疆科神农业装备科技开发有限公司,firm,3,13
石河子,新疆西域牧歌农业科技有限公司,firm,3,14
石河子,石河子开发区神内食品有限公司,firm,3,15
石河子,刘盛林,likely_individual,2,16
石河子,刘须功,likely_individual,2,17
石河子,张波,likely_individual,2,18
石河子,新疆兵团现代绿色氯碱化工工程研究中心(有限公司),firm,2,19
石河子,新疆农垦科学院农业新技术推广服务中心,research_institute,2,20
神农架林区,神农架林晖绿色开发有限责任公司,firm,3,1
神农架林区,神农架绿野食品开发有限责任公司,firm,2,2
神农架林区,神农架双神源食品有限责任公司,firm,1,3
神农架林区,神农架林区小蓝天饮食有限责任公司,firm,1,4
神农架林区,神农架林区楚源渔业有限公司,firm,1,5
神农架林区,神农架神农氏生物开发有限公司,firm,1,6
神农架林区,神农架神农源茶叶有限责任公司,firm,1,7
福州,福州大学,university_or_college,361,1
福州,中国科学院福建物质结构研究所,research_institute,241,2
福州,福建星网锐捷网络有限公司,firm,236,3
福州,福建师范大学,university_or_college,192,4
福州,福建农林大学,university_or_college,191,5
福州,福州高意通讯有限公司,firm,140,6
福州,福建捷联电子有限公司,firm,93,7
福州,福建华映显示科技有限公司,firm,80,8
福州,华映光电股份有限公司,firm,74,9
福州,中国移动通信集团福建有限公司,firm,73,10
福州,福建新大陆电脑股份有限公司,firm,73,11
福州,福州华映视讯有限公司,firm,62,12
福州,福建新大陆通信科技股份有限公司,firm,61,13
福州,戴永锋,likely_individual,47,14
福州,福州瑞芯微电子有限公司,firm,46,15
福州,福建升腾资讯有限公司,firm,32,16
福州,陈章艳,likely_individual,31,17
福州,福州星网视易信息系统有限公司,firm,29,18
福州,福建工程学院,university_or_college,29,19
福州,福建福晶科技股份有限公司,firm,28,20
秦皇岛,燕山大学,university_or_college,266,1
秦皇岛,徐林波,likely_individual,59,2
秦皇岛,秦皇岛首秦金属材料有限公司,firm,50,3
秦皇岛,中信戴卡轮毂制造股份有限公司,firm,38,4
秦皇岛,河北科技师范学院,university_or_college,18,5
秦皇岛,中国阿拉伯化肥有限公司,firm,13,6
秦皇岛,王全龄,likely_individual,11,7
秦皇岛,秦皇岛玻璃工业研究设计院,other_org_or_unclear,11,8
秦皇岛,秦皇岛领先科技发展有限公司,firm,11,9
秦皇岛,秦皇岛市康泰医学系统有限公司,firm,10,10
秦皇岛,河北省农林科学院昌黎果树研究所,research_institute,9,11
秦皇岛,秦皇岛正大有限公司,firm,8,12
秦皇岛,秦皇岛港股份有限公司,firm,8,13
秦皇岛,徐明双,likely_individual,7,14
秦皇岛,秦皇岛天业通联重工股份有限公司,firm,7,15
秦皇岛,秦皇岛皇威制药有限公司,firm,7,16
秦皇岛,秦皇岛秦冶重工有限公司,firm,7,17
秦皇岛,秦皇岛金海食品工业有限公司,firm,7,18
秦皇岛,秦建忠,likely_individual,6,19
秦皇岛,韩咏梅,likely_individual,6,20
红河哈尼族彝族自治州,云南锡业集团(控股)有限责任公司,firm,39,1
红河哈尼族彝族自治州,云南省农业科学院甘蔗研究所,research_institute,35,2
红河哈尼族彝族自治州,云南红河制药有限公司,firm,9,3
红河哈尼族彝族自治州,张继成,likely_individual,8,4
红河哈尼族彝族自治州,云南源鑫炭素有限公司,firm,5,5
红河哈尼族彝族自治州,红河学院,university_or_college,5,6
红河哈尼族彝族自治州,云南大唐国际红河发电有限责任公司,firm,4,7
红河哈尼族彝族自治州,吕伟鹏,likely_individual,4,8
红河哈尼族彝族自治州,李翠华,likely_individual,4,9
红河哈尼族彝族自治州,红河千山生物工程有限公司,firm,4,10
红河哈尼族彝族自治州,蒙自矿冶有限责任公司,firm,4,11
红河哈尼族彝族自治州,云南乍甸乳业有限责任公司,firm,3,12
红河哈尼族彝族自治州,云南云河药业有限公司,firm,3,13
红河哈尼族彝族自治州,云南云铝润鑫铝业有限公司,firm,3,14
红河哈尼族彝族自治州,李钱江,likely_individual,3,15
红河哈尼族彝族自治州,赵永兴,likely_individual,3,16
红河哈尼族彝族自治州,丁默,likely_individual,2,17
红河哈尼族彝族自治州,个旧市联兴贵金属有限责任公司,firm,2,18
红河哈尼族彝族自治州,个旧玉龙再生资源经营有限公司,firm,2,19
红河哈尼族彝族自治州,云南云铝涌鑫铝业有限公司,firm,2,20
绍兴,绍兴文理学院,university_or_college,168,1
绍兴,浙江三花股份有限公司,firm,131,2
绍兴,浙江三花制冷集团有限公司,firm,60,3
绍兴,卧龙电气集团股份有限公司,firm,57,4
绍兴,浙江医药股份有限公司新昌制药厂,firm,40,5
绍兴,裘苗全,likely_individual,37,6
绍兴,浙江阳光集团股份有限公司,firm,34,7
绍兴,浙江闰土股份有限公司,firm,30,8
绍兴,朱爱萍,likely_individual,25,9
绍兴,浙江菲达环保科技股份有限公司,firm,24,10
绍兴,浙江新和成股份有限公司,firm,22,11
绍兴,何国苗,likely_individual,21,12
绍兴,浙江海亮股份有限公司,firm,20,13
绍兴,浙江皇马科技股份有限公司,firm,20,14
绍兴,绍兴电力局,other_org_or_unclear,20,15
绍兴,周云正,likely_individual,19,16
绍兴,胡国贤,likely_individual,19,17
绍兴,浙江京新药业股份有限公司,firm,18,18
绍兴,应小平,likely_individual,16,19
绍兴,洪桂焕,likely_individual,16,20
绥化,吴光彦,likely_individual,17,1
绥化,黑龙江福和华星制药集团股份有限公司,firm,7,2
绥化,张振和,likely_individual,5,3
绥化,肇东市日成酶制剂有限公司,firm,5,4
绥化,范友,likely_individual,5,5
绥化,陈玉祥,likely_individual,5,6
绥化,黑龙江省索康营养科技有限公司,firm,5,7
绥化,刘利军,likely_individual,4,8
绥化,梁守富,likely_individual,4,9
绥化,黑龙江省沃必达农业科技开发有限公司,firm,4,10
绥化,哈药集团三精千鹤望奎制药有限公司,firm,3,11
绥化,井清泉,likely_individual,2,12
绥化,刘兴印,likely_individual,2,13
绥化,刘怀信,likely_individual,2,14
绥化,宋清晖,likely_individual,2,15
绥化,李梅圃,likely_individual,2,16
绥化,绥化学院,university_or_college,2,17
绥化,绥化电业局,other_org_or_unclear,2,18
绥化,霍继仁,likely_individual,2,19
绥化,黑龙江省汇丰动物保健品有限公司,firm,2,20
绵阳,四川长虹电器股份有限公司,firm,407,1
绵阳,西南科技大学,university_or_college,159,2
绵阳,四川虹欧显示器件有限公司,firm,102,3
绵阳,四川九洲电器集团有限责任公司,firm,37,4
绵阳,中国工程物理研究院流体物理研究所,research_institute,33,5
绵阳,利尔化学股份有限公司,firm,22,6
绵阳,四川长虹空调有限公司,firm,19,7
绵阳,李寿海,likely_individual,16,8
绵阳,中国工程物理研究院电子工程研究所,research_institute,15,9
绵阳,四川东材科技集团股份有限公司,firm,14,10
绵阳,中国工程物理研究院化工材料研究所,research_institute,13,11
绵阳,中国兵器工业第五八研究所,research_institute,12,12
绵阳,中国工程物理研究院激光聚变研究中心,research_institute,12,13
绵阳,四川省绵阳西南自动化研究所,research_institute,12,14
绵阳,绵阳台沃农业科技有限责任公司,firm,10,15
绵阳,雅化集团绵阳实业有限公司,firm,9,16
绵阳,绵阳新晨动力机械有限公司,firm,8,17
绵阳,中国燃气涡轮研究院,research_institute,7,18
绵阳,四川铁骑力士实业有限公司,firm,7,19
绵阳,四川省安县银河建化(集团)有限公司,firm,6,20
聊城,聊城大学,university_or_college,110,1
聊城,山东福荫造纸环保科技有限公司,firm,40,2
聊城,山东泉林纸业有限责任公司,firm,25,3
聊城,蒋保珍,likely_individual,18,4
聊城,中通客车控股股份有限公司,firm,16,5
聊城,姜传书,likely_individual,14,6
聊城,山东泉林包装有限公司,firm,10,7
聊城,聊城市鲁西化工工程设计有限责任公司,firm,10,8
聊城,郑广辉,likely_individual,10,9
聊城,阳谷祥光铜业有限公司,firm,10,10
聊城,李兴奇,likely_individual,9,11
聊城,山东电力集团公司聊城供电公司,firm,8,12
聊城,布焕景,likely_individual,8,13
聊城,李金伟,likely_individual,8,14
聊城,中冶纸业银河有限公司,firm,7,15
聊城,刘爱玲,likely_individual,7,16
聊城,山东奥克特化工有限公司,firm,7,17
聊城,山东省高唐蓝山集团总公司,firm,7,18
聊城,中色奥博特铜铝业有限公司,firm,6,19
聊城,山东东阿阿胶股份有限公司,firm,6,20
肇庆,广东风华高新科技股份有限公司,firm,74,1
肇庆,广东肇庆星湖生物科技股份有限公司,firm,33,2
肇庆,肇庆理士电源技术有限公司,firm,17,3
肇庆,肇庆俊富纤网材料有限公司,firm,10,4
肇庆,肇庆市京欧机械制造有限公司,firm,10,5
肇庆,广东鸿图科技股份有限公司,firm,7,6
肇庆,怀集登云汽配股份有限公司,firm,6,7
肇庆,曾燕飞,likely_individual,6,8
肇庆,肇庆富盛复合材料有限公司,firm,5,9
肇庆,四会市鸿明贵金属有限公司,firm,4,10
肇庆,广东同步化工股份有限公司,firm,4,11
肇庆,广东天龙油墨集团股份有限公司,firm,4,12
肇庆,广东鸿特精密技术股份有限公司,firm,4,13
肇庆,肇庆学院,university_or_college,4,14
肇庆,肇庆市顺鑫煤化工科技有限公司,firm,4,15
肇庆,肇庆爱晟电子科技有限公司,firm,4,16
肇庆,吴枝祥,likely_individual,3,17
肇庆,广东四会互感器厂有限公司,firm,3,18
肇庆,广东省广宁县顺宁葡萄糖药业有限公司,firm,3,19
肇庆,肇庆市志成气动有限公司,firm,3,20
自贡,中昊晨光化工研究院,research_institute,33,1
自贡,四川理工学院,university_or_college,16,2
自贡,东方锅炉(集团)股份有限公司,firm,12,3
自贡,李卓,likely_individual,8,4
自贡,四川久大制盐有限责任公司,firm,7,5
自贡,自贡硬质合金有限责任公司,firm,7,6
自贡,自贡电业局,other_org_or_unclear,6,7
自贡,陈烈彬,likely_individual,6,8
自贡,四川长征机床集团有限公司,firm,5,9
自贡,自贡鸿鹤化工股份有限公司,firm,5,10
自贡,陈炳金,likely_individual,5,11
自贡,四川辉腾科技有限公司,firm,4,12
自贡,甘丘平,likely_individual,4,13
自贡,自贡市华刚硬质合金新材料有限公司,firm,4,14
自贡,自贡市轻工业设计研究院有限责任公司,research_institute,4,15
自贡,陈觉非,likely_individual,4,16
自贡,四川升拓检测技术有限责任公司,firm,3,17
自贡,四川大西洋焊接材料股份有限公司,firm,3,18
自贡,自贡市嘉特数控机械制造有限公司,firm,3,19
自贡,自贡市江阳磁材有限责任公司,firm,3,20
舟山,浙江海洋学院,university_or_college,184,1
舟山,吴汉民,likely_individual,6,2
舟山,扬帆集团股份有限公司,firm,6,3
舟山,浙江兴业集团有限公司,firm,6,4
舟山,浙江省海洋水产研究所,research_institute,5,5
舟山,宋孟光,likely_individual,4,6
舟山,方懂平,likely_individual,4,7
舟山,施云宝,likely_individual,4,8
舟山,浙江海一方生物工程有限公司,firm,4,9
舟山,浙江东海岸船业有限公司,firm,3,10
舟山,浙江海力生制药有限公司,firm,3,11
舟山,浙江省海洋开发研究院,research_institute,3,12
舟山,浙江省电力公司舟山电力局,firm,3,13
舟山,浙江科力尔环保设备有限公司,firm,3,14
舟山,浙江金达电机电器有限公司,firm,3,15
舟山,王唯,likely_individual,3,16
舟山,程利岳,likely_individual,3,17
舟山,舟山中远船务工程有限公司,firm,3,18
舟山,舟山京洲水产食品有限公司,firm,3,19
舟山,舟山市博远科技开发有限公司,firm,3,20
芜湖,奇瑞汽车股份有限公司,firm,1366,1
芜湖,谈发来,likely_individual,67,2
芜湖,安徽华东光电技术研究所,research_institute,66,3
芜湖,安徽师范大学,university_or_college,59,4
芜湖,陈恒树,likely_individual,45,5
芜湖,芜湖新兴铸管有限责任公司,firm,34,6
芜湖,芜湖盛力制动有限责任公司,firm,31,7
芜湖,谭建,likely_individual,31,8
芜湖,安徽鑫龙电器股份有限公司,firm,26,9
芜湖,中国人民解放军第五七二0工厂,firm,21,10
芜湖,胡素芳,likely_individual,21,11
芜湖,商建忠,likely_individual,20,12
芜湖,芜湖博耐尔汽车电气系统有限公司,firm,20,13
芜湖,芜湖杰锋汽车动力系统有限公司,firm,20,14
芜湖,安徽省芜湖仪器仪表研究所,research_institute,17,15
芜湖,中航华东光电有限公司,firm,16,16
芜湖,埃泰克汽车电子(芜湖)有限公司,firm,16,17
芜湖,芜湖市金贸流体科技股份有限公司,firm,14,18
芜湖,彭常安,likely_individual,12,19
芜湖,芜湖伯特利汽车安全系统有限公司,firm,12,20
苏州,苏州艾杰生物科技有限公司,firm,820,1
苏州,富士康(昆山)电脑接插件有限公司,firm,678,2
苏州,苏州大学,university_or_college,611,3
苏州,苏州宝时得电动工具有限公司,firm,293,4
苏州,华映视讯(吴江)有限公司,firm,244,5
苏州,苏州佳世达电通有限公司,firm,200,6
苏州,友达光电(苏州)有限公司,firm,161,7
苏州,昆达电脑科技(昆山)有限公司,firm,161,8
苏州,苏州知微堂生物科技有限公司,firm,158,9
苏州,苏州明富自动化设备有限公司,firm,156,10
苏州,汉达精密电子(昆山)有限公司,firm,128,11
苏州,和舰科技(苏州)有限公司,firm,123,12
苏州,苏州天臣国际医疗科技有限公司,firm,120,13
苏州,苏州市科创聚合物有限公司,firm,113,14
苏州,好孩子儿童用品有限公司,firm,101,15
苏州,苏州苏铸成套装备制造有限公司,firm,101,16
苏州,苏州有色金属研究院有限公司,firm,100,17
苏州,中国科学院苏州纳米技术与纳米仿生研究所,research_institute,97,18
苏州,昆山龙腾光电有限公司,firm,94,19
苏州,吴江市东塔鞋业有限公司,firm,88,20
茂名,茂名学院,university_or_college,29,1
茂名,广东石油化工学院,university_or_college,15,2
茂名,茂名重力石化机械制造有限公司,firm,10,3
茂名,张华文,likely_individual,9,4
茂名,李继福,likely_individual,7,5
茂名,谢世庚,likely_individual,7,6
茂名,茂名市茂南三高渔业发展有限公司,firm,6,7
茂名,李林风,likely_individual,5,8
茂名,广东康尔美医疗器械有限公司,firm,4,9
茂名,广东新华粤石化股份有限公司,firm,4,10
茂名,李活,likely_individual,4,11
茂名,杨春华,likely_individual,4,12
茂名,茂名实华东成化工有限公司,firm,4,13
茂名,茂名市银华高岭土实业有限公司,firm,4,14
茂名,广东众和化塑有限公司,firm,3,15
茂名,广东电网公司茂名供电局,firm,3,16
茂名,梁振美,likely_individual,3,17
茂名,蔡亚景,likely_individual,3,18
茂名,邓国华,likely_individual,3,19
茂名,黎宗圣,likely_individual,3,20
荆州,长江大学,university_or_college,50,1
荆州,凌建军,likely_individual,37,2
荆州,刘金远,likely_individual,31,3
荆州,李新发,likely_individual,20,4
荆州,中国水产科学研究院长江水产研究所,research_institute,18,5
荆州,沙隆达集团公司,firm,10,6
荆州,湖北华丽染料工业有限公司,firm,9,7
荆州,湖北新生源生物工程股份有限公司,firm,7,8
荆州,丽源(湖北)科技有限公司,firm,6,9
荆州,中国石化集团江汉石油管理局第四机械厂,firm,5,10
荆州,四机赛瓦石油钻采设备有限公司,firm,5,11
荆州,谢俊,likely_individual,5,12
荆州,湖北能特科技股份有限公司,firm,4,13
荆州,荆州市新力大风车食品有限公司,firm,4,14
荆州,荆州环宇汽车零部件有限公司,firm,4,15
荆州,袁玲,likely_individual,4,16
荆州,别道平,likely_individual,3,17
荆州,李宽义,likely_individual,3,18
荆州,法雷奥汽车空调湖北有限公司,firm,3,19
荆州,湖北凯乐科技股份有限公司,firm,3,20
荆门,张修贵,likely_individual,8,1
荆门,罗国平,likely_individual,8,2
荆门,范明星,likely_individual,8,3
荆门,贺琴,likely_individual,8,4
荆门,赵秀玲,likely_individual,8,5
荆门,钟祥市新宇机电制造有限公司,firm,8,6
荆门,鲁志强,likely_individual,7,7
荆门,李之洲,likely_individual,6,8
荆门,李卫华,likely_individual,6,9
荆门,孔繁采,likely_individual,5,10
荆门,中国特种飞行器研究所,research_institute,4,11
荆门,吴道立,likely_individual,4,12
荆门,孔敏,likely_individual,4,13
荆门,摩根凯龙(荆门)热陶瓷有限公司,firm,4,14
荆门,杨静云,likely_individual,4,15
荆门,湖北京山轻工机械股份有限公司,firm,4,16
荆门,湖北新美香食品有限公司,firm,4,17
荆门,鲁洪,likely_individual,4,18
荆门,周福伟,likely_individual,3,19
荆门,湖北凯龙化工集团股份有限公司,firm,3,20
莆田,刘文祥,likely_individual,23,1
莆田,福建正源饲料有限公司,firm,11,2
莆田,三棵树涂料股份有限公司,firm,8,3
莆田,福建中科万邦光电股份有限公司,firm,8,4
莆田,方志雄,likely_individual,6,5
莆田,福建新世纪电子材料有限公司,firm,6,6
莆田,张国王,likely_individual,4,7
莆田,徐飞鹤,likely_individual,4,8
莆田,林天华,likely_individual,4,9
莆田,福建省万邦光电科技有限公司,firm,4,10
莆田,福建省莆田市中涵机动力有限公司,firm,4,11
莆田,莆田市城厢区星华电子模具有限公司,firm,4,12
莆田,林寒清,likely_individual,3,13
莆田,福建省洪诚生物药业有限公司,firm,3,14
莆田,叶羽经,likely_individual,2,15
莆田,吴丹凤,likely_individual,2,16
莆田,李国平,likely_individual,2,17
莆田,林国全,likely_individual,2,18
莆田,林秀椿,likely_individual,2,19
莆田,福建众和股份有限公司,firm,2,20
菏泽,山东方明药业股份有限公司,firm,35,1
菏泽,韩世昌,likely_individual,14,2
菏泽,乔聚生,likely_individual,12,3
菏泽,菏泽金正大生态工程有限公司,firm,12,4
菏泽,宋强,likely_individual,11,5
菏泽,山东达驰电气有限公司,firm,9,6
菏泽,李敏,likely_individual,8,7
菏泽,袁显兰,likely_individual,8,8
菏泽,郭庆松,likely_individual,8,9
菏泽,刘兵,likely_individual,7,10
菏泽,刘福启,likely_individual,7,11
菏泽,孙明杰,likely_individual,7,12
菏泽,山东华信制药集团股份有限公司,firm,7,13
菏泽,山东步长制药有限公司,firm,7,14
菏泽,山东洪业化工集团有限公司,firm,7,15
菏泽,袁东明,likely_individual,7,16
菏泽,山东博奥华干馏炉研发有限公司,firm,6,17
菏泽,张桂松,likely_individual,6,18
菏泽,曹县精锐机械锁业有限公司,firm,6,19
菏泽,李明,likely_individual,6,20
萍乡,姚光纯,likely_individual,22,1
萍乡,倪国森,likely_individual,9,2
萍乡,江西天使烟火科技发展有限公司,firm,8,3
萍乡,李凯,likely_individual,5,4
萍乡,文鹏飞,likely_individual,4,5
萍乡,汤苏云,likely_individual,3,6
萍乡,陈焕龙,likely_individual,3,7
萍乡,三瑞科技(江西)有限公司,firm,2,8
萍乡,吴汉阳,likely_individual,2,9
萍乡,彭德远,likely_individual,2,10
萍乡,彭海泉,likely_individual,2,11
萍乡,易国松,likely_individual,2,12
萍乡,李日政,likely_individual,2,13
萍乡,欧阳贵明,likely_individual,2,14
萍乡,江西强联电瓷股份有限公司,firm,2,15
萍乡,萍乡市新安工业有限责任公司,firm,2,16
萍乡,谢振杨,likely_individual,2,17
萍乡,赖祖明,likely_individual,2,18
萍乡,何干清,likely_individual,1,19
萍乡,刘仁军,likely_individual,1,20
营口,陈耕田,likely_individual,42,1
营口,孙新龙,likely_individual,25,2
营口,薛忠运,likely_individual,21,3
营口,王克涛,likely_individual,16,4
营口,营口东邦冶金设备耐材有限公司,firm,16,5
营口,刘兴廉,likely_individual,14,6
营口,王恩清,likely_individual,14,7
营口,蓝家瑞,likely_individual,14,8
营口,宋朋泽,likely_individual,13,9
营口,游勇,likely_individual,11,10
营口,刘金忠,likely_individual,10,11
营口,王涛,likely_individual,9,12
营口,营口市风光化工有限公司,firm,6,13
营口,刘恒利,likely_individual,5,14
营口,李新宇,likely_individual,5,15
营口,营口之光创新咨询有限公司,firm,5,16
营口,营口巨成教学科技开发有限公司,firm,5,17
营口,辽宁中邦高新技术发展有限公司,firm,5,18
营口,孙国文,likely_individual,4,19
营口,营口艾特科技有限公司,firm,4,20
葫芦岛,渤海船舶重工有限责任公司,firm,15,1
葫芦岛,葫芦岛锌业股份有限公司,firm,9,2
葫芦岛,杜洋,likely_individual,7,3
葫芦岛,葫芦岛国帝药业有限责任公司,firm,7,4
葫芦岛,锦西化工研究院,research_institute,7,5
葫芦岛,葫芦岛辉宏有色金属有限公司,firm,6,6
葫芦岛,中国农业科学院果树研究所,research_institute,5,7
葫芦岛,李学员,likely_individual,5,8
葫芦岛,渤海造船厂集团有限公司,firm,5,9
葫芦岛,孙玉生,likely_individual,4,10
葫芦岛,石殿来,likely_individual,4,11
葫芦岛,葫芦岛东方实业有限公司,firm,4,12
葫芦岛,辽宁胜吉科技发展有限公司,firm,4,13
葫芦岛,中冶葫芦岛有色金属集团有限公司,firm,3,14
葫芦岛,兴城菊花岛海产品有限公司,firm,3,15
葫芦岛,刘广文,likely_individual,3,16
葫芦岛,固康春,likely_individual,3,17
葫芦岛,姚德龙,likely_individual,3,18
葫芦岛,张永存,likely_individual,3,19
葫芦岛,王鲸栋,likely_individual,3,20
蚌埠,安徽丰原发酵技术工程研究有限公司,firm,97,1
蚌埠,蚌埠丰原涂山制药有限公司,firm,43,2
蚌埠,安徽中烟工业公司,firm,29,3
蚌埠,蚌埠丰原医药科技发展有限公司,firm,28,4
蚌埠,华东光电集成器件研究所,research_institute,27,5
蚌埠,中国电子科技集团公司第四十一研究所,research_institute,26,6
蚌埠,李三猛,likely_individual,22,7
蚌埠,安徽汇精模具研发科技有限公司,firm,16,8
蚌埠,中粮生物化学(安徽)股份有限公司,firm,15,9
蚌埠,唐兴龙,likely_individual,14,10
蚌埠,安徽泰格生物技术股份有限公司,firm,14,11
蚌埠,成祖双,likely_individual,14,12
蚌埠,安徽丰原生物化学股份有限公司,firm,13,13
蚌埠,中国建材国际工程有限公司,firm,12,14
蚌埠,邵为旭,likely_individual,12,15
蚌埠,配天(安徽)电子技术有限公司,firm,12,16
蚌埠,黄宇嵩,likely_individual,12,17
蚌埠,常先苗,likely_individual,11,18
蚌埠,蚌埠通达汽车零部件有限公司,firm,11,19
蚌埠,李跃,likely_individual,10,20
衡水,王志明,likely_individual,16,1
衡水,王俊强,likely_individual,12,2
衡水,丁兴民,likely_individual,6,3
衡水,刘坤,likely_individual,6,4
衡水,彭俊超,likely_individual,6,5
衡水,赵书全,likely_individual,6,6
衡水,夏立元,likely_individual,5,7
衡水,仝国磊,likely_individual,4,8
衡水,张保发,likely_individual,4,9
衡水,张广强,likely_individual,4,10
衡水,曹小鹏,likely_individual,4,11
衡水,河北精信化工集团有限公司,firm,4,12
衡水,王长立,likely_individual,4,13
衡水,衡水供电公司,firm,4,14
衡水,衡水大禹工程橡塑科技开发有限公司,firm,4,15
衡水,冀州市中意复合材料有限公司,firm,3,16
衡水,吕松新,likely_individual,3,17
衡水,河北佰特橡胶有限公司,firm,3,18
衡水,河北省农林科学院旱作农业研究所,research_institute,3,19
衡水,河北联冠电极股份有限公司,firm,3,20
衡阳,南华大学,university_or_college,25,1
衡阳,田陆,likely_individual,20,2
衡阳,湖南天雁机械有限责任公司,firm,15,3
衡阳,湖南机油泵股份有限公司,firm,14,4
衡阳,衡阳华菱连轧管有限公司,firm,14,5
衡阳,衡阳华菱钢管有限公司,firm,14,6
衡阳,王润湘,likely_individual,8,7
衡阳,衡阳师范学院,university_or_college,8,8
衡阳,衡阳风顺车桥有限公司,firm,7,9
衡阳,李少华,likely_individual,6,10
衡阳,湖南共创光伏科技有限公司,firm,6,11
衡阳,特变电工衡阳变压器有限公司,firm,6,12
衡阳,田志恒,likely_individual,6,13
衡阳,紫光古汉集团股份有限公司,firm,6,14
衡阳,衡阳中微科技开发有限公司,firm,6,15
衡阳,湖南顺信生物科技有限公司,firm,5,16
衡阳,王宏丁,likely_individual,5,17
衡阳,中钢集团衡阳重机有限公司,firm,4,18
衡阳,杨新华,likely_individual,4,19
衡阳,湖南金杯电缆有限公司,firm,4,20
衢州,吴伟明,likely_individual,22,1
衢州,周开根,likely_individual,20,2
衢州,饶建明,likely_individual,19,3
衢州,巨化集团公司,firm,18,4
衢州,林景春,likely_individual,9,5
衢州,浙江硅宏电子科技有限公司,firm,9,6
衢州,谭亚辉,likely_individual,8,7
衢州,陈洪法,likely_individual,8,8
衢州,张云霞,likely_individual,7,9
衢州,刘灵通,likely_individual,6,10
衢州,杨国建,likely_individual,6,11
衢州,浙江凯丰纸业有限公司,firm,6,12
衢州,浙江富盛控股集团有限公司,firm,6,13
衢州,袁建华,likely_individual,6,14
衢州,郜勇军,likely_individual,6,15
衢州,汪一平,likely_individual,5,16
衢州,浙江亿思达显示科技有限公司,firm,5,17
衢州,浙江名芯半导体科技有限公司,firm,5,18
衢州,浙江科力印业新技术发展有限公司,firm,5,19
衢州,胡维民,likely_individual,5,20
襄阳,襄樊学院,university_or_college,135,1
襄阳,襄樊金鹰轨道车辆有限责任公司,firm,25,2
襄阳,际华三五四二纺织有限公司,firm,23,3
襄阳,南车襄樊机车有限公司,firm,16,4
襄阳,湖北新华光信息材料股份有限公司,firm,16,5
襄阳,新兴重工湖北三六一一机械有限公司,firm,14,6
襄阳,晴雯,likely_individual,14,7
襄阳,中国航天科技集团公司第四研究院第四十二所,research_institute,11,8
襄阳,航宇救生装备有限公司,firm,11,9
襄阳,襄樊五二五泵业有限公司,firm,11,10
襄阳,襄樊市博亚机械有限公司,firm,11,11
襄阳,湖北新华光信息材料有限公司,firm,10,12
襄阳,南车洛阳机车有限公司,firm,9,13
襄阳,湖北回天胶业股份有限公司,firm,9,14
襄阳,湖北新火炬科技股份有限公司,firm,9,15
襄阳,东风德纳车桥有限公司,firm,8,16
襄阳,周菲菲,likely_individual,8,17
襄阳,襄樊新四五印染有限责任公司,firm,8,18
襄阳,彭鑫港,likely_individual,7,19
襄阳,襄樊博亚精工机器有限公司,firm,7,20
西双版纳傣族自治州,西双版纳傣族自治州民族医药研究所,research_institute,10,1
西双版纳傣族自治州,汉麻产业投资控股有限公司,firm,8,2
西双版纳傣族自治州,云南勐象竹业有限公司,firm,5,3
西双版纳傣族自治州,云南省热带作物科学研究所,research_institute,4,4
西双版纳傣族自治州,西双版纳版纳药业有限责任公司,firm,4,5
西双版纳傣族自治州,李定忠,likely_individual,3,6
西双版纳傣族自治州,云南省农业科学院茶叶研究所,research_institute,2,7
西双版纳傣族自治州,刀玉丹,likely_individual,2,8
西双版纳傣族自治州,吴锦华,likely_individual,2,9
西双版纳傣族自治州,乔昕,likely_individual,1,10
西双版纳傣族自治州,云南红土生源药用生物科技开发有限公司,firm,1,11
西双版纳傣族自治州,云南纳西泉食品饮料有限责任公司,firm,1,12
西双版纳傣族自治州,何汝桥,likely_individual,1,13
西双版纳傣族自治州,刘丰,likely_individual,1,14
西双版纳傣族自治州,刘芳,likely_individual,1,15
西双版纳傣族自治州,勐海县云茶科技有限责任公司,firm,1,16
西双版纳傣族自治州,朱富银,likely_individual,1,17
西双版纳傣族自治州,桂兰仙,likely_individual,1,18
西双版纳傣族自治州,王树山,likely_individual,1,19
西双版纳傣族自治州,苟高平,likely_individual,1,20
西宁,中国科学院青海盐湖研究所,research_institute,73,1
西宁,中国科学院西北高原生物研究所,research_institute,52,2
西宁,陶财德,likely_individual,25,3
西宁,苟春虎,likely_individual,20,4
西宁,西部矿业股份有限公司,firm,16,5
西宁,邢玉明,likely_individual,13,6
西宁,青海电力科学试验研究院,research_institute,11,7
西宁,青海康普生物科技股份有限公司,firm,9,8
西宁,青海大学,university_or_college,8,9
西宁,黄国宏,likely_individual,8,10
西宁,青海清华博众生物技术有限公司,firm,7,11
西宁,青海省格拉丹东药业有限公司,firm,5,12
西宁,青海西部矿业科技有限公司,firm,5,13
西宁,史建全,likely_individual,4,14
西宁,铁生年,likely_individual,4,15
西宁,闫涛,likely_individual,4,16
西宁,陈元涛,likely_individual,4,17
西宁,青海师范大学,university_or_college,4,18
西宁,青海物通(集团)实业有限公司,firm,4,19
西宁,青海青美生物资源研究开发有限公司,firm,4,20
西安,西安交通大学,university_or_college,1337,1
西安,西北工业大学,university_or_college,852,2
西安,西安电子科技大学,university_or_college,807,3
西安,陕西科技大学,university_or_college,720,4
西安,西安理工大学,university_or_college,278,5
西安,中国人民解放军第四军医大学,university_or_college,258,6
西安,长安大学,university_or_college,257,7
西安,西安建筑科技大学,university_or_college,255,8
西安,中国科学院西安光学精密机械研究所,research_institute,187,9
西安,陕西师范大学,university_or_college,177,10
西安,无敌科技(西安)有限公司,firm,164,11
西安,西安金和光学科技有限公司,firm,157,12
西安,西北有色金属研究院,research_institute,155,13
西安,西北大学,university_or_college,139,14
西安,西安近代化学研究所,research_institute,139,15
西安,中国西电电气股份有限公司,firm,122,16
西安,西安信唯信息科技有限公司,firm,102,17
西安,西安石油大学,university_or_college,85,18
西安,西安工程大学,university_or_college,84,19
西安,西安西电捷通无线网络通信有限公司,firm,82,20
许昌,河南省电力公司许昌供电公司,firm,73,1
许昌,河南新天地药业有限公司,firm,42,2
许昌,许继集团有限公司,firm,40,3
许昌,河南瑞贝卡发制品股份有限公司,firm,26,4
许昌,河南新天地药业股份有限公司,firm,22,5
许昌,河南鸿昌电子有限公司,firm,19,6
许昌,张军才,likely_individual,15,7
许昌,河南众品食业股份有限公司,firm,15,8
许昌,河南森源电气股份有限公司,firm,13,9
许昌,河南黄河旋风股份有限公司,firm,13,10
许昌,河南省长葛市新能源研究所,research_institute,12,11
许昌,王德荣,likely_individual,11,12
许昌,许昌恒源发制品股份有限公司,firm,11,13
许昌,河南久大电子电器有限公司,firm,10,14
许昌,河南德信电瓷有限公司,firm,9,15
许昌,河南省今派实业有限公司,firm,9,16
许昌,河南许绝电工绝缘材料有限公司,firm,9,17
许昌,河南爱迪德电力设备有限责任公司,firm,8,18
许昌,刘卫东,likely_individual,7,19
许昌,禹州市森源本草天然产物有限公司,firm,7,20
贵港,广西安泰化工有限责任公司,firm,5,1
贵港,曾梓,likely_individual,4,2
贵港,广西源安堂药业有限公司,firm,3,3
贵港,梁运富,likely_individual,3,4
贵港,黄伟,likely_individual,3,5
贵港,广西贵港市群星电缆有限公司,firm,2,6
贵港,汪大汪,likely_individual,2,7
贵港,陈万利,likely_individual,2,8
贵港,何虹兑,likely_individual,1,9
贵港,刘金华,likely_individual,1,10
贵港,向金健,likely_individual,1,11
贵港,广西五菱福达车辆有限公司,firm,1,12
贵港,广西巴帝食品有限责任公司,firm,1,13
贵港,广西科穗环境科技有限公司,firm,1,14
贵港,广西贵港联合收割机有限公司,firm,1,15
贵港,广西贵糖(集团)股份有限公司,firm,1,16
贵港,广西远辰锰业有限公司,firm,1,17
贵港,张海生,likely_individual,1,18
贵港,曾华,likely_individual,1,19
贵港,李列明,likely_individual,1,20
贵阳,贵阳铝镁设计研究院,research_institute,238,1
贵阳,贵州大学,university_or_college,212,2
贵阳,瓮福(集团)有限责任公司,firm,157,3
贵阳,贵州华科铝材料工程技术研究有限公司,firm,111,4
贵阳,贵阳铝镁设计研究院有限公司,firm,92,5
贵阳,贵州航天电器股份有限公司,firm,49,6
贵阳,贵州益佰制药股份有限公司,firm,30,7
贵阳,贵州中烟工业有限责任公司,firm,25,8
贵阳,国家复合改性聚合物材料工程技术研究中心,other_org_or_unclear,24,9
贵阳,贵州省建筑材料科学研究设计院,other_org_or_unclear,23,10
贵阳,中国科学院地球化学研究所,research_institute,20,11
贵阳,中国移动通信集团贵州有限公司,firm,19,12
贵阳,贵州师范大学,university_or_college,19,13
贵阳,南方汇通股份有限公司,firm,18,14
贵阳,贵州信邦制药股份有限公司,firm,18,15
贵阳,贵州电力试验研究院,research_institute,18,16
贵阳,贵州红林机械有限公司,firm,17,17
贵阳,贵州久联民爆器材发展股份有限公司,firm,15,18
贵阳,贵阳医学院,university_or_college,15,19
贵阳,贵阳柏丝特化工有限公司,firm,15,20
贺州,广西贺州市桂东电子科技有限责任公司,firm,14,1
贺州,蒋科化,likely_individual,9,2
贺州,李先兰,likely_individual,7,3
贺州,贺州学院,university_or_college,7,4
贺州,广西钟山长城矿山机械厂,firm,6,5
贺州,柳延东,likely_individual,6,6
贺州,仲景林,likely_individual,5,7
贺州,蒋科富,likely_individual,5,8
贺州,蒋科罡,likely_individual,5,9
贺州,钟桂英,likely_individual,5,10
贺州,陈花娇,likely_individual,5,11
贺州,广西真龙彩印包装有限公司,firm,4,12
贺州,张雅静,likely_individual,4,13
贺州,周维武,likely_individual,3,14
贺州,黄义干,likely_individual,3,15
贺州,黄景诚,likely_individual,3,16
贺州,广西贺州玖典科技发展有限公司,firm,2,17
贺州,莫启令,likely_individual,2,18
贺州,陈高明,likely_individual,2,19
贺州,刘双度,likely_individual,1,20
资阳,南车资阳机车有限公司,firm,13,1
资阳,四川禾邦阳光制药股份有限公司,firm,10,2
资阳,四川空分设备(集团)有限责任公司,firm,10,3
资阳,四川轮胎橡胶(集团)股份有限公司,firm,9,4
资阳,余义伦,likely_individual,6,5
资阳,四川珍珠制药有限公司,firm,6,6
资阳,四川正东农牧集团有限责任公司,firm,4,7
资阳,四川省杨森乳业有限责任公司,firm,4,8
资阳,吴国成,likely_individual,3,9
资阳,四川天虎工具有限责任公司,firm,3,10
资阳,四川省农业科学院经济作物育种栽培研究所,research_institute,3,11
资阳,岳亮,likely_individual,3,12
资阳,李兵,likely_individual,3,13
资阳,詹朝润,likely_individual,3,14
资阳,四川国光农化股份有限公司,firm,2,15
资阳,四川大千药业有限公司,firm,2,16
资阳,四川杰特机器有限公司,firm,2,17
资阳,田均,likely_individual,2,18
资阳,蒋万文,likely_individual,2,19
资阳,谭明中,likely_individual,2,20
赣州,江西理工大学,university_or_college,41,1
赣州,江西山香药业有限公司,firm,27,2
赣州,江西青峰药业有限公司,firm,10,3
赣州,汤科儿,likely_individual,9,4
赣州,涂鸿,likely_individual,9,5
赣州,赣州虔东稀土集团股份有限公司,firm,7,6
赣州,张贵华,likely_individual,6,7
赣州,杜子曦,likely_individual,6,8
赣州,唐东升,likely_individual,5,9
赣州,崇义章源钨业股份有限公司,firm,5,10
赣州,江西省龙钇重稀土材料有限责任公司,firm,5,11
赣州,夏京,likely_individual,4,12
赣州,朱壹,likely_individual,4,13
赣州,杜俊明,likely_individual,4,14
赣州,穆诗智,likely_individual,4,15
赣州,赣州菊隆高科技实业有限公司,firm,4,16
赣州,龙南龙钇重稀土科技股份有限公司,firm,4,17
赣州,张建玲,likely_individual,3,18
赣州,曾永斌,likely_individual,3,19
赣州,江西明达功能材料有限责任公司,firm,3,20
赤峰,李国辉,likely_individual,20,1
赤峰,赤峰天奇制药有限责任公司,firm,7,2
赤峰,韩玉祥,likely_individual,7,3
赤峰,内蒙古草原兴发食品有限公司,firm,5,4
赤峰,张然,likely_individual,5,5
赤峰,赤峰制药股份有限公司,firm,5,6
赤峰,王俊斗,likely_individual,4,7
赤峰,赤峰博恩药业有限公司,firm,4,8
赤峰,佘运强,likely_individual,3,9
赤峰,内蒙古宁城天宇化工有限公司,firm,3,10
赤峰,冯全君,likely_individual,3,11
赤峰,刘艳昭,likely_individual,3,12
赤峰,吴晓彤,likely_individual,3,13
赤峰,姜文平,likely_individual,3,14
赤峰,张博雅,likely_individual,3,15
赤峰,张吉越,likely_individual,3,16
赤峰,张杉,likely_individual,3,17
赤峰,林树芳,likely_individual,3,18
赤峰,白一求,likely_individual,3,19
赤峰,许尧,likely_individual,3,20
辽源,吉林麦达斯铝业有限公司,firm,4,1
辽源,刘金山,likely_individual,3,2
辽源,吉林省东丰药业股份有限公司,firm,3,3
辽源,吉林省元隆达工装设备有限公司,firm,3,4
辽源,辽源市麒鸣生物技术综合开发有限公司,firm,3,5
辽源,刘刚,likely_individual,2,6
辽源,吉林利源铝业股份有限公司,firm,2,7
辽源,吉林省鸿源机床制造有限责任公司,firm,2,8
辽源,王延海,likely_individual,2,9
辽源,刘宇翔,likely_individual,1,10
辽源,吉林省博大伟业制药有限公司,firm,1,11
辽源,吉林省博大制药有限责任公司,firm,1,12
辽源,吉林省希玛生物科技有限公司,firm,1,13
辽源,夏中军,likely_individual,1,14
辽源,姜伟,likely_individual,1,15
辽源,孙凯,likely_individual,1,16
辽源,孙广立,likely_individual,1,17
辽源,孙晓东,likely_individual,1,18
辽源,孙玉林,likely_individual,1,19
辽源,宋利刚,likely_individual,1,20
辽阳,辽宁奥克化学股份有限公司,firm,17,1
辽阳,辽阳石化机械设计制造有限公司,firm,14,2
辽阳,王吉广,likely_individual,11,3
辽阳,王际威,likely_individual,7,4
辽阳,高莹,likely_individual,6,5
辽阳,刘洪锁,likely_individual,5,6
辽阳,刘胜群,likely_individual,5,7
辽阳,周立军,likely_individual,5,8
辽阳,孙会民,likely_individual,5,9
辽阳,孙情为,likely_individual,5,10
辽阳,李国忠,likely_individual,5,11
辽阳,沈阳工业大学,university_or_college,5,12
辽阳,赵仁理,likely_individual,5,13
辽阳,何利,likely_individual,4,14
辽阳,尼起鑫,likely_individual,4,15
辽阳,王及元,likely_individual,4,16
辽阳,王延杰,likely_individual,4,17
辽阳,盖连发,likely_individual,4,18
辽阳,辽宁益康生物制品有限公司,firm,4,19
辽阳,辽宁科隆精细化工股份有限公司,firm,4,20
达州,达州市恒成能源(集团)有限责任公司,firm,6,1
达州,四川省达州钢铁集团有限责任公司,firm,4,2
达州,成都地奥集团天府药业股份有限公司,firm,4,3
达州,李中平,likely_individual,4,4
达州,王星,likely_individual,4,5
达州,袁小勇,likely_individual,4,6
达州,达州电业局,other_org_or_unclear,4,7
达州,严笳化,likely_individual,3,8
达州,唐志,likely_individual,3,9
达州,四川川东电缆有限责任公司,firm,3,10
达州,文谟统,likely_individual,3,11
达州,何昌霖,likely_individual,2,12
达州,刘之政,likely_individual,2,13
达州,四川达兴能源股份有限公司,firm,2,14
达州,王建全,likely_individual,2,15
达州,何文安,likely_individual,1,16
达州,刘大仁,likely_individual,1,17
达州,刘道明,likely_individual,1,18
达州,吴子由,likely_individual,1,19
达州,周宗明,likely_individual,1,20
运城,永济新时速电机电器有限责任公司,firm,83,1
运城,梁坚平,likely_individual,12,2
运城,山西银光华盛镁业股份有限公司,firm,10,3
运城,南风化工集团股份有限公司,firm,8,4
运城,山西青山化工有限公司,firm,7,5
运城,李策,likely_individual,7,6
运城,际华三五三四制衣有限公司,firm,7,7
运城,冯宏章,likely_individual,5,8
运城,山西省农业科学院棉花研究所,research_institute,5,9
运城,侯维栋,likely_individual,4,10
运城,王衡,likely_individual,4,11
运城,运城恒磁科技有限公司,firm,4,12
运城,阮克胜,likely_individual,4,13
运城,侯西平,likely_individual,3,14
运城,山西东睦华晟粉末冶金有限公司,firm,3,15
运城,山西亚宝药业集团股份有限公司,firm,3,16
运城,山西永东化工股份有限公司,firm,3,17
运城,山西省运城安瑞节能风机有限公司,firm,3,18
运城,山西阳煤丰喜肥业(集团)有限责任公司,firm,3,19
运城,张辉,likely_individual,3,20
连云港,淮海工学院,university_or_college,106,1
连云港,江苏恒瑞医药股份有限公司,firm,46,2
连云港,江苏康缘药业股份有限公司,firm,30,3
连云港,江苏正大天晴药业股份有限公司,firm,28,4
连云港,翟兆明,likely_individual,17,5
连云港,张万鹏,likely_individual,13,6
连云港,中蓝连海设计研究院,research_institute,12,7
连云港,王行安,likely_individual,12,8
连云港,中复神鹰碳纤维有限责任公司,firm,10,9
连云港,江苏豪森药业股份有限公司,firm,10,10
连云港,孙广喜,likely_individual,9,11
连云港,徐寿海,likely_individual,9,12
连云港,江苏豪森医药集团有限公司,firm,9,13
连云港,连云港杰瑞电子有限公司,firm,9,14
连云港,孙德云,likely_individual,8,15
连云港,杜兴文,likely_individual,8,16
连云港,江苏省电力公司连云港供电公司,firm,8,17
连云港,连云港中复连众复合材料集团有限公司,firm,8,18
连云港,何林,likely_individual,7,19
连云港,张修成,likely_individual,7,20
迪庆藏族自治州,香格里拉县圣宝食品进出口有限责任公司,firm,3,1
迪庆藏族自治州,云南迪庆矿业开发有限责任公司,firm,2,2
迪庆藏族自治州,维西县康邦美味绿色资源开发公司,firm,2,3
通化,吉林省宏久生物科技股份有限公司,firm,12,1
通化,吉林紫鑫药业股份有限公司,firm,10,2
通化,通化华夏药业有限责任公司,firm,8,3
通化,博安兄弟制药(中国)有限公司,firm,7,4
通化,潘首德,likely_individual,6,5
通化,李强,likely_individual,5,6
通化,赵广钧,likely_individual,4,7
通化,通化东宝药业股份有限公司,firm,4,8
通化,通化力神保健品有限公司,firm,4,9
通化,通化双龙化工股份有限公司,firm,4,10
通化,霍善明,likely_individual,4,11
通化,高阳,likely_individual,4,12
通化,吉林省辉南长龙生化药业股份有限公司,firm,3,13
通化,吉林省集安益盛药业股份有限公司,firm,3,14
通化,尹享邑,likely_individual,3,15
通化,茂祥集团吉林制药有限公司,firm,3,16
通化,通化市林蛙研究所,research_institute,3,17
通化,通化师范学院,university_or_college,3,18
通化,通化昌源医药科技有限公司,firm,3,19
通化,通化耐博耐火材料有限责任公司,firm,3,20
通辽,内蒙古通辽岳泰股份有限公司,firm,5,1
通辽,内蒙古库伦蒙药厂,firm,4,2
通辽,包桂荣,likely_individual,4,3
通辽,邓亚东,likely_individual,4,4
通辽,刘义,likely_individual,3,5
通辽,孙志文,likely_individual,3,6
通辽,张建臣,likely_individual,3,7
通辽,杨淑环,likely_individual,3,8
通辽,梁布赫朝鲁,other_org_or_unclear,3,9
通辽,中电投蒙东能源集团有限责任公司,firm,2,10
通辽,内蒙古清谷新禾有机食品有限责任公司,firm,2,11
通辽,内蒙古皓海化工有限责任公司,firm,2,12
通辽,内蒙古蒙药股份有限公司,firm,2,13
通辽,冯成伟,likely_individual,2,14
通辽,图雅,likely_individual,2,15
通辽,奈曼旗中华麦饭石开发有限公司,firm,2,16
通辽,奥乌力吉,likely_individual,2,17
通辽,崔承波,likely_individual,2,18
通辽,王国峰,likely_individual,2,19
通辽,白心亮,likely_individual,2,20
遂宁,四川省隆鑫科技包装有限公司,firm,10,1
遂宁,李家民,likely_individual,9,2
遂宁,邹海,likely_individual,8,3
遂宁,邹家福,likely_individual,6,4
遂宁,彭明成,likely_individual,4,5
遂宁,四川天齐锂业股份有限公司,firm,3,6
遂宁,四川柏狮光电技术有限公司,firm,3,7
遂宁,四川省蓬溪县弘桥实业有限公司,firm,3,8
遂宁,四川金皇乐爽鹿业有限公司,firm,3,9
遂宁,四川高金食品股份有限公司,firm,3,10
遂宁,左伟,likely_individual,3,11
遂宁,张政权,likely_individual,3,12
遂宁,熊伟,likely_individual,3,13
遂宁,四川五斗米食品开发有限公司,firm,2,14
遂宁,四川伟才化工有限公司,firm,2,15
遂宁,四川天成生化科技有限公司,firm,2,16
遂宁,四川正圆科技有限公司,firm,2,17
遂宁,四川省射洪县金皇乐爽鹿业开发有限公司,firm,2,18
遂宁,四川美可迪科技开发有限责任公司,firm,2,19
遂宁,四川职业技术学院,university_or_college,2,20
遵义,贵州航天电器股份有限公司,firm,66,1
遵义,贵州航天精工制造有限公司,firm,27,2
遵义,贵州航天凯山石油仪器有限公司,firm,16,3
遵义,贵州航天天马机电科技有限公司,firm,10,4
遵义,遵义医学院,university_or_college,10,5
遵义,遵义钛业股份有限公司,firm,10,6
遵义,遵义师范学院,university_or_college,9,7
遵义,梅岭化工厂,firm,8,8
遵义,贵州仁怀茅台镇金士酒业有限公司,firm,8,9
遵义,贵州航天新力铸锻有限责任公司,firm,8,10
遵义,遵义市金鼎农业科技有限公司,firm,8,11
遵义,贵州航天乌江机电设备有限责任公司,firm,7,12
遵义,贵州凯星液力传动机械有限公司,firm,6,13
遵义,贵州百花医药股份有限公司,firm,6,14
遵义,贵州钢绳股份有限公司,firm,6,15
遵义,遵义医学院附属医院,hospital,6,16
遵义,遵义陆圣康源科技开发有限责任公司,firm,6,17
遵义,务川山仙东升食品有限责任公司,firm,5,18
遵义,贵州天义电器有限责任公司,firm,5,19
遵义,贵州湄潭兰馨茶业有限公司,firm,5,20
邢台,中钢集团邢台机械轧辊有限公司,firm,15,1
邢台,河北惟祥福中药科技开发有限公司,firm,13,2
邢台,河北上大再生资源科技有限公司,firm,7,3
邢台,翟爱民,likely_individual,7,4
邢台,张国芳,likely_individual,6,5
邢台,张禹,likely_individual,6,6
邢台,河北金大地房地产开发有限公司,firm,6,7
邢台,河北鑫合生物化工有限公司,firm,6,8
邢台,晶龙实业集团有限公司,firm,5,9
邢台,河北万邦复临药业有限公司,firm,5,10
邢台,关俊华,likely_individual,4,11
邢台,晶澳太阳能有限公司,firm,4,12
邢台,邢台钢铁有限责任公司,firm,4,13
邢台,天龙伟业线缆有限公司,firm,3,14
邢台,河北金牛能源股份有限公司葛泉矿,firm,3,15
邢台,王琳,likely_individual,3,16
邢台,邢台供电公司,firm,3,17
邢台,邢台旭阳煤化工有限公司,firm,3,18
邢台,邢台路桥建设总公司,firm,3,19
邢台,郭永德,likely_individual,3,20
那曲,西藏贝珠雅药业有限公司,firm,3,1
那曲,王天琪,likely_individual,2,2
那曲,西藏嘉黎县藏医院,hospital,2,3
邯郸,新兴铸管股份有限公司,firm,90,1
邯郸,新兴河北工程技术有限公司,firm,28,2
邯郸,晨光生物科技集团股份有限公司,firm,28,3
邯郸,中国船舶重工集团公司第七一八研究所,research_institute,25,4
邯郸,邯郸新兴重型机械有限公司,firm,21,5
邯郸,吕学栋,likely_individual,15,6
邯郸,中煤第一建设公司第四十九工程处,firm,14,7
邯郸,河北文丰钢铁有限公司,firm,13,8
邯郸,张双元,likely_individual,10,9
邯郸,美科尔(河北)生物科技有限公司,firm,10,10
邯郸,邯郸钢铁股份有限公司,firm,10,11
邯郸,河北汉光重工有限责任公司,firm,9,12
邯郸,王森,likely_individual,8,13
邯郸,郝志付,likely_individual,7,14
邯郸,中煤邯郸煤矿机械有限责任公司,firm,6,15
邯郸,国营汉光机械厂,firm,6,16
邯郸,张新未,likely_individual,6,17
邯郸,河北天择重型机械有限公司,firm,6,18
邯郸,河北钢铁股份有限公司邯郸分公司,firm,6,19
邯郸,中煤第一建设公司特殊凿井处,firm,5,20
邵阳,湖南广信电工科技股份有限公司,firm,14,1
邵阳,湖南信多利新材料有限公司,firm,10,2
邵阳,邵阳市创捷化工有限公司,firm,10,3
邵阳,邵阳市宏远商贸有限责任公司,firm,5,4
邵阳,刘定能,likely_individual,4,5
邵阳,刘小杨,likely_individual,4,6
邵阳,湖南甾体化学品有限公司,firm,4,7
邵阳,湖南阳光电化有限公司,firm,4,8
邵阳,邵阳维克液压股份有限公司,firm,4,9
邵阳,夏建国,likely_individual,3,10
邵阳,湖南湘窖酒业有限公司,firm,3,11
邵阳,邵阳学院,university_or_college,3,12
邵阳,邵阳市三良泵业有限公司,firm,3,13
邵阳,邵阳纺织机械有限责任公司,firm,3,14
邵阳,邵阳维克液压有限责任公司,firm,3,15
邵阳,向军锋,likely_individual,2,16
邵阳,周代艳,likely_individual,2,17
邵阳,周小红,likely_individual,2,18
邵阳,城步鼎盛微电子科技有限公司,firm,2,19
邵阳,尹文,likely_individual,2,20
郑州,郑州大学,university_or_college,280,1
郑州,河南工业大学,university_or_college,179,2
郑州,中国烟草总公司郑州烟草研究院,research_institute,165,3
郑州,中国人民解放军信息工程大学,university_or_college,149,4
郑州,河南农业大学,university_or_college,141,5
郑州,王跃进,likely_individual,118,6
郑州,中原工学院,university_or_college,102,7
郑州,河南中医学院,university_or_college,77,8
郑州,河南省农业科学院,research_institute,49,9
郑州,郑州后羿制药有限公司,firm,47,10
郑州,河南电力试验研究院,research_institute,45,11
郑州,吴鲁智,likely_individual,37,12
郑州,范福仓,likely_individual,35,13
郑州,景玲,likely_individual,31,14
郑州,王学文,likely_individual,31,15
郑州,中国移动通信集团河南有限公司,firm,30,16
郑州,刘国法,likely_individual,29,17
郑州,河南中孚实业股份有限公司,firm,24,18
郑州,刘振安,likely_individual,22,19
郑州,栗素琴,likely_individual,22,20
郴州,郴州市金贵银业股份有限公司,firm,18,1
郴州,郴州高鑫铂业有限公司,firm,11,2
郴州,郴州邦尔泰苏仙油脂有限公司,firm,7,3
郴州,代科创,likely_individual,6,4
郴州,湘能华磊光电股份有限公司,firm,5,5
郴州,郴州市国大有色金属冶炼有限公司,firm,5,6
郴州,郴州雄风稀贵金属材料股份有限公司,firm,5,7
郴州,周文兵,likely_individual,4,8
郴州,湖南品川技术发展有限公司,firm,4,9
郴州,湖南省嘉禾县湘江工具厂,firm,4,10
郴州,湖南金旺实业有限公司,firm,4,11
郴州,肖琼,likely_individual,4,12
郴州,高斯贝尔数码科技股份有限公司,firm,4,13
郴州,曹永红,likely_individual,3,14
郴州,湖南省铸万有实业有限公司,firm,3,15
郴州,蒋坤元,likely_individual,3,16
郴州,邓加慧,likely_individual,3,17
郴州,郴州市农夫机电有限公司,firm,3,18
郴州,郴州市裕湘面业有限公司,firm,3,19
郴州,郴州金箭焊料有限公司,firm,3,20
鄂尔多斯,内蒙古蒙西高新技术集团有限公司,firm,21,1
鄂尔多斯,内蒙古兴泰建筑有限责任公司,firm,14,2
鄂尔多斯,赵永胜,likely_individual,10,3
鄂尔多斯,王银河,likely_individual,8,4
鄂尔多斯,内蒙古鄂尔多斯羊绒集团有限责任公司,firm,5,5
鄂尔多斯,准格尔旗粉煤灰煤矸石研发中心,other_org_or_unclear,5,6
鄂尔多斯,黄金山,likely_individual,5,7
鄂尔多斯,赵彬,likely_individual,3,8
鄂尔多斯,郝巴雅斯胡良,other_org_or_unclear,3,9
鄂尔多斯,鄂尔多斯市亚欣碳纤维有限责任公司,firm,3,10
鄂尔多斯,内蒙古汇江陶瓷研究设计院,other_org_or_unclear,2,11
鄂尔多斯,刘桂荫,likely_individual,2,12
鄂尔多斯,崔怀奇,likely_individual,2,13
鄂尔多斯,张玉贵,likely_individual,2,14
鄂尔多斯,杨丽焕,likely_individual,2,15
鄂尔多斯,鄂尔多斯市东胜区中兴特种车辆制造有限责任公司,firm,2,16
鄂尔多斯,鄂尔多斯市陶尔斯陶瓷有限公司,firm,2,17
鄂尔多斯,中国神华能源股份有限公司,firm,1,18
鄂尔多斯,云长全,likely_individual,1,19
鄂尔多斯,代理义,likely_individual,1,20
鄂州,肖祖胜,likely_individual,12,1
鄂州,郭卫康,likely_individual,10,2
鄂州,李伟,likely_individual,5,3
鄂州,鄂州市栋鑫冶金机械设备有限公司,firm,5,4
鄂州,陈栋,likely_individual,5,5
鄂州,湖北鄂丰模具有限公司,firm,4,6
鄂州,黄继荣,likely_individual,4,7
鄂州,万小娟,likely_individual,3,8
鄂州,严国语,likely_individual,3,9
鄂州,吴凤仙,likely_individual,3,10
鄂州,宋建忠,likely_individual,3,11
鄂州,尹中华,likely_individual,3,12
鄂州,武汉策尔曼自动化设备有限公司,firm,3,13
鄂州,湖北省葛店开发区晨光实业有限公司,firm,3,14
鄂州,何锋,likely_individual,2,15
鄂州,刘新民,likely_individual,2,16
鄂州,吴新建,likely_individual,2,17
鄂州,周国良,likely_individual,2,18
鄂州,嘉吉烯王生物工程(湖北)有限公司,firm,2,19
鄂州,张海堂,likely_individual,2,20
酒泉,谭汉卿,likely_individual,7,1
酒泉,敦煌研究院,research_institute,4,2
酒泉,王开全,likely_individual,4,3
酒泉,甘肃大禹节水股份有限公司,firm,4,4
酒泉,酒泉市绿炬能源科技开发有限责任公司,firm,4,5
酒泉,李海龙,likely_individual,3,6
酒泉,甘肃省敦煌种业股份有限公司玉门市种子公司,firm,3,7
酒泉,苏振彪,likely_individual,3,8
酒泉,郑重胜,likely_individual,3,9
酒泉,宋祥会,likely_individual,2,10
酒泉,尤文峰,likely_individual,2,11
酒泉,杨军,likely_individual,2,12
酒泉,玉门中汇农业发展有限公司,firm,2,13
酒泉,玉门拓璞科技开发有限责任公司,firm,2,14
酒泉,瓜州亿得生物科技有限公司,firm,2,15
酒泉,甘肃酒泉奥凯种子机械有限公司,firm,2,16
酒泉,酒泉市肃州区三旺养殖场,other_org_or_unclear,2,17
酒泉,酒泉西部农业科技有限公司,firm,2,18
酒泉,中国石油青海油田钻采工艺研究院,research_institute,1,19
酒泉,刘玉海,likely_individual,1,20
重庆,重庆大学,university_or_college,1336,1
重庆,重庆长安汽车股份有限公司,firm,500,2
重庆,西南大学,university_or_college,343,3
重庆,力帆实业(集团)股份有限公司,firm,284,4
重庆,中冶赛迪工程技术股份有限公司,firm,203,5
重庆,重庆隆鑫机车有限公司,firm,185,6
重庆,中国人民解放军第三军医大学,university_or_college,181,7
重庆,重庆邮电大学,university_or_college,152,8
重庆,重庆工商大学,university_or_college,133,9
重庆,中国人民解放军第三军医大学第一附属医院,hospital,118,10
重庆,西南铝业(集团)有限责任公司,firm,112,11
重庆,重庆市黔江区黔双科技有限公司,firm,100,12
重庆,重庆理工大学,university_or_college,92,13
重庆,重庆重邮信科通信技术有限公司,firm,91,14
重庆,隆鑫工业有限公司,firm,90,15
重庆,重庆交通大学,university_or_college,86,16
重庆,重庆钢铁(集团)有限责任公司,firm,78,17
重庆,陈非,likely_individual,68,18
重庆,煤炭科学研究总院重庆研究院,research_institute,67,19
重庆,重庆医科大学,university_or_college,63,20
金华,浙江师范大学,university_or_college,179,1
金华,许晓华,likely_individual,82,2
金华,金祚献,likely_individual,37,3
金华,潘旭华,likely_individual,32,4
金华,横店集团东磁股份有限公司,firm,31,5
金华,赵一美,likely_individual,28,6
金华,义乌市安冬电器有限公司,firm,27,7
金华,吴茂盛,likely_individual,19,8
金华,王亚运,likely_individual,19,9
金华,吴康,likely_individual,18,10
金华,朱宏锋,likely_individual,17,11
金华,吴亚军,likely_individual,16,12
金华,浙江绿源电动车有限公司,firm,16,13
金华,金华职业技术学院,university_or_college,15,14
金华,李行,likely_individual,14,15
金华,浙江晨云实业有限公司,firm,14,16
金华,浙江佰耐钢带有限公司,firm,13,17
金华,中核苏阀横店机械有限公司,firm,12,18
金华,卢心东,likely_individual,11,19
金华,浙江康恩贝制药股份有限公司,firm,11,20
金昌,金川集团有限公司,firm,72,1
金昌,牛庆君,likely_individual,25,2
金昌,杜永胜,likely_individual,4,3
金昌,甘肃省电力公司金昌供电公司,firm,4,4
金昌,甘肃金昌化学工业集团有限公司,firm,2,5
金昌,南桂卿,likely_individual,1,6
金昌,宫毅,likely_individual,1,7
金昌,甘肃瓮福化工有限责任公司,firm,1,8
金昌,薄增力,likely_individual,1,9
金昌,邓涛,likely_individual,1,10
金昌,金昌市宇恒镍网有限公司,firm,1,11
金昌,金昌金川万方实业有限责任公司,firm,1,12
金昌,钟亮,likely_individual,1,13
钦州,广西明利集团有限公司,firm,9,1
钦州,钦州鑫能源科技有限公司,firm,5,2
钦州,黄景明,likely_individual,5,3
钦州,广西力源新资源开发有限公司,firm,4,4
钦州,莫春浩,likely_individual,4,5
钦州,林晓光,likely_individual,3,6
钦州,钦州华成自控设备有限公司,firm,3,7
钦州,陆强,likely_individual,2,8
钦州,陈昭澜,likely_individual,2,9
钦州,陈林延,likely_individual,2,10
钦州,陈贵忠,likely_individual,2,11
钦州,黄常基,likely_individual,2,12
钦州,丁洁厚,likely_individual,1,13
钦州,丁起武,likely_individual,1,14
钦州,吴云锋,likely_individual,1,15
钦州,广西万山香料有限责任公司,firm,1,16
钦州,广西庆荣耐火材料有限公司,firm,1,17
钦州,广西钦州力顺机械有限公司,firm,1,18
钦州,广西钦州谷虫净总厂,firm,1,19
钦州,廖朝东,likely_individual,1,20
铁岭,刘明全,likely_individual,10,1
铁岭,王铁军,likely_individual,10,2
铁岭,闫海军,likely_individual,10,3
铁岭,苏晶,likely_individual,7,4
铁岭,铁岭市光明仪器仪表厂,firm,7,5
铁岭,麻志国,likely_individual,7,6
铁岭,辽宁鑫丰矿电设备制造有限公司,firm,6,7
铁岭,辽宁鹿源参茸饮片有限公司,firm,6,8
铁岭,李静,likely_individual,5,9
铁岭,王宏伟,likely_individual,5,10
铁岭,辽宁唐人神曙光农牧集团有限公司,firm,5,11
铁岭,铁岭永新涂料有限公司,firm,5,12
铁岭,铁煤多种经营天成机电设备总厂,firm,5,13
铁岭,北方绿色食品股份有限公司,firm,4,14
铁岭,孙会敏,likely_individual,4,15
铁岭,张敬平,likely_individual,4,16
铁岭,辽宁西格马数控机床有限公司,firm,4,17
铁岭,辽宁隆达集团百星达铸造有限责任公司,firm,4,18
铁岭,铁岭华晨橡塑制品有限公司,firm,4,19
铁岭,铁岭宝众新能源汽车有限公司,firm,4,20
铜仁,贵州航天风华精密设备有限公司,firm,4,1
铜仁,万山特区红晶汞业有限公司,firm,2,2
铜仁,冉伟,likely_individual,1,3
铜仁,刘贵荣,likely_individual,1,4
铜仁,吴代华,likely_individual,1,5
铜仁,吴先见,likely_individual,1,6
铜仁,安文,likely_individual,1,7
铜仁,张模,likely_individual,1,8
铜仁,张著明,likely_individual,1,9
铜仁,杨勇,likely_individual,1,10
铜仁,杨旭辉,likely_individual,1,11
铜仁,杨高,likely_individual,1,12
铜仁,王继清,likely_individual,1,13
铜仁,石华,likely_individual,1,14
铜仁,罗克鼎,likely_individual,1,15
铜仁,肖建军,likely_individual,1,16
铜仁,胡国伟,likely_individual,1,17
铜仁,苏星,likely_individual,1,18
铜仁,董新平,likely_individual,1,19
铜仁,贵州云马飞机制造厂,firm,1,20
铜川,铜川供电局,other_org_or_unclear,4,1
铜川,拓勤,likely_individual,3,2
铜川,李新民,likely_individual,2,3
铜川,刘泽斌,likely_individual,1,4
铜川,周杨帆,likely_individual,1,5
铜川,姚伟,likely_individual,1,6
铜川,孙宏贺,likely_individual,1,7
铜川,李竹玲,likely_individual,1,8
铜川,李铁铸,likely_individual,1,9
铜川,西安大昱光电科技有限公司,firm,1,10
铜川,郭育民,likely_individual,1,11
铜川,铜川秦瀚陶粒有限责任公司,firm,1,12
铜川,陕西佰度实业有限公司,firm,1,13
铜川,陕西煤炭建设公司管件设备厂,firm,1,14
铜川,陕西省土肥新技术研究开发有限公司,firm,1,15
铜川,陕西省烟草公司铜川市公司,firm,1,16
铜川,陕西西部绿色能源有限公司,firm,1,17
铜陵,铜陵三佳科技股份有限公司,firm,33,1
铜陵,铜陵市永生机电制造有限责任公司,firm,20,2
铜陵,安徽蓝盾光电子股份有限公司,firm,10,3
铜陵,铜陵华源麻业有限公司,firm,10,4
铜陵,铜陵市维新投资咨询有限公司,firm,8,5
铜陵,铜陵祥云消防科技有限责任公司,firm,8,6
铜陵,铜陵市松马食品包装机械制造有限责任公司,firm,7,7
铜陵,铜陵洁雅生物科技股份有限公司,firm,7,8
铜陵,詹龙忠,likely_individual,6,9
铜陵,铜陵凯润牡丹生物医药科技有限公司,firm,6,10
铜陵,铜陵大通小磨麻油厂,firm,6,11
铜陵,铜陵天奇蓝天机械设备有限公司,firm,6,12
铜陵,铜陵市新泰电容电器有限责任公司,firm,6,13
铜陵,铜陵市琨鹏光电科技有限公司,firm,6,14
铜陵,锐展(铜陵)科技有限公司,firm,6,15
铜陵,安徽明珠颜料科技有限公司,firm,5,16
铜陵,安徽红星阀门有限公司,firm,5,17
铜陵,安徽铜陵科力阀门有限责任公司,firm,5,18
铜陵,铜陵国方水暖科技有限责任公司,firm,5,19
铜陵,铜陵市三盛电子有限公司,firm,5,20
银川,宁夏大学,university_or_college,42,1
银川,宁夏农林科学院,research_institute,25,2
银川,宁夏共享集团有限责任公司,firm,13,3
银川,北方民族大学,university_or_college,12,4
银川,宁夏大北农科技实业有限公司,firm,8,5
银川,中国移动通信集团宁夏有限公司,firm,7,6
银川,宁夏隆基宁光仪表有限公司,firm,6,7
银川,上海华源药业(宁夏)沙赛制药有限公司,firm,5,8
银川,宁夏医科大学,university_or_college,5,9
银川,宁夏电力公司电力科学研究院,research_institute,5,10
银川,杨涛,likely_individual,5,11
银川,焦海波,likely_individual,5,12
银川,宁夏农林科学院畜牧兽医研究所(有限公司),firm,4,13
银川,宁夏回族自治区电力公司,firm,4,14
银川,宁夏夏盛实业集团有限公司,firm,4,15
银川,宁夏多维药业有限公司,firm,4,16
银川,宁夏宝塔石化集团有限公司,firm,4,17
银川,宁夏新瑞长城机床有限公司,firm,4,18
银川,宁夏电力公司银川供电局,firm,4,19
银川,宁夏电力建设工程公司,firm,4,20
锡林郭勒盟,张琦海,likely_individual,3,1
锡林郭勒盟,丁宪明,likely_individual,2,2
锡林郭勒盟,王兆珉,likely_individual,2,3
锡林郭勒盟,其林,likely_individual,1,4
锡林郭勒盟,刘启和,likely_individual,1,5
锡林郭勒盟,刘纯红,likely_individual,1,6
锡林郭勒盟,华润电力投资有限公司,firm,1,7
锡林郭勒盟,孙明文,likely_individual,1,8
锡林郭勒盟,宝力格,likely_individual,1,9
锡林郭勒盟,木仁,likely_individual,1,10
锡林郭勒盟,温树月,likely_individual,1,11
锡林郭勒盟,许永胜,likely_individual,1,12
锡林郭勒盟,锡林浩特国能煤干燥有限公司,firm,1,13
锡林郭勒盟,闫皓,likely_individual,1,14
锡林郭勒盟,陈永祥,likely_individual,1,15
锦州,渤海大学,university_or_college,32,1
锦州,锦州锦恒汽车安全系统有限公司,firm,14,2
锦州,锦州汉拿电机有限公司,firm,11,3
锦州,中信锦州铁合金股份有限公司,firm,9,4
锦州,辽宁工业大学,university_or_college,8,5
锦州,辽宁省电力有限公司锦州供电公司,firm,8,6
锦州,锦州康泰润滑油添加剂有限公司,firm,7,7
锦州,锦州惠发天合化学有限公司,firm,7,8
锦州,辽宁天合精细化工股份有限公司,firm,6,9
锦州,锦州金业化工冶金技术咨询有限公司,firm,6,10
锦州,于洪儒,likely_individual,5,11
锦州,杜志刚,likely_individual,5,12
锦州,武海涛,likely_individual,5,13
锦州,锦州凯美能源有限公司,firm,5,14
锦州,锦州钛业有限公司,firm,5,15
锦州,黄光智,likely_individual,5,16
锦州,锦州春光包装机械有限公司,firm,4,17
锦州,锦州海伯伦汽车电子有限公司,firm,4,18
锦州,中石油东北炼化工程有限公司锦州设计院,firm,3,19
锦州,冷光君,likely_individual,3,20
镇江,江苏大学,university_or_college,977,1
镇江,江苏科技大学,university_or_college,238,2
镇江,镇江雅迅软件有限责任公司,firm,49,3
镇江,大亚科技股份有限公司,firm,40,4
镇江,镇江忆诺唯记忆合金有限公司,firm,39,5
镇江,江苏惠通集团有限责任公司,firm,37,6
镇江,江苏辉能电气有限公司,firm,36,7
镇江,江苏国泉泵业制造有限公司,firm,35,8
镇江,王森豹,likely_individual,33,9
镇江,镇江华扬信息科技有限公司,firm,33,10
镇江,江苏丘陵地区镇江农业科学研究所,research_institute,29,11
镇江,江苏丽恒电子有限公司,firm,28,12
镇江,镇江市食用菌研究所,research_institute,23,13
镇江,镇江精英软件科技有限公司,firm,21,14
镇江,镇江市亿华系统集成有限公司,firm,20,15
镇江,江苏三星化工有限公司,firm,18,16
镇江,中电电气集团有限公司,firm,17,17
镇江,江苏柳工机械有限公司,firm,17,18
镇江,江苏索普(集团)有限公司,firm,17,19
镇江,宋培荣,likely_individual,16,20
长春,吉林大学,university_or_college,1029,1
长春,中国科学院长春光学精密机械与物理研究所,research_institute,481,2
长春,中国科学院长春应用化学研究所,research_institute,481,3
长春,中国第一汽车集团公司,firm,318,4
长春,长春理工大学,university_or_college,250,5
长春,东北师范大学,university_or_college,107,6
长春,吉林农业大学,university_or_college,106,7
长春,长春工业大学,university_or_college,72,8
长春,长春轨道客车股份有限公司,firm,61,9
长春,吉林省农业科学院,research_institute,32,10
长春,中国移动通信集团吉林有限公司,firm,26,11
长春,中国人民解放军军事医学科学院军事兽医研究所,research_institute,23,12
长春,中国科学院东北地理与农业生态研究所,research_institute,22,13
长春,邵伟,likely_individual,19,14
长春,赵全成,likely_individual,18,15
长春,长春黄金研究院,research_institute,18,16
长春,长春工程学院,university_or_college,17,17
长春,长春大学,university_or_college,16,18
长春,长春惠工净化工业有限公司,firm,14,19
长春,吉林修正药业新药开发有限公司,firm,12,20
长沙,中南大学,university_or_college,1119,1
长沙,湖南大学,university_or_college,625,2
长沙,中国人民解放军国防科学技术大学,university_or_college,529,3
长沙,三一重工股份有限公司,firm,234,4
长沙,中冶长天国际工程有限责任公司,firm,177,5
长沙,长沙理工大学,university_or_college,154,6
长沙,湖南农业大学,university_or_college,138,7
长沙,中南林业科技大学,university_or_college,121,8
长沙,李晓亮,likely_individual,98,9
长沙,长沙楚天科技有限公司,firm,93,10
长沙,湖南中烟工业有限责任公司,firm,72,11
长沙,长沙中联重工科技发展股份有限公司,firm,68,12
长沙,吴方伯,likely_individual,62,13
长沙,湖南师范大学,university_or_college,62,14
长沙,李新桥,likely_individual,59,15
长沙,湖南晟通科技集团有限公司,firm,57,16
长沙,楚天科技股份有限公司,firm,45,17
长沙,湖南华廷筑邦建材有限公司,firm,39,18
长沙,王本淼,likely_individual,39,19
长沙,湖南山河智能机械股份有限公司,firm,37,20
长治,山西百世特食品有限公司,firm,42,1
长治,山西省屯留县科技情报服务中心,other_org_or_unclear,38,2
长治,崔凤玉,likely_individual,22,3
长治,鲍旭刚,likely_individual,18,4
长治,长治清华机械厂,firm,17,5
长治,山西潞安环保能源开发股份有限公司,firm,16,6
长治,山西东华机械有限公司,firm,15,7
长治,路正平,likely_individual,15,8
长治,天脊煤化工集团股份有限公司,firm,11,9
长治,程开心,likely_individual,11,10
长治,山西潞安矿业(集团)有限责任公司,firm,10,11
长治,长治钢铁(集团)锻压机械制造有限公司,firm,10,12
长治,山西防爆电机(集团)有限公司,firm,9,13
长治,吴泽峰,likely_individual,8,14
长治,杨柏,likely_individual,8,15
长治,任娇娥,likely_individual,7,16
长治,山西振东制药股份有限公司,firm,7,17
长治,山西振东开元制药有限公司,firm,7,18
长治,山西康宝生物制品股份有限公司,firm,6,19
长治,山西振东五和健康食品股份有限公司,firm,6,20
阜新,辽宁工程技术大学,university_or_college,24,1
阜新,钟显亮,likely_individual,15,2
阜新,张震红,likely_individual,6,3
阜新,李光,likely_individual,4,4
阜新,阜新驰宇石油机械有限公司,firm,4,5
阜新,刘学发,likely_individual,3,6
阜新,阜新奥瑞凯精细化工有限公司,firm,3,7
阜新,阜新金昊空压机有限公司,firm,3,8
阜新,国风,likely_individual,2,9
阜新,宋铁芳,likely_individual,2,10
阜新,张耕宁,likely_individual,2,11
阜新,王建成,likely_individual,2,12
阜新,辽宁凯赛服饰科研有限公司,firm,2,13
阜新,辽宁省电力有限公司阜新供电公司,firm,2,14
阜新,金凯(辽宁)化工有限公司,firm,2,15
阜新,阜新汇丰资源开发有限公司,firm,2,16
阜新,阜新达亿化工有限公司研究所,firm,2,17
阜新,马敬浩,likely_individual,2,18
阜新,中铁九局集团有限公司,firm,1,19
阜新,任蕾,likely_individual,1,20
阜阳,肖福贵,likely_individual,18,1
阜阳,安徽三缔沥青材料有限公司,firm,11,2
阜阳,许文成,likely_individual,10,3
阜阳,秦中文,likely_individual,9,4
阜阳,贾善华,likely_individual,8,5
阜阳,张秀兰,likely_individual,7,6
阜阳,安徽省界首市云龙粮机配套工程有限公司,firm,6,7
阜阳,董世贤,likely_individual,6,8
阜阳,安徽强旺调味食品有限公司,firm,5,9
阜阳,尚诚德,likely_individual,5,10
阜阳,曹全礼,likely_individual,5,11
阜阳,王心聚,likely_individual,5,12
阜阳,界首市天鸿包装材料有限公司,firm,5,13
阜阳,赵子山,likely_individual,5,14
阜阳,侯玉华,likely_individual,4,15
阜阳,孟祥荣,likely_individual,4,16
阜阳,李保明,likely_individual,4,17
阜阳,耿玉兰,likely_individual,4,18
阜阳,孙卫东,likely_individual,3,19
阜阳,孙向阳,likely_individual,3,20
防城港,广西桂人堂金花茶产业集团股份有限公司,firm,5,1
防城港,唐钊,likely_individual,2,2
防城港,广西中港高科国宝金花茶产业有限公司,firm,2,3
防城港,防城港市百喜金花茶科技开发有限公司,firm,2,4
防城港,冯征华,likely_individual,1,5
防城港,劳卓昌,likely_individual,1,6
防城港,吴文武,likely_individual,1,7
防城港,吴芝樟,likely_individual,1,8
防城港,吴远才,likely_individual,1,9
防城港,廖章愉,likely_individual,1,10
防城港,施彦雄,likely_individual,1,11
防城港,李声辉,likely_individual,1,12
防城港,罗飞天,likely_individual,1,13
防城港,苏兴,likely_individual,1,14
防城港,蔡豪佳,likely_individual,1,15
防城港,黄焕珠,likely_individual,1,16
防城港,黎永荣,likely_individual,1,17
防城港,黎蕾秀,likely_individual,1,18
阳江,阳江市汉能工业有限公司,firm,6,1
阳江,陈基镛,likely_individual,6,2
阳江,陈康伟,likely_individual,6,3
阳江,刘盛开,likely_individual,5,4
阳江,欧成忠,likely_individual,5,5
阳江,阳江市新力工业有限公司,firm,5,6
阳江,李积回,likely_individual,4,7
阳江,宋金有,likely_individual,3,8
阳江,广东喜之郎集团有限公司,firm,3,9
阳江,曾正,likely_individual,3,10
阳江,林其访,likely_individual,3,11
阳江,阳江市飞轮金属制品有限公司,firm,3,12
阳江,黄春尧,likely_individual,3,13
阳江,司徒光,likely_individual,2,14
阳江,广东永力泵业有限公司,firm,2,15
阳江,广东肇庆明珠纸业有限公司,firm,2,16
阳江,张献忠,likely_individual,2,17
阳江,林齐,likely_individual,2,18
阳江,阳江喜之郎果冻制造有限公司,firm,2,19
阳江,阳江纳谷科技有限公司,firm,2,20
阳泉,杜志刚,likely_individual,95,1
阳泉,王惠民,likely_individual,19,2
阳泉,冯文山,likely_individual,12,3
阳泉,刘江涛,likely_individual,11,4
阳泉,卢泉生,likely_individual,11,5
阳泉,朱艳红,likely_individual,11,6
阳泉,王新平,likely_individual,11,7
阳泉,王沾林,likely_individual,11,8
阳泉,牛占卉,likely_individual,9,9
阳泉,翟秀德,likely_individual,9,10
阳泉,梁永贵,likely_individual,6,11
阳泉,唐清池,likely_individual,4,12
阳泉,山西京宇磁性材料有限公司,firm,3,13
阳泉,山西太行建设开发有限公司,firm,3,14
阳泉,山西省电力公司阳泉供电分公司,firm,3,15
阳泉,平定莹玉陶瓷有限公司,firm,3,16
阳泉,张澎珍,likely_individual,3,17
阳泉,杨振福,likely_individual,3,18
阳泉,郭玉宝,likely_individual,3,19
阳泉,阳泉市下千耐火材料有限公司,firm,3,20
阿克苏地区,新疆天河化工有限公司,firm,5,1
阿克苏地区,陈卫星,likely_individual,5,2
阿克苏地区,王瑞,likely_individual,4,3
阿克苏地区,新疆富沃药业有限公司,firm,3,4
阿克苏地区,张朝书,likely_individual,2,5
阿克苏地区,王华,likely_individual,2,6
阿克苏地区,付相凯,likely_individual,1,7
阿克苏地区,刘忠友,likely_individual,1,8
阿克苏地区,卢军,likely_individual,1,9
阿克苏地区,帕旦木沙比尔,other_org_or_unclear,1,10
阿克苏地区,斯热吉丁阿不都拉,other_org_or_unclear,1,11
阿克苏地区,新疆天枣源龟兹生物技术有限责任公司,firm,1,12
阿克苏地区,新疆新欣肥料科技发展有限公司,firm,1,13
阿克苏地区,李杰,likely_individual,1,14
阿克苏地区,李林蔚,likely_individual,1,15
阿克苏地区,沈维聪,likely_individual,1,16
阿克苏地区,热合曼艾买提,other_org_or_unclear,1,17
阿克苏地区,牙生玉苏甫,other_org_or_unclear,1,18
阿克苏地区,艾山江依迪热斯,other_org_or_unclear,1,19
阿克苏地区,赵宵虎,likely_individual,1,20
阿勒泰地区,努拉合德尔汗,other_org_or_unclear,8,1
阿勒泰地区,新疆戈宝红麻有限公司,firm,4,2
阿勒泰地区,巴哈尔古丽黄尔汗,other_org_or_unclear,3,3
阿勒泰地区,张红伟,likely_individual,3,4
阿勒泰地区,毛里夏里甫,other_org_or_unclear,3,5
阿勒泰地区,巴哈尔古丽,other_org_or_unclear,2,6
阿勒泰地区,新疆公路管理局阿勒泰公路总段富蕴公路段,government,2,7
阿勒泰地区,沙依兰沙依甫拉,other_org_or_unclear,2,8
阿勒泰地区,许正瑜,likely_individual,2,9
阿勒泰地区,于新军,likely_individual,1,10
阿勒泰地区,保尔江阿布都哈米提,other_org_or_unclear,1,11
阿勒泰地区,党志强,likely_individual,1,12
阿勒泰地区,包尔江阿布都哈米提,other_org_or_unclear,1,13
阿勒泰地区,吾拉力别克赛买提,other_org_or_unclear,1,14
阿勒泰地区,周向德,likely_individual,1,15
阿勒泰地区,巴图,likely_individual,1,16
阿勒泰地区,张成山,likely_individual,1,17
阿勒泰地区,新疆公路管理局阿勒泰公路总段哈巴河公路段,government,1,18
阿勒泰地区,新疆维吾尔自治区交通厅公路管理局阿勒泰公路总段,government,1,19
阿勒泰地区,新疆阿勒泰地区哈医医院,hospital,1,20
阿坝藏族羌族自治州,四川鑫通新材料有限责任公司,firm,3,1
阿坝藏族羌族自治州,茂县鑫盐化工有限公司,firm,3,2
阿坝藏族羌族自治州,四川国理锂材料有限公司,firm,2,3
阿坝藏族羌族自治州,四川川西磁业有限责任公司,firm,2,4
阿坝藏族羌族自治州,四川省中医药科学院,research_institute,2,5
阿坝藏族羌族自治州,阿坝州九寨鼎盛科技有限责任公司,firm,2,6
阿坝藏族羌族自治州,九寨沟高原食品有限公司,firm,1,7
阿坝藏族羌族自治州,曹荣江,likely_individual,1,8
阿坝藏族羌族自治州,李增太,likely_individual,1,9
阿坝藏族羌族自治州,杨国伟,likely_individual,1,10
阿坝藏族羌族自治州,柏大全,likely_individual,1,11
阿坝藏族羌族自治州,王宗耀,likely_individual,1,12
阿坝藏族羌族自治州,罗建峰,likely_individual,1,13
阿拉善盟,丽源(内蒙古)科技有限公司,firm,3,1
阿拉善盟,内蒙古自治区阿拉善盟公路管理局,government,1,2
阿拉善盟,王军,likely_individual,1,3
阿拉善盟,阿拉善达康三四氯乙烯有限公司,firm,1,4
阿拉尔,塔里木大学,university_or_college,3,1
阿拉尔,乐明高,likely_individual,1,2
阿拉尔,张琴,likely_individual,1,3
阿拉尔,新疆生产建设兵团农一师幸福城监狱,other_org_or_unclear,1,4
阿拉尔,阿拉尔市天宝实业有限公司,firm,1,5
阿拉尔,高庆华,likely_individual,1,6
阿里地区,西藏阿里华峰矿业公司,firm,1,1
陇南,刘全,likely_individual,4,1
陇南,仝卫明,likely_individual,2,2
陇南,包雁仲,likely_individual,1,3
陇南,孙小燕,likely_individual,1,4
陇南,常占东,likely_individual,1,5
陇南,李飞虎,likely_individual,1,6
陇南,林海,likely_individual,1,7
陇南,王德林,likely_individual,1,8
陇南,王晓鹏,likely_individual,1,9
陇南,甘肃独一味生物制药股份有限公司,firm,1,10
陇南,祝耀德,likely_individual,1,11
陇南,秦彦龙,likely_individual,1,12
陇南,罗建军,likely_individual,1,13
陇南,贾进善,likely_individual,1,14
陵水黎族自治县,中国热带农业科学院橡胶研究所,research_institute,28,1
陵水黎族自治县,中国热带农业科学院环境与植物保护研究所,research_institute,22,2
陵水黎族自治县,中国热带农业科学院热带作物品种资源研究所,research_institute,20,3
陵水黎族自治县,蒋盛军,likely_individual,9,4
陵水黎族自治县,刘国道,likely_individual,5,5
陵水黎族自治县,中国热带农业科学院,research_institute,2,6
陵水黎族自治县,华南热带农业大学种苗组培中心,university_or_college,1,7
陵水黎族自治县,张新春,likely_individual,1,8
陵水黎族自治县,张海德,likely_individual,1,9
陵水黎族自治县,海南南海热带海洋生物及病害研究所,research_institute,1,10
随州,湖北双剑催化剂有限公司,firm,8,1
随州,湖北泰晶电子科技有限公司,firm,7,2
随州,湖北犇星化工有限责任公司,firm,7,3
随州,湖北双雄催化剂有限公司,firm,6,4
随州,湖北省风机厂有限公司,firm,5,5
随州,广水轻工机械有限责任公司,firm,3,6
随州,林学军,likely_individual,3,7
随州,湖北同一石油化工有限公司,firm,3,8
随州,湖北广仁药业有限公司,firm,3,9
随州,湖北正佳微生物工程股份有限公司,firm,3,10
随州,韩厚华,likely_individual,3,11
随州,中意机电(湖北)鼓风机制造有限公司,firm,2,12
随州,冯明勋,likely_individual,2,13
随州,湖北三环铸造股份有限公司,firm,2,14
随州,湖北华都钢琴制造有限公司,firm,2,15
随州,湖北双剑鼓风机制造有限公司,firm,2,16
随州,湖北武大光子科技有限公司,firm,2,17
随州,湖北省齐星汽车车身股份有限公司,firm,2,18
随州,闻铎,likely_individual,2,19
随州,靳文勇,likely_individual,2,20
雅安,四川农业大学,university_or_college,44,1
雅安,四川农业大学实验动物工程技术中心,university_or_college,9,2
雅安,四川泛华航空仪表电器厂,firm,6,3
雅安,雅安三九中药材科技产业化有限公司,firm,6,4
雅安,秦文,likely_individual,4,5
雅安,杨文钰,likely_individual,3,6
雅安,汪建,likely_individual,3,7
雅安,任万军,likely_individual,2,8
雅安,四川中雅科技有限公司,firm,2,9
雅安,薛白,likely_individual,2,10
雅安,雷沁坪,likely_individual,2,11
雅安,魏光元,likely_individual,2,12
雅安,中国长安汽车集团股份有限公司四川建安车桥分公司,firm,1,13
雅安,刘江,likely_individual,1,14
雅安,吕小荣,likely_individual,1,15
雅安,吕秀兰,likely_individual,1,16
雅安,唐君畏,likely_individual,1,17
雅安,四川建安工业有限责任公司,firm,1,18
雅安,四川航空工业川西机器厂,firm,1,19
雅安,娄作富,likely_individual,1,20
青岛,海尔集团公司,firm,474,1
青岛,中国海洋大学,university_or_college,462,2
青岛,山东科技大学,university_or_college,273,3
青岛,青岛海信电器股份有限公司,firm,272,4
青岛,中国科学院海洋研究所,research_institute,215,5
青岛,青岛科技大学,university_or_college,196,6
青岛,青岛海信移动通信技术股份有限公司,firm,170,7
青岛,中国水产科学研究院黄海水产研究所,research_institute,150,8
青岛,青岛大学,university_or_college,110,9
青岛,山东省花生研究所,research_institute,91,10
青岛,青岛康地恩药业有限公司,firm,85,11
青岛,青岛理工大学,university_or_college,65,12
青岛,青岛海尔软件有限公司,firm,58,13
青岛,海信(山东)空调有限公司,firm,53,14
青岛,中国科学院青岛生物能源与过程研究所,research_institute,49,15
青岛,软控股份有限公司,firm,49,16
青岛,青岛生物能源与过程研究所,research_institute,47,17
青岛,青岛海信宽带多媒体技术有限公司,firm,45,18
青岛,青岛农业大学,university_or_college,44,19
青岛,青岛海信信芯科技有限公司,firm,44,20
鞍山,鞍钢股份有限公司,firm,498,1
鞍山,鞍钢集团矿业公司,firm,174,2
鞍山,鞍钢重型机械有限责任公司,firm,43,3
鞍山,中冶北方工程技术有限公司,firm,41,4
鞍山,辽宁科技大学,university_or_college,40,5
鞍山,中冶焦耐工程技术有限公司,firm,34,6
鞍山,中冶焦耐(大连)工程技术有限公司,firm,28,7
鞍山,荣信电力电子股份有限公司,firm,27,8
鞍山,鞍钢集团工程技术有限公司,firm,21,9
鞍山,鞍山钢铁集团公司,firm,20,10
鞍山,中钢集团鞍山热能研究院有限公司,firm,15,11
鞍山,尚世群,likely_individual,12,12
鞍山,毛国武,likely_individual,12,13
鞍山,鞍钢建设集团有限公司,firm,12,14
鞍山,鞍钢钢绳有限责任公司,firm,12,15
鞍山,鞍山重型矿山机器股份有限公司,firm,10,16
鞍山,张德胜,likely_individual,9,17
鞍山,鞍山海华油脂化学有限公司,firm,8,18
鞍山,高步,likely_individual,8,19
鞍山,中冶辽宁德龙钢管有限公司,firm,7,20
韶关,广东省韶铸集团有限公司,firm,19,1
韶关,黄武昌,likely_individual,15,2
韶关,韶关学院,university_or_college,13,3
韶关,深圳市中金岭南有色金属股份有限公司凡口铅锌矿,firm,9,4
韶关,成佩秀,likely_individual,8,5
韶关,林庆,likely_individual,7,6
韶关,丽珠集团利民制药厂,firm,6,7
韶关,卿如民,likely_individual,6,8
韶关,江惠贤,likely_individual,6,9
韶关,王东伟,likely_individual,6,10
韶关,蓝智华,likely_individual,6,11
韶关,刘星昭,likely_individual,5,12
韶关,郭恒勋,likely_individual,5,13
韶关,韶关市力冉农业科技有限公司,firm,5,14
韶关,韶关市正星车轮有限公司,firm,5,15
韶关,中健行集团有限公司,firm,4,16
韶关,李细莲,likely_individual,4,17
韶关,深圳市中金岭南有色金属股份有限公司韶关冶炼厂,firm,4,18
韶关,罗元月,likely_individual,4,19
韶关,翁源县申立五金加工厂,firm,4,20
香港,香港中文大学,university_or_college,1,1
香港特别行政区,香港应用科技研究院有限公司,firm,136,1
香港特别行政区,明门香港股份有限公司,firm,115,2
香港特别行政区,香港理工大学,university_or_college,102,3
香港特别行政区,联想创新有限公司(香港),firm,84,4
香港特别行政区,新科实业有限公司,firm,71,5
香港特别行政区,香港中文大学,university_or_college,62,6
香港特别行政区,香港科技大学,university_or_college,62,7
香港特别行政区,杜邦太阳能有限公司,firm,47,8
香港特别行政区,冠捷投资有限公司,firm,33,9
香港特别行政区,香港纺织及成衣研发中心,other_org_or_unclear,33,10
香港特别行政区,国际文具制造厂有限公司,firm,28,11
香港特别行政区,香港大学,university_or_college,28,12
香港特别行政区,雅达电子国际有限公司,firm,26,13
香港特别行政区,香港城市大学,university_or_college,26,14
香港特别行政区,创科实业有限公司,firm,23,15
香港特别行政区,宝钜儿童用品香港股份有限公司,firm,22,16
香港特别行政区,亚洲太阳科技有限公司,firm,19,17
香港特别行政区,百安力钢结构应用科技有限公司,firm,17,18
香港特别行政区,璨扬投资有限公司,firm,15,19
香港特别行政区,耀光联有限公司,firm,15,20
马鞍山,马鞍山钢铁股份有限公司,firm,119,1
马鞍山,安徽工业大学,university_or_college,92,2
马鞍山,中冶华天工程技术有限公司,firm,21,3
马鞍山,中钢集团马鞍山矿山研究院有限公司,firm,17,4
马鞍山,周建安,likely_individual,11,5
马鞍山,杜正林,likely_individual,10,6
马鞍山,中国第十七冶金建设有限公司,firm,9,7
马鞍山,安徽华菱汽车股份有限公司,firm,9,8
马鞍山,安徽奥马特汽车变速系统有限公司,firm,8,9
马鞍山,中国十七冶集团有限公司,firm,7,10
马鞍山,中钢集团安徽天源科技股份有限公司,firm,7,11
马鞍山,中国十七冶建设有限公司,firm,6,12
马鞍山,安徽星马汽车股份有限公司,firm,6,13
马鞍山,安徽东海机床制造有限公司,firm,5,14
马鞍山,安徽天锦云漆业有限公司,firm,5,15
马鞍山,马鞍山市安康菌业有限公司,firm,5,16
马鞍山,马鞍山市恒利达机械刀片有限公司,firm,5,17
马鞍山,安徽泰尔重工股份有限公司,firm,4,18
马鞍山,安徽马钢和菱实业有限公司,firm,4,19
马鞍山,钱和革,likely_individual,4,20
驻马店,陈家斌,likely_individual,64,1
驻马店,周大红,likely_individual,40,2
驻马店,河南省电力公司驻马店供电公司,firm,12,3
驻马店,辛保山,likely_individual,12,4
驻马店,管理,likely_individual,11,5
驻马店,河南天方药业股份有限公司,firm,6,6
驻马店,王庆生,likely_individual,6,7
驻马店,付文生,likely_individual,4,8
驻马店,河南博特电气有限公司,firm,4,9
驻马店,河南省华鼎高分子合成树脂有限公司,firm,4,10
驻马店,河南省天地建筑防水工程有限公司,firm,4,11
驻马店,路根成,likely_individual,4,12
驻马店,魏保全,likely_individual,4,13
驻马店,刘庆顺,likely_individual,3,14
驻马店,朱海山,likely_individual,3,15
驻马店,李大举,likely_individual,3,16
驻马店,李好义,likely_individual,3,17
驻马店,李怀念,likely_individual,3,18
驻马店,栗全正,likely_individual,3,19
驻马店,河南骏化发展股份有限公司,firm,3,20
鸡西,黑龙江省珍宝岛制药有限公司,firm,11,1
鸡西,鲍迎全,likely_individual,6,2
鸡西,郑百祥,likely_individual,5,3
鸡西,黑龙江珍宝岛药业股份有限公司,firm,4,4
鸡西,姜海,likely_individual,3,5
鸡西,鸡西电业局,other_org_or_unclear,3,6
鸡西,常维援,likely_individual,2,7
鸡西,张晓光,likely_individual,2,8
鸡西,杨显,likely_individual,2,9
鸡西,滕树财,likely_individual,2,10
鸡西,焦东道,likely_individual,2,11
鸡西,王克山,likely_individual,2,12
鸡西,王爱国,likely_individual,2,13
鸡西,郑友,likely_individual,2,14
鸡西,金英俊,likely_individual,2,15
鸡西,鸡西市健鑫农业科技开发有限公司,firm,2,16
鸡西,黑龙江省牡丹江农垦奥宇石墨深加工有限公司,firm,2,17
鸡西,于振喜,likely_individual,1,18
鸡西,全文日,likely_individual,1,19
鸡西,冯忠良,likely_individual,1,20
鹤壁,河南省淇县永达食业有限公司,firm,40,1
鹤壁,鹤壁佳多科工贸有限责任公司,firm,9,2
鹤壁,河南大用实业有限公司,firm,8,3
鹤壁,张培霞,likely_individual,6,4
鹤壁,河南天海电器有限公司,firm,6,5
鹤壁,河南永昌飞天淀粉糖有限公司,firm,5,6
鹤壁,河南省电力公司鹤壁供电公司,firm,5,7
鹤壁,鹤壁地恩地新材料科技有限公司,firm,5,8
鹤壁,李海泉,likely_individual,4,9
鹤壁,杨晓陆,likely_individual,4,10
鹤壁,申绍俭,likely_individual,4,11
鹤壁,冯振周,likely_individual,3,12
鹤壁,夏合保,likely_individual,3,13
鹤壁,宁宗法,likely_individual,3,14
鹤壁,张建平,likely_individual,3,15
鹤壁,河南省烟草公司鹤壁市公司,firm,3,16
鹤壁,王洪有,likely_individual,3,17
鹤壁,苏卫星,likely_individual,3,18
鹤壁,鹤壁职业技术学院机电工程学院,university_or_college,3,19
鹤壁,鹤壁银龙有色金属科技有限公司,firm,3,20
鹤岗,黑龙江万禾园油脂有限公司,firm,3,1
鹤岗,张春举,likely_individual,2,2
鹤岗,陶相臣,likely_individual,2,3
鹤岗,韩继福,likely_individual,2,4
鹤岗,于海滨,likely_individual,1,5
鹤岗,仲维铸,likely_individual,1,6
鹤岗,何明忠,likely_individual,1,7
鹤岗,刘国,likely_individual,1,8
鹤岗,刘国斌,likely_individual,1,9
鹤岗,周一臣,likely_individual,1,10
鹤岗,哈药集团三精千鹤望奎制药有限公司,firm,1,11
鹤岗,崔仓红,likely_individual,1,12
鹤岗,徐传祥,likely_individual,1,13
鹤岗,方相坤,likely_individual,1,14
鹤岗,李国祥,likely_individual,1,15
鹤岗,李岩,likely_individual,1,16
鹤岗,杨喜山,likely_individual,1,17
鹤岗,白云鹤,likely_individual,1,18
鹤岗,谢釜峰,likely_individual,1,19
鹤岗,郑家龙,likely_individual,1,20
鹰潭,江西铜业股份有限公司,firm,15,1
鹰潭,江西天施康中药股份有限公司,firm,12,2
鹰潭,江西铜业集团公司,firm,10,3
鹰潭,江西三川水表股份有限公司,firm,7,4
鹰潭,张贵师,likely_individual,5,5
鹰潭,江西三琦药业有限公司,firm,5,6
鹰潭,吴和生,likely_individual,4,7
鹰潭,江西美的贵雅照明有限公司,firm,4,8
鹰潭,周静,likely_individual,3,9
鹰潭,张旺林,likely_individual,3,10
鹰潭,江西同人电子材料有限公司,firm,3,11
鹰潭,陈广义,likely_individual,3,12
鹰潭,吴小云,likely_individual,2,13
鹰潭,周永洪,likely_individual,2,14
鹰潭,孙福标,likely_individual,2,15
鹰潭,段建松,likely_individual,2,16
鹰潭,潘尚斌,likely_individual,2,17
鹰潭,黄清卫,likely_individual,2,18
鹰潭,黄知成,likely_individual,2,19
鹰潭,中国科学院南京土壤研究所,research_institute,1,20
黄冈,湖北贵族真空科技股份有限公司,firm,6,1
黄冈,张顺,likely_individual,5,2
黄冈,湖北怡莲阳光丝绸纺织有限公司,firm,5,3
黄冈,刘圣平,likely_individual,4,4
黄冈,湖北省宏源药业有限公司,firm,4,5
黄冈,湖北祥云(集团)化工股份有限公司,firm,4,6
黄冈,湖北龙翔药业有限公司,firm,4,7
黄冈,冯林,likely_individual,3,8
黄冈,冯立友,likely_individual,3,9
黄冈,曾舟华,likely_individual,3,10
黄冈,湖北五瑞生物工程有限公司,firm,3,11
黄冈,湖北迅达药业股份有限公司,firm,3,12
黄冈,马勒三环气门驱动(湖北)有限公司,firm,3,13
黄冈,丁权,likely_individual,2,14
黄冈,吴顺喜,likely_individual,2,15
黄冈,宋春烨,likely_individual,2,16
黄冈,张五一,likely_individual,2,17
黄冈,朱辉平,likely_individual,2,18
黄冈,梅新光,likely_individual,2,19
黄冈,武穴市龙翔药业有限公司,firm,2,20
黄山,黄山永新股份有限公司,firm,15,1
黄山,杜邦华佳化工有限公司,firm,5,2
黄山,程存照,likely_individual,5,3
黄山,黄山学院,university_or_college,5,4
黄山,黄山市继林机械制造有限公司,firm,5,5
黄山,汪修建,likely_individual,4,6
黄山,黄山皖南机床有限公司,firm,4,7
黄山,陈光辉,likely_individual,3,8
黄山,项晓明,likely_individual,3,9
黄山,黄山好视达通信技术有限公司,firm,3,10
黄山,黄山市汽车电器股份公司,firm,3,11
黄山,黄山市迎客松生物科技有限公司,firm,3,12
黄山,黄山高艺精密制造有限公司,firm,3,13
黄山,安徽省屯溪高压阀门有限公司,firm,2,14
黄山,安徽省祁门黄山药谷生物科技有限公司,firm,2,15
黄山,徐宝生,likely_individual,2,16
黄山,方园,likely_individual,2,17
黄山,歙县绿源环保设备有限公司,firm,2,18
黄山,项美根,likely_individual,2,19
黄山,黄山华兰科技有限公司,firm,2,20
黄石,湖北汇特生物医药技术有限公司,firm,15,1
黄石,劲牌有限公司,firm,13,2
黄石,郭卫康,likely_individual,13,3
黄石,湖北师范学院,university_or_college,8,4
黄石,大冶有色金属公司,firm,6,5
黄石,大冶有色金属集团控股有限公司,firm,6,6
黄石,黄石山力大通热工设备有限公司,firm,6,7
黄石,湖北新冶钢有限公司,firm,5,8
黄石,黄石东贝电器股份有限公司,firm,5,9
黄石,大冶斯瑞尔换热器有限公司,firm,4,10
黄石,宋焕玉,likely_individual,4,11
黄石,湖北三环锻压设备有限公司,firm,4,12
黄石,陈一恒,likely_individual,4,13
黄石,中国十五冶金建设有限公司,firm,3,14
黄石,中铝华中铜业有限公司,firm,3,15
黄石,周现华,likely_individual,3,16
黄石,湖北东神楚天化工有限公司,firm,3,17
黄石,湖北网安科技有限公司,firm,3,18
黄石,邹秀华,likely_individual,3,19
黄石,黄石市建材节能设备总厂,firm,3,20
黑河,陈福库,likely_individual,5,1
黑河,张照民,likely_individual,4,2
黑河,赵守财,likely_individual,4,3
黑河,李宜海,likely_individual,3,4
黑河,陈荣华,likely_individual,3,5
黑河,刘迎辉,likely_individual,2,6
黑河,孙铁岩,likely_individual,2,7
黑河,宋德林,likely_individual,2,8
黑河,小江生物技术有限公司,firm,2,9
黑河,李柏文,likely_individual,2,10
黑河,蔡庆举,likely_individual,2,11
黑河,吕合新,likely_individual,1,12
黑河,吴大川,likely_individual,1,13
黑河,吴宇会,likely_individual,1,14
黑河,孙年超,likely_individual,1,15
黑河,孙恩波,likely_individual,1,16
黑河,张云卿,likely_individual,1,17
黑河,张修春,likely_individual,1,18
黑河,张秋月,likely_individual,1,19
黑河,文海涛,likely_individual,1,20
黔东南苗族侗族自治州,谢显春,likely_individual,8,1
黔东南苗族侗族自治州,张峰,likely_individual,4,2
黔东南苗族侗族自治州,陈国弟,likely_individual,4,3
黔东南苗族侗族自治州,唐笃信,likely_individual,3,4
黔东南苗族侗族自治州,杨再亮,likely_individual,3,5
黔东南苗族侗族自治州,贵州信邦中药发展有限公司,firm,3,6
黔东南苗族侗族自治州,饶友斌,likely_individual,3,7
黔东南苗族侗族自治州,王和付,likely_individual,2,8
黔东南苗族侗族自治州,贵州三元太宝实业股份有限公司,firm,2,9
黔东南苗族侗族自治州,中国振华集团华联无线电器材厂,firm,1,10
黔东南苗族侗族自治州,习杨,likely_individual,1,11
黔东南苗族侗族自治州,冯廷萃,likely_individual,1,12
黔东南苗族侗族自治州,刘兴海,likely_individual,1,13
黔东南苗族侗族自治州,向祖龙,likely_individual,1,14
黔东南苗族侗族自治州,吴佳莹,likely_individual,1,15
黔东南苗族侗族自治州,吴展航,likely_individual,1,16
黔东南苗族侗族自治州,吴运昇,likely_individual,1,17
黔东南苗族侗族自治州,吴通成,likely_individual,1,18
黔东南苗族侗族自治州,周安斌,likely_individual,1,19
黔东南苗族侗族自治州,姚儒,likely_individual,1,20
黔南布依族苗族自治州,时扬,likely_individual,4,1
黔南布依族苗族自治州,贵定锦江娃娃鱼开发有限公司,firm,4,2
黔南布依族苗族自治州,沈勇,likely_individual,3,3
黔南布依族苗族自治州,陈严,likely_individual,3,4
黔南布依族苗族自治州,张永康,likely_individual,2,5
黔南布依族苗族自治州,杨哲凡,likely_individual,2,6
黔南布依族苗族自治州,杨峰,likely_individual,2,7
黔南布依族苗族自治州,蔡邦红,likely_individual,2,8
黔南布依族苗族自治州,贵州天福化工有限责任公司,firm,2,9
黔南布依族苗族自治州,贵州瓮福蓝天氟化工股份有限公司,firm,2,10
黔南布依族苗族自治州,都匀贵航东方机床有限公司,firm,2,11
黔南布依族苗族自治州,险峰机床厂,firm,2,12
黔南布依族苗族自治州,何艳,likely_individual,1,13
黔南布依族苗族自治州,唐翊程,likely_individual,1,14
黔南布依族苗族自治州,喻才,likely_individual,1,15
黔南布依族苗族自治州,孟庆剑,likely_individual,1,16
黔南布依族苗族自治州,张德民,likely_individual,1,17
黔南布依族苗族自治州,张祥麟,likely_individual,1,18
黔南布依族苗族自治州,张荣华,likely_individual,1,19
黔南布依族苗族自治州,彭勇,likely_individual,1,20
黔西南布依族苗族自治州,潘代恩,likely_individual,10,1
黔西南布依族苗族自治州,贵州兴化化工股份有限公司,firm,2,2
黔西南布依族苗族自治州,贵州省亚热带作物研究所,research_institute,2,3
黔西南布依族苗族自治州,中国南方电网有限责任公司调峰调频发电公司天生桥水力发电总厂,firm,1,4
黔西南布依族苗族自治州,安龙县康天生态产业开发有限责任公司,firm,1,5
黔西南布依族苗族自治州,康信勇,likely_individual,1,6
黔西南布依族苗族自治州,徐勇,likely_individual,1,7
黔西南布依族苗族自治州,景琳,likely_individual,1,8
黔西南布依族苗族自治州,李搏,likely_individual,1,9
黔西南布依族苗族自治州,李斯平,likely_individual,1,10
黔西南布依族苗族自治州,林伟,likely_individual,1,11
黔西南布依族苗族自治州,潘胜兰,likely_individual,1,12
黔西南布依族苗族自治州,王作飞,likely_individual,1,13
黔西南布依族苗族自治州,贵州宜化化工有限责任公司,firm,1,14
黔西南布依族苗族自治州,贵州桑立洁净能源科技开发有限公司,firm,1,15
黔西南布依族苗族自治州,贵州盛峰药用包装有限公司,firm,1,16
黔西南布依族苗族自治州,贵州省安龙县金州食品科技开发有限公司,firm,1,17
黔西南布依族苗族自治州,贵州省烟草公司黔西南州公司,firm,1,18
黔西南布依族苗族自治州,贵州荣发制药有限责任公司,firm,1,19
黔西南布依族苗族自治州,郑昌茂,likely_individual,1,20
齐齐哈尔,齐齐哈尔轨道交通装备有限责任公司,firm,83,1
齐齐哈尔,齐齐哈尔大学,university_or_college,45,2
齐齐哈尔,中国第一重型机械股份公司,firm,31,3
齐齐哈尔,吴小平,likely_individual,19,4
齐齐哈尔,齐齐哈尔二机床(集团)有限责任公司,firm,13,5
齐齐哈尔,中国第一重型机械集团公司,firm,12,6
齐齐哈尔,安泰生物工程股份有限公司,firm,6,7
齐齐哈尔,齐重数控装备股份有限公司,firm,5,8
齐齐哈尔,齐齐哈尔医学院,university_or_college,5,9
齐齐哈尔,丁海波,likely_individual,4,10
齐齐哈尔,卜继武,likely_individual,4,11
齐齐哈尔,邢建国,likely_individual,4,12
齐齐哈尔,齐齐哈尔华工机床制造有限公司,firm,4,13
齐齐哈尔,齐齐哈尔电业局,other_org_or_unclear,4,14
齐齐哈尔,齐齐哈尔雄鹰猎弹有限公司,firm,4,15
齐齐哈尔,包良玉,likely_individual,3,16
齐齐哈尔,周立富,likely_individual,3,17
齐齐哈尔,张朝斌,likely_individual,3,18
齐齐哈尔,曹聿哲,likely_individual,3,19
齐齐哈尔,李树春,likely_individual,3,20
龙岩,黄灿荣,likely_individual,43,1
龙岩,紫金矿业集团股份有限公司,firm,34,2
龙岩,龙岩烟草工业有限责任公司,firm,25,3
龙岩,谢庆生,likely_individual,22,4
龙岩,福建龙净环保股份有限公司,firm,13,5
龙岩,龚炳生,likely_individual,8,6
龙岩,罗日良,likely_individual,7,7
龙岩,福建瑞森化工有限公司,firm,6,8
龙岩,罗诚,likely_individual,6,9
龙岩,龙岩成冠纺织有限公司,firm,6,10
龙岩,沈开宇,likely_individual,5,11
龙岩,福建金鑫钨业股份有限公司,firm,5,12
龙岩,刘庭驹,likely_individual,4,13
龙岩,刘荣坤,likely_individual,4,14
龙岩,温金龙,likely_individual,4,15
龙岩,陈永如,likely_individual,4,16
龙岩,龙岩科力达橡塑有限公司,firm,4,17
龙岩,兰如根,likely_individual,3,18
龙岩,德泓(福建)光电科技有限公司,firm,3,19
龙岩,福建侨龙专用汽车有限公司,firm,3,20
