city,applicant_norm,clean_type,patents,applicant,rank_baseline
七台河,王乃时,individual,3,王乃时,1
七台河,魏熙臣,individual,3,魏熙臣,2
七台河,王安,individual,2,王安,3
七台河,王福春,individual,2,王福春,4
七台河,邱延海,individual,2,邱延海,5
七台河,七台河电业局,other,1,七台河电业局,6
七台河,侯志敏,individual,1,侯志敏,7
七台河,勃利县恒气炉制造厂,firm,1,勃利县恒气炉制造厂,8
七台河,勃利县森清能源开发有限公司,firm,1,勃利县森清能源开发有限公司,9
七台河,史兴海,individual,1,史兴海,10
七台河,吴志环,individual,1,吴志环,11
七台河,吴长明,individual,1,吴长明,12
七台河,周利臣,individual,1,周利臣,13
七台河,夏鑫宇,individual,1,夏鑫宇,14
七台河,姚勇,individual,1,姚勇,15
七台河,孙朝启,individual,1,孙朝启,16
七台河,张宏昌,individual,1,张宏昌,17
七台河,张辉,individual,1,张辉,18
七台河,戴振伟,individual,1,戴振伟,19
七台河,朱文强,individual,1,朱文强,20
万宁,中国医学科学院药用植物研究所海南分所,univ,7,中国医学科学院药用植物研究所海南分所,1
万宁,中国热带农业科学院香料饮料研究所,univ,7,中国热带农业科学院香料饮料研究所,2
万宁,海南省兴隆华侨农场咖啡厂,firm,2,海南省兴隆华侨农场咖啡厂,3
万宁,谭永福,individual,2,谭永福,4
万宁,段世荣,individual,1,段世荣,5
万宁,符施春,individual,1,符施春,6
三亚,三亚市南繁科学技术研究院,research,6,三亚市南繁科学技术研究院,1
三亚,陈跃明,individual,5,陈跃明,2
三亚,中国水产科学研究院南海水产研究所热带水产研究开发中心,research,3,中国水产科学研究院南海水产研究所热带水产研究开发中心,3
三亚,蔡春生,individual,3,蔡春生,4
三亚,海南海德热带农业资源研究所有限公司,firm,2,海南海德热带农业资源研究所有限公司,5
三亚,三亚海润珠宝有限公司,firm,1,三亚海润珠宝有限公司,6
三亚,三亚百泰微纳生物工程有限公司,firm,1,三亚百泰微纳生物工程有限公司,7
三亚,孙元斌,individual,1,孙元斌,8
三亚,李建权,individual,1,李建权,9
三亚,海南瑞泽新型建材股份有限公司,firm,1,海南瑞泽新型建材股份有限公司,10
三亚,王德福,individual,1,王德福,11
三亚,益科博能源设备(三亚)有限公司,firm,1,益科博能源设备(三亚)有限公司,12
三亚,辛力学,other,1,辛力学,13
三亚,陈宏,individual,1,陈宏,14
三亚,黄元卓,individual,1,黄元卓,15
三明,智胜化工股份有限公司,firm,10,智胜化工股份有限公司,1
三明,福建海峡科化股份有限公司,firm,7,福建海峡科化股份有限公司,2
三明,三明华健生物工程有限公司,firm,6,三明华健生物工程有限公司,3
三明,福建省麦丹生物集团有限公司,firm,5,福建省麦丹生物集团有限公司,4
三明,黄必录,individual,5,黄必录,5
三明,健盛食品股份有限公司,firm,4,健盛食品股份有限公司,6
三明,沙县宏盛塑料有限公司,firm,4,沙县宏盛塑料有限公司,7
三明,福建三钢闽光股份有限公司,firm,4,福建三钢闽光股份有限公司,8
三明,福建省汉堂生物制药股份有限公司,firm,4,福建省汉堂生物制药股份有限公司,9
三明,绿田(福建)食品有限公司,firm,4,绿田(福建)食品有限公司,10
三明,三明学院,univ,3,三明学院,11
三明,刘闽龙,individual,3,刘闽龙,12
三明,杨明杰,individual,3,杨明杰,13
三明,福建华橡自控技术股份有限公司,firm,3,福建华橡自控技术股份有限公司,14
三明,福建环科化工橡胶集团有限公司,firm,3,福建环科化工橡胶集团有限公司,15
三明,福建铙山纸业集团有限公司,firm,3,福建铙山纸业集团有限公司,16
三明,罗云,individual,3,罗云,17
三明,郑承煜,individual,3,郑承煜,18
三明,三明市海斯福化工有限责任公司,firm,2,三明市海斯福化工有限责任公司,19
三明,三明市鑫兴食品有限公司,firm,2,三明市鑫兴食品有限公司,20
三门峡,灵宝市金源矿业有限责任公司,firm,23,灵宝市金源矿业有限责任公司,1
三门峡,河南中原黄金冶炼厂有限责任公司,firm,10,河南中原黄金冶炼厂有限责任公司,2
三门峡,王延玲,individual,9,王延玲,3
三门峡,河南省电力公司三门峡供电公司,firm,6,河南省电力公司三门峡供电公司,4
三门峡,三门峡市峡威化工有限公司,firm,4,三门峡市峡威化工有限公司,5
三门峡,河南容安热工新材料有限公司,firm,4,河南容安热工新材料有限公司,6
三门峡,潘治宇,individual,4,潘治宇,7
三门峡,刘宏建,individual,3,刘宏建,8
三门峡,河南孟成生物药业股份有限公司,firm,3,河南孟成生物药业股份有限公司,9
三门峡,河南省湖滨果品加工新技术研究院,research,3,河南省湖滨果品加工新技术研究院,10
三门峡,灵宝市电业局,other,3,灵宝市电业局,11
三门峡,灵宝黄金股份有限公司,firm,3,灵宝黄金股份有限公司,12
三门峡,王安劳,individual,3,王安劳,13
三门峡,薛辉,individual,3,薛辉,14
三门峡,三门峡奥科化工有限公司,firm,2,三门峡奥科化工有限公司,15
三门峡,三门峡市新仰韶合成料有限公司,firm,2,三门峡市新仰韶合成料有限公司,16
三门峡,三门峡豫鑫路桥工程有限责任公司,firm,2,三门峡豫鑫路桥工程有限责任公司,17
三门峡,三门峡赛诺维制药有限公司,firm,2,三门峡赛诺维制药有限公司,18
三门峡,三门峡龙飞生物工程有限公司,firm,2,三门峡龙飞生物工程有限公司,19
三门峡,冯雨田,individual,2,冯雨田,20
上海,上海交通大学,univ,3121,上海交通大学,1
上海,中芯国际集成电路制造(上海)有限公司,firm,1948,中芯国际集成电路制造(上海)有限公司,2
上海,上海大学,univ,1578,上海大学,3
上海,复旦大学,univ,1511,复旦大学,4
上海,东华大学,univ,1502,东华大学,5
上海,同济大学,univ,1353,同济大学,6
上海,华东理工大学,univ,1070,华东理工大学,7
上海,宝山钢铁股份有限公司,firm,839,宝山钢铁股份有限公司,8
上海,上海华虹NEC电子有限公司,firm,745,上海华虹NEC电子有限公司,9
上海,华东师范大学,univ,574,华东师范大学,10
上海,上海贝尔股份有限公司,firm,514,上海贝尔股份有限公司,11
上海,上海宏力半导体制造有限公司,firm,501,上海宏力半导体制造有限公司,12
上海,上海理工大学,univ,482,上海理工大学,13
上海,中国科学院上海微系统与信息技术研究所,univ,458,中国科学院上海微系统与信息技术研究所,14
上海,中国科学院上海硅酸盐研究所,univ,445,中国科学院上海硅酸盐研究所,15
上海,上海微电子装备有限公司,firm,436,上海微电子装备有限公司,16
上海,中国科学院上海光学精密机械研究所,univ,364,中国科学院上海光学精密机械研究所,17
上海,上海应用技术学院,univ,337,上海应用技术学院,18
上海,中国人民解放军第二军医大学,univ,335,中国人民解放军第二军医大学,19
上海,上海工程技术大学,univ,308,上海工程技术大学,20
上饶,邓学峰,other,16,邓学峰,1
上饶,金雹峰,individual,8,金雹峰,2
上饶,吴赣英,individual,7,吴赣英,3
上饶,上饶旭日冶炼厂,firm,4,上饶旭日冶炼厂,4
上饶,晶科能源有限公司,firm,4,晶科能源有限公司,5
上饶,杨文波,individual,4,杨文波,6
上饶,凤凰光学股份有限公司,firm,3,凤凰光学股份有限公司,7
上饶,刘奇,individual,3,刘奇,8
上饶,占丰存,individual,3,占丰存,9
上饶,江西圣达威电工材料有限公司,firm,3,江西圣达威电工材料有限公司,10
上饶,胡本和,individual,3,胡本和,11
上饶,上饶市天佳新型材料有限公司,firm,2,上饶市天佳新型材料有限公司,12
上饶,上饶师范学院,univ,2,上饶师范学院,13
上饶,余正栋,individual,2,余正栋,14
上饶,倪国梁,individual,2,倪国梁,15
上饶,刘少云,individual,2,刘少云,16
上饶,占志波,individual,2,占志波,17
上饶,朱裕前,individual,2,朱裕前,18
上饶,杨玉梁,individual,2,杨玉梁,19
上饶,柳清高,individual,2,柳清高,20
东方,徐壹一,individual,3,徐壹一,1
东方,周伯霖,individual,1,周伯霖,2
东莞,东莞宏威数码机械有限公司,firm,191,东莞宏威数码机械有限公司,1
东莞,汪晋强,individual,151,汪晋强,2
东莞,王嘉兴,individual,136,王嘉兴,3
东莞,广东生益科技股份有限公司,firm,107,广东生益科技股份有限公司,4
东莞,东莞宇龙通信科技有限公司,firm,90,东莞宇龙通信科技有限公司,5
东莞,何云,individual,79,何云,6
东莞,王莉,individual,77,王莉,7
东莞,东莞新能源科技有限公司,firm,74,东莞新能源科技有限公司,8
东莞,富港电子(东莞)有限公司,firm,68,富港电子(东莞)有限公司,9
东莞,东莞勤上光电股份有限公司,firm,57,东莞勤上光电股份有限公司,10
东莞,何侠,individual,51,何侠,11
东莞,东莞市步步高家用电器有限公司,firm,41,东莞市步步高家用电器有限公司,12
东莞,广东易事特电源股份有限公司,firm,40,广东易事特电源股份有限公司,13
东莞,东莞市万丰纳米材料有限公司,firm,39,东莞市万丰纳米材料有限公司,14
东莞,东莞理工学院,univ,36,东莞理工学院,15
东莞,陈慧婷,individual,36,陈慧婷,16
东莞,马艳荣,individual,36,马艳荣,17
东莞,东莞市飞新达精密机械科技有限公司,firm,35,东莞市飞新达精密机械科技有限公司,18
东莞,谢善情,individual,33,谢善情,19
东莞,东莞万士达液晶显示器有限公司,firm,32,东莞万士达液晶显示器有限公司,20
东营,中国石油大学(华东),univ,234,中国石油大学(华东),1
东营,中国石化集团胜利石油管理局钻井工艺研究院,firm,40,中国石化集团胜利石油管理局钻井工艺研究院,2
东营,中国石油化工股份有限公司胜利油田分公司采油工艺研究院,firm,34,中国石油化工股份有限公司胜利油田分公司采油工艺研究院,3
东营,信义集团公司,firm,27,信义集团公司,4
东营,李华玉,individual,26,李华玉,5
东营,山东万得福实业集团有限公司,firm,25,山东万得福实业集团有限公司,6
东营,胜利油田高原石油装备有限责任公司,firm,23,胜利油田高原石油装备有限责任公司,7
东营,胜利油田胜利动力机械集团有限公司,firm,22,胜利油田胜利动力机械集团有限公司,8
东营,垦利三合新材料科技有限责任公司,firm,17,垦利三合新材料科技有限责任公司,9
东营,白霞,individual,17,白霞,10
东营,胜利油田胜利工程设计咨询有限责任公司,firm,17,胜利油田胜利工程设计咨询有限责任公司,11
东营,东营市正汉海洋食品有限公司,firm,15,东营市正汉海洋食品有限公司,12
东营,张金凤,individual,12,张金凤,13
东营,韩燕,individual,12,韩燕,14
东营,胜利油田胜利勘察设计研究院有限公司,firm,11,胜利油田胜利勘察设计研究院有限公司,15
东营,东营方圆有色金属有限公司,firm,10,东营方圆有色金属有限公司,16
东营,中国石化集团胜利石油管理局,firm,10,中国石化集团胜利石油管理局,17
东营,岳学旺,other,10,岳学旺,18
东营,李富祥,individual,10,李富祥,19
东营,胜利油田新大管业科技发展有限责任公司,firm,10,胜利油田新大管业科技发展有限责任公司,20
中卫,中冶美利纸业股份有限公司,firm,10,中冶美利纸业股份有限公司,1
中卫,宁夏明欣生物制品有限公司,firm,2,宁夏明欣生物制品有限公司,2
中卫,宁夏香山酒业(集团)有限公司,firm,2,宁夏香山酒业(集团)有限公司,3
中卫,郭金龙,individual,2,郭金龙,4
中卫,高永宏,individual,2,高永宏,5
中卫,中冶美利纸业集团有限公司,firm,1,中冶美利纸业集团有限公司,6
中卫,刘金钊,individual,1,刘金钊,7
中卫,宁夏万隆新材料有限公司,firm,1,宁夏万隆新材料有限公司,8
中卫,宁夏中卫大河机床有限责任公司,firm,1,宁夏中卫大河机床有限责任公司,9
中卫,宁夏中宁县早康枸杞开发有限公司,firm,1,宁夏中宁县早康枸杞开发有限公司,10
中卫,宁夏茂弘浆纸化学品有限公司,firm,1,宁夏茂弘浆纸化学品有限公司,11
中卫,张爱平,individual,1,张爱平,12
中卫,王自贵,individual,1,王自贵,13
中卫,马建华,individual,1,马建华,14
中卫,黄博,individual,1,黄博,15
中山,李耀强,individual,55,李耀强,1
中山,雷先鸣,individual,55,雷先鸣,2
中山,中山市奥美森工业有限公司,firm,45,中山市奥美森工业有限公司,3
中山,李运乃,individual,37,李运乃,4
中山,中山大洋电机股份有限公司,firm,33,中山大洋电机股份有限公司,5
中山,广东三和管桩有限公司,firm,32,广东三和管桩有限公司,6
中山,广东三和化工科技有限公司,firm,25,广东三和化工科技有限公司,7
中山,中山伟强科技有限公司,firm,20,中山伟强科技有限公司,8
中山,电子科技大学中山学院,univ,20,电子科技大学中山学院,9
中山,广东铁将军防盗设备有限公司,firm,19,广东铁将军防盗设备有限公司,10
中山,广东通宇通讯设备有限公司,firm,17,广东通宇通讯设备有限公司,11
中山,麦广树,individual,16,麦广树,12
中山,TCL空调器(中山)有限公司,firm,15,TCL空调器(中山)有限公司,13
中山,中山火炬职业技术学院,univ,14,中山火炬职业技术学院,14
中山,国碁电子(中山)有限公司,firm,14,国碁电子(中山)有限公司,15
中山,广东电网公司中山供电局,firm,14,广东电网公司中山供电局,16
中山,顾永洪,individual,14,顾永洪,17
中山,中山华帝燃具股份有限公司,firm,13,中山华帝燃具股份有限公司,18
中山,中山建华管桩有限公司墙体材料分公司,firm,13,中山建华管桩有限公司墙体材料分公司,19
中山,中山爱科数字科技有限公司,firm,13,中山爱科数字科技有限公司,20
临夏回族自治州,牛赫铖,individual,9,牛赫铖,1
临夏回族自治州,甘肃省电力公司刘家峡水电厂,firm,5,甘肃省电力公司刘家峡水电厂,2
临夏回族自治州,临夏州华夏乳品有限责任公司,firm,4,临夏州华夏乳品有限责任公司,3
临夏回族自治州,临夏州云江生态实业有限责任公司,firm,2,临夏州云江生态实业有限责任公司,4
临夏回族自治州,临夏市清河源清真食品有限责任公司,firm,2,临夏市清河源清真食品有限责任公司,5
临夏回族自治州,甘肃宏良皮业股份有限公司,firm,2,甘肃宏良皮业股份有限公司,6
临夏回族自治州,刘明义,individual,1,刘明义,7
临夏回族自治州,和政县华龙乳制品有限公司,firm,1,和政县华龙乳制品有限公司,8
临夏回族自治州,师向东,individual,1,师向东,9
临夏回族自治州,杨雨虹,individual,1,杨雨虹,10
临夏回族自治州,石喆,individual,1,石喆,11
临夏回族自治州,罗守国,individual,1,罗守国,12
临夏回族自治州,胡宝衡,individual,1,胡宝衡,13
临夏回族自治州,金瑞龙,individual,1,金瑞龙,14
临夏回族自治州,马吉利斯,individual,1,马吉利斯,15
临汾,张成赟,individual,36,张成赟,1
临汾,张雷,individual,35,张雷,2
临汾,郝俊峰,individual,20,郝俊峰,3
临汾,王向东,individual,15,王向东,4
临汾,郝亮,individual,15,郝亮,5
临汾,董云,individual,14,董云,6
临汾,吴彦勇,individual,13,吴彦勇,7
临汾,山西师范大学,univ,12,山西师范大学,8
临汾,韩俊峰,individual,12,韩俊峰,9
临汾,侯马市模范机械制造有限公司,firm,11,侯马市模范机械制造有限公司,10
临汾,左霖,individual,8,左霖,11
临汾,李仁,individual,8,李仁,12
临汾,李振宇,individual,8,李振宇,13
临汾,山西平阳重工机械有限责任公司,firm,7,山西平阳重工机械有限责任公司,14
临汾,山西飞虹激光科技有限公司,firm,7,山西飞虹激光科技有限公司,15
临汾,张慧琴,individual,7,张慧琴,16
临汾,山西光宇半导体照明有限公司,firm,6,山西光宇半导体照明有限公司,17
临汾,山西汤荣机械制造股份有限公司,firm,6,山西汤荣机械制造股份有限公司,18
临汾,步新源,individual,6,步新源,19
临汾,武征杰,individual,6,武征杰,20
临沂,鲁南制药集团股份有限公司,firm,119,鲁南制药集团股份有限公司,1
临沂,山东金正大生态工程股份有限公司,firm,95,山东金正大生态工程股份有限公司,2
临沂,山东新时代药业有限公司,firm,57,山东新时代药业有限公司,3
临沂,山东罗欣药业股份有限公司,firm,49,山东罗欣药业股份有限公司,4
临沂,山东宏艺科技股份有限公司,firm,23,山东宏艺科技股份有限公司,5
临沂,山东阜丰生物科技开发有限公司,firm,23,山东阜丰生物科技开发有限公司,6
临沂,张超,individual,12,张超,7
临沂,山东新港企业集团有限公司,firm,11,山东新港企业集团有限公司,8
临沂,陈锋,individual,10,陈锋,9
临沂,施可丰化工股份有限公司,firm,9,施可丰化工股份有限公司,10
临沂,胡顺珍,individual,9,胡顺珍,11
临沂,丁相军,individual,8,丁相军,12
临沂,刘新才,individual,8,刘新才,13
临沂,山东卡特重工有限公司,firm,8,山东卡特重工有限公司,14
临沂,山东圣威新能源有限公司,firm,8,山东圣威新能源有限公司,15
临沂,贾秉成,individual,8,贾秉成,16
临沂,山东华盛农业药械股份有限公司,firm,7,山东华盛农业药械股份有限公司,17
临沂,张立省,individual,7,张立省,18
临沂,徐尉,individual,7,徐尉,19
临沂,李进民,individual,7,李进民,20
临沧,苏玉林,individual,5,苏玉林,1
临沧,云南临沧鑫圆锗业股份有限公司,firm,4,云南临沧鑫圆锗业股份有限公司,2
临沧,云南博尚高岭科技股份有限公司,firm,4,云南博尚高岭科技股份有限公司,3
临沧,云南天鸿高岭矿业有限公司,firm,2,云南天鸿高岭矿业有限公司,4
临沧,石定柱,individual,2,石定柱,5
临沧,云南澜沧江啤酒企业(集团)有限公司,firm,1,云南澜沧江啤酒企业(集团)有限公司,6
临沧,凤庆香竹箐古茶有限责任公司,firm,1,凤庆香竹箐古茶有限责任公司,7
临沧,字德正,individual,1,字德正,8
临沧,安厚才,individual,1,安厚才,9
临沧,徐华勤,individual,1,徐华勤,10
临沧,施明祝,individual,1,施明祝,11
临沧,杨绍林,individual,1,杨绍林,12
临沧,梅根全,individual,1,梅根全,13
临沧,毕会军,other,1,毕会军,14
临沧,王胜阳,individual,1,王胜阳,15
临高县,林飞,individual,7,林飞,1
临高县,王定豪,individual,3,王定豪,2
丹东,丹东东方测控技术有限公司,firm,24,丹东东方测控技术有限公司,1
丹东,丹东奥龙射线仪器有限公司,firm,20,丹东奥龙射线仪器有限公司,2
丹东,丹东克隆集团有限责任公司,firm,16,丹东克隆集团有限责任公司,3
丹东,辽宁恒星精细化工(集团)有限公司,firm,14,辽宁恒星精细化工(集团)有限公司,4
丹东,辽宁曙光汽车集团股份有限公司,firm,11,辽宁曙光汽车集团股份有限公司,5
丹东,东港市慧海海洋生物科技开发有限公司,firm,10,东港市慧海海洋生物科技开发有限公司,6
丹东,于文祥,individual,9,于文祥,7
丹东,东港市低压电器附件厂,firm,8,东港市低压电器附件厂,8
丹东,辽东学院,univ,8,辽东学院,9
丹东,辽宁恒星精细化工有限公司,firm,8,辽宁恒星精细化工有限公司,10
丹东,丹东北方环保工程有限公司,firm,6,丹东北方环保工程有限公司,11
丹东,辽宁精化科技有限公司,firm,6,辽宁精化科技有限公司,12
丹东,丹东华通测控有限公司,firm,5,丹东华通测控有限公司,13
丹东,丹东太智厨房设备有限公司,firm,5,丹东太智厨房设备有限公司,14
丹东,罗毅,individual,5,罗毅,15
丹东,辽宁广天食品有限公司,firm,5,辽宁广天食品有限公司,16
丹东,东港市东方高新金属材料有限公司,firm,4,东港市东方高新金属材料有限公司,17
丹东,丹东华日理学电气有限公司,firm,4,丹东华日理学电气有限公司,18
丹东,丹东市兄弟建材有限公司,firm,4,丹东市兄弟建材有限公司,19
丹东,丹东市承天新能源开发有限公司,firm,4,丹东市承天新能源开发有限公司,20
丽水,蓝子花,individual,20,蓝子花,1
丽水,赵赐安,individual,15,赵赐安,2
丽水,浙江凯恩特种材料股份有限公司,firm,7,浙江凯恩特种材料股份有限公司,3
丽水,丽水市优耐克水性树脂科技有限公司,firm,6,丽水市优耐克水性树脂科技有限公司,4
丽水,浙江池禾化工有限公司,firm,5,浙江池禾化工有限公司,5
丽水,浙江立丰机械零部件有限公司,firm,5,浙江立丰机械零部件有限公司,6
丽水,丽水市红点创意产品设计有限责任公司,firm,4,丽水市红点创意产品设计有限责任公司,7
丽水,叶有奇,individual,4,叶有奇,8
丽水,叶礼奎,individual,4,叶礼奎,9
丽水,徐财泉,individual,4,徐财泉,10
丽水,林素伟,individual,4,林素伟,11
丽水,浙江博威汽车空调有限公司,firm,4,浙江博威汽车空调有限公司,12
丽水,浙江富来森竹炭有限公司,firm,4,浙江富来森竹炭有限公司,13
丽水,浙江省缙云县三鼎实业有限公司,firm,4,浙江省缙云县三鼎实业有限公司,14
丽水,浙江青风制冷设备制造有限公司,firm,4,浙江青风制冷设备制造有限公司,15
丽水,阮红菊,individual,4,阮红菊,16
丽水,丽水市路通机械铸造厂,firm,3,丽水市路通机械铸造厂,17
丽水,丽水职业技术学院,univ,3,丽水职业技术学院,18
丽水,叶竹勤,individual,3,叶竹勤,19
丽水,叶高,individual,3,叶高,20
丽江,云南省农业科学院高山经济植物研究所,univ,16,云南省农业科学院高山经济植物研究所,1
丽江,丽江得一食品有限责任公司,firm,7,丽江得一食品有限责任公司,2
丽江,张云鹏,individual,5,张云鹏,3
丽江,丽江先锋食品开发有限公司,firm,4,丽江先锋食品开发有限公司,4
丽江,宁蒗女儿珍生物工程有限公司,firm,4,宁蒗女儿珍生物工程有限公司,5
丽江,丽江华利生物开发药业有限公司,firm,3,丽江华利生物开发药业有限公司,6
丽江,丽江印象花卉产业有限责任公司,firm,2,丽江印象花卉产业有限责任公司,7
丽江,丽江市农业科学研究所,research,2,丽江市农业科学研究所,8
丽江,丽江程海保尔生物开发有限公司,firm,2,丽江程海保尔生物开发有限公司,9
丽江,冯磊,individual,2,冯磊,10
丽江,华坪县华农科技开发有限责任公司,firm,2,华坪县华农科技开发有限责任公司,11
丽江,芮茂能,individual,2,芮茂能,12
丽江,丽江中源绿色食品有限公司,firm,1,丽江中源绿色食品有限公司,13
丽江,丽江伯符农业科技发展有限公司,firm,1,丽江伯符农业科技发展有限公司,14
丽江,丽江华利生物开发有限责任公司,firm,1,丽江华利生物开发有限责任公司,15
丽江,丽江坤源食品有限公司,firm,1,丽江坤源食品有限公司,16
丽江,云南丽江机床有限公司,firm,1,云南丽江机床有限公司,17
丽江,张永祥,individual,1,张永祥,18
丽江,李玺磊,individual,1,李玺磊,19
丽江,杨创新,individual,1,杨创新,20
乌兰察布,乌兰察布新奥气化采煤技术有限公司,firm,8,乌兰察布新奥气化采煤技术有限公司,1
乌兰察布,关慧明,individual,3,关慧明,2
乌兰察布,任国华,individual,2,任国华,3
乌兰察布,刘广,individual,2,刘广,4
乌兰察布,丁保生,individual,1,丁保生,5
乌兰察布,乌兰察布市集宁区和氏马铃薯食品有限公司,firm,1,乌兰察布市集宁区和氏马铃薯食品有限公司,6
乌兰察布,于彤,individual,1,于彤,7
乌兰察布,兴和兴永碳素有限公司,firm,1,兴和兴永碳素有限公司,8
乌兰察布,内蒙古万豪氟化工有限公司,firm,1,内蒙古万豪氟化工有限公司,9
乌兰察布,内蒙古易通新能源有限责任公司,firm,1,内蒙古易通新能源有限责任公司,10
乌兰察布,内蒙古爱立特纺织有限公司,firm,1,内蒙古爱立特纺织有限公司,11
乌兰察布,内蒙古超牌高岭土有限公司,firm,1,内蒙古超牌高岭土有限公司,12
乌兰察布,孟庆良,individual,1,孟庆良,13
乌兰察布,富广食品集团有限公司,firm,1,富广食品集团有限公司,14
乌兰察布,岳文,individual,1,岳文,15
乌兰察布,张俊,individual,1,张俊,16
乌兰察布,杨太平,individual,1,杨太平,17
乌兰察布,杨守田,individual,1,杨守田,18
乌兰察布,杨树仁,individual,1,杨树仁,19
乌兰察布,杨泽,individual,1,杨泽,20
乌海,康仁,individual,7,康仁,1
乌海,乌海市巨能环保科技开发有限公司,firm,2,乌海市巨能环保科技开发有限公司,2
乌海,乌海市西水水泥有限责任公司,firm,2,乌海市西水水泥有限责任公司,3
乌海,张德君,individual,2,张德君,4
乌海,乌海市三林良种林果苗木开发有限责任公司,firm,1,乌海市三林良种林果苗木开发有限责任公司,5
乌海,乌海市盛远塑胶有限责任公司,firm,1,乌海市盛远塑胶有限责任公司,6
乌海,内蒙古五湖泵业有限公司,firm,1,内蒙古五湖泵业有限公司,7
乌海,内蒙古北方保安民爆器材有限公司,firm,1,内蒙古北方保安民爆器材有限公司,8
乌海,内蒙古君正化工有限责任公司,firm,1,内蒙古君正化工有限责任公司,9
乌海,内蒙古师范大学,univ,1,内蒙古师范大学,10
乌海,内蒙古汉森酒业集团有限公司,firm,1,内蒙古汉森酒业集团有限公司,11
乌海,内蒙古西水创业股份有限公司,firm,1,内蒙古西水创业股份有限公司,12
乌海,刘国钧,individual,1,刘国钧,13
乌海,卢云山,individual,1,卢云山,14
乌海,孙志成,individual,1,孙志成,15
乌海,宋银忠,individual,1,宋银忠,16
乌海,李哲,individual,1,李哲,17
乌海,杜学文,other,1,杜学文,18
乌海,王万明,individual,1,王万明,19
乌海,王晓平,individual,1,王晓平,20
乌鲁木齐,新疆大学,univ,112,新疆大学,1
乌鲁木齐,中国科学院新疆理化技术研究所,univ,104,中国科学院新疆理化技术研究所,2
乌鲁木齐,中国科学院新疆生态与地理研究所,univ,58,中国科学院新疆生态与地理研究所,3
乌鲁木齐,新疆农业大学,univ,50,新疆农业大学,4
乌鲁木齐,宝钢集团新疆八一钢铁有限公司,firm,39,宝钢集团新疆八一钢铁有限公司,5
乌鲁木齐,新疆德蓝股份有限公司,firm,23,新疆德蓝股份有限公司,6
乌鲁木齐,新疆医科大学,univ,22,新疆医科大学,7
乌鲁木齐,新疆农业科学院微生物应用研究所,univ,21,新疆农业科学院微生物应用研究所,8
乌鲁木齐,新疆维吾尔自治区药物研究所,research,17,新疆维吾尔自治区药物研究所,9
乌鲁木齐,新疆金风科技股份有限公司,firm,13,新疆金风科技股份有限公司,10
乌鲁木齐,新疆农业科学院农业机械化研究所,univ,11,新疆农业科学院农业机械化研究所,11
乌鲁木齐,新疆出入境检验检疫局检验检疫技术中心,research,11,新疆出入境检验检疫局检验检疫技术中心,12
乌鲁木齐,乌鲁木齐现代石油化工有限公司,firm,9,乌鲁木齐现代石油化工有限公司,13
乌鲁木齐,于向阳,individual,9,于向阳,14
乌鲁木齐,新疆众和股份有限公司,firm,9,新疆众和股份有限公司,15
乌鲁木齐,新疆维吾尔自治区畜牧科学院中国澳大利亚绵羊育种研究中心,univ,9,新疆维吾尔自治区畜牧科学院中国澳大利亚绵羊育种研究中心,16
乌鲁木齐,新疆天地集团有限公司,firm,8,新疆天地集团有限公司,17
乌鲁木齐,新疆维吾尔自治区中药民族药研究所,research,8,新疆维吾尔自治区中药民族药研究所,18
乌鲁木齐,于瑞德,individual,7,于瑞德,19
乌鲁木齐,周永清,individual,7,周永清,20
乐东黎族自治县,邢睿,individual,1,邢睿,1
乐山,四川东风电机厂有限公司,firm,18,四川东风电机厂有限公司,1
乐山,乐山乐电天威硅业科技有限责任公司,firm,13,乐山乐电天威硅业科技有限责任公司,2
乐山,乐山师范学院,univ,11,乐山师范学院,3
乐山,四川省乐山市福华通达农药科技有限公司,firm,11,四川省乐山市福华通达农药科技有限公司,4
乐山,刘吉彬,individual,7,刘吉彬,5
乐山,四川嘉华企业(集团)股份有限公司,firm,6,四川嘉华企业(集团)股份有限公司,6
乐山,四川明星电缆股份有限公司,firm,6,四川明星电缆股份有限公司,7
乐山,四川永祥多晶硅有限公司,firm,6,四川永祥多晶硅有限公司,8
乐山,四川省富侨工业有限公司,firm,5,四川省富侨工业有限公司,9
乐山,彭树林,individual,5,彭树林,10
乐山,四川平安都市通讯科技有限公司,firm,4,四川平安都市通讯科技有限公司,11
乐山,乐山华发电子科技股份有限公司,firm,3,乐山华发电子科技股份有限公司,12
乐山,乐山晟嘉电气有限公司,firm,3,乐山晟嘉电气有限公司,13
乐山,李晓文,individual,3,李晓文,14
乐山,魏川人,individual,3,魏川人,15
乐山,乐山市五通桥百泰机电厂,firm,2,乐山市五通桥百泰机电厂,16
乐山,乐山永祥硅业有限公司,firm,2,乐山永祥硅业有限公司,17
乐山,伍杰,individual,2,伍杰,18
乐山,刘军华,individual,2,刘军华,19
乐山,周川,individual,2,周川,20
九江,九江学院,univ,20,九江学院,1
九江,蓝星化工新材料股份有限公司江西星火有机硅厂,firm,13,蓝星化工新材料股份有限公司江西星火有机硅厂,2
九江,中铁四局集团第五工程有限公司,firm,12,中铁四局集团第五工程有限公司,3
九江,中铁大桥局集团第五工程有限公司,firm,12,中铁大桥局集团第五工程有限公司,4
九江,江西九江供电公司,firm,7,江西九江供电公司,5
九江,吴鹏,individual,6,吴鹏,6
九江,孙炜,individual,6,孙炜,7
九江,魏琳郎,individual,6,魏琳郎,8
九江,江西旭阳雷迪高科技股份有限公司,firm,5,江西旭阳雷迪高科技股份有限公司,9
九江,九江精密测试技术研究所,research,4,九江精密测试技术研究所,10
九江,奥盛(九江)钢线钢缆有限公司,firm,4,奥盛(九江)钢线钢缆有限公司,11
九江,江西生成卫生用品有限公司,firm,4,江西生成卫生用品有限公司,12
九江,九江中弘电子科技有限公司,firm,3,九江中弘电子科技有限公司,13
九江,九江力山环保科技有限公司,firm,3,九江力山环保科技有限公司,14
九江,劳林安,individual,3,劳林安,15
九江,曹治建,individual,3,曹治建,16
九江,欧阳贵林,individual,3,欧阳贵林,17
九江,江西修水湘赣有色金属有限公司,firm,3,江西修水湘赣有色金属有限公司,18
九江,江西省棉花研究所,research,3,江西省棉花研究所,19
九江,王一田,individual,3,王一田,20
云浮,黄金平,individual,7,黄金平,1
云浮,广东温氏食品集团有限公司,firm,5,广东温氏食品集团有限公司,2
云浮,邓桂成,individual,5,邓桂成,3
云浮,广东大华农动物保健品股份有限公司,firm,4,广东大华农动物保健品股份有限公司,4
云浮,邓仕林,individual,4,邓仕林,5
云浮,冼剑光,individual,3,冼剑光,6
云浮,姚凌,individual,3,姚凌,7
云浮,广东凌丰集团有限公司,firm,2,广东凌丰集团有限公司,8
云浮,广东凌丰集团股份有限公司,firm,2,广东凌丰集团股份有限公司,9
云浮,张乃银,individual,2,张乃银,10
云浮,欧淼森,individual,2,欧淼森,11
云浮,陈伙荣,individual,2,陈伙荣,12
云浮,陈喆,individual,2,陈喆,13
云浮,严巧整,individual,1,严巧整,14
云浮,中材天山(云浮)水泥有限公司,firm,1,中材天山(云浮)水泥有限公司,15
云浮,云浮华南酒庄酒业有限公司,firm,1,云浮华南酒庄酒业有限公司,16
云浮,云浮市九方农业科技发展有限公司,firm,1,云浮市九方农业科技发展有限公司,17
云浮,云浮市云城区创利达石材厂,firm,1,云浮市云城区创利达石材厂,18
云浮,云浮市亚洲石材机械有限公司,firm,1,云浮市亚洲石材机械有限公司,19
云浮,云浮长佳数字科技有限公司,firm,1,云浮长佳数字科技有限公司,20
五指山,占达东,individual,2,占达东,1
五指山,海南制药厂有限公司,firm,2,海南制药厂有限公司,2
五指山,冯晋臣,individual,1,冯晋臣,3
五指山,白燕,individual,1,白燕,4
亳州,陈富中,other,25,陈富中,1
亳州,张春平,individual,19,张春平,2
亳州,张守力,individual,11,张守力,3
亳州,北京同仁堂(亳州)饮片有限责任公司,firm,9,北京同仁堂(亳州)饮片有限责任公司,4
亳州,李宏良,individual,9,李宏良,5
亳州,安徽沪谯中药科技有限公司,firm,6,安徽沪谯中药科技有限公司,6
亳州,安徽济人药业有限公司,firm,5,安徽济人药业有限公司,7
亳州,王干,individual,5,王干,8
亳州,安徽方敏医药有限公司,firm,4,安徽方敏医药有限公司,9
亳州,张誉耀,individual,4,张誉耀,10
亳州,王晓光,individual,4,王晓光,11
亳州,亳州市亳广中药饮片有限公司,firm,3,亳州市亳广中药饮片有限公司,12
亳州,安徽海鑫中药饮片有限公司,firm,3,安徽海鑫中药饮片有限公司,13
亳州,宋华民,individual,3,宋华民,14
亳州,李怀良,individual,3,李怀良,15
亳州,李晓根,individual,3,李晓根,16
亳州,齐运生,individual,3,齐运生,17
亳州,亳州市正和铝业有限公司,firm,2,亳州市正和铝业有限公司,18
亳州,刘云飞,individual,2,刘云飞,19
亳州,卜新意,individual,2,卜新意,20
仙桃,瑞阳汽车零部件(仙桃)有限公司,firm,17,瑞阳汽车零部件(仙桃)有限公司,1
仙桃,仙桃市魏氏生物工程有限责任公司,firm,8,仙桃市魏氏生物工程有限责任公司,2
仙桃,湖北猴王焊材有限公司,firm,8,湖北猴王焊材有限公司,3
仙桃,湖北仙隆化工股份有限公司,firm,6,湖北仙隆化工股份有限公司,4
仙桃,仙桃市中星电子材料有限公司,firm,5,仙桃市中星电子材料有限公司,5
仙桃,仙桃市格瑞化学工业有限公司,firm,4,仙桃市格瑞化学工业有限公司,6
仙桃,湖北新蓝天新材料股份有限公司,firm,4,湖北新蓝天新材料股份有限公司,7
仙桃,湖北天轮机械有限公司,firm,3,湖北天轮机械有限公司,8
仙桃,湖北慧狮塑业股份有限公司,firm,3,湖北慧狮塑业股份有限公司,9
仙桃,湖北蓝科光电有限公司,firm,3,湖北蓝科光电有限公司,10
仙桃,仙桃市中楚化工有限责任公司,firm,2,仙桃市中楚化工有限责任公司,11
仙桃,仙桃市展朋新材料有限公司,firm,2,仙桃市展朋新材料有限公司,12
仙桃,仙桃市蓝天化工有限责任公司,firm,2,仙桃市蓝天化工有限责任公司,13
仙桃,沙本红,individual,2,沙本红,14
仙桃,湖北包旺包装材料有限公司,firm,2,湖北包旺包装材料有限公司,15
仙桃,胡志伟,individual,2,胡志伟,16
仙桃,许高峰,individual,2,许高峰,17
仙桃,邹崇毓,individual,2,邹崇毓,18
仙桃,亚通塑胶(湖北)有限公司,firm,1,亚通塑胶(湖北)有限公司,19
仙桃,仙桃市先达铸造有限公司,firm,1,仙桃市先达铸造有限公司,20
伊春,胡保军,individual,6,胡保军,1
伊春,张广,individual,5,张广,2
伊春,王冰雪,individual,4,王冰雪,3
伊春,王国红,individual,4,王国红,4
伊春,张凤春,individual,3,张凤春,5
伊春,刘志新,individual,2,刘志新,6
伊春,吴坤,individual,2,吴坤,7
伊春,曲元翠,individual,2,曲元翠,8
伊春,朱振华,individual,2,朱振华,9
伊春,李德坤,individual,2,李德坤,10
伊春,王晓辉,individual,2,王晓辉,11
伊春,隋进清,individual,2,隋进清,12
伊春,黑龙江带岭科技开发有限公司,firm,2,黑龙江带岭科技开发有限公司,13
伊春,候俊臣,individual,1,候俊臣,14
伊春,刘志民,individual,1,刘志民,15
伊春,刘文忠,individual,1,刘文忠,16
伊春,刘玉树,individual,1,刘玉树,17
伊春,周一臣,individual,1,周一臣,18
伊春,姚鱼海,individual,1,姚鱼海,19
伊春,寇振荣,individual,1,寇振荣,20
伊犁哈萨克自治州,赵东波,individual,4,赵东波,1
伊犁哈萨克自治州,杨进先,individual,3,杨进先,2
伊犁哈萨克自治州,吴金有,individual,2,吴金有,3
伊犁哈萨克自治州,新疆蓝山屯河新材料有限公司,firm,2,新疆蓝山屯河新材料有限公司,4
伊犁哈萨克自治州,王元昊,individual,2,王元昊,5
伊犁哈萨克自治州,王宏林,individual,2,王宏林,6
伊犁哈萨克自治州,薛万里,individual,2,薛万里,7
伊犁哈萨克自治州,伊犁肖尔布拉克酒业有限责任公司,firm,1,伊犁肖尔布拉克酒业有限责任公司,8
伊犁哈萨克自治州,伍青春,individual,1,伍青春,9
伊犁哈萨克自治州,华提江加合甫拜,other,1,华提江加合甫拜,10
伊犁哈萨克自治州,哈里旦吐尔逊,other,1,哈里旦吐尔逊,11
伊犁哈萨克自治州,奎屯达亿石油化工科技有限公司,firm,1,奎屯达亿石油化工科技有限公司,12
伊犁哈萨克自治州,姑丽苏木努尔拜西,other,1,姑丽苏木努尔拜西,13
伊犁哈萨克自治州,安琪酵母(伊犁)有限公司,firm,1,安琪酵母(伊犁)有限公司,14
伊犁哈萨克自治州,宋光宇,individual,1,宋光宇,15
伊犁哈萨克自治州,廖运燕,individual,1,廖运燕,16
伊犁哈萨克自治州,张志远,individual,1,张志远,17
伊犁哈萨克自治州,张明江,individual,1,张明江,18
伊犁哈萨克自治州,张春敏,individual,1,张春敏,19
伊犁哈萨克自治州,张省生,individual,1,张省生,20
佛山,佛山市顺德区顺达电脑厂有限公司,firm,275,佛山市顺德区顺达电脑厂有限公司,1
佛山,美的集团有限公司,firm,269,美的集团有限公司,2
佛山,广东美的电器股份有限公司,firm,181,广东美的电器股份有限公司,3
佛山,广东新宝电器股份有限公司,firm,151,广东新宝电器股份有限公司,4
佛山,佛山市顺德区汉达精密电子科技有限公司,firm,122,佛山市顺德区汉达精密电子科技有限公司,5
佛山,广东联塑科技实业有限公司,firm,109,广东联塑科技实业有限公司,6
佛山,李贵祥,individual,82,李贵祥,7
佛山,广东格兰仕集团有限公司,firm,75,广东格兰仕集团有限公司,8
佛山,海信科龙电器股份有限公司,firm,72,海信科龙电器股份有限公司,9
佛山,广东美芝制冷设备有限公司,firm,71,广东美芝制冷设备有限公司,10
佛山,佛山普立华科技有限公司,firm,69,佛山普立华科技有限公司,11
佛山,广东志高空调有限公司,firm,67,广东志高空调有限公司,12
佛山,佛山市海天调味食品有限公司,firm,42,佛山市海天调味食品有限公司,13
佛山,伍志勇,individual,39,伍志勇,14
佛山,广东中显科技有限公司,firm,39,广东中显科技有限公司,15
佛山,广东松下环境系统有限公司,firm,37,广东松下环境系统有限公司,16
佛山,冼泰来,individual,31,冼泰来,17
佛山,黎秋萍,individual,31,黎秋萍,18
佛山,广东科达机电股份有限公司,firm,30,广东科达机电股份有限公司,19
佛山,韩燕,individual,30,韩燕,20
佳木斯,佳木斯大学,univ,23,佳木斯大学,1
佳木斯,姚福才,individual,9,姚福才,2
佳木斯,刘永明,individual,7,刘永明,3
佳木斯,宋亚力,individual,5,宋亚力,4
佳木斯,黑龙江龙煤卓异救援装备科技有限公司,firm,5,黑龙江龙煤卓异救援装备科技有限公司,5
佳木斯,佳木斯三和亚麻纺织有限责任公司,firm,4,佳木斯三和亚麻纺织有限责任公司,6
佳木斯,钦焕宇,individual,3,钦焕宇,7
佳木斯,黑龙江沃尔德电缆有限公司,firm,3,黑龙江沃尔德电缆有限公司,8
佳木斯,黑龙江迪尔制药机械有限责任公司,firm,3,黑龙江迪尔制药机械有限责任公司,9
佳木斯,佳木斯电业局,other,2,佳木斯电业局,10
佳木斯,杜臣,individual,2,杜臣,11
佳木斯,胡明,individual,2,胡明,12
佳木斯,谢丁佳,individual,2,谢丁佳,13
佳木斯,陈玉良,individual,2,陈玉良,14
佳木斯,陈金旭,individual,2,陈金旭,15
佳木斯,黄晓东,individual,2,黄晓东,16
佳木斯,于敏,individual,1,于敏,17
佳木斯,于莲,individual,1,于莲,18
佳木斯,代瑞华,individual,1,代瑞华,19
佳木斯,佳木斯三江水飞蓟素制品有限公司,firm,1,佳木斯三江水飞蓟素制品有限公司,20
保定,河北农业大学,univ,127,河北农业大学,1
保定,保定天威集团有限公司,firm,104,保定天威集团有限公司,2
保定,华北电力大学(保定),univ,104,华北电力大学(保定),3
保定,河北大学,univ,66,河北大学,4
保定,中国乐凯胶片集团公司,firm,60,中国乐凯胶片集团公司,5
保定,英利能源(中国)有限公司,firm,38,英利能源(中国)有限公司,6
保定,长城汽车股份有限公司,firm,29,长城汽车股份有限公司,7
保定,中国石油集团东方地球物理勘探有限责任公司,firm,26,中国石油集团东方地球物理勘探有限责任公司,8
保定,风帆股份有限公司,firm,20,风帆股份有限公司,9
保定,刘爱东,individual,17,刘爱东,10
保定,河北省农林科学院植物保护研究所,univ,12,河北省农林科学院植物保护研究所,11
保定,凌云工业股份有限公司,firm,10,凌云工业股份有限公司,12
保定,巨力索具股份有限公司,firm,10,巨力索具股份有限公司,13
保定,杨更亮,individual,10,杨更亮,14
保定,药都制药集团股份有限公司,firm,9,药都制药集团股份有限公司,15
保定,保定维特瑞交通设施工程有限责任公司,firm,8,保定维特瑞交通设施工程有限责任公司,16
保定,苑宝义,individual,8,苑宝义,17
保定,保定惠阳航空螺旋桨制造厂,firm,7,保定惠阳航空螺旋桨制造厂,18
保定,保定钞票纸业有限公司,firm,7,保定钞票纸业有限公司,19
保定,赵云现,individual,7,赵云现,20
保山,云南永昌铅锌股份有限公司,firm,4,云南永昌铅锌股份有限公司,1
保山,李桂云,individual,4,李桂云,2
保山,车培国,individual,4,车培国,3
保山,陈亚忠,individual,4,陈亚忠,4
保山,保山奥新绿色资源开发有限公司,firm,3,保山奥新绿色资源开发有限公司,5
保山,保山市林业技术推广总站,other,3,保山市林业技术推广总站,6
保山,云南景兰热作科技有限责任公司,firm,2,云南景兰热作科技有限责任公司,7
保山,云南省农业科学院热带亚热带经济作物研究所,univ,2,云南省农业科学院热带亚热带经济作物研究所,8
保山,云南省烟草公司保山市公司,firm,2,云南省烟草公司保山市公司,9
保山,吕建中,other,2,吕建中,10
保山,艾习寿,individual,2,艾习寿,11
保山,于跃廷,individual,1,于跃廷,12
保山,余家贵,individual,1,余家贵,13
保山,保山市映山红甜柿开发有限公司,firm,1,保山市映山红甜柿开发有限公司,14
保山,刘东才,individual,1,刘东才,15
保山,左卫宁,individual,1,左卫宁,16
保山,康祖明,individual,1,康祖明,17
保山,普加宏,individual,1,普加宏,18
保山,李兆荣,individual,1,李兆荣,19
保山,李绍华,individual,1,李绍华,20
信阳,河南省电力公司信阳供电公司,firm,11,河南省电力公司信阳供电公司,1
信阳,信阳天意节能技术有限公司,firm,5,信阳天意节能技术有限公司,2
信阳,信阳师范学院,univ,5,信阳师范学院,3
信阳,南阳天意保温耐火材料有限公司,firm,5,南阳天意保温耐火材料有限公司,4
信阳,河南羚锐制药股份有限公司,firm,5,河南羚锐制药股份有限公司,5
信阳,中国人民解放军空军第一航空学院,univ,3,中国人民解放军空军第一航空学院,6
信阳,商城县开源环保设备有限公司,firm,3,商城县开源环保设备有限公司,7
信阳,孟凡刚,individual,3,孟凡刚,8
信阳,河南黄国粮业有限公司,firm,3,河南黄国粮业有限公司,9
信阳,路林茫,individual,3,路林茫,10
信阳,马国军,individual,3,马国军,11
信阳,信阳市上天梯恒源矿业有限公司,firm,2,信阳市上天梯恒源矿业有限公司,12
信阳,倪逢寅,individual,2,倪逢寅,13
信阳,关兵,individual,2,关兵,14
信阳,凯蒂(信阳)新型材料有限公司,firm,2,凯蒂(信阳)新型材料有限公司,15
信阳,吴长青,individual,2,吴长青,16
信阳,周作崇,individual,2,周作崇,17
信阳,尚作运,individual,2,尚作运,18
信阳,张正辉,individual,2,张正辉,19
信阳,江传龙,individual,2,江传龙,20
儋州,张珉,individual,8,张珉,1
儋州,李隆基,individual,1,李隆基,2
儋州,罗春青,individual,1,罗春青,3
儋州,袁琦,individual,1,袁琦,4
克孜勒苏柯尔克孜自治州,吉风旺,individual,1,吉风旺,1
克拉玛依,中国石油集团西部钻探工程有限公司,firm,19,中国石油集团西部钻探工程有限公司,1
克拉玛依,西部钻探克拉玛依钻井工艺研究院,research,10,西部钻探克拉玛依钻井工艺研究院,2
克拉玛依,新疆威奥科技股份有限公司,firm,9,新疆威奥科技股份有限公司,3
克拉玛依,中国石油集团西部钻探工程有限公司克拉玛依钻井工艺研究院,firm,7,中国石油集团西部钻探工程有限公司克拉玛依钻井工艺研究院,4
克拉玛依,中国石油新疆油田分公司采油工艺研究院,firm,6,中国石油新疆油田分公司采油工艺研究院,5
克拉玛依,徐洪德,individual,6,徐洪德,6
克拉玛依,新疆华易石油工程技术有限公司,firm,6,新疆华易石油工程技术有限公司,7
克拉玛依,新疆石油管理局试油公司,firm,5,新疆石油管理局试油公司,8
克拉玛依,新疆石油管理局采油工艺研究院,research,5,新疆石油管理局采油工艺研究院,9
克拉玛依,于荣,individual,4,于荣,10
克拉玛依,新疆油田勘察设计研究院,research,4,新疆油田勘察设计研究院,11
克拉玛依,新疆石油工程建设有限责任公司,firm,4,新疆石油工程建设有限责任公司,12
克拉玛依,新疆科力新技术发展有限公司,firm,4,新疆科力新技术发展有限公司,13
克拉玛依,中国石油天然气集团公司,firm,3,中国石油天然气集团公司,14
克拉玛依,克拉玛依市金山石油化工有限公司,firm,3,克拉玛依市金山石油化工有限公司,15
克拉玛依,宋志亮,individual,3,宋志亮,16
克拉玛依,新疆石油勘察研究设计院(有限公司),firm,3,新疆石油勘察研究设计院(有限公司),17
克拉玛依,新疆石油管理局井下作业公司,firm,3,新疆石油管理局井下作业公司,18
克拉玛依,新疆石油管理局机械制造总公司,firm,3,新疆石油管理局机械制造总公司,19
克拉玛依,贾新成,individual,3,贾新成,20
六安,秦才东,individual,13,秦才东,1
六安,司红康,other,10,司红康,2
六安,孙毅,individual,7,孙毅,3
六安,安徽大昌矿业集团有限公司,firm,6,安徽大昌矿业集团有限公司,4
六安,安徽应流集团霍山铸造有限公司,firm,5,安徽应流集团霍山铸造有限公司,5
六安,安徽世华化工有限公司,firm,4,安徽世华化工有限公司,6
六安,安徽博微长安电子有限公司,firm,4,安徽博微长安电子有限公司,7
六安,安徽格义清洁能源技术有限公司,firm,4,安徽格义清洁能源技术有限公司,8
六安,安徽省舒城三乐童车有限责任公司,firm,4,安徽省舒城三乐童车有限责任公司,9
六安,朱守新,individual,4,朱守新,10
六安,六安新宇节能科技有限公司,firm,3,六安新宇节能科技有限公司,11
六安,刘文,individual,3,刘文,12
六安,刘明江,individual,3,刘明江,13
六安,姚俊,individual,3,姚俊,14
六安,安徽世林照明股份有限公司,firm,3,安徽世林照明股份有限公司,15
六安,安徽应流铸业有限公司,firm,3,安徽应流铸业有限公司,16
六安,张同金,individual,3,张同金,17
六安,舒城瑞宇涂料有限公司,firm,3,舒城瑞宇涂料有限公司,18
六安,六安亿牛有机肥生产基地,other,2,六安亿牛有机肥生产基地,19
六安,六安市金土地农业科普示范园,other,2,六安市金土地农业科普示范园,20
六盘水,王旭光,individual,7,王旭光,1
六盘水,唐健,individual,3,唐健,2
六盘水,强建民,individual,2,强建民,3
六盘水,徐东贵,individual,2,徐东贵,4
六盘水,徐建成,individual,2,徐建成,5
六盘水,首钢水城钢铁(集团)有限责任公司,firm,2,首钢水城钢铁(集团)有限责任公司,6
六盘水,龚定军,individual,2,龚定军,7
六盘水,付尚松,individual,1,付尚松,8
六盘水,代源松,individual,1,代源松,9
六盘水,何终毅,individual,1,何终毅,10
六盘水,六盘水威箐焦化有限公司,firm,1,六盘水威箐焦化有限公司,11
六盘水,六盘水神驰生物科技有限公司,firm,1,六盘水神驰生物科技有限公司,12
六盘水,孙开付,individual,1,孙开付,13
六盘水,宋邦娟,individual,1,宋邦娟,14
六盘水,张建一,individual,1,张建一,15
六盘水,曾天锐,individual,1,曾天锐,16
六盘水,李艳,individual,1,李艳,17
六盘水,桂希衡,individual,1,桂希衡,18
六盘水,王元祥,individual,1,王元祥,19
六盘水,盘江煤电(集团)煤矿设计研究院有限公司,firm,1,盘江煤电(集团)煤矿设计研究院有限公司,20
兰州,中国科学院兰州化学物理研究所,univ,218,中国科学院兰州化学物理研究所,1
兰州,西北师范大学,univ,215,西北师范大学,2
兰州,兰州大学,univ,177,兰州大学,3
兰州,兰州理工大学,univ,177,兰州理工大学,4
兰州,中国航天科技集团公司第五研究院第五一○研究所,firm,94,中国航天科技集团公司第五研究院第五一○研究所,5
兰州,中国农业科学院兰州兽医研究所,univ,55,中国农业科学院兰州兽医研究所,6
兰州,甘肃农业大学,univ,50,甘肃农业大学,7
兰州,甘肃奇正藏药有限公司,firm,46,甘肃奇正藏药有限公司,8
兰州,中国科学院近代物理研究所,univ,41,中国科学院近代物理研究所,9
兰州,中国移动通信集团甘肃有限公司,firm,36,中国移动通信集团甘肃有限公司,10
兰州,中国石油兰州石油化工公司,firm,33,中国石油兰州石油化工公司,11
兰州,兰州交通大学,univ,31,兰州交通大学,12
兰州,中国农业科学院兰州畜牧与兽药研究所,univ,28,中国农业科学院兰州畜牧与兽药研究所,13
兰州,天华化工机械及自动化研究设计院,research,21,天华化工机械及自动化研究设计院,14
兰州,李红玉,individual,21,李红玉,15
兰州,北方涂料工业研究设计院,research,17,北方涂料工业研究设计院,16
兰州,中国市政工程西北设计研究院有限公司,firm,14,中国市政工程西北设计研究院有限公司,17
兰州,中国科学院寒区旱区环境与工程研究所,univ,14,中国科学院寒区旱区环境与工程研究所,18
兰州,中国航天科技集团公司第五研究院第五一〇研究所,firm,14,中国航天科技集团公司第五研究院第五一〇研究所,19
兰州,甘肃省农业科学院农产品贮藏加工研究所,univ,14,甘肃省农业科学院农产品贮藏加工研究所,20
兴安盟,王焕元,individual,4,王焕元,1
兴安盟,吴荣梅,individual,3,吴荣梅,2
兴安盟,李相前,individual,3,李相前,3
兴安盟,刘忠波,individual,2,刘忠波,4
兴安盟,孟祥玉,individual,2,孟祥玉,5
兴安盟,张纯杰,individual,2,张纯杰,6
兴安盟,万国瑞,individual,1,万国瑞,7
兴安盟,周凤东,individual,1,周凤东,8
兴安盟,张建军,individual,1,张建军,9
兴安盟,敖景顺,individual,1,敖景顺,10
兴安盟,李桂华,individual,1,李桂华,11
兴安盟,李润彬,individual,1,李润彬,12
兴安盟,李银山,individual,1,李银山,13
兴安盟,王善堂,individual,1,王善堂,14
兴安盟,王玉,individual,1,王玉,15
兴安盟,白兴华,individual,1,白兴华,16
兴安盟,管圣林,individual,1,管圣林,17
兴安盟,袁永臣,individual,1,袁永臣,18
兴安盟,赵东浩,individual,1,赵东浩,19
内江,蒋奉国,individual,10,蒋奉国,1
内江,郑晓容,individual,10,郑晓容,2
内江,隆昌山川精密焊管有限责任公司,firm,9,隆昌山川精密焊管有限责任公司,3
内江,王鑫弘,individual,8,王鑫弘,4
内江,中铁隆昌铁路器材有限公司,firm,6,中铁隆昌铁路器材有限公司,5
内江,邹世才,individual,6,邹世才,6
内江,四川梓橦宫药业有限公司,firm,4,四川梓橦宫药业有限公司,7
内江,四川省川威集团有限公司,firm,3,四川省川威集团有限公司,8
内江,李勤坤,individual,3,李勤坤,9
内江,李开超,individual,3,李开超,10
内江,内江天科化工有限责任公司,firm,2,内江天科化工有限责任公司,11
内江,叶伦志,individual,2,叶伦志,12
内江,四川电力建设三公司,firm,2,四川电力建设三公司,13
内江,四川白塔新联兴陶瓷集团有限责任公司,firm,2,四川白塔新联兴陶瓷集团有限责任公司,14
内江,朱楷,individual,2,朱楷,15
内江,李勤昆,individual,2,李勤昆,16
内江,李强,individual,2,李强,17
内江,伍志权,individual,1,伍志权,18
内江,内江市帆航制钉有限责任公司,firm,1,内江市帆航制钉有限责任公司,19
内江,内江市效率源信息安全技术有限责任公司,firm,1,内江市效率源信息安全技术有限责任公司,20
凉山彝族自治州,郑鉴忠,individual,11,郑鉴忠,1
凉山彝族自治州,王文祥,individual,10,王文祥,2
凉山彝族自治州,四川环太实业有限责任公司,firm,6,四川环太实业有限责任公司,3
凉山彝族自治州,赵明生,individual,5,赵明生,4
凉山彝族自治州,中国人民解放军63796部队,other,4,中国人民解放军63796部队,5
凉山彝族自治州,西昌学院,univ,4,西昌学院,6
凉山彝族自治州,西昌航飞苦荞科技发展有限公司,firm,4,西昌航飞苦荞科技发展有限公司,7
凉山彝族自治州,四川省电力公司西昌电业局,firm,3,四川省电力公司西昌电业局,8
凉山彝族自治州,杨显林,individual,3,杨显林,9
凉山彝族自治州,西昌新钒钛有限公司,firm,3,西昌新钒钛有限公司,10
凉山彝族自治州,西昌电业局,other,3,西昌电业局,11
凉山彝族自治州,何爱民,individual,2,何爱民,12
凉山彝族自治州,四川省烟草公司凉山州公司,firm,2,四川省烟草公司凉山州公司,13
凉山彝族自治州,张兴仕,individual,2,张兴仕,14
凉山彝族自治州,李德地,individual,2,李德地,15
凉山彝族自治州,杨家云,individual,2,杨家云,16
凉山彝族自治州,熊福银,individual,2,熊福银,17
凉山彝族自治州,重庆钢铁集团矿业有限公司太和铁矿,firm,2,重庆钢铁集团矿业有限公司太和铁矿,18
凉山彝族自治州,付明刚,individual,1,付明刚,19
凉山彝族自治州,刘机,individual,1,刘机,20
包头,内蒙古科技大学,univ,69,内蒙古科技大学,1
包头,中冶东方工程技术有限公司,firm,20,中冶东方工程技术有限公司,2
包头,内蒙古北方重工业集团有限公司,firm,14,内蒙古北方重工业集团有限公司,3
包头,内蒙古第一机械制造(集团)有限公司,firm,13,内蒙古第一机械制造(集团)有限公司,4
包头,内蒙古第一机械集团有限公司,firm,13,内蒙古第一机械集团有限公司,5
包头,中国第二冶金建设有限责任公司,firm,12,中国第二冶金建设有限责任公司,6
包头,耿乐,individual,12,耿乐,7
包头,包头稀土研究院,research,10,包头稀土研究院,8
包头,瑞科稀土冶金及功能材料国家工程研究中心有限公司,firm,9,瑞科稀土冶金及功能材料国家工程研究中心有限公司,9
包头,包头中药有限责任公司,firm,8,包头中药有限责任公司,10
包头,包头市京瑞新材料有限公司,firm,7,包头市京瑞新材料有限公司,11
包头,金骄特种新材料(集团)有限公司,firm,7,金骄特种新材料(集团)有限公司,12
包头,中核北方核燃料元件有限公司,firm,6,中核北方核燃料元件有限公司,13
包头,郑彬,individual,6,郑彬,14
包头,中国二冶集团有限公司,firm,4,中国二冶集团有限公司,15
包头,内蒙古鹿王羊绒有限公司,firm,4,内蒙古鹿王羊绒有限公司,16
包头,包头北方创业股份有限公司,firm,4,包头北方创业股份有限公司,17
包头,包头市山晟新能源有限责任公司,firm,4,包头市山晟新能源有限责任公司,18
包头,包头市汇全稀土实业(集团)有限公司,firm,4,包头市汇全稀土实业(集团)有限公司,19
包头,包头铝业有限公司,firm,4,包头铝业有限公司,20
北京,清华大学,univ,3958,清华大学,1
北京,中国石油化工股份有限公司,firm,3884,中国石油化工股份有限公司,2
北京,北京航空航天大学,univ,2687,北京航空航天大学,3
北京,大唐移动通信设备有限公司,firm,1704,大唐移动通信设备有限公司,4
北京,中国移动通信集团公司,firm,1312,中国移动通信集团公司,5
北京,北京大学,univ,1231,北京大学,6
北京,北京工业大学,univ,1127,北京工业大学,7
北京,北京理工大学,univ,1071,北京理工大学,8
北京,北京化工大学,univ,1033,北京化工大学,9
北京,中国农业大学,univ,1030,中国农业大学,10
北京,中国石油天然气股份有限公司,firm,1024,中国石油天然气股份有限公司,11
北京,中国科学院微电子研究所,univ,959,中国科学院微电子研究所,12
北京,北京交通大学,univ,921,北京交通大学,13
北京,北京科技大学,univ,913,北京科技大学,14
北京,北京邮电大学,univ,859,北京邮电大学,15
北京,北京中星微电子有限公司,firm,854,北京中星微电子有限公司,16
北京,联想(北京)有限公司,firm,794,联想(北京)有限公司,17
北京,北大方正集团有限公司,firm,784,北大方正集团有限公司,18
北京,中国海洋石油总公司,firm,699,中国海洋石油总公司,19
北京,中国电信股份有限公司,firm,585,中国电信股份有限公司,20
北海,刘光文,individual,8,刘光文,1
北海,巢启,individual,7,巢启,2
北海,广西壮族自治区海洋研究所,research,6,广西壮族自治区海洋研究所,3
北海,广西银河风力发电有限公司,firm,6,广西银河风力发电有限公司,4
北海,冯岩,individual,4,冯岩,5
北海,北海银河科技继保电气有限公司,firm,4,北海银河科技继保电气有限公司,6
北海,潘世澄,individual,4,潘世澄,7
北海,罗琮贵,individual,4,罗琮贵,8
北海,北海市深蓝科技发展有限责任公司,firm,3,北海市深蓝科技发展有限责任公司,9
北海,广西北海圣安时代科技有限公司,firm,3,广西北海圣安时代科技有限公司,10
北海,广西正五海洋产业股份有限公司,firm,3,广西正五海洋产业股份有限公司,11
北海,何信国,individual,2,何信国,12
北海,北海洼地螺旋藻产业基地有限公司,firm,2,北海洼地螺旋藻产业基地有限公司,13
北海,北海银河开关设备有限公司,firm,2,北海银河开关设备有限公司,14
北海,合浦展鹏实业有限公司,firm,2,合浦展鹏实业有限公司,15
北海,合浦果香园食品有限公司,firm,2,合浦果香园食品有限公司,16
北海,吴其荣,individual,2,吴其荣,17
北海,吴积善,individual,2,吴积善,18
北海,周耀瑜,individual,2,周耀瑜,19
北海,广西红树林研究中心,research,2,广西红树林研究中心,20
十堰,湖北汽车工业学院,univ,11,湖北汽车工业学院,1
十堰,竹溪创艺皂素有限公司,firm,6,竹溪创艺皂素有限公司,2
十堰,竹山县秦巴钡盐有限公司,firm,5,竹山县秦巴钡盐有限公司,3
十堰,湖北诺克橡塑密封科技有限公司,firm,4,湖北诺克橡塑密封科技有限公司,4
十堰,刘光东,individual,3,刘光东,5
十堰,十堰市郧齿汽车零部件有限公司,firm,3,十堰市郧齿汽车零部件有限公司,6
十堰,十堰梅子贡茶业集团,firm,3,十堰梅子贡茶业集团,7
十堰,十堰渝川食品有限公司,firm,3,十堰渝川食品有限公司,8
十堰,十堰科纳汽车电器有限公司,firm,3,十堰科纳汽车电器有限公司,9
十堰,周金社,other,3,周金社,10
十堰,张书勤,individual,3,张书勤,11
十堰,湖北世纪中远车辆有限公司,firm,3,湖北世纪中远车辆有限公司,12
十堰,湖北泰戈电动汽车开发有限公司,firm,3,湖北泰戈电动汽车开发有限公司,13
十堰,东风伟世通(十堰)汽车饰件系统有限公司,firm,2,东风伟世通(十堰)汽车饰件系统有限公司,14
十堰,东风汽车悬架弹簧有限公司,firm,2,东风汽车悬架弹簧有限公司,15
十堰,东风汽车零部件(集团)有限公司,firm,2,东风汽车零部件(集团)有限公司,16
十堰,东风精密铸造有限公司,firm,2,东风精密铸造有限公司,17
十堰,丹江口福安运输有限责任公司,firm,2,丹江口福安运输有限责任公司,18
十堰,十堰天舒机电科技有限公司,firm,2,十堰天舒机电科技有限公司,19
十堰,十堰市佳恒液压机械有限公司,firm,2,十堰市佳恒液压机械有限公司,20
南京,东南大学,univ,2052,东南大学,1
南京,南京大学,univ,1112,南京大学,2
南京,南京航空航天大学,univ,988,南京航空航天大学,3
南京,南京工业大学,univ,773,南京工业大学,4
南京,南京农业大学,univ,435,南京农业大学,5
南京,南京邮电大学,univ,435,南京邮电大学,6
南京,河海大学,univ,402,河海大学,7
南京,南京乐金熊猫电器有限公司,firm,380,南京乐金熊猫电器有限公司,8
南京,南京理工大学,univ,372,南京理工大学,9
南京,中国药科大学,univ,314,中国药科大学,10
南京,南京师范大学,univ,276,南京师范大学,11
南京,南京林业大学,univ,261,南京林业大学,12
南京,南京信息工程大学,univ,257,南京信息工程大学,13
南京,江苏省农业科学院,univ,239,江苏省农业科学院,14
南京,南京华洲药业有限公司,firm,205,南京华洲药业有限公司,15
南京,国网电力科学研究院,research,195,国网电力科学研究院,16
南京,南京泽朗医药科技有限公司,firm,147,南京泽朗医药科技有限公司,17
南京,中国林业科学研究院林产化学工业研究所,research,143,中国林业科学研究院林产化学工业研究所,18
南京,博西华电器(江苏)有限公司,firm,143,博西华电器(江苏)有限公司,19
南京,卓向东,individual,133,卓向东,20
南充,何仁城,individual,28,何仁城,1
南充,西华师范大学,univ,12,西华师范大学,2
南充,冯石文,individual,10,冯石文,3
南充,张益,individual,6,张益,4
南充,马正华,individual,6,马正华,5
南充,廖玉春,individual,4,廖玉春,6
南充,四川三鑫南蕾气门座制造有限公司,firm,3,四川三鑫南蕾气门座制造有限公司,7
南充,四川保宁制药有限公司,firm,3,四川保宁制药有限公司,8
南充,四川南充市丝绸(进出口)有限公司,firm,3,四川南充市丝绸(进出口)有限公司,9
南充,四川省农业科学院蚕业研究所,univ,3,四川省农业科学院蚕业研究所,10
南充,张弛一智,individual,3,张弛一智,11
南充,杨绍柏,individual,3,杨绍柏,12
南充,四川阆中煜群农产品开发有限责任公司,firm,2,四川阆中煜群农产品开发有限责任公司,13
南充,川北医学院附属医院,hospital,2,川北医学院附属医院,14
南充,敬俊,individual,2,敬俊,15
南充,李义,individual,2,李义,16
南充,李幸,individual,2,李幸,17
南充,李长春,individual,2,李长春,18
南充,杨世奉,individual,2,杨世奉,19
南充,杨斌,individual,2,杨斌,20
南宁,广西大学,univ,288,广西大学,1
南宁,广西民族大学,univ,46,广西民族大学,2
南宁,广西田园生化股份有限公司,firm,36,广西田园生化股份有限公司,3
南宁,中国移动通信集团广西有限公司,firm,33,中国移动通信集团广西有限公司,4
南宁,广西壮族自治区化工研究院,research,29,广西壮族自治区化工研究院,5
南宁,广西科学院,univ,17,广西科学院,6
南宁,广西中医学院,univ,16,广西中医学院,7
南宁,广西医科大学,univ,16,广西医科大学,8
南宁,广西中烟工业公司,firm,14,广西中烟工业公司,9
南宁,广西博科药业有限公司,firm,11,广西博科药业有限公司,10
南宁,广西壮族自治区水产研究所,research,11,广西壮族自治区水产研究所,11
南宁,广西明阳生化科技股份有限公司,firm,11,广西明阳生化科技股份有限公司,12
南宁,刘名汉,individual,10,刘名汉,13
南宁,叶长东,individual,10,叶长东,14
南宁,刘华钢,individual,9,刘华钢,15
南宁,广西壮族自治区甘蔗研究所,research,9,广西壮族自治区甘蔗研究所,16
南宁,广西壮族自治区药用植物园,other,9,广西壮族自治区药用植物园,17
南宁,广西师范学院,univ,9,广西师范学院,18
南宁,广西玉柴专用汽车有限公司,firm,9,广西玉柴专用汽车有限公司,19
南宁,陈江涛,individual,8,陈江涛,20
南平,陈智贤,individual,5,陈智贤,1
南平,黄光佗,individual,5,黄光佗,2
南平,福建圣元电子科技有限公司,firm,4,福建圣元电子科技有限公司,3
南平,福建省南平铝业有限公司,firm,4,福建省南平铝业有限公司,4
南平,王雨平,individual,3,王雨平,5
南平,福建万新发电设备有限公司,firm,3,福建万新发电设备有限公司,6
南平,福建南纺股份有限公司,firm,3,福建南纺股份有限公司,7
南平,福建建阳龙翔科技开发有限公司,firm,3,福建建阳龙翔科技开发有限公司,8
南平,福建省建阳武夷味精有限公司,firm,3,福建省建阳武夷味精有限公司,9
南平,福建省邵武市榕丰化工有限公司,firm,3,福建省邵武市榕丰化工有限公司,10
南平,钟志强,individual,3,钟志强,11
南平,俞明,individual,2,俞明,12
南平,刘金炜,individual,2,刘金炜,13
南平,华闽南配集团股份有限公司,firm,2,华闽南配集团股份有限公司,14
南平,吴上辉,individual,2,吴上辉,15
南平,吴开敏,individual,2,吴开敏,16
南平,姚荣建,individual,2,姚荣建,17
南平,张培坤,individual,2,张培坤,18
南平,张文兵,individual,2,张文兵,19
南平,杨洪,individual,2,杨洪,20
南昌,南昌大学,univ,308,南昌大学,1
南昌,南昌航空大学,univ,198,南昌航空大学,2
南昌,华东交通大学,univ,116,华东交通大学,3
南昌,中国瑞林工程技术有限公司,firm,68,中国瑞林工程技术有限公司,4
南昌,江西科技师范学院,univ,52,江西科技师范学院,5
南昌,泰豪科技股份有限公司,firm,44,泰豪科技股份有限公司,6
南昌,晶能光电(江西)有限公司,firm,42,晶能光电(江西)有限公司,7
南昌,江西洪都航空工业集团有限责任公司,firm,33,江西洪都航空工业集团有限责任公司,8
南昌,江西稀有稀土金属钨业集团有限公司,firm,33,江西稀有稀土金属钨业集团有限公司,9
南昌,江西中医学院,univ,31,江西中医学院,10
南昌,江西济民可信集团有限公司,firm,31,江西济民可信集团有限公司,11
南昌,江西省电力科学研究院,research,28,江西省电力科学研究院,12
南昌,南昌弘益科技有限公司,firm,27,南昌弘益科技有限公司,13
南昌,江西师范大学,univ,27,江西师范大学,14
南昌,江西稀有金属钨业控股集团有限公司,firm,22,江西稀有金属钨业控股集团有限公司,15
南昌,江西本草天工科技有限责任公司,firm,19,江西本草天工科技有限责任公司,16
南昌,江西金达莱环保研发中心有限公司,firm,19,江西金达莱环保研发中心有限公司,17
南昌,江西农业大学,univ,16,江西农业大学,18
南昌,江西省电力信息通讯有限公司,firm,14,江西省电力信息通讯有限公司,19
南昌,罗蒙明,individual,14,罗蒙明,20
南通,南通芯迎设计服务有限公司,firm,495,南通芯迎设计服务有限公司,1
南通,东丽纤维研究所(中国)有限公司,firm,369,东丽纤维研究所(中国)有限公司,2
南通,南通众联科技服务有限公司,firm,192,南通众联科技服务有限公司,3
南通,南通大学,univ,128,南通大学,4
南通,南通玺运贸易有限公司,firm,59,南通玺运贸易有限公司,5
南通,南通恒帅机电设备有限公司,firm,57,南通恒帅机电设备有限公司,6
南通,海安县商业学校,univ,56,海安县商业学校,7
南通,南通玺路贸易有限公司,firm,53,南通玺路贸易有限公司,8
南通,南通锦悦服装设计有限公司,firm,51,南通锦悦服装设计有限公司,9
南通,海安县联发张氏色织有限公司,firm,49,海安县联发张氏色织有限公司,10
南通,南通海利特橡塑机械有限公司,firm,47,南通海利特橡塑机械有限公司,11
南通,成进学,other,47,成进学,12
南通,如皋市白蒲镇润泽服饰厂,firm,43,如皋市白蒲镇润泽服饰厂,13
南通,海安联科汽车零部件有限公司,firm,42,海安联科汽车零部件有限公司,14
南通,南通亿学文具有限公司,firm,36,南通亿学文具有限公司,15
南通,南通盛利重工机械制造有限公司,firm,36,南通盛利重工机械制造有限公司,16
南通,倪海军,individual,35,倪海军,17
南通,南通五联品牌策划有限公司,firm,35,南通五联品牌策划有限公司,18
南通,南通市金佐年实验装备有限公司,firm,35,南通市金佐年实验装备有限公司,19
南通,杨红宇,individual,35,杨红宇,20
南阳,河南省电力公司南阳供电公司,firm,105,河南省电力公司南阳供电公司,1
南阳,南阳汉冶特钢有限公司,firm,41,南阳汉冶特钢有限公司,2
南阳,河南省西保冶材集团有限公司,firm,39,河南省西保冶材集团有限公司,3
南阳,西峡龙成特种材料有限公司,firm,29,西峡龙成特种材料有限公司,4
南阳,河南中光学集团有限公司,firm,22,河南中光学集团有限公司,5
南阳,乐凯集团第二胶片厂,firm,17,乐凯集团第二胶片厂,6
南阳,南阳防爆集团股份有限公司,firm,12,南阳防爆集团股份有限公司,7
南阳,南阳二机石油装备(集团)有限公司,firm,10,南阳二机石油装备(集团)有限公司,8
南阳,南阳师范学院,univ,9,南阳师范学院,9
南阳,南阳普康药业有限公司,firm,9,南阳普康药业有限公司,10
南阳,河南省西峡汽车水泵股份有限公司,firm,9,河南省西峡汽车水泵股份有限公司,11
南阳,西峡龙成冶金材料有限公司,firm,9,西峡龙成冶金材料有限公司,12
南阳,夏光甫,individual,8,夏光甫,13
南阳,张敬如,individual,8,张敬如,14
南阳,河南天冠企业集团有限公司,firm,8,河南天冠企业集团有限公司,15
南阳,河南省宛西制药股份有限公司,firm,8,河南省宛西制药股份有限公司,16
南阳,邓州市雪阳棉纺集团有限公司,firm,8,邓州市雪阳棉纺集团有限公司,17
南阳,利达光电股份有限公司,firm,7,利达光电股份有限公司,18
南阳,河南华阳装备制造有限公司,firm,7,河南华阳装备制造有限公司,19
南阳,西峡县西泵特种铸造有限公司,firm,7,西峡县西泵特种铸造有限公司,20
博尔塔拉蒙古自治州,刘明双,individual,2,刘明双,1
博尔塔拉蒙古自治州,杨永顺,individual,2,杨永顺,2
博尔塔拉蒙古自治州,郭江龙,individual,2,郭江龙,3
博尔塔拉蒙古自治州,马有精,individual,2,马有精,4
博尔塔拉蒙古自治州,新疆赛湖渔业科技开发有限公司,firm,1,新疆赛湖渔业科技开发有限公司,5
博尔塔拉蒙古自治州,李通,individual,1,李通,6
博尔塔拉蒙古自治州,樊爱君,individual,1,樊爱君,7
博尔塔拉蒙古自治州,王志强,individual,1,王志强,8
博尔塔拉蒙古自治州,许明东,individual,1,许明东,9
厦门,厦门大学,univ,820,厦门大学,1
厦门,厦门松霖科技有限公司,firm,126,厦门松霖科技有限公司,2
厦门,友达光电(厦门)有限公司,firm,97,友达光电(厦门)有限公司,3
厦门,厦门雅迅网络股份有限公司,firm,84,厦门雅迅网络股份有限公司,4
厦门,厦门敏讯信息技术股份有限公司,firm,82,厦门敏讯信息技术股份有限公司,5
厦门,集美大学,univ,63,集美大学,6
厦门,厦门市三安光电科技有限公司,firm,59,厦门市三安光电科技有限公司,7
厦门,冠捷显示科技(厦门)有限公司,firm,50,冠捷显示科技(厦门)有限公司,8
厦门,厦门市易洁卫浴有限公司,firm,36,厦门市易洁卫浴有限公司,9
厦门,国家海洋局第三海洋研究所,research,32,国家海洋局第三海洋研究所,10
厦门,联想移动通信科技有限公司,firm,32,联想移动通信科技有限公司,11
厦门,厦门华侨电子股份有限公司,firm,23,厦门华侨电子股份有限公司,12
厦门,李有为,individual,23,李有为,13
厦门,中国科学院城市环境研究所,univ,21,中国科学院城市环境研究所,14
厦门,厦门市美亚柏科信息股份有限公司,firm,21,厦门市美亚柏科信息股份有限公司,15
厦门,宸鸿科技(厦门)有限公司,firm,18,宸鸿科技(厦门)有限公司,16
厦门,福建中烟工业公司,firm,18,福建中烟工业公司,17
厦门,厦门理工学院,univ,17,厦门理工学院,18
厦门,福建省水产研究所,research,17,福建省水产研究所,19
厦门,厦门紫金矿冶技术有限公司,firm,15,厦门紫金矿冶技术有限公司,20
双鸭山,黑龙江建龙钢铁有限公司,firm,15,黑龙江建龙钢铁有限公司,1
双鸭山,黑龙江双锅锅炉股份有限公司,firm,5,黑龙江双锅锅炉股份有限公司,2
双鸭山,李孝杰,individual,4,李孝杰,3
双鸭山,郝振才,individual,4,郝振才,4
双鸭山,双鸭山东方墙材工业有限责任公司,firm,3,双鸭山东方墙材工业有限责任公司,5
双鸭山,周荣刚,individual,2,周荣刚,6
双鸭山,王悦英,individual,2,王悦英,7
双鸭山,王涛,individual,2,王涛,8
双鸭山,闵利新,individual,2,闵利新,9
双鸭山,齐绍春,individual,2,齐绍春,10
双鸭山,万胜臣,individual,1,万胜臣,11
双鸭山,乔生,individual,1,乔生,12
双鸭山,于占林,individual,1,于占林,13
双鸭山,任立彪,individual,1,任立彪,14
双鸭山,刘金龙,individual,1,刘金龙,15
双鸭山,双鸭山电业局,other,1,双鸭山电业局,16
双鸭山,吴廷达,individual,1,吴廷达,17
双鸭山,徐成有,individual,1,徐成有,18
双鸭山,李继文,individual,1,李继文,19
双鸭山,王义财,individual,1,王义财,20
台州,浙江吉利汽车研究院有限公司,firm,206,浙江吉利汽车研究院有限公司,1
台州,浙江华海药业股份有限公司,firm,74,浙江华海药业股份有限公司,2
台州,浙江双友物流器械股份有限公司,firm,54,浙江双友物流器械股份有限公司,3
台州,浙江海正药业股份有限公司,firm,45,浙江海正药业股份有限公司,4
台州,浙江九洲药业股份有限公司,firm,41,浙江九洲药业股份有限公司,5
台州,浙江鸿友压缩机制造有限公司,firm,36,浙江鸿友压缩机制造有限公司,6
台州,卓旦春,individual,34,卓旦春,7
台州,吴为国,individual,24,吴为国,8
台州,浙江德玛克机械有限公司,firm,21,浙江德玛克机械有限公司,9
台州,浙江沃尔达铜业有限公司,firm,20,浙江沃尔达铜业有限公司,10
台州,蔡业,individual,18,蔡业,11
台州,浙江新杰克缝纫机股份有限公司,firm,17,浙江新杰克缝纫机股份有限公司,12
台州,浙江广天变压器有限公司,firm,16,浙江广天变压器有限公司,13
台州,中捷缝纫机股份有限公司,firm,15,中捷缝纫机股份有限公司,14
台州,浙江银轮机械股份有限公司,firm,15,浙江银轮机械股份有限公司,15
台州,王兴章,individual,15,王兴章,16
台州,陈通平,individual,15,陈通平,17
台州,林军华,individual,14,林军华,18
台州,浙江海翔药业股份有限公司,firm,14,浙江海翔药业股份有限公司,19
台州,浙江苏泊尔股份有限公司,firm,14,浙江苏泊尔股份有限公司,20
台湾省,英业达股份有限公司,firm,2157,英业达股份有限公司,1
台湾省,友达光电股份有限公司,firm,1885,友达光电股份有限公司,2
台湾省,财团法人工业技术研究院,research,1400,财团法人工业技术研究院,3
台湾省,台湾积体电路制造股份有限公司,firm,1091,台湾积体电路制造股份有限公司,4
台湾省,联发科技股份有限公司,firm,859,联发科技股份有限公司,5
台湾省,宏达国际电子股份有限公司,firm,599,宏达国际电子股份有限公司,6
台湾省,华硕电脑股份有限公司,firm,542,华硕电脑股份有限公司,7
台湾省,宏碁股份有限公司,firm,529,宏碁股份有限公司,8
台湾省,台达电子工业股份有限公司,firm,487,台达电子工业股份有限公司,9
台湾省,纬创资通股份有限公司,firm,427,纬创资通股份有限公司,10
台湾省,旺宏电子股份有限公司,firm,354,旺宏电子股份有限公司,11
台湾省,日月光半导体制造股份有限公司,firm,349,日月光半导体制造股份有限公司,12
台湾省,联咏科技股份有限公司,firm,330,联咏科技股份有限公司,13
台湾省,奇景光电股份有限公司,firm,329,奇景光电股份有限公司,14
台湾省,瑞昱半导体股份有限公司,firm,323,瑞昱半导体股份有限公司,15
台湾省,威盛电子股份有限公司,firm,294,威盛电子股份有限公司,16
台湾省,和硕联合科技股份有限公司,firm,259,和硕联合科技股份有限公司,17
台湾省,奇美电子股份有限公司,firm,259,奇美电子股份有限公司,18
台湾省,华晶科技股份有限公司,firm,228,华晶科技股份有限公司,19
台湾省,致伸科技股份有限公司,firm,211,致伸科技股份有限公司,20
合肥,中国科学技术大学,univ,485,中国科学技术大学,1
合肥,合肥工业大学,univ,483,合肥工业大学,2
合肥,中国科学院合肥物质科学研究院,univ,162,中国科学院合肥物质科学研究院,3
合肥,中国科学院等离子体物理研究所,univ,113,中国科学院等离子体物理研究所,4
合肥,中国科学院安徽光学精密机械研究所,univ,88,中国科学院安徽光学精密机械研究所,5
合肥,安徽农业大学,univ,88,安徽农业大学,6
合肥,合肥美的荣事达电冰箱有限公司,firm,86,合肥美的荣事达电冰箱有限公司,7
合肥,合肥杰事杰新材料股份有限公司,firm,68,合肥杰事杰新材料股份有限公司,8
合肥,安徽大学,univ,66,安徽大学,9
合肥,中国移动通信集团安徽有限公司,firm,51,中国移动通信集团安徽有限公司,10
合肥,许春雷,individual,49,许春雷,11
合肥,高旌,individual,48,高旌,12
合肥,合肥通用机械研究院,research,38,合肥通用机械研究院,13
合肥,安徽奥来新能源有限公司,firm,37,安徽奥来新能源有限公司,14
合肥,安徽巨一自动化装备有限公司,firm,36,安徽巨一自动化装备有限公司,15
合肥,孙善骏,individual,31,孙善骏,16
合肥,合肥杰事杰新材料有限公司,firm,29,合肥杰事杰新材料有限公司,17
合肥,中铁四局集团有限公司,firm,28,中铁四局集团有限公司,18
合肥,吴昌德,individual,24,吴昌德,19
合肥,安徽中烟工业公司,firm,23,安徽中烟工业公司,20
吉安,邓保荣,individual,10,邓保荣,1
吉安,吉安市优特利科技有限公司,firm,5,吉安市优特利科技有限公司,2
吉安,李勇,individual,5,李勇,3
吉安,江西普正制药有限公司,firm,5,江西普正制药有限公司,4
吉安,陈文通,individual,4,陈文通,5
吉安,龙乐武,individual,4,龙乐武,6
吉安,刘教贤,individual,3,刘教贤,7
吉安,刘津平,individual,3,刘津平,8
吉安,安福唯冠油压机械有限公司,firm,3,安福唯冠油压机械有限公司,9
吉安,江西合力泰微电子有限公司,firm,3,江西合力泰微电子有限公司,10
吉安,江西新赣江药业有限公司,firm,3,江西新赣江药业有限公司,11
吉安,王格,individual,3,王格,12
吉安,肖军平,individual,3,肖军平,13
吉安,万仁全,individual,2,万仁全,14
吉安,井冈山大学,univ,2,井冈山大学,15
吉安,卢新平,individual,2,卢新平,16
吉安,吉安市三江超纤无纺有限公司,firm,2,吉安市三江超纤无纺有限公司,17
吉安,周柏云,individual,2,周柏云,18
吉安,尹青,individual,2,尹青,19
吉安,曾凡荣,individual,2,曾凡荣,20
吉林,东北电力大学,univ,71,东北电力大学,1
吉林,北华大学,univ,23,北华大学,2
吉林,吉林博大农林生物科技有限公司,firm,16,吉林博大农林生物科技有限公司,3
吉林,赵景辉,individual,12,赵景辉,4
吉林,吉林吉恩镍业股份有限公司,firm,10,吉林吉恩镍业股份有限公司,5
吉林,中国农业科学院特产研究所,univ,8,中国农业科学院特产研究所,6
吉林,中石油东北炼化工程有限公司吉林设计院,firm,8,中石油东北炼化工程有限公司吉林设计院,7
吉林,吉化集团吉林市星云工贸有限公司,firm,8,吉化集团吉林市星云工贸有限公司,8
吉林,吉林化工学院,univ,8,吉林化工学院,9
吉林,邱阳,individual,8,邱阳,10
吉林,吉林金秋农药有限公司,firm,7,吉林金秋农药有限公司,11
吉林,吉林新亚强生物化工有限公司,firm,6,吉林新亚强生物化工有限公司,12
吉林,马秋生,individual,6,马秋生,13
吉林,高英林,individual,6,高英林,14
吉林,中钢集团吉林铁合金股份有限公司,firm,5,中钢集团吉林铁合金股份有限公司,15
吉林,吉林吉尔吉药业有限公司,firm,5,吉林吉尔吉药业有限公司,16
吉林,吉林市北华航天科技有限公司,firm,5,吉林市北华航天科技有限公司,17
吉林,李弘,individual,5,李弘,18
吉林,白山发电厂,firm,5,白山发电厂,19
吉林,中国石油集团工程设计有限责任公司东北分公司,firm,4,中国石油集团工程设计有限责任公司东北分公司,20
吐鲁番,中国石油集团西部钻探工程有限公司,firm,6,中国石油集团西部钻探工程有限公司,1
吐鲁番,中国石油集团西部钻探工程有限公司吐哈钻井工艺研究院,firm,4,中国石油集团西部钻探工程有限公司吐哈钻井工艺研究院,2
吐鲁番,刘勇,individual,4,刘勇,3
吐鲁番,新疆沈宏集团股份有限公司,firm,3,新疆沈宏集团股份有限公司,4
吐鲁番,朱登山,individual,2,朱登山,5
吐鲁番,谢长清,individual,2,谢长清,6
吐鲁番,丁振洲,individual,1,丁振洲,7
吐鲁番,买日江热西提,other,1,买日江热西提,8
吐鲁番,刘军,individual,1,刘军,9
吐鲁番,吐鲁番市驼铃酒业有限公司,firm,1,吐鲁番市驼铃酒业有限公司,10
吐鲁番,吐鲁番沈宏金属工业有限责任公司,firm,1,吐鲁番沈宏金属工业有限责任公司,11
吐鲁番,张立顺,individual,1,张立顺,12
吐鲁番,徐宽,individual,1,徐宽,13
吐鲁番,斯力木马木提,other,1,斯力木马木提,14
吐鲁番,新疆安华矿业投资有限公司,firm,1,新疆安华矿业投资有限公司,15
吐鲁番,新疆电力公司吐鲁番电业局,firm,1,新疆电力公司吐鲁番电业局,16
吐鲁番,朱玉青,individual,1,朱玉青,17
吐鲁番,李世龙,individual,1,李世龙,18
吐鲁番,杨小红,individual,1,杨小红,19
吐鲁番,聂钢峰,individual,1,聂钢峰,20
吕梁,任首旺,individual,30,任首旺,1
吕梁,冯丽花,individual,19,冯丽花,2
吕梁,叶奉奇,individual,15,叶奉奇,3
吕梁,郭丽丽,individual,15,郭丽丽,4
吕梁,冯文光,individual,14,冯文光,5
吕梁,山西省农业科学院经济作物研究所,univ,11,山西省农业科学院经济作物研究所,6
吕梁,冯文明,individual,10,冯文明,7
吕梁,樊铁山,individual,10,樊铁山,8
吕梁,田向东,individual,8,田向东,9
吕梁,赵宏伟,individual,8,赵宏伟,10
吕梁,山西新天源医药化工有限公司,firm,6,山西新天源医药化工有限公司,11
吕梁,朱晏墨,individual,6,朱晏墨,12
吕梁,石其贵,individual,5,石其贵,13
吕梁,郝伟,individual,5,郝伟,14
吕梁,交城义望铁合金有限责任公司,firm,4,交城义望铁合金有限责任公司,15
吕梁,山西宏特煤化工有限公司,firm,4,山西宏特煤化工有限公司,16
吕梁,山西山宝食用菌生物有限公司,firm,4,山西山宝食用菌生物有限公司,17
吕梁,山西金绿禾燕麦研究所,research,4,山西金绿禾燕麦研究所,18
吕梁,任正,individual,3,任正,19
吕梁,孟庆巨,individual,3,孟庆巨,20
吴忠,吴忠仪表有限责任公司,firm,5,吴忠仪表有限责任公司,1
吴忠,王建业,individual,5,王建业,2
吴忠,宁夏电力公司吴忠供电局,firm,4,宁夏电力公司吴忠供电局,3
吴忠,王金安,individual,3,王金安,4
吴忠,韩新平,individual,3,韩新平,5
吴忠,宁夏金世纪包装印刷有限公司,firm,2,宁夏金世纪包装印刷有限公司,6
吴忠,丁发洪,individual,1,丁发洪,7
吴忠,宁夏宁龙塑胶管业有限公司,firm,1,宁夏宁龙塑胶管业有限公司,8
吴忠,朱琳,individual,1,朱琳,9
吴忠,权国柱,individual,1,权国柱,10
吴忠,李宪才,individual,1,李宪才,11
吴忠,杨士俊,individual,1,杨士俊,12
吴忠,王又康,individual,1,王又康,13
吴忠,秦树国,individual,1,秦树国,14
吴忠,蔡云飞,individual,1,蔡云飞,15
吴忠,谢义斌,individual,1,谢义斌,16
吴忠,赵红举,individual,1,赵红举,17
吴忠,雷泽民,individual,1,雷泽民,18
吴忠,青铜峡铝业集团有限公司,firm,1,青铜峡铝业集团有限公司,19
吴忠,马向明,individual,1,马向明,20
周口,郸城财鑫糖业有限责任公司,firm,10,郸城财鑫糖业有限责任公司,1
周口,河南省电力公司周口供电公司,firm,9,河南省电力公司周口供电公司,2
周口,克科,individual,7,克科,3
周口,河南财鑫实业化工有限责任公司,firm,6,河南财鑫实业化工有限责任公司,4
周口,辅仁药业集团有限公司,firm,6,辅仁药业集团有限公司,5
周口,张保寅,individual,5,张保寅,6
周口,河南普爱饲料股份有限公司,firm,5,河南普爱饲料股份有限公司,7
周口,河南金丹乳酸有限公司,firm,5,河南金丹乳酸有限公司,8
周口,河南百年康鑫药业有限公司,firm,4,河南百年康鑫药业有限公司,9
周口,河南金丹乳酸科技有限公司,firm,4,河南金丹乳酸科技有限公司,10
周口,党永富,individual,3,党永富,11
周口,张兴亮,individual,3,张兴亮,12
周口,张永华,individual,3,张永华,13
周口,朱望,individual,3,朱望,14
周口,李宇翔,individual,3,李宇翔,15
周口,李建刚,individual,3,李建刚,16
周口,河南莲花天安食业有限公司,firm,3,河南莲花天安食业有限公司,17
周口,王德风,individual,3,王德风,18
周口,郭振山,individual,3,郭振山,19
周口,刘志广,individual,2,刘志广,20
呼伦贝尔,刘波,individual,8,刘波,1
呼伦贝尔,徐锦镛,individual,7,徐锦镛,2
呼伦贝尔,李树森,individual,6,李树森,3
呼伦贝尔,邹用军,individual,6,邹用军,4
呼伦贝尔,姚景祥,individual,4,姚景祥,5
呼伦贝尔,徐禄,individual,3,徐禄,6
呼伦贝尔,杨占江,individual,3,杨占江,7
呼伦贝尔,靳胜福,individual,3,靳胜福,8
呼伦贝尔,于宝锋,individual,2,于宝锋,9
呼伦贝尔,刘彦军,individual,2,刘彦军,10
呼伦贝尔,杜庆东,individual,2,杜庆东,11
呼伦贝尔,王刚,individual,2,王刚,12
呼伦贝尔,白松,individual,2,白松,13
呼伦贝尔,邹方昕,individual,2,邹方昕,14
呼伦贝尔,万恒,individual,1,万恒,15
呼伦贝尔,万群,individual,1,万群,16
呼伦贝尔,乔晶源,individual,1,乔晶源,17
呼伦贝尔,关锡珍,individual,1,关锡珍,18
呼伦贝尔,内蒙古宏裕科技股份有限公司,firm,1,内蒙古宏裕科技股份有限公司,19
呼伦贝尔,内蒙古森工栲胶制品有限责任公司,firm,1,内蒙古森工栲胶制品有限责任公司,20
呼和浩特,内蒙古伊利实业集团股份有限公司,firm,281,内蒙古伊利实业集团股份有限公司,1
呼和浩特,内蒙古蒙牛乳业(集团)股份有限公司,firm,241,内蒙古蒙牛乳业(集团)股份有限公司,2
呼和浩特,内蒙古大学,univ,71,内蒙古大学,3
呼和浩特,内蒙古农业大学,univ,32,内蒙古农业大学,4
呼和浩特,邬林祥,individual,29,邬林祥,5
呼和浩特,中国农业机械化科学研究院呼和浩特分院,research,18,中国农业机械化科学研究院呼和浩特分院,6
呼和浩特,内蒙古电子信息职业技术学院,univ,13,内蒙古电子信息职业技术学院,7
呼和浩特,内蒙古工业大学,univ,12,内蒙古工业大学,8
呼和浩特,徐国元,individual,12,徐国元,9
呼和浩特,内蒙古永业生物技术有限责任公司,firm,11,内蒙古永业生物技术有限责任公司,10
呼和浩特,中国农业科学院草原研究所,univ,10,中国农业科学院草原研究所,11
呼和浩特,孔繁忠,individual,10,孔繁忠,12
呼和浩特,内蒙古奈伦农业科技股份有限公司,firm,9,内蒙古奈伦农业科技股份有限公司,13
呼和浩特,内蒙古自治区农牧业科学院,univ,9,内蒙古自治区农牧业科学院,14
呼和浩特,内蒙古医学院,univ,8,内蒙古医学院,15
呼和浩特,吕瑞强,individual,7,吕瑞强,16
呼和浩特,内蒙古神舟硅业有限责任公司,firm,6,内蒙古神舟硅业有限责任公司,17
呼和浩特,内蒙古蒙科立软件有限责任公司,firm,6,内蒙古蒙科立软件有限责任公司,18
呼和浩特,内蒙古麦格磁投资管理有限公司,firm,6,内蒙古麦格磁投资管理有限公司,19
呼和浩特,乌日娜,individual,5,乌日娜,20
和田地区,新疆和田玉圣科技有限责任公司,firm,2,新疆和田玉圣科技有限责任公司,1
和田地区,麦提托合提依敏萨依普,other,2,麦提托合提依敏萨依普,2
和田地区,买吐送阿布都热合木,other,1,买吐送阿布都热合木,3
和田地区,图尔贡托合提,other,1,图尔贡托合提,4
和田地区,图尔贡赛迪,other,1,图尔贡赛迪,5
和田地区,新疆阿布丹食品开发有限公司,firm,1,新疆阿布丹食品开发有限公司,6
和田地区,杰力力加帕尔,other,1,杰力力加帕尔,7
和田地区,穆太力普努尔麦麦提,other,1,穆太力普努尔麦麦提,8
和田地区,阿不都依米提艾买提,other,1,阿不都依米提艾买提,9
和田地区,阿不都卡的阿不都哈力克,other,1,阿不都卡的阿不都哈力克,10
和田地区,阿布都拉巴克,other,1,阿布都拉巴克,11
咸宁,湖北嘉裕管业股份有限公司,firm,8,湖北嘉裕管业股份有限公司,1
咸宁,湖北玉立砂带集团股份有限公司,firm,6,湖北玉立砂带集团股份有限公司,2
咸宁,湖北省电力公司咸宁供电公司,firm,6,湖北省电力公司咸宁供电公司,3
咸宁,湖北省通山县通力镁业有限责任公司,firm,6,湖北省通山县通力镁业有限责任公司,4
咸宁,杨秋良,individual,5,杨秋良,5
咸宁,朱君山,individual,4,朱君山,6
咸宁,柯国平,individual,4,柯国平,7
咸宁,湖北天化麻业股份有限公司,firm,3,湖北天化麻业股份有限公司,8
咸宁,湖北平安电工材料有限公司,firm,3,湖北平安电工材料有限公司,9
咸宁,湖北莱克斯特科技有限公司,firm,3,湖北莱克斯特科技有限公司,10
咸宁,赤壁市赤壁红口口乐有限公司,firm,3,赤壁市赤壁红口口乐有限公司,11
咸宁,余新华,individual,2,余新华,12
咸宁,吕孝民,individual,2,吕孝民,13
咸宁,徐世刚,individual,2,徐世刚,14
咸宁,杨金海,individual,2,杨金海,15
咸宁,湖北合加环境设备有限公司,firm,2,湖北合加环境设备有限公司,16
咸宁,湖北帅力化工有限公司,firm,2,湖北帅力化工有限公司,17
咸宁,湖北盛华再生能源开发有限公司,firm,2,湖北盛华再生能源开发有限公司,18
咸宁,湖北省咸宁三合机电制业有限责任公司,firm,2,湖北省咸宁三合机电制业有限责任公司,19
咸宁,湖北福人药业股份有限公司,firm,2,湖北福人药业股份有限公司,20
咸阳,西北农林科技大学,univ,507,西北农林科技大学,1
咸阳,彩虹集团公司,firm,287,彩虹集团公司,2
咸阳,彩虹集团电子股份有限公司,firm,70,彩虹集团电子股份有限公司,3
咸阳,陕西东泰制药有限公司,firm,28,陕西东泰制药有限公司,4
咸阳,彩虹显示器件股份有限公司,firm,26,彩虹显示器件股份有限公司,5
咸阳,陕西彩虹电子玻璃有限公司,firm,19,陕西彩虹电子玻璃有限公司,6
咸阳,中国船舶重工集团公司第十二研究所,firm,16,中国船舶重工集团公司第十二研究所,7
咸阳,咸阳步长医药科技发展有限公司,firm,12,咸阳步长医药科技发展有限公司,8
咸阳,陕西化建工程有限责任公司,firm,10,陕西化建工程有限责任公司,9
咸阳,彩虹彩色显像管总厂,firm,8,彩虹彩色显像管总厂,10
咸阳,西北农林科技大学无公害农药研究服务中心,univ,8,西北农林科技大学无公害农药研究服务中心,11
咸阳,陕西华特新材料股份有限公司,firm,8,陕西华特新材料股份有限公司,12
咸阳,咸阳陶瓷研究设计院,research,7,咸阳陶瓷研究设计院,13
咸阳,杨凌农科大无公害农药研究服务中心,other,7,杨凌农科大无公害农药研究服务中心,14
咸阳,西北农林科技大学农药研究所,univ,7,西北农林科技大学农药研究所,15
咸阳,陕西步长制药有限公司,firm,7,陕西步长制药有限公司,16
咸阳,陕西生益科技有限公司,firm,7,陕西生益科技有限公司,17
咸阳,朱作远,individual,6,朱作远,18
咸阳,武兴战,individual,6,武兴战,19
咸阳,董平,individual,6,董平,20
哈密,陈华松,individual,6,陈华松,1
哈密,李宝林,individual,3,李宝林,2
哈密,刘照清,individual,2,刘照清,3
哈密,司密花,other,2,司密花,4
哈密,冯虎林,individual,1,冯虎林,5
哈密,刘丽华,individual,1,刘丽华,6
哈密,吕天文,individual,1,吕天文,7
哈密,国投新疆罗布泊钾盐有限责任公司,firm,1,国投新疆罗布泊钾盐有限责任公司,8
哈密,崔彦立,individual,1,崔彦立,9
哈密,徐晓白,individual,1,徐晓白,10
哈密,新疆汇通旱地龙腐植酸有限责任公司,firm,1,新疆汇通旱地龙腐植酸有限责任公司,11
哈密,施建平,individual,1,施建平,12
哈密,朱崇德,individual,1,朱崇德,13
哈密,李建明,individual,1,李建明,14
哈密,李新潮,individual,1,李新潮,15
哈密,林三明,individual,1,林三明,16
哈密,王云海,individual,1,王云海,17
哈密,王光耀,individual,1,王光耀,18
哈密,郭东京,individual,1,郭东京,19
哈密,魏子贺,individual,1,魏子贺,20
哈尔滨,哈尔滨工业大学,univ,2783,哈尔滨工业大学,1
哈尔滨,哈尔滨工程大学,univ,980,哈尔滨工程大学,2
哈尔滨,东北农业大学,univ,320,东北农业大学,3
哈尔滨,东北林业大学,univ,273,东北林业大学,4
哈尔滨,黑龙江大学,univ,184,黑龙江大学,5
哈尔滨,哈尔滨理工大学,univ,141,哈尔滨理工大学,6
哈尔滨,中国农业科学院哈尔滨兽医研究所,univ,97,中国农业科学院哈尔滨兽医研究所,7
哈尔滨,中国科学院东北地理与农业生态研究所,univ,83,中国科学院东北地理与农业生态研究所,8
哈尔滨,哈尔滨电机厂有限责任公司,firm,61,哈尔滨电机厂有限责任公司,9
哈尔滨,哈尔滨开恩科技开发有限公司,firm,57,哈尔滨开恩科技开发有限公司,10
哈尔滨,哈尔滨师范大学,univ,42,哈尔滨师范大学,11
哈尔滨,黑龙江省科学院石油化学研究院,univ,39,黑龙江省科学院石油化学研究院,12
哈尔滨,黑龙江科技学院,univ,39,黑龙江科技学院,13
哈尔滨,哈尔滨商业大学,univ,38,哈尔滨商业大学,14
哈尔滨,哈尔滨医科大学,univ,33,哈尔滨医科大学,15
哈尔滨,哈尔滨飞机工业集团有限责任公司,firm,33,哈尔滨飞机工业集团有限责任公司,16
哈尔滨,中国水产科学研究院黑龙江水产研究所,research,31,中国水产科学研究院黑龙江水产研究所,17
哈尔滨,东北轻合金有限责任公司,firm,30,东北轻合金有限责任公司,18
哈尔滨,哈尔滨鸿盛房屋节能体系研发中心,research,29,哈尔滨鸿盛房屋节能体系研发中心,19
哈尔滨,吴德滨,individual,24,吴德滨,20
唐山,河北理工大学,univ,125,河北理工大学,1
唐山,唐山轨道客车有限责任公司,firm,44,唐山轨道客车有限责任公司,2
唐山,中冶京唐建设有限公司,firm,27,中冶京唐建设有限公司,3
唐山,中国二十二冶集团有限公司,firm,24,中国二十二冶集团有限公司,4
唐山,河北省首钢迁安钢铁有限责任公司,firm,21,河北省首钢迁安钢铁有限责任公司,5
唐山,唐山国丰钢铁有限公司,firm,15,唐山国丰钢铁有限公司,6
唐山,张建卿,individual,15,张建卿,7
唐山,河北玉田兴业印刷机械有限公司,firm,14,河北玉田兴业印刷机械有限公司,8
唐山,河北联合大学,univ,11,河北联合大学,9
唐山,唐山师范学院,univ,10,唐山师范学院,10
唐山,河北钢铁股份有限公司唐山分公司,firm,10,河北钢铁股份有限公司唐山分公司,11
唐山,李功民,individual,9,李功民,12
唐山,荣玉明,individual,9,荣玉明,13
唐山,郭进军,individual,8,郭进军,14
唐山,吴国存,individual,7,吴国存,15
唐山,唐山市思远涂料有限公司,firm,7,唐山市思远涂料有限公司,16
唐山,唐山建龙实业有限公司,firm,7,唐山建龙实业有限公司,17
唐山,唐山德生防水材料有限公司,firm,7,唐山德生防水材料有限公司,18
唐山,唐山钢铁股份有限公司,firm,7,唐山钢铁股份有限公司,19
唐山,于秀珠,individual,6,于秀珠,20
商丘,河南省电力公司商丘供电公司,firm,46,河南省电力公司商丘供电公司,1
商丘,永城煤电控股集团有限公司,firm,11,永城煤电控股集团有限公司,2
商丘,商丘市天宇电力工程有限公司,firm,7,商丘市天宇电力工程有限公司,3
商丘,张壮斗,individual,5,张壮斗,4
商丘,张银生,individual,3,张银生,5
商丘,曹持武,individual,3,曹持武,6
商丘,陈坤,individual,3,陈坤,7
商丘,陈清华,individual,3,陈清华,8
商丘,万广灿,individual,2,万广灿,9
商丘,代思友,individual,2,代思友,10
商丘,冯子龙,individual,2,冯子龙,11
商丘,刘广辉,individual,2,刘广辉,12
商丘,单明胜,individual,2,单明胜,13
商丘,史培德,individual,2,史培德,14
商丘,周玉玲,individual,2,周玉玲,15
商丘,商丘三利新能源有限公司,firm,2,商丘三利新能源有限公司,16
商丘,商丘市博大化工有限公司,firm,2,商丘市博大化工有限公司,17
商丘,商丘市康森动物药品研究所,research,2,商丘市康森动物药品研究所,18
商丘,商丘师范学院,univ,2,商丘师范学院,19
商丘,商丘爱己爱牧动物药业有限公司,firm,2,商丘爱己爱牧动物药业有限公司,20
商洛,山阳县金川封幸化工有限责任公司,firm,3,山阳县金川封幸化工有限责任公司,1
商洛,董必进,individual,3,董必进,2
商洛,丹凤县永鑫电子材料有限责任公司,firm,2,丹凤县永鑫电子材料有限责任公司,3
商洛,山阳县茶叶公司,firm,2,山阳县茶叶公司,4
商洛,山阳县银华矿业有限公司,firm,2,山阳县银华矿业有限公司,5
商洛,张峻,individual,2,张峻,6
商洛,张本刚,individual,2,张本刚,7
商洛,徐能德,individual,2,徐能德,8
商洛,李挺,individual,2,李挺,9
商洛,镇安华美农业产业化有限公司,firm,2,镇安华美农业产业化有限公司,10
商洛,陕西亿农高科药业有限公司,firm,2,陕西亿农高科药业有限公司,11
商洛,陕西商洛盘龙植物药业有限公司,firm,2,陕西商洛盘龙植物药业有限公司,12
商洛,魏清林,individual,2,魏清林,13
商洛,魏青山,individual,2,魏青山,14
商洛,丹凤县商山红葡萄酒有限公司,firm,1,丹凤县商山红葡萄酒有限公司,15
商洛,丹凤县荣毅电子有限公司,firm,1,丹凤县荣毅电子有限公司,16
商洛,冀卫荣,individual,1,冀卫荣,17
商洛,史永淳,individual,1,史永淳,18
商洛,吴英,individual,1,吴英,19
商洛,周扬家,individual,1,周扬家,20
喀什地区,马邦明,individual,10,马邦明,1
喀什地区,马帮明,individual,6,马帮明,2
喀什地区,汤永顺,individual,4,汤永顺,3
喀什地区,吐尔孙尼亚孜吐合提尼亚孜,other,2,吐尔孙尼亚孜吐合提尼亚孜,4
喀什地区,梁志军,individual,2,梁志军,5
喀什地区,仝旭峰,individual,1,仝旭峰,6
喀什地区,叶城县金秋实业生物肥有限公司,firm,1,叶城县金秋实业生物肥有限公司,7
喀什地区,图尔蓀江莫依丁,other,1,图尔蓀江莫依丁,8
喀什地区,徐玉梅,individual,1,徐玉梅,9
喀什地区,托合提依米提,other,1,托合提依米提,10
喀什地区,新疆雅戈尔棉纺织有限公司,firm,1,新疆雅戈尔棉纺织有限公司,11
喀什地区,苏力坦马木提,other,1,苏力坦马木提,12
嘉兴,中科院嘉兴中心微系统所分中心,other,96,中科院嘉兴中心微系统所分中心,1
嘉兴,嘉兴闻泰通讯科技有限公司,firm,79,嘉兴闻泰通讯科技有限公司,2
嘉兴,嘉兴学院,univ,63,嘉兴学院,3
嘉兴,谭湘,individual,63,谭湘,4
嘉兴,闻泰集团有限公司,firm,32,闻泰集团有限公司,5
嘉兴,巨石集团有限公司,firm,28,巨石集团有限公司,6
嘉兴,浙江华友钴业股份有限公司,firm,22,浙江华友钴业股份有限公司,7
嘉兴,华章电气(桐乡)有限公司,firm,20,华章电气(桐乡)有限公司,8
嘉兴,胡玉芳,individual,20,胡玉芳,9
嘉兴,黄大林,individual,20,黄大林,10
嘉兴,平湖市电子有限公司,firm,19,平湖市电子有限公司,11
嘉兴,浙江亚特电器有限公司,firm,17,浙江亚特电器有限公司,12
嘉兴,秦山核电有限公司,firm,17,秦山核电有限公司,13
嘉兴,嘉兴斯达微电子有限公司,firm,16,嘉兴斯达微电子有限公司,14
嘉兴,浙江红马铸造有限公司,firm,15,浙江红马铸造有限公司,15
嘉兴,浙江昱辉阳光能源有限公司,firm,14,浙江昱辉阳光能源有限公司,16
嘉兴,嘉兴协丰汽车电器有限公司,firm,13,嘉兴协丰汽车电器有限公司,17
嘉兴,陆志根,individual,13,陆志根,18
嘉兴,靳志玉,individual,13,靳志玉,19
嘉兴,中国电子科技集团公司第三十六研究所,firm,12,中国电子科技集团公司第三十六研究所,20
嘉峪关,曹绪东,individual,3,曹绪东,1
嘉峪关,邓丽菊,individual,3,邓丽菊,2
嘉峪关,甘肃酒钢集团西部重工股份有限公司,firm,2,甘肃酒钢集团西部重工股份有限公司,3
嘉峪关,马永刚,individual,2,马永刚,4
嘉峪关,卢治红,individual,1,卢治红,5
嘉峪关,嘉峪关市海特机械设备制造有限责任公司,firm,1,嘉峪关市海特机械设备制造有限责任公司,6
嘉峪关,孙鹤,individual,1,孙鹤,7
嘉峪关,张华,individual,1,张华,8
嘉峪关,杨光,individual,1,杨光,9
嘉峪关,酒泉钢铁(集团)有限责任公司,firm,1,酒泉钢铁(集团)有限责任公司,10
嘉峪关,陈义,individual,1,陈义,11
四平,吉林师范大学,univ,36,吉林师范大学,1
四平,吉林一正药业集团有限公司,firm,7,吉林一正药业集团有限公司,2
四平,吉林省艾斯克机电集团有限公司,firm,7,吉林省艾斯克机电集团有限公司,3
四平,四平红嘴农业高新技术开发有限公司,firm,7,四平红嘴农业高新技术开发有限公司,4
四平,吉林庆达新能源电力股份有限公司,firm,6,吉林庆达新能源电力股份有限公司,5
四平,吉林吉春制药有限公司,firm,5,吉林吉春制药有限公司,6
四平,吉林省农业科学院,univ,5,吉林省农业科学院,7
四平,王守东,individual,4,王守东,8
四平,刘晓红,individual,3,刘晓红,9
四平,吉林庆达数码有限公司,firm,3,吉林庆达数码有限公司,10
四平,四平大吉强磁滤清器有限公司,firm,3,四平大吉强磁滤清器有限公司,11
四平,四平市枫叶科技有限公司,firm,3,四平市枫叶科技有限公司,12
四平,四平线路器材厂,firm,3,四平线路器材厂,13
四平,张文,individual,3,张文,14
四平,徐松江,individual,3,徐松江,15
四平,王志平,individual,3,王志平,16
四平,一汽四平专用汽车有限公司,firm,2,一汽四平专用汽车有限公司,17
四平,刘大志,individual,2,刘大志,18
四平,吉林久盛机械加工有限公司,firm,2,吉林久盛机械加工有限公司,19
四平,吉林曙光农牧有限公司,firm,2,吉林曙光农牧有限公司,20
固原,宁夏电力公司固原供电局,firm,3,宁夏电力公司固原供电局,1
固原,何建栋,individual,1,何建栋,2
固原,何心,other,1,何心,3
固原,宁夏鸿景农机科技有限公司,firm,1,宁夏鸿景农机科技有限公司,4
固原,马原,individual,1,马原,5
塔城地区,孙强国,individual,16,孙强国,1
塔城地区,侯敏,individual,1,侯敏,2
塔城地区,刘威坊,individual,1,刘威坊,3
塔城地区,刘清平,individual,1,刘清平,4
塔城地区,卢新魁,individual,1,卢新魁,5
塔城地区,房淑河,individual,1,房淑河,6
塔城地区,新疆乌苏市北方新科有限公司,firm,1,新疆乌苏市北方新科有限公司,7
塔城地区,新疆星塔矿业有限公司,firm,1,新疆星塔矿业有限公司,8
塔城地区,李久章,individual,1,李久章,9
塔城地区,杜曼那毕,individual,1,杜曼那毕,10
塔城地区,王来忠,individual,1,王来忠,11
塔城地区,苏瑞萍,individual,1,苏瑞萍,12
塔城地区,贺富军,individual,1,贺富军,13
塔城地区,迟庆杰,individual,1,迟庆杰,14
大兴安岭地区,大兴安岭林格贝有机食品有限责任公司,firm,17,大兴安岭林格贝有机食品有限责任公司,1
大兴安岭地区,李斌,individual,5,李斌,2
大兴安岭地区,大兴安岭嘉迪欧营养原料有限公司,firm,4,大兴安岭嘉迪欧营养原料有限公司,3
大兴安岭地区,张永富,individual,4,张永富,4
大兴安岭地区,大兴安岭绿源蜂业有限公司,firm,3,大兴安岭绿源蜂业有限公司,5
大兴安岭地区,大兴安岭科丽尔生物工程有限责任公司,firm,2,大兴安岭科丽尔生物工程有限责任公司,6
大兴安岭地区,大兴安岭韩家园松涛鹿苑野生动物养殖有限责任公司,firm,2,大兴安岭韩家园松涛鹿苑野生动物养殖有限责任公司,7
大兴安岭地区,孙景波,individual,2,孙景波,8
大兴安岭地区,黄向明,individual,2,黄向明,9
大兴安岭地区,黑龙江北奇神高科保健品有限公司,firm,2,黑龙江北奇神高科保健品有限公司,10
大兴安岭地区,大兴安岭海德生物工程有限公司,firm,1,大兴安岭海德生物工程有限公司,11
大兴安岭地区,大兴安岭电业局,other,1,大兴安岭电业局,12
大兴安岭地区,孙瑞祥,individual,1,孙瑞祥,13
大兴安岭地区,孙福民,individual,1,孙福民,14
大兴安岭地区,孙铁龙,individual,1,孙铁龙,15
大兴安岭地区,孟蒙,individual,1,孟蒙,16
大兴安岭地区,徐万岭,individual,1,徐万岭,17
大兴安岭地区,徐春华,individual,1,徐春华,18
大兴安岭地区,朱彦春,individual,1,朱彦春,19
大兴安岭地区,杨介新,individual,1,杨介新,20
大同,中国北车集团大同电力机车有限责任公司,firm,54,中国北车集团大同电力机车有限责任公司,1
大同,中国兵器工业集团第七○研究所,firm,26,中国兵器工业集团第七○研究所,2
大同,仝仲盛,individual,17,仝仲盛,3
大同,山西大同大学,univ,17,山西大同大学,4
大同,大同北方天力增压技术有限公司,firm,9,大同北方天力增压技术有限公司,5
大同,大同煤矿集团有限责任公司,firm,7,大同煤矿集团有限责任公司,6
大同,中国兵器工业集团第七0研究所,firm,6,中国兵器工业集团第七0研究所,7
大同,山西普德药业股份有限公司,firm,5,山西普德药业股份有限公司,8
大同,山西振东泰盛制药有限公司,firm,4,山西振东泰盛制药有限公司,9
大同,山西普德药业有限公司,firm,4,山西普德药业有限公司,10
大同,中国重汽集团大同齿轮有限公司,firm,3,中国重汽集团大同齿轮有限公司,11
大同,山西大同齿轮集团有限责任公司,firm,3,山西大同齿轮集团有限责任公司,12
大同,山西省电力公司大同供电分公司,firm,3,山西省电力公司大同供电分公司,13
大同,李贵义,individual,3,李贵义,14
大同,王府,individual,3,王府,15
大同,侯健,individual,2,侯健,16
大同,周振华,individual,2,周振华,17
大同,大同市康能矿山新技术有限公司,firm,2,大同市康能矿山新技术有限公司,18
大同,大同市新成特炭有限公司,firm,2,大同市新成特炭有限公司,19
大同,大同市机械化农业生态项目实验管理站,other,2,大同市机械化农业生态项目实验管理站,20
大庆,大庆油田有限责任公司,firm,145,大庆油田有限责任公司,1
大庆,大庆石油管理局,government,58,大庆石油管理局,2
大庆,黑龙江八一农垦大学,univ,28,黑龙江八一农垦大学,3
大庆,大庆石油学院,univ,24,大庆石油学院,4
大庆,东北石油大学,univ,14,东北石油大学,5
大庆,张学军,other,13,张学军,6
大庆,翟云升,individual,9,翟云升,7
大庆,龚智勇,individual,8,龚智勇,8
大庆,张丽萍,individual,7,张丽萍,9
大庆,孙安顺,individual,6,孙安顺,10
大庆,张宝有,individual,6,张宝有,11
大庆,大庆井井源油田科技开发有限公司,firm,5,大庆井井源油田科技开发有限公司,12
大庆,大庆高新区华龙祥化工有限公司,firm,5,大庆高新区华龙祥化工有限公司,13
大庆,秦大春,individual,5,秦大春,14
大庆,苏重清,individual,5,苏重清,15
大庆,赵全会,other,5,赵全会,16
大庆,初景涛,individual,4,初景涛,17
大庆,张佳民,individual,4,张佳民,18
大庆,张元海,individual,4,张元海,19
大庆,汤天武,individual,4,汤天武,20
大理白族自治州,大理学院,univ,63,大理学院,1
大理白族自治州,云南力帆骏马车辆有限公司,firm,4,云南力帆骏马车辆有限公司,2
大理白族自治州,云南清逸堂实业有限公司,firm,4,云南清逸堂实业有限公司,3
大理白族自治州,云南电网公司大理供电局,firm,4,云南电网公司大理供电局,4
大理白族自治州,云南省烟草公司大理州公司,firm,4,云南省烟草公司大理州公司,5
大理白族自治州,云南大理东亚乳业有限公司,firm,3,云南大理东亚乳业有限公司,6
大理白族自治州,云南祥云飞龙有色金属股份有限公司,firm,3,云南祥云飞龙有色金属股份有限公司,7
大理白族自治州,云南大理洱宝实业有限公司,firm,2,云南大理洱宝实业有限公司,8
大理白族自治州,云南远益园林工程有限公司,firm,2,云南远益园林工程有限公司,9
大理白族自治州,大理白族自治州园艺工作站,other,2,大理白族自治州园艺工作站,10
大理白族自治州,李世章,individual,2,李世章,11
大理白族自治州,王幸福,individual,2,王幸福,12
大理白族自治州,红塔烟草(集团)有限责任公司大理卷烟厂,firm,2,红塔烟草(集团)有限责任公司大理卷烟厂,13
大理白族自治州,丁圣权,individual,1,丁圣权,14
大理白族自治州,云南新希望邓川蝶泉乳业有限公司,firm,1,云南新希望邓川蝶泉乳业有限公司,15
大理白族自治州,云南省地方病防治所,other,1,云南省地方病防治所,16
大理白族自治州,任元富,individual,1,任元富,17
大理白族自治州,何文林,individual,1,何文林,18
大理白族自治州,刘继斌,individual,1,刘继斌,19
大理白族自治州,大理白族自治州家畜繁育指导站,other,1,大理白族自治州家畜繁育指导站,20
大连,大连理工大学,univ,995,大连理工大学,1
大连,中国科学院大连化学物理研究所,univ,685,中国科学院大连化学物理研究所,2
大连,大连创达技术交易市场有限公司,firm,360,大连创达技术交易市场有限公司,3
大连,大连海事大学,univ,245,大连海事大学,4
大连,大连工业大学,univ,199,大连工业大学,5
大连,大连大学,univ,120,大连大学,6
大连,大连水产学院,univ,110,大连水产学院,7
大连,大连海洋大学,univ,106,大连海洋大学,8
大连,大连交通大学,univ,95,大连交通大学,9
大连,中国北车股份有限公司大连电力牵引研发中心,firm,84,中国北车股份有限公司大连电力牵引研发中心,10
大连,大连兆阳软件科技有限公司,firm,83,大连兆阳软件科技有限公司,11
大连,苗丽华,individual,81,苗丽华,12
大连,大连华锐股份有限公司,firm,79,大连华锐股份有限公司,13
大连,中国北车集团大连机车车辆有限公司,firm,78,中国北车集团大连机车车辆有限公司,14
大连,瓦房店轴承集团有限责任公司,firm,76,瓦房店轴承集团有限责任公司,15
大连,大连橡胶塑料机械股份有限公司,firm,63,大连橡胶塑料机械股份有限公司,16
大连,新源动力股份有限公司,firm,62,新源动力股份有限公司,17
大连,孙承宽,individual,61,孙承宽,18
大连,大连三达奥克化学股份有限公司,firm,60,大连三达奥克化学股份有限公司,19
大连,大连船舶重工集团有限公司,firm,53,大连船舶重工集团有限公司,20
天水,天水长城开关厂有限公司,firm,21,天水长城开关厂有限公司,1
天水,天水华天科技股份有限公司,firm,14,天水华天科技股份有限公司,2
天水,天水华天微电子股份有限公司,firm,11,天水华天微电子股份有限公司,3
天水,天水天光半导体有限责任公司,firm,8,天水天光半导体有限责任公司,4
天水,天水电气传动研究所有限责任公司,firm,8,天水电气传动研究所有限责任公司,5
天水,天水红山试验机有限公司,firm,7,天水红山试验机有限公司,6
天水,天水锻压机床有限公司,firm,6,天水锻压机床有限公司,7
天水,天水维尔康蜂业科技有限公司,firm,4,天水维尔康蜂业科技有限公司,8
天水,天水星火机床有限责任公司,firm,3,天水星火机床有限责任公司,9
天水,张宗舟,individual,3,张宗舟,10
天水,杨奇彪,individual,3,杨奇彪,11
天水,邵德子,individual,3,邵德子,12
天水,天水七四九电子有限公司,firm,2,天水七四九电子有限公司,13
天水,天水华天机械有限公司,firm,2,天水华天机械有限公司,14
天水,天水师范学院,univ,2,天水师范学院,15
天水,天水绿鹏农业科技有限公司,firm,2,天水绿鹏农业科技有限公司,16
天水,孟顺利,individual,2,孟顺利,17
天水,王廷璞,individual,2,王廷璞,18
天水,顾军,individual,2,顾军,19
天水,乔焕平,individual,1,乔焕平,20
天津,天津大学,univ,1822,天津大学,1
天津,乐金电子(天津)电器有限公司,firm,1304,乐金电子(天津)电器有限公司,2
天津,南开大学,univ,622,南开大学,3
天津,天津工业大学,univ,353,天津工业大学,4
天津,天津生机集团股份有限公司,firm,353,天津生机集团股份有限公司,5
天津,天津科技大学,univ,308,天津科技大学,6
天津,河北工业大学,univ,285,河北工业大学,7
天津,天津理工大学,univ,254,天津理工大学,8
天津,天津市化学试剂研究所,research,185,天津市化学试剂研究所,9
天津,天津药物研究院,research,170,天津药物研究院,10
天津,天津天士力制药股份有限公司,firm,128,天津天士力制药股份有限公司,11
天津,天津师范大学,univ,127,天津师范大学,12
天津,天津金耀集团有限公司,firm,124,天津金耀集团有限公司,13
天津,天津瑞普生物技术股份有限公司,firm,121,天津瑞普生物技术股份有限公司,14
天津,天津市中宝制药有限公司,firm,111,天津市中宝制药有限公司,15
天津,天津市天发重型水电设备制造有限公司,firm,99,天津市天发重型水电设备制造有限公司,16
天津,天津德凯化工股份有限公司,firm,98,天津德凯化工股份有限公司,17
天津,天津春发食品配料有限公司,firm,98,天津春发食品配料有限公司,18
天津,天津市公博科技开发有限公司,firm,97,天津市公博科技开发有限公司,19
天津,天津滨海国际花卉科技园区股份有限公司,firm,97,天津滨海国际花卉科技园区股份有限公司,20
天门,湖北益泰药业有限公司,firm,7,湖北益泰药业有限公司,1
天门,马江兵,individual,4,马江兵,2
天门,天门纺织机械有限公司,firm,3,天门纺织机械有限公司,3
天门,湖北省天门泵业有限公司,firm,3,湖北省天门泵业有限公司,4
天门,朱云飞,individual,2,朱云飞,5
天门,湖北成田制药股份有限公司,firm,2,湖北成田制药股份有限公司,6
天门,王雄普,individual,2,王雄普,7
天门,付建明,individual,1,付建明,8
天门,周婵娟,individual,1,周婵娟,9
天门,天门市五谷机械设备有限公司,firm,1,天门市五谷机械设备有限公司,10
天门,天门市天宝化工科技有限公司,firm,1,天门市天宝化工科技有限公司,11
天门,姜新民,individual,1,姜新民,12
天门,张俊波,individual,1,张俊波,13
天门,张福兵,individual,1,张福兵,14
天门,李先虎,individual,1,李先虎,15
天门,杨茂才,individual,1,杨茂才,16
天门,杨萍,individual,1,杨萍,17
天门,汪小力,individual,1,汪小力,18
天门,汪泰吉,individual,1,汪泰吉,19
天门,湖北丰腾种业有限公司,firm,1,湖北丰腾种业有限公司,20
太原,太原理工大学,univ,333,太原理工大学,1
太原,山西太钢不锈钢股份有限公司,firm,269,山西太钢不锈钢股份有限公司,2
太原,中北大学,univ,216,中北大学,3
太原,中国科学院山西煤炭化学研究所,univ,180,中国科学院山西煤炭化学研究所,4
太原,山西大学,univ,171,山西大学,5
太原,太原重工股份有限公司,firm,139,太原重工股份有限公司,6
太原,煤炭科学研究总院太原研究院,research,56,煤炭科学研究总院太原研究院,7
太原,太原科技大学,univ,53,太原科技大学,8
太原,山西医科大学,univ,33,山西医科大学,9
太原,太原通泽重工有限公司,firm,30,太原通泽重工有限公司,10
太原,中国日用化学工业研究院,research,25,中国日用化学工业研究院,11
太原,中铁三局集团有限公司,firm,25,中铁三局集团有限公司,12
太原,太原市汉波食品工业有限公司,firm,25,太原市汉波食品工业有限公司,13
太原,山西省电力公司电力科学研究院,firm,23,山西省电力公司电力科学研究院,14
太原,太原钢铁(集团)有限公司,firm,21,太原钢铁(集团)有限公司,15
太原,中国辐射防护研究院,research,20,中国辐射防护研究院,16
太原,蓝星化工有限责任公司,firm,20,蓝星化工有限责任公司,17
太原,中科合成油技术有限公司,firm,19,中科合成油技术有限公司,18
太原,赛鼎工程有限公司,firm,18,赛鼎工程有限公司,19
太原,中国移动通信集团山西有限公司,firm,17,中国移动通信集团山西有限公司,20
威海,山东新北洋信息技术股份有限公司,firm,85,山东新北洋信息技术股份有限公司,1
威海,泰祥集团技术开发有限公司,firm,63,泰祥集团技术开发有限公司,2
威海,威海华东数控股份有限公司,firm,62,威海华东数控股份有限公司,3
威海,山东大学威海分校,univ,61,山东大学威海分校,4
威海,山东好当家海洋发展股份有限公司,firm,52,山东好当家海洋发展股份有限公司,5
威海,哈尔滨工业大学(威海),univ,49,哈尔滨工业大学(威海),6
威海,天润曲轴股份有限公司,firm,40,天润曲轴股份有限公司,7
威海,刘运波,individual,34,刘运波,8
威海,威海新异生物科技有限公司,firm,34,威海新异生物科技有限公司,9
威海,丰建萍,individual,32,丰建萍,10
威海,威海中复西港船艇有限公司,firm,31,威海中复西港船艇有限公司,11
威海,威海华菱光电有限公司,firm,31,威海华菱光电有限公司,12
威海,刘国昌,individual,30,刘国昌,13
威海,荣成市新技术应用研究所,research,30,荣成市新技术应用研究所,14
威海,荣成市科学技术情报研究所,research,30,荣成市科学技术情报研究所,15
威海,蔡晓东,individual,30,蔡晓东,16
威海,高英豪,individual,30,高英豪,17
威海,史海霞,individual,29,史海霞,18
威海,山东华力电机集团股份有限公司,firm,29,山东华力电机集团股份有限公司,19
威海,赵莉,individual,29,赵莉,20
娄底,宁小静,individual,26,宁小静,1
娄底,湖南华菱涟源钢铁有限公司,firm,16,湖南华菱涟源钢铁有限公司,2
娄底,娄底市裕德科技有限公司,firm,9,娄底市裕德科技有限公司,3
娄底,湖南省双峰县湘源皇视电子有限公司,firm,8,湖南省双峰县湘源皇视电子有限公司,4
娄底,湖南人文科技学院,univ,7,湖南人文科技学院,5
娄底,锡矿山闪星锑业有限责任公司,firm,7,锡矿山闪星锑业有限责任公司,6
娄底,吴国都,individual,6,吴国都,7
娄底,双峰县湘源金穗收割机制造有限公司,firm,5,双峰县湘源金穗收割机制造有限公司,8
娄底,湖南省农友机械集团有限公司,firm,5,湖南省农友机械集团有限公司,9
娄底,娄底市乐开口实业有限公司,firm,4,娄底市乐开口实业有限公司,10
娄底,伍帝州,individual,3,伍帝州,11
娄底,周红阳,individual,3,周红阳,12
娄底,娄底市三星矿山设备制造有限公司,firm,3,娄底市三星矿山设备制造有限公司,13
娄底,孙富文,individual,3,孙富文,14
娄底,张希朋,individual,3,张希朋,15
娄底,李本平,individual,3,李本平,16
娄底,李海仁,individual,3,李海仁,17
娄底,李源湘,individual,3,李源湘,18
娄底,梁经军,individual,3,梁经军,19
娄底,湖南鑫美格新型装饰材料有限公司,firm,3,湖南鑫美格新型装饰材料有限公司,20
孝感,湖北富邦化工科技有限公司,firm,23,湖北富邦化工科技有限公司,1
孝感,国营红峰机械厂,firm,15,国营红峰机械厂,2
孝感,国营江北机械厂,firm,14,国营江北机械厂,3
孝感,孝感学院,univ,9,孝感学院,4
孝感,刘利华,individual,8,刘利华,5
孝感,湖北汉光科技股份有限公司,firm,8,湖北汉光科技股份有限公司,6
孝感,湖北富思特材料科技有限公司,firm,7,湖北富思特材料科技有限公司,7
孝感,湖北富邦科技股份有限公司,firm,7,湖北富邦科技股份有限公司,8
孝感,湖北德邦化工新材料有限公司,firm,6,湖北德邦化工新材料有限公司,9
孝感,际华三五零九纺织有限公司,firm,6,际华三五零九纺织有限公司,10
孝感,国营红林机械厂,firm,5,国营红林机械厂,11
孝感,国营红阳机械厂,firm,5,国营红阳机械厂,12
孝感,孝感市捷能特种光源照明器具有限公司,firm,5,孝感市捷能特种光源照明器具有限公司,13
孝感,孝感市易生新材料有限公司,firm,5,孝感市易生新材料有限公司,14
孝感,湖北中碧环保科技有限公司,firm,5,湖北中碧环保科技有限公司,15
孝感,大禹电气科技股份有限公司,firm,4,大禹电气科技股份有限公司,16
孝感,湖北全洲扬子江建设工程有限公司,firm,4,湖北全洲扬子江建设工程有限公司,17
孝感,湖北双环科技股份有限公司,firm,4,湖北双环科技股份有限公司,18
孝感,湖北智丰数控机械有限公司,firm,4,湖北智丰数控机械有限公司,19
孝感,刘化民,individual,3,刘化民,20
宁德,谢逢华,individual,20,谢逢华,1
宁德,严能进,individual,19,严能进,2
宁德,福建福安闽东亚南电机有限公司,firm,6,福建福安闽东亚南电机有限公司,3
宁德,林学金,other,5,林学金,4
宁德,林庆章,individual,4,林庆章,5
宁德,郑家卫,individual,4,郑家卫,6
宁德,郭自刚,individual,4,郭自刚,7
宁德,陈解生,individual,4,陈解生,8
宁德,余深权,individual,3,余深权,9
宁德,宁德新能源科技有限公司,firm,3,宁德新能源科技有限公司,10
宁德,林振程,individual,3,林振程,11
宁德,福建尤迪电机制造有限公司,firm,3,福建尤迪电机制造有限公司,12
宁德,福建省长兴船舶重工有限公司,firm,3,福建省长兴船舶重工有限公司,13
宁德,翁赐和,individual,3,翁赐和,14
宁德,肖茂,individual,3,肖茂,15
宁德,陈石云,individual,3,陈石云,16
宁德,陈阿进,individual,3,陈阿进,17
宁德,刘川汶,individual,2,刘川汶,18
宁德,宁德市星宇科技有限公司,firm,2,宁德市星宇科技有限公司,19
宁德,宁德市海洋技术开发总公司,firm,2,宁德市海洋技术开发总公司,20
宁波,宁波大学,univ,455,宁波大学,1
宁波,中国科学院宁波材料技术与工程研究所,univ,232,中国科学院宁波材料技术与工程研究所,2
宁波,浙江大学宁波理工学院,univ,97,浙江大学宁波理工学院,3
宁波,陈际军,individual,93,陈际军,4
宁波,宁波江丰电子材料有限公司,firm,77,宁波江丰电子材料有限公司,5
宁波,施军达,individual,68,施军达,6
宁波,宁波荣溢化纤科技有限公司,firm,55,宁波荣溢化纤科技有限公司,7
宁波,周奇迪,individual,54,周奇迪,8
宁波,宁波工程学院,univ,50,宁波工程学院,9
宁波,宁波方太厨具有限公司,firm,47,宁波方太厨具有限公司,10
宁波,中国兵器工业第五二研究所,research,43,中国兵器工业第五二研究所,11
宁波,孔赟荣,individual,43,孔赟荣,12
宁波,黄金伦,individual,33,黄金伦,13
宁波,宁波奥克斯空调有限公司,firm,32,宁波奥克斯空调有限公司,14
宁波,朱建华,individual,32,朱建华,15
宁波,俞钟晓,individual,26,俞钟晓,16
宁波,宁波永发集团有限公司,firm,26,宁波永发集团有限公司,17
宁波,宁波信泰机械有限公司,firm,25,宁波信泰机械有限公司,18
宁波,陆颂荫,individual,25,陆颂荫,19
宁波,黄樟焱,individual,25,黄樟焱,20
安庆,安庆市恒昌机械制造有限责任公司,firm,9,安庆市恒昌机械制造有限责任公司,1
安庆,安徽华茂纺织股份有限公司,firm,8,安徽华茂纺织股份有限公司,2
安庆,安徽同发设备股份有限公司,firm,7,安徽同发设备股份有限公司,3
安庆,安庆市中天石油化工有限公司,firm,6,安庆市中天石油化工有限公司,4
安庆,安徽时联特种溶剂股份有限公司,firm,6,安徽时联特种溶剂股份有限公司,5
安庆,安徽赛而特离心机有限公司,firm,5,安徽赛而特离心机有限公司,6
安庆,何龙,individual,4,何龙,7
安庆,吴锏国,individual,4,吴锏国,8
安庆,安徽万邦高森造纸有限公司,firm,4,安徽万邦高森造纸有限公司,9
安庆,安徽华祥实业有限公司,firm,4,安徽华祥实业有限公司,10
安庆,安徽省电力公司安庆供电公司,firm,4,安徽省电力公司安庆供电公司,11
安庆,范群英,individual,4,范群英,12
安庆,马世金,individual,4,马世金,13
安庆,黄晓峰,individual,4,黄晓峰,14
安庆,倪明旺,individual,3,倪明旺,15
安庆,安徽中烟机械有限公司,firm,3,安徽中烟机械有限公司,16
安庆,安徽华业化工有限公司,firm,3,安徽华业化工有限公司,17
安庆,安徽盛运机械股份有限公司,firm,3,安徽盛运机械股份有限公司,18
安庆,汪潜,individual,3,汪潜,19
安庆,严学文,other,2,严学文,20
安康,汉阴县川陕魔芋厂,firm,5,汉阴县川陕魔芋厂,1
安康,安康学院,univ,3,安康学院,2
安康,平利县申草园茶业有限公司,firm,3,平利县申草园茶业有限公司,3
安康,赵奎山,individual,3,赵奎山,4
安康,中国水利水电第三工程局有限公司,firm,2,中国水利水电第三工程局有限公司,5
安康,北京大学安康药物研究院,univ,2,北京大学安康药物研究院,6
安康,安康市植保植检站,other,2,安康市植保植检站,7
安康,平利县女娲银峰茶叶有限公司,firm,2,平利县女娲银峰茶叶有限公司,8
安康,平利县百草堂生物科技有限公司,firm,2,平利县百草堂生物科技有限公司,9
安康,张忠民,individual,2,张忠民,10
安康,梁尚安,individual,2,梁尚安,11
安康,陈庭财,individual,2,陈庭财,12
安康,陈虎,individual,2,陈虎,13
安康,刘信军,individual,1,刘信军,14
安康,刘列平,individual,1,刘列平,15
安康,刘恕滨,individual,1,刘恕滨,16
安康,吴大春,individual,1,吴大春,17
安康,安康供电局,other,1,安康供电局,18
安康,安康市兴安粮食有限公司,firm,1,安康市兴安粮食有限公司,19
安康,安康市志朗生物资源应用研究所,research,1,安康市志朗生物资源应用研究所,20
安阳,中国农业科学院棉花研究所,univ,27,中国农业科学院棉花研究所,1
安阳,郝全得,individual,16,郝全得,2
安阳,安阳钢铁股份有限公司,firm,14,安阳钢铁股份有限公司,3
安阳,河南省电力公司安阳供电公司,firm,13,河南省电力公司安阳供电公司,4
安阳,河南安彩高科股份有限公司,firm,12,河南安彩高科股份有限公司,5
安阳,巨锋,individual,10,巨锋,6
安阳,安阳市全丰农药化工有限责任公司,firm,8,安阳市全丰农药化工有限责任公司,7
安阳,安阳鑫盛机床股份有限公司,firm,8,安阳鑫盛机床股份有限公司,8
安阳,河南省开仑化工有限责任公司,firm,8,河南省开仑化工有限责任公司,9
安阳,乔新光,individual,7,乔新光,10
安阳,刘皇琼,individual,7,刘皇琼,11
安阳,张品生,individual,7,张品生,12
安阳,常俊平,individual,6,常俊平,13
安阳,杨保成,individual,6,杨保成,14
安阳,河南省宏源车轮有限公司,firm,6,河南省宏源车轮有限公司,15
安阳,刘海堂,individual,5,刘海堂,16
安阳,安阳钢铁集团有限责任公司,firm,5,安阳钢铁集团有限责任公司,17
安阳,徐贵阁,individual,5,徐贵阁,18
安阳,江红旗,individual,5,江红旗,19
安阳,汤阴县超贝工程设备有限公司,firm,5,汤阴县超贝工程设备有限公司,20
安顺,贵州安大航空锻造有限责任公司,firm,28,贵州安大航空锻造有限责任公司,1
安顺,贵州百灵企业集团制药股份有限公司,firm,18,贵州百灵企业集团制药股份有限公司,2
安顺,贵州红星发展股份有限公司,firm,18,贵州红星发展股份有限公司,3
安顺,贵州新安航空机械有限责任公司,firm,11,贵州新安航空机械有限责任公司,4
安顺,贵州云马飞机制造厂,firm,8,贵州云马飞机制造厂,5
安顺,贵州安吉航空精密铸造有限责任公司,firm,8,贵州安吉航空精密铸造有限责任公司,6
安顺,中航贵州飞机有限责任公司,firm,6,中航贵州飞机有限责任公司,7
安顺,贵州双阳飞机制造厂,firm,6,贵州双阳飞机制造厂,8
安顺,贵州盖克无人机有限责任公司,firm,6,贵州盖克无人机有限责任公司,9
安顺,贵州贵航无人机有限责任公司,firm,5,贵州贵航无人机有限责任公司,10
安顺,贵州黎阳航空发动机公司,firm,4,贵州黎阳航空发动机公司,11
安顺,王甲南,individual,3,王甲南,12
安顺,肖富洲,individual,3,肖富洲,13
安顺,贵州平坝宏大铝化工有限公司,firm,3,贵州平坝宏大铝化工有限公司,14
安顺,贵州柳江畜禽有限公司,firm,3,贵州柳江畜禽有限公司,15
安顺,贵州红湖机械厂,firm,3,贵州红湖机械厂,16
安顺,贵州航空发动机研究所,research,3,贵州航空发动机研究所,17
安顺,贵州黎阳航空动力有限公司,firm,3,贵州黎阳航空动力有限公司,18
安顺,安顺开发区福远蜡染艺术有限公司,firm,2,安顺开发区福远蜡染艺术有限公司,19
安顺,尹博功,individual,2,尹博功,20
定安县,定安翰林绿果槟榔专业合作社,firm,2,定安翰林绿果槟榔专业合作社,1
定安县,海南椰国热带水果食品加工有限公司,firm,1,海南椰国热带水果食品加工有限公司,2
定西,常华,individual,8,常华,1
定西,苟宪福,individual,5,苟宪福,2
定西,景履元,individual,4,景履元,3
定西,陇西中天药业有限责任公司,firm,4,陇西中天药业有限责任公司,4
定西,张银川,individual,3,张银川,5
定西,杜林东,individual,3,杜林东,6
定西,甘肃甘强医药发展有限责任公司,firm,3,甘肃甘强医药发展有限责任公司,7
定西,苟永平,individual,3,苟永平,8
定西,董义斌,individual,3,董义斌,9
定西,侯兆乾,individual,2,侯兆乾,10
定西,定西市旱农科研推广中心实验农场,firm,2,定西市旱农科研推广中心实验农场,11
定西,甘肃圣大方舟马铃薯变性淀粉有限公司,firm,2,甘肃圣大方舟马铃薯变性淀粉有限公司,12
定西,甘肃大鑫铜业有限责任公司,firm,2,甘肃大鑫铜业有限责任公司,13
定西,甘肃岷归中药材科技有限公司,firm,2,甘肃岷归中药材科技有限公司,14
定西,甘肃效灵生物开发有限责任公司,firm,2,甘肃效灵生物开发有限责任公司,15
定西,罗劲竹,individual,2,罗劲竹,16
定西,赵明,individual,2,赵明,17
定西,丁菊兰,individual,1,丁菊兰,18
定西,中国铝业股份有限公司,firm,1,中国铝业股份有限公司,19
定西,包永全,individual,1,包永全,20
宜宾,宜宾长毅浆粕有限责任公司,firm,24,宜宾长毅浆粕有限责任公司,1
宜宾,四川惊雷科技股份有限公司,firm,20,四川惊雷科技股份有限公司,2
宜宾,宜宾海丝特纤维有限责任公司,firm,20,宜宾海丝特纤维有限责任公司,3
宜宾,宜宾丝丽雅集团有限公司,firm,12,宜宾丝丽雅集团有限公司,4
宜宾,中核建中核燃料元件有限公司,firm,10,中核建中核燃料元件有限公司,5
宜宾,四川省宜宾五粮液集团有限公司,firm,8,四川省宜宾五粮液集团有限公司,6
宜宾,宜宾学院,univ,8,宜宾学院,7
宜宾,宜宾天原集团股份有限公司,firm,6,宜宾天原集团股份有限公司,8
宜宾,四川省宜宾惠美线业有限责任公司,firm,4,四川省宜宾惠美线业有限责任公司,9
宜宾,游玉明,individual,4,游玉明,10
宜宾,四川省宜宾市叙府酒业有限公司,firm,3,四川省宜宾市叙府酒业有限公司,11
宜宾,宜宾市外贸金叶茶业有限责任公司,firm,3,宜宾市外贸金叶茶业有限责任公司,12
宜宾,宜宾金川电子有限责任公司,firm,3,宜宾金川电子有限责任公司,13
宜宾,江安县农业技术推广站,other,3,江安县农业技术推广站,14
宜宾,何保良,individual,2,何保良,15
宜宾,叶均,individual,2,叶均,16
宜宾,四川宜宾岷江机械制造有限责任公司,firm,2,四川宜宾岷江机械制造有限责任公司,17
宜宾,四川省宜宾岷江专用汽车有限责任公司,firm,2,四川省宜宾岷江专用汽车有限责任公司,18
宜宾,四川省宜宾普什模具有限公司,firm,2,四川省宜宾普什模具有限公司,19
宜宾,四川省长宁县竹海特种纤维素科技有限责任公司,firm,2,四川省长宁县竹海特种纤维素科技有限责任公司,20
宜昌,安琪酵母股份有限公司,firm,61,安琪酵母股份有限公司,1
宜昌,中国船舶重工集团公司第七一○研究所,firm,60,中国船舶重工集团公司第七一○研究所,2
宜昌,三峡大学,univ,56,三峡大学,3
宜昌,中国葛洲坝集团股份有限公司,firm,40,中国葛洲坝集团股份有限公司,4
宜昌,湖北兴发化工集团股份有限公司,firm,34,湖北兴发化工集团股份有限公司,5
宜昌,许昌义,individual,16,许昌义,6
宜昌,朱大悦,individual,14,朱大悦,7
宜昌,三峡大学第一临床医学院,univ,13,三峡大学第一临床医学院,8
宜昌,宜昌长机科技有限责任公司,firm,12,宜昌长机科技有限责任公司,9
宜昌,宜昌人福药业有限责任公司,firm,10,宜昌人福药业有限责任公司,10
宜昌,宜昌劲森光电科技股份有限公司,firm,10,宜昌劲森光电科技股份有限公司,11
宜昌,宜昌劲森照明电子有限公司,firm,10,宜昌劲森照明电子有限公司,12
宜昌,中国长江三峡集团公司,firm,9,中国长江三峡集团公司,13
宜昌,宜昌英汉超声电气有限公司,firm,9,宜昌英汉超声电气有限公司,14
宜昌,郑茜,individual,9,郑茜,15
宜昌,黑旋风工程机械开发有限公司,firm,9,黑旋风工程机械开发有限公司,16
宜昌,中国葛洲坝集团机械船舶有限公司,firm,8,中国葛洲坝集团机械船舶有限公司,17
宜昌,宜昌市科力生实业有限公司,firm,8,宜昌市科力生实业有限公司,18
宜昌,黑旋风锯业股份有限公司,firm,8,黑旋风锯业股份有限公司,19
宜昌,宜昌楚汉风生物科技有限公司,firm,7,宜昌楚汉风生物科技有限公司,20
宜春,杨文龙,individual,16,杨文龙,1
宜春,宜春学院,univ,15,宜春学院,2
宜春,江西百神药业集团有限公司,firm,14,江西百神药业集团有限公司,3
宜春,唐善学,other,11,唐善学,4
宜春,江西泰豪特种电机有限公司,firm,10,江西泰豪特种电机有限公司,5
宜春,张志国,individual,7,张志国,6
宜春,江西铜鼓江桥竹木业有限责任公司,firm,7,江西铜鼓江桥竹木业有限责任公司,7
宜春,赵家春,individual,7,赵家春,8
宜春,周辉林,individual,4,周辉林,9
宜春,江西华伍制动器股份有限公司,firm,4,江西华伍制动器股份有限公司,10
宜春,江西济民可信药业有限公司,firm,4,江西济民可信药业有限公司,11
宜春,江西远洋保险设备实业集团有限公司,firm,4,江西远洋保险设备实业集团有限公司,12
宜春,江西金伟生物制品有限公司,firm,4,江西金伟生物制品有限公司,13
宜春,周喜才,individual,3,周喜才,14
宜春,宜春强微生物科技有限公司,firm,3,宜春强微生物科技有限公司,15
宜春,江西本源新材料科技有限公司,firm,3,江西本源新材料科技有限公司,16
宜春,江西省福斯特新能源有限公司,firm,3,江西省福斯特新能源有限公司,17
宜春,王桂林,individual,3,王桂林,18
宜春,美德(江西)生物科技有限公司,firm,3,美德(江西)生物科技有限公司,19
宜春,丰城市宏成金属制品有限公司,firm,2,丰城市宏成金属制品有限公司,20
宝鸡,宝鸡石油机械有限责任公司,firm,20,宝鸡石油机械有限责任公司,1
宝鸡,中铁宝桥集团有限公司,firm,17,中铁宝桥集团有限公司,2
宝鸡,常荣波,individual,15,常荣波,3
宝鸡,宝鸡钛业股份有限公司,firm,13,宝鸡钛业股份有限公司,4
宝鸡,宝鸡石油钢管有限责任公司,firm,10,宝鸡石油钢管有限责任公司,5
宝鸡,张建利,individual,9,张建利,6
宝鸡,程玉全,individual,8,程玉全,7
宝鸡,陕西宝成航空仪表有限责任公司,firm,8,陕西宝成航空仪表有限责任公司,8
宝鸡,陕西群力电工有限责任公司,firm,7,陕西群力电工有限责任公司,9
宝鸡,中铁宝桥股份有限公司,firm,6,中铁宝桥股份有限公司,10
宝鸡,宝鸡烽火诺信科技有限公司,firm,6,宝鸡烽火诺信科技有限公司,11
宝鸡,李晓林,individual,6,李晓林,12
宝鸡,宝商集团陕西辰济药业有限公司,firm,5,宝商集团陕西辰济药业有限公司,13
宝鸡,杨喜鸿,individual,5,杨喜鸿,14
宝鸡,陕西秦川机械发展股份有限公司,firm,5,陕西秦川机械发展股份有限公司,15
宝鸡,君达(凤县)环保资源无害化过程科技有限公司,firm,4,君达(凤县)环保资源无害化过程科技有限公司,16
宝鸡,宝钛集团有限公司,firm,4,宝钛集团有限公司,17
宝鸡,宝鸡保德利电气设备有限责任公司,firm,4,宝鸡保德利电气设备有限责任公司,18
宝鸡,宝鸡市巨成钛业有限责任公司,firm,4,宝鸡市巨成钛业有限责任公司,19
宝鸡,徐樊,individual,4,徐樊,20
宣城,曹芬,individual,18,曹芬,1
宣城,安徽中鼎密封件股份有限公司,firm,15,安徽中鼎密封件股份有限公司,2
宣城,宁国市海天力工业发展有限公司,firm,9,宁国市海天力工业发展有限公司,3
宣城,安徽省宁国市长乐林产品开发有限公司,firm,9,安徽省宁国市长乐林产品开发有限公司,4
宣城,宁国聚隆实业有限公司,firm,8,宁国聚隆实业有限公司,5
宣城,亚新科噪声与振动技术(安徽)有限公司,firm,7,亚新科噪声与振动技术(安徽)有限公司,6
宣城,安徽中鼎金亚汽车管件制造有限公司,firm,7,安徽中鼎金亚汽车管件制造有限公司,7
宣城,叶春全,individual,6,叶春全,8
宣城,宁国市开源电力耐磨材料有限公司,firm,6,宁国市开源电力耐磨材料有限公司,9
宣城,安徽江南化工股份有限公司,firm,6,安徽江南化工股份有限公司,10
宣城,安徽莱恩电泵有限公司,firm,6,安徽莱恩电泵有限公司,11
宣城,安徽中鼎泰克汽车密封件有限公司,firm,5,安徽中鼎泰克汽车密封件有限公司,12
宣城,安徽省宁国新宁实业有限公司,firm,5,安徽省宁国新宁实业有限公司,13
宣城,安徽省宁国诚信耐磨材料有限公司,firm,5,安徽省宁国诚信耐磨材料有限公司,14
宣城,宁国市南洋铁球有限公司,firm,4,宁国市南洋铁球有限公司,15
宣城,安徽广信农化股份有限公司,firm,4,安徽广信农化股份有限公司,16
宣城,安徽省凤形耐磨材料股份有限公司,firm,4,安徽省凤形耐磨材料股份有限公司,17
宣城,安徽立兴化工有限公司,firm,4,安徽立兴化工有限公司,18
宣城,安徽聚隆机械有限公司,firm,4,安徽聚隆机械有限公司,19
宣城,安徽黄山云乐灵芝有限公司,firm,4,安徽黄山云乐灵芝有限公司,20
宿州,张红旗,individual,20,张红旗,1
宿州,柳小伟,individual,15,柳小伟,2
宿州,中煤第三建设(集团)有限责任公司,firm,9,中煤第三建设(集团)有限责任公司,3
宿州,安徽省皖北药业股份有限公司,firm,8,安徽省皖北药业股份有限公司,4
宿州,范明合,individual,7,范明合,5
宿州,中煤第三建设(集团)有限责任公司三十工程处,firm,5,中煤第三建设(集团)有限责任公司三十工程处,6
宿州,张磊,individual,5,张磊,7
宿州,胡冰,individual,5,胡冰,8
宿州,丰原宿州生物化工有限公司,firm,4,丰原宿州生物化工有限公司,9
宿州,袁斌,individual,4,袁斌,10
宿州,赵海静,individual,4,赵海静,11
宿州,中煤第三建设公司机电安装工程处,firm,3,中煤第三建设公司机电安装工程处,12
宿州,李雷,individual,3,李雷,13
宿州,邓素华,individual,3,邓素华,14
宿州,邵广宇,individual,3,邵广宇,15
宿州,凌豫超,individual,2,凌豫超,16
宿州,刘广善,individual,2,刘广善,17
宿州,夏长杰,individual,2,夏长杰,18
宿州,安徽省电力公司宿州供电公司,firm,2,安徽省电力公司宿州供电公司,19
宿州,安徽省皖北煤电集团孟庄煤矿,firm,2,安徽省皖北煤电集团孟庄煤矿,20
宿迁,张天任,individual,45,张天任,1
宿迁,泗阳天琴软件科技有限公司,firm,22,泗阳天琴软件科技有限公司,2
宿迁,李苏扬,individual,13,李苏扬,3
宿迁,中节能(宿迁)生物质能发电有限公司,firm,7,中节能(宿迁)生物质能发电有限公司,4
宿迁,江苏宇飞电力科技有限公司,firm,7,江苏宇飞电力科技有限公司,5
宿迁,江苏恒州特种玻璃纤维材料有限公司,firm,7,江苏恒州特种玻璃纤维材料有限公司,6
宿迁,张翠兰,individual,6,张翠兰,7
宿迁,宿迁市固丰管桩有限公司,firm,5,宿迁市固丰管桩有限公司,8
宿迁,江苏三元轮胎有限公司,firm,5,江苏三元轮胎有限公司,9
宿迁,江苏省电力公司沭阳县供电公司,firm,5,江苏省电力公司沭阳县供电公司,10
宿迁,江苏省电力公司泗阳县供电公司,firm,5,江苏省电力公司泗阳县供电公司,11
宿迁,江苏秀强玻璃工艺有限公司,firm,5,江苏秀强玻璃工艺有限公司,12
宿迁,浙江天能电池(江苏)有限公司,firm,5,浙江天能电池(江苏)有限公司,13
宿迁,宿迁市嘉润照明有限公司,firm,4,宿迁市嘉润照明有限公司,14
宿迁,张嘉闻,individual,4,张嘉闻,15
宿迁,朱永山,individual,4,朱永山,16
宿迁,江苏大江木业有限公司,firm,4,江苏大江木业有限公司,17
宿迁,江苏省电力公司泗洪县供电公司,firm,4,江苏省电力公司泗洪县供电公司,18
宿迁,刘健,individual,3,刘健,19
宿迁,张奕,individual,3,张奕,20
山南,西藏海思科药业集团股份有限公司,firm,3,西藏海思科药业集团股份有限公司,1
岳阳,岳阳昌德化工实业有限公司,firm,23,岳阳昌德化工实业有限公司,1
岳阳,岳阳纸业股份有限公司,firm,23,岳阳纸业股份有限公司,2
岳阳,湖南长岭石化科技开发有限公司,firm,22,湖南长岭石化科技开发有限公司,3
岳阳,湖南省金为型材有限公司,firm,16,湖南省金为型材有限公司,4
岳阳,际华三五一七橡胶制品有限公司,firm,16,际华三五一七橡胶制品有限公司,5
岳阳,湖南理工学院,univ,15,湖南理工学院,6
岳阳,段鳗珊,individual,10,段鳗珊,7
岳阳,湖南福湘木业有限责任公司,firm,10,湖南福湘木业有限责任公司,8
岳阳,中国化学工程第四建设公司,firm,7,中国化学工程第四建设公司,9
岳阳,湖南中科电气股份有限公司,firm,7,湖南中科电气股份有限公司,10
岳阳,湖南国发精细化工科技有限公司,firm,7,湖南国发精细化工科技有限公司,11
岳阳,湖南金联星冶金材料技术有限公司,firm,6,湖南金联星冶金材料技术有限公司,12
岳阳,万继华,individual,4,万继华,13
岳阳,刘辉舟,individual,4,刘辉舟,14
岳阳,彭鸽威,individual,4,彭鸽威,15
岳阳,湖南茂源林业有限责任公司,firm,4,湖南茂源林业有限责任公司,16
岳阳,湖南荣宏钼业材料股份有限公司,firm,4,湖南荣宏钼业材料股份有限公司,17
岳阳,肖永雪,individual,4,肖永雪,18
岳阳,华彬,individual,3,华彬,19
岳阳,岳阳大陆激光技术有限公司,firm,3,岳阳大陆激光技术有限公司,20
崇左,周琳庆,individual,3,周琳庆,1
崇左,中国林业科学研究院热带林业实验中心,research,2,中国林业科学研究院热带林业实验中心,2
崇左,何钟宁,individual,1,何钟宁,3
崇左,安琪酵母(崇左)有限公司,firm,1,安琪酵母(崇左)有限公司,4
崇左,席凯帆,individual,1,席凯帆,5
崇左,广西新振锰业集团有限公司,firm,1,广西新振锰业集团有限公司,6
崇左,广西民族师范学院,univ,1,广西民族师范学院,7
崇左,廖文革,individual,1,廖文革,8
崇左,陆仲合,individual,1,陆仲合,9
崇左,韦品琦,individual,1,韦品琦,10
巴中,董礼,individual,5,董礼,1
巴中,徐江林,individual,3,徐江林,2
巴中,李禄海,individual,3,李禄海,3
巴中,杨崇君,individual,2,杨崇君,4
巴中,肖乾利,individual,2,肖乾利,5
巴中,苟于洋,individual,2,苟于洋,6
巴中,黄震,individual,2,黄震,7
巴中,严冬,individual,1,严冬,8
巴中,何照光,individual,1,何照光,9
巴中,冯浚洋,individual,1,冯浚洋,10
巴中,周炳刚,individual,1,周炳刚,11
巴中,张东如,individual,1,张东如,12
巴中,张丹,individual,1,张丹,13
巴中,张超,individual,1,张超,14
巴中,李全才,individual,1,李全才,15
巴中,李科,individual,1,李科,16
巴中,杜克发,individual,1,杜克发,17
巴中,纪勇,individual,1,纪勇,18
巴中,罗猛,individual,1,罗猛,19
巴中,蔡光育,individual,1,蔡光育,20
巴彦淖尔,陈恒,individual,12,陈恒,1
巴彦淖尔,中兴能源(内蒙古)有限公司,firm,2,中兴能源(内蒙古)有限公司,2
巴彦淖尔,内蒙古王爷地苁蓉生物有限公司,firm,2,内蒙古王爷地苁蓉生物有限公司,3
巴彦淖尔,内蒙古际华森普利服装皮业有限公司,firm,2,内蒙古际华森普利服装皮业有限公司,4
巴彦淖尔,吴涛,individual,2,吴涛,5
巴彦淖尔,张占飞,individual,2,张占飞,6
巴彦淖尔,杨子龙,individual,2,杨子龙,7
巴彦淖尔,黄永胜,individual,2,黄永胜,8
巴彦淖尔,丁杰,individual,1,丁杰,9
巴彦淖尔,丁涛,individual,1,丁涛,10
巴彦淖尔,何贵明,individual,1,何贵明,11
巴彦淖尔,内蒙古百吉纳奶酒有限责任公司,firm,1,内蒙古百吉纳奶酒有限责任公司,12
巴彦淖尔,刘国柱,individual,1,刘国柱,13
巴彦淖尔,刘慧,individual,1,刘慧,14
巴彦淖尔,唐金生,individual,1,唐金生,15
巴彦淖尔,孟令刚,individual,1,孟令刚,16
巴彦淖尔,孟庆国,individual,1,孟庆国,17
巴彦淖尔,孟文华,individual,1,孟文华,18
巴彦淖尔,张培义,individual,1,张培义,19
巴彦淖尔,张忠义,individual,1,张忠义,20
巴音郭楞蒙古自治州,罗永,individual,6,罗永,1
巴音郭楞蒙古自治州,新疆华油油气工程有限公司,firm,4,新疆华油油气工程有限公司,2
巴音郭楞蒙古自治州,田开银,individual,3,田开银,3
巴音郭楞蒙古自治州,艾沙尕依提,other,3,艾沙尕依提,4
巴音郭楞蒙古自治州,蒋毅蕾,individual,3,蒋毅蕾,5
巴音郭楞蒙古自治州,中国石油化工股份有限公司,firm,2,中国石油化工股份有限公司,6
巴音郭楞蒙古自治州,依明尼亚孜,other,2,依明尼亚孜,7
巴音郭楞蒙古自治州,新疆博湖苇业股份有限公司,firm,2,新疆博湖苇业股份有限公司,8
巴音郭楞蒙古自治州,新疆海瑞盛生物工程股份有限公司,firm,2,新疆海瑞盛生物工程股份有限公司,9
巴音郭楞蒙古自治州,新疆瑞源乳业有限公司,firm,2,新疆瑞源乳业有限公司,10
巴音郭楞蒙古自治州,新疆生产建设兵团农二师农业科学研究所,research,2,新疆生产建设兵团农二师农业科学研究所,11
巴音郭楞蒙古自治州,田志坚,individual,2,田志坚,12
巴音郭楞蒙古自治州,蒋小明,individual,2,蒋小明,13
巴音郭楞蒙古自治州,陈国庆,individual,2,陈国庆,14
巴音郭楞蒙古自治州,韩一波,individual,2,韩一波,15
巴音郭楞蒙古自治州,冶峙钢,individual,1,冶峙钢,16
巴音郭楞蒙古自治州,吉运河,individual,1,吉运河,17
巴音郭楞蒙古自治州,吴锦章,individual,1,吴锦章,18
巴音郭楞蒙古自治州,吴长杰,individual,1,吴长杰,19
巴音郭楞蒙古自治州,周虹,individual,1,周虹,20
常州,江苏工业学院,univ,259,江苏工业学院,1
常州,常州亿晶光电科技有限公司,firm,146,常州亿晶光电科技有限公司,2
常州,常州天合光能有限公司,firm,124,常州天合光能有限公司,3
常州,常州大学,univ,103,常州大学,4
常州,河海大学常州校区,univ,97,河海大学常州校区,5
常州,杨贻方,individual,78,杨贻方,6
常州,江苏技术师范学院,univ,63,江苏技术师范学院,7
常州,南车戚墅堰机车有限公司,firm,58,南车戚墅堰机车有限公司,8
常州,江苏省电力公司常州供电公司,firm,44,江苏省电力公司常州供电公司,9
常州,江苏亚邦染料股份有限公司,firm,31,江苏亚邦染料股份有限公司,10
常州,唐秀庚,individual,30,唐秀庚,11
常州,常州市第八纺织机械有限公司,firm,30,常州市第八纺织机械有限公司,12
常州,蔡建林,individual,30,蔡建林,13
常州,褚礼政,individual,29,褚礼政,14
常州,南车戚墅堰机车车辆工艺研究所有限公司,firm,27,南车戚墅堰机车车辆工艺研究所有限公司,15
常州,李钟平,individual,27,李钟平,16
常州,瑞声声学科技(常州)有限公司,firm,26,瑞声声学科技(常州)有限公司,17
常州,何建明,individual,24,何建明,18
常州,常州工学院,univ,23,常州工学院,19
常州,诸小莉,individual,22,诸小莉,20
常德,常德力元新材料有限责任公司,firm,11,常德力元新材料有限责任公司,1
常德,湖南中泰特种装备有限责任公司,firm,11,湖南中泰特种装备有限责任公司,2
常德,何岗,individual,7,何岗,3
常德,彭焕庭,individual,7,彭焕庭,4
常德,江利,individual,7,江利,5
常德,湖南文理学院,univ,7,湖南文理学院,6
常德,湖南康普医药研究院,research,6,湖南康普医药研究院,7
常德,覃志明,individual,6,覃志明,8
常德,常德烟草机械有限责任公司,firm,5,常德烟草机械有限责任公司,9
常德,常德金鹏印务有限公司,firm,5,常德金鹏印务有限公司,10
常德,湖南创元铝业有限公司,firm,5,湖南创元铝业有限公司,11
常德,湖南嘉业达电子有限公司,firm,5,湖南嘉业达电子有限公司,12
常德,湖南恒至凿岩科技有限公司,firm,5,湖南恒至凿岩科技有限公司,13
常德,万福生科(湖南)农业开发股份有限公司,firm,4,万福生科(湖南)农业开发股份有限公司,14
常德,何艺菲,individual,4,何艺菲,15
常德,常德市磊鑫矿业科技有限公司,firm,4,常德市磊鑫矿业科技有限公司,16
常德,常德纺织机械有限公司,firm,4,常德纺织机械有限公司,17
常德,汉寿县何岗电子机械科研所,other,4,汉寿县何岗电子机械科研所,18
常德,湖南凯斯机械股份有限公司,firm,4,湖南凯斯机械股份有限公司,19
常德,湖南汉寿中煤科技有限公司,firm,4,湖南汉寿中煤科技有限公司,20
平凉,甘肃红峰机械有限责任公司,firm,10,甘肃红峰机械有限责任公司,1
平凉,中国电子科技集团公司第四十五研究所,firm,7,中国电子科技集团公司第四十五研究所,2
平凉,姚永新,individual,4,姚永新,3
平凉,任平乐,individual,2,任平乐,4
平凉,刘引红,individual,2,刘引红,5
平凉,孙玮,individual,2,孙玮,6
平凉,郑海,individual,2,郑海,7
平凉,原平彤,individual,1,原平彤,8
平凉,唐乃存,individual,1,唐乃存,9
平凉,姜富春,individual,1,姜富春,10
平凉,孟春彩,individual,1,孟春彩,11
平凉,戴宝成,individual,1,戴宝成,12
平凉,李晓明,individual,1,李晓明,13
平凉,杜进,individual,1,杜进,14
平凉,王宏凯,individual,1,王宏凯,15
平凉,王瑜,individual,1,王瑜,16
平凉,甘肃虹光电子有限责任公司,firm,1,甘肃虹光电子有限责任公司,17
平凉,田小龙,individual,1,田小龙,18
平凉,肖卫,individual,1,肖卫,19
平凉,蒙文成,individual,1,蒙文成,20
平顶山,河南省电力公司平顶山供电公司,firm,34,河南省电力公司平顶山供电公司,1
平顶山,舞阳钢铁有限责任公司,firm,29,舞阳钢铁有限责任公司,2
平顶山,河南省绿韵建材有限公司,firm,28,河南省绿韵建材有限公司,3
平顶山,平高集团有限公司,firm,15,平高集团有限公司,4
平顶山,河南平高电气股份有限公司,firm,15,河南平高电气股份有限公司,5
平顶山,平顶山华邦工程塑料有限公司,firm,9,平顶山华邦工程塑料有限公司,6
平顶山,平煤建工集团有限公司,firm,8,平煤建工集团有限公司,7
平顶山,汝州市中医院,hospital,8,汝州市中医院,8
平顶山,河南海星化工科技有限公司,firm,8,河南海星化工科技有限公司,9
平顶山,平顶山市金牛足食品有限公司,firm,7,平顶山市金牛足食品有限公司,10
平顶山,冯学安,other,6,冯学安,11
平顶山,平顶山市恒鑫丰玻璃有限责任公司,firm,6,平顶山市恒鑫丰玻璃有限责任公司,12
平顶山,河南梦想食品有限公司,firm,6,河南梦想食品有限公司,13
平顶山,中国神马集团有限责任公司,firm,5,中国神马集团有限责任公司,14
平顶山,宋兆普,individual,5,宋兆普,15
平顶山,常铁榜,individual,5,常铁榜,16
平顶山,张培举,individual,5,张培举,17
平顶山,河南城建学院,univ,5,河南城建学院,18
平顶山,河南省龙腾高科实业有限公司,firm,5,河南省龙腾高科实业有限公司,19
平顶山,秦跃山,individual,5,秦跃山,20
广元,赵彦杰,individual,13,赵彦杰,1
广元,王怀能,individual,11,王怀能,2
广元,广元市海天实业有限责任公司,firm,4,广元市海天实业有限责任公司,3
广元,广元瑞峰精工机械制造有限公司,firm,4,广元瑞峰精工机械制造有限公司,4
广元,四川飞亚新材料有限公司,firm,3,四川飞亚新材料有限公司,5
广元,王元知,individual,3,王元知,6
广元,零八一电子集团有限公司,firm,3,零八一电子集团有限公司,7
广元,四川省电力公司广元电业局,firm,2,四川省电力公司广元电业局,8
广元,广元电业局,other,2,广元电业局,9
广元,张德忠,individual,2,张德忠,10
广元,李长海,individual,2,李长海,11
广元,王建中,other,2,王建中,12
广元,王辉,individual,2,王辉,13
广元,祖新华,individual,2,祖新华,14
广元,陈茂祥,individual,2,陈茂祥,15
广元,零八一电子集团四川力源电子有限公司,firm,2,零八一电子集团四川力源电子有限公司,16
广元,零八一电子集团四川华昌电子有限公司,firm,2,零八一电子集团四川华昌电子有限公司,17
广元,零八一电子集团四川天源机械有限公司,firm,2,零八一电子集团四川天源机械有限公司,18
广元,雷青林,individual,2,雷青林,19
广元,青川县天运金属开发有限公司,firm,2,青川县天运金属开发有限公司,20
广安,胡明跃,individual,4,胡明跃,1
广安,伍庶,individual,3,伍庶,2
广安,李波,individual,3,李波,3
广安,张静,individual,2,张静,4
广安,胡文平,individual,2,胡文平,5
广安,黄青华,individual,2,黄青华,6
广安,任光汉,individual,1,任光汉,7
广安,冯其高,individual,1,冯其高,8
广安,周小林,individual,1,周小林,9
广安,唐朝勤,individual,1,唐朝勤,10
广安,四川华蓥山广能集团嘉华机械有限责任公司,firm,1,四川华蓥山广能集团嘉华机械有限责任公司,11
广安,四川华蓥建工集团有限公司,firm,1,四川华蓥建工集团有限公司,12
广安,四川同心门业有限公司,firm,1,四川同心门业有限公司,13
广安,四川省电力公司广安电业局,firm,1,四川省电力公司广安电业局,14
广安,四川省邻水县第二中学,univ,1,四川省邻水县第二中学,15
广安,四川金易管业有限公司,firm,1,四川金易管业有限公司,16
广安,广安凯特医药化工有限公司,firm,1,广安凯特医药化工有限公司,17
广安,广安大同经络科技有限公司,firm,1,广安大同经络科技有限公司,18
广安,广安静屹塑料光纤有限公司,firm,1,广安静屹塑料光纤有限公司,19
广安,张家政,individual,1,张家政,20
广州,华南理工大学,univ,1741,华南理工大学,1
广州,中山大学,univ,1185,中山大学,2
广州,华南农业大学,univ,451,华南农业大学,3
广州,广东威创视讯科技股份有限公司,firm,338,广东威创视讯科技股份有限公司,4
广州,广东工业大学,univ,297,广东工业大学,5
广州,暨南大学,univ,287,暨南大学,6
广州,旭丽电子(广州)有限公司,firm,255,旭丽电子(广州)有限公司,7
广州,华南师范大学,univ,237,华南师范大学,8
广州,中国科学院广州能源研究所,univ,191,中国科学院广州能源研究所,9
广州,京信通信系统(中国)有限公司,firm,185,京信通信系统(中国)有限公司,10
广州,金发科技股份有限公司,firm,131,金发科技股份有限公司,11
广州,新邮通信设备有限公司,firm,129,新邮通信设备有限公司,12
广州,中国移动通信集团广东有限公司,firm,118,中国移动通信集团广东有限公司,13
广州,广州杰赛科技股份有限公司,firm,110,广州杰赛科技股份有限公司,14
广州,南方医科大学,univ,106,南方医科大学,15
广州,广州宝胆医疗器械科技有限公司,firm,103,广州宝胆医疗器械科技有限公司,16
广州,广州大学,univ,101,广州大学,17
广州,中国科学院南海海洋研究所,univ,99,中国科学院南海海洋研究所,18
广州,中国科学院广州生物医药与健康研究院,univ,91,中国科学院广州生物医药与健康研究院,19
广州,广东药学院,univ,90,广东药学院,20
庆阳,刘清海,individual,27,刘清海,1
庆阳,贾简华,individual,5,贾简华,2
庆阳,张振明,individual,4,张振明,3
庆阳,陈翮,individual,4,陈翮,4
庆阳,庆阳市康惠玫瑰发展有限责任公司,firm,3,庆阳市康惠玫瑰发展有限责任公司,5
庆阳,苏建峰,individual,3,苏建峰,6
庆阳,李世芳,individual,2,李世芳,7
庆阳,武生智,individual,2,武生智,8
庆阳,祁银学,other,2,祁银学,9
庆阳,肖栋,individual,2,肖栋,10
庆阳,袁岳鹏,individual,2,袁岳鹏,11
庆阳,赵菊莲,individual,2,赵菊莲,12
庆阳,陇东学院,univ,2,陇东学院,13
庆阳,刘珠海,individual,1,刘珠海,14
庆阳,史怀孝,individual,1,史怀孝,15
庆阳,宫印保,individual,1,宫印保,16
庆阳,张栋杰,individual,1,张栋杰,17
庆阳,慕博聪,individual,1,慕博聪,18
庆阳,景向虎,individual,1,景向虎,19
庆阳,汤官俊,individual,1,汤官俊,20
廊坊,新奥科技发展有限公司,firm,208,新奥科技发展有限公司,1
廊坊,中国电子科技集团公司第四十五研究所,firm,67,中国电子科技集团公司第四十五研究所,2
廊坊,李春涛,individual,47,李春涛,3
廊坊,新奥光伏能源有限公司,firm,25,新奥光伏能源有限公司,4
廊坊,王广武,individual,24,王广武,5
廊坊,张海宏,individual,18,张海宏,6
廊坊,中国石油天然气管道局,other,14,中国石油天然气管道局,7
廊坊,廊坊智通机器人系统有限公司,firm,9,廊坊智通机器人系统有限公司,8
廊坊,量子高科(北京)研究院有限公司,firm,9,量子高科(北京)研究院有限公司,9
廊坊,李志军,individual,8,李志军,10
廊坊,由伟,individual,8,由伟,11
廊坊,中海油田服务股份有限公司,firm,7,中海油田服务股份有限公司,12
廊坊,中铁隧道集团二处有限公司,firm,7,中铁隧道集团二处有限公司,13
廊坊,福尔生物制药股份有限公司,firm,7,福尔生物制药股份有限公司,14
廊坊,高智,individual,7,高智,15
廊坊,刘群,individual,6,刘群,16
廊坊,新奥(廊坊)燃气技术研究发展有限公司,firm,6,新奥(廊坊)燃气技术研究发展有限公司,17
廊坊,新奥博为技术有限公司,firm,6,新奥博为技术有限公司,18
廊坊,卢爱军,individual,5,卢爱军,19
廊坊,廊坊凯博建设机械科技有限公司,firm,5,廊坊凯博建设机械科技有限公司,20
延安,陕西永泰生物工程有限责任公司,firm,12,陕西永泰生物工程有限责任公司,1
延安,延安市微生物研究所,research,3,延安市微生物研究所,2
延安,延安常泰药业有限责任公司,firm,3,延安常泰药业有限责任公司,3
延安,杨昕辰,individual,3,杨昕辰,4
延安,白福有,individual,3,白福有,5
延安,胡东文,individual,3,胡东文,6
延安,刘联合,individual,2,刘联合,7
延安,延安供电局,other,2,延安供电局,8
延安,延安圣通聚源生态科技有限公司,firm,2,延安圣通聚源生态科技有限公司,9
延安,张启贵,individual,2,张启贵,10
延安,张烨,individual,2,张烨,11
延安,志丹县鹏翔食品有限责任公司,firm,2,志丹县鹏翔食品有限责任公司,12
延安,朱志学,other,2,朱志学,13
延安,赵宇,individual,2,赵宇,14
延安,马凤翔,individual,2,马凤翔,15
延安,高峰,individual,2,高峰,16
延安,任荣,individual,1,任荣,17
延安,冯治堂,individual,1,冯治堂,18
延安,同淑霞,individual,1,同淑霞,19
延安,康雄雄,individual,1,康雄雄,20
延边朝鲜族自治州,延边大学,univ,23,延边大学,1
延边朝鲜族自治州,吉林华康药业股份有限公司,firm,9,吉林华康药业股份有限公司,2
延边朝鲜族自治州,吉林保利科技中试有限公司,firm,8,吉林保利科技中试有限公司,3
延边朝鲜族自治州,吉林圣亚医药科技有限公司,firm,7,吉林圣亚医药科技有限公司,4
延边朝鲜族自治州,延吉喜来健实业有限公司,firm,7,延吉喜来健实业有限公司,5
延边朝鲜族自治州,戚成吉,individual,7,戚成吉,6
延边朝鲜族自治州,敦化市亚联机械制造有限公司,firm,7,敦化市亚联机械制造有限公司,7
延边朝鲜族自治州,和龙双昊高新技术有限公司,firm,6,和龙双昊高新技术有限公司,8
延边朝鲜族自治州,金哲根,individual,6,金哲根,9
延边朝鲜族自治州,吉林草还丹药业有限公司,firm,5,吉林草还丹药业有限公司,10
延边朝鲜族自治州,延吉烟悦科技有限公司,firm,5,延吉烟悦科技有限公司,11
延边朝鲜族自治州,沈升日,individual,5,沈升日,12
延边朝鲜族自治州,吉林敖东延边药业股份有限公司,firm,4,吉林敖东延边药业股份有限公司,13
延边朝鲜族自治州,葛铸刚,individual,4,葛铸刚,14
延边朝鲜族自治州,蒙宝林,individual,4,蒙宝林,15
延边朝鲜族自治州,全龙浩,individual,3,全龙浩,16
延边朝鲜族自治州,延边石岘白麓纸业股份有限公司,firm,3,延边石岘白麓纸业股份有限公司,17
延边朝鲜族自治州,徐世友,individual,3,徐世友,18
延边朝鲜族自治州,朴玉莲,individual,3,朴玉莲,19
延边朝鲜族自治州,武传锋,individual,3,武传锋,20
开封,河南大学,univ,113,河南大学,1
开封,侯国山,individual,61,侯国山,2
开封,河南省电力公司开封供电公司,firm,17,河南省电力公司开封供电公司,3
开封,沈天民,individual,14,沈天民,4
开封,牛刚学,other,14,牛刚学,5
开封,于从海,individual,10,于从海,6
开封,开封空分集团有限公司,firm,7,开封空分集团有限公司,7
开封,河南新大新材料股份有限公司,firm,6,河南新大新材料股份有限公司,8
开封,国家粮食加工装备工程技术研究中心,research,5,国家粮食加工装备工程技术研究中心,9
开封,张义勇,individual,4,张义勇,10
开封,周红卫,individual,3,周红卫,11
开封,岳建伟,individual,3,岳建伟,12
开封,开封制药(集团)有限公司,firm,3,开封制药(集团)有限公司,13
开封,牛建伟,individual,3,牛建伟,14
开封,丁国胜,individual,2,丁国胜,15
开封,中平能化集团开封东大化工有限公司,firm,2,中平能化集团开封东大化工有限公司,16
开封,余庆发,individual,2,余庆发,17
开封,关森林,individual,2,关森林,18
开封,刘宇龙,individual,2,刘宇龙,19
开封,尉氏县中原橡胶有限公司,firm,2,尉氏县中原橡胶有限公司,20
张家口,中煤张家口煤矿机械有限责任公司,firm,12,中煤张家口煤矿机械有限责任公司,1
张家口,河北盛华化工有限公司,firm,7,河北盛华化工有限公司,2
张家口,中国长城葡萄酒有限公司,firm,4,中国长城葡萄酒有限公司,3
张家口,张家口百通环保科技有限公司,firm,4,张家口百通环保科技有限公司,4
张家口,王久泉,individual,4,王久泉,5
张家口,陶怀泉,individual,4,陶怀泉,6
张家口,冯志晶,individual,3,冯志晶,7
张家口,刘海斌,individual,3,刘海斌,8
张家口,华北电网有限公司张家口供电公司,firm,3,华北电网有限公司张家口供电公司,9
张家口,安国民,individual,3,安国民,10
张家口,宣化冶金工业有限责任公司,firm,3,宣化冶金工业有限责任公司,11
张家口,张家口汇洋机械有限公司,firm,3,张家口汇洋机械有限公司,12
张家口,张家口海特钢管有限责任公司,firm,3,张家口海特钢管有限责任公司,13
张家口,侯长平,individual,2,侯长平,14
张家口,周继明,individual,2,周继明,15
张家口,夏贤,individual,2,夏贤,16
张家口,宣化钢铁集团有限责任公司,firm,2,宣化钢铁集团有限责任公司,17
张家口,张家口宣化华泰矿冶机械有限公司,firm,2,张家口宣化华泰矿冶机械有限公司,18
张家口,张家口市净宇天成化工有限公司,firm,2,张家口市净宇天成化工有限公司,19
张家口,张振菲,individual,2,张振菲,20
张家界,程辰,individual,26,程辰,1
张家界,张家界奥威科技有限公司,firm,16,张家界奥威科技有限公司,2
张家界,张家界金鲵生物科技有限公司,firm,6,张家界金鲵生物科技有限公司,3
张家界,张家界三木能源开发有限公司,firm,4,张家界三木能源开发有限公司,4
张家界,张家界茅岩莓有限公司,firm,4,张家界茅岩莓有限公司,5
张家界,钟四极,individual,4,钟四极,6
张家界,张家界永兴玻璃有限公司,firm,3,张家界永兴玻璃有限公司,7
张家界,刘晓华,individual,2,刘晓华,8
张家界,吉首大学,univ,2,吉首大学,9
张家界,夏艳群,individual,2,夏艳群,10
张家界,张家界倍盛农林有限责任公司,firm,2,张家界倍盛农林有限责任公司,11
张家界,张家界恒亮新材料科技有限公司,firm,2,张家界恒亮新材料科技有限公司,12
张家界,张家界灵洁绿色食品有限公司,firm,2,张家界灵洁绿色食品有限公司,13
张家界,朱西才,individual,2,朱西才,14
张家界,王家听,individual,2,王家听,15
张家界,程顺,individual,2,程顺,16
张家界,严斧,individual,1,严斧,17
张家界,伍毅,individual,1,伍毅,18
张家界,余其孟,individual,1,余其孟,19
张家界,冯国禄,individual,1,冯国禄,20
张掖,甘肃锦世化工有限责任公司,firm,15,甘肃锦世化工有限责任公司,1
张掖,甘肃省祁连山水源涵养林研究院,research,7,甘肃省祁连山水源涵养林研究院,2
张掖,闫玫雯,individual,5,闫玫雯,3
张掖,张志通,individual,4,张志通,4
张掖,石兆奇,individual,4,石兆奇,5
张掖,闫向洲,individual,4,闫向洲,6
张掖,赵怀谦,individual,3,赵怀谦,7
张掖,万秀玲,individual,2,万秀玲,8
张掖,刘力争,individual,2,刘力争,9
张掖,刘秀梅,individual,2,刘秀梅,10
张掖,尹全权,individual,2,尹全权,11
张掖,梁光锋,individual,2,梁光锋,12
张掖,甘肃西域食品有限责任公司,firm,2,甘肃西域食品有限责任公司,13
张掖,甘肃雪晶生化有限责任公司,firm,2,甘肃雪晶生化有限责任公司,14
张掖,章晓文,individual,2,章晓文,15
张掖,刘玉兰,individual,1,刘玉兰,16
张掖,刘鹏霞,individual,1,刘鹏霞,17
张掖,吕培信,individual,1,吕培信,18
张掖,周福荣,individual,1,周福荣,19
张掖,天一王淇耳鼻喉专科医院,hospital,1,天一王淇耳鼻喉专科医院,20
徐州,中国矿业大学,firm,339,中国矿业大学,1
徐州,徐州重型机械有限公司,firm,119,徐州重型机械有限公司,2
徐州,赵保云,individual,61,赵保云,3
徐州,赵伟,individual,53,赵伟,4
徐州,戚冬梅,individual,44,戚冬梅,5
徐州,赵春,individual,37,赵春,6
徐州,张志高,individual,34,张志高,7
徐州,吴孝顺,individual,32,吴孝顺,8
徐州,江苏省电力公司徐州供电公司,firm,28,江苏省电力公司徐州供电公司,9
徐州,闫子玲,individual,28,闫子玲,10
徐州,吴计安,individual,24,吴计安,11
徐州,江苏中能硅业科技发展有限公司,firm,24,江苏中能硅业科技发展有限公司,12
徐州,徐州工业职业技术学院,univ,22,徐州工业职业技术学院,13
徐州,江苏万邦生化医药股份有限公司,firm,22,江苏万邦生化医药股份有限公司,14
徐州,孙雪梅,individual,20,孙雪梅,15
徐州,葛振志,individual,20,葛振志,16
徐州,徐州中部矿山设备有限公司,firm,19,徐州中部矿山设备有限公司,17
徐州,徐州工程学院,univ,19,徐州工程学院,18
徐州,王广清,individual,19,王广清,19
徐州,王来朋,individual,19,王来朋,20
德宏傣族景颇族自治州,邱天祥,individual,9,邱天祥,1
德宏傣族景颇族自治州,云南永利发林业有限公司,firm,8,云南永利发林业有限公司,2
德宏傣族景颇族自治州,云南省农业科学院红瑞柠檬研究所,univ,4,云南省农业科学院红瑞柠檬研究所,3
德宏傣族景颇族自治州,云南省德宏热带农业科学研究所,research,3,云南省德宏热带农业科学研究所,4
德宏傣族景颇族自治州,云南红瑞柠檬开发有限公司,firm,2,云南红瑞柠檬开发有限公司,5
德宏傣族景颇族自治州,潞西市海华开发有限公司,firm,2,潞西市海华开发有限公司,6
德宏傣族景颇族自治州,云南海柯生物开发有限公司,firm,1,云南海柯生物开发有限公司,7
德宏傣族景颇族自治州,云南迪思企业集团坚果有限公司,firm,1,云南迪思企业集团坚果有限公司,8
德宏傣族景颇族自治州,何光伟,individual,1,何光伟,9
德宏傣族景颇族自治州,吕加志,individual,1,吕加志,10
德宏傣族景颇族自治州,德宏州林业局中心苗圃,government,1,德宏州林业局中心苗圃,11
德宏傣族景颇族自治州,晏兰芬,individual,1,晏兰芬,12
德宏傣族景颇族自治州,李荣昌,individual,1,李荣昌,13
德宏傣族景颇族自治州,瑞丽民族制药有限公司,firm,1,瑞丽民族制药有限公司,14
德宏傣族景颇族自治州,盈江县和鑫进出口贸易有限责任公司,firm,1,盈江县和鑫进出口贸易有限责任公司,15
德宏傣族景颇族自治州,瞿菊香,individual,1,瞿菊香,16
德州,银世德,individual,40,银世德,1
德州,山东福田药业有限公司,firm,39,山东福田药业有限公司,2
德州,保龄宝生物股份有限公司,firm,30,保龄宝生物股份有限公司,3
德州,德州学院,univ,15,德州学院,4
德州,皇明太阳能股份有限公司,firm,13,皇明太阳能股份有限公司,5
德州,皇明太阳能集团有限公司,firm,11,皇明太阳能集团有限公司,6
德州,谷神生物科技集团有限公司,firm,11,谷神生物科技集团有限公司,7
德州,刘方圆,individual,10,刘方圆,8
德州,山东龙力生物科技股份有限公司,firm,9,山东龙力生物科技股份有限公司,9
德州,通裕重工股份有限公司,firm,9,通裕重工股份有限公司,10
德州,景津压滤机集团有限公司,firm,8,景津压滤机集团有限公司,11
德州,山东鼎力枣业食品集团有限公司,firm,7,山东鼎力枣业食品集团有限公司,12
德州,山东龙力生物科技有限公司,firm,7,山东龙力生物科技有限公司,13
德州,张正泉,individual,7,张正泉,14
德州,山东志诚化工有限公司,firm,6,山东志诚化工有限公司,15
德州,山东新矿赵官能源有限责任公司,firm,6,山东新矿赵官能源有限责任公司,16
德州,山东金麒麟集团有限公司,firm,6,山东金麒麟集团有限公司,17
德州,德州振华装饰玻璃有限公司,firm,6,德州振华装饰玻璃有限公司,18
德州,杨和利,individual,6,杨和利,19
德州,姚洪茂,individual,5,姚洪茂,20
德阳,东方电气集团东方汽轮机有限公司,firm,94,东方电气集团东方汽轮机有限公司,1
德阳,二重集团(德阳)重型装备股份有限公司,firm,38,二重集团(德阳)重型装备股份有限公司,2
德阳,四川宏华石油设备有限公司,firm,29,四川宏华石油设备有限公司,3
德阳,四川美大康药业股份有限公司,firm,24,四川美大康药业股份有限公司,4
德阳,雷海平,individual,20,雷海平,5
德阳,东方电气集团东方电机有限公司,firm,16,东方电气集团东方电机有限公司,6
德阳,姚书银,individual,16,姚书银,7
德阳,刘天银,individual,14,刘天银,8
德阳,四川龙蟒钛业股份有限公司,firm,11,四川龙蟒钛业股份有限公司,9
德阳,林义艳,individual,9,林义艳,10
德阳,四川省广汉华威铝业有限公司,firm,8,四川省广汉华威铝业有限公司,11
德阳,四川逢春制药有限公司,firm,8,四川逢春制药有限公司,12
德阳,德阳宏广科技有限公司,firm,8,德阳宏广科技有限公司,13
德阳,德阳市盛堡锁业有限责任公司,firm,8,德阳市盛堡锁业有限责任公司,14
德阳,陈逊,individual,7,陈逊,15
德阳,中江县宏泰木业有限责任公司,firm,6,中江县宏泰木业有限责任公司,16
德阳,伊东新(德阳)线缆设备有限公司,firm,6,伊东新(德阳)线缆设备有限公司,17
德阳,四川华林自控科技有限公司,firm,6,四川华林自控科技有限公司,18
德阳,四川川恒化工股份有限公司,firm,6,四川川恒化工股份有限公司,19
德阳,廖国维,individual,6,廖国维,20
忻州,山西四达酒类饮料有限责任公司,firm,9,山西四达酒类饮料有限责任公司,1
忻州,山西蓝天环保设备有限公司,firm,9,山西蓝天环保设备有限公司,2
忻州,刘建平,individual,7,刘建平,3
忻州,王世俊,individual,7,王世俊,4
忻州,王建国,individual,6,王建国,5
忻州,山西新聚星锅炉有限公司,firm,5,山西新聚星锅炉有限公司,6
忻州,忻州鑫洋玻璃制品有限公司,firm,5,忻州鑫洋玻璃制品有限公司,7
忻州,亢吉田,individual,4,亢吉田,8
忻州,山西安伦锻压机床有限公司,firm,4,山西安伦锻压机床有限公司,9
忻州,樊根喜,individual,4,樊根喜,10
忻州,毛黎生,individual,4,毛黎生,11
忻州,王贵林,individual,4,王贵林,12
忻州,辛高文,individual,4,辛高文,13
忻州,定襄县北海酿造有限公司,firm,3,定襄县北海酿造有限公司,14
忻州,李四牛,individual,3,李四牛,15
忻州,王世裕,individual,3,王世裕,16
忻州,王尚瑞,individual,3,王尚瑞,17
忻州,罗训樵,individual,3,罗训樵,18
忻州,赵明根,individual,3,赵明根,19
忻州,任贵云,individual,2,任贵云,20
怀化,湖南新恒光科技有限公司,firm,9,湖南新恒光科技有限公司,1
怀化,怀化学院,univ,8,怀化学院,2
怀化,湖南骏泰浆纸有限责任公司,firm,7,湖南骏泰浆纸有限责任公司,3
怀化,宋光贵,individual,6,宋光贵,4
怀化,湖南金大地材料股份有限公司,firm,6,湖南金大地材料股份有限公司,5
怀化,怀化市双阳林化有限公司,firm,4,怀化市双阳林化有限公司,6
怀化,于德君,individual,3,于德君,7
怀化,傅德俐,individual,3,傅德俐,8
怀化,刘国华,individual,3,刘国华,9
怀化,新晃老蔡食品有限责任公司,firm,3,新晃老蔡食品有限责任公司,10
怀化,曾鸿凌,individual,3,曾鸿凌,11
怀化,沈哲明,individual,3,沈哲明,12
怀化,石天文,individual,3,石天文,13
怀化,陈武茂,individual,3,陈武茂,14
怀化,向朝晖,individual,2,向朝晖,15
怀化,吴钦华,individual,2,吴钦华,16
怀化,尹琼剑,individual,2,尹琼剑,17
怀化,张金凤,individual,2,张金凤,18
怀化,怀化医学高等专科学校,univ,2,怀化医学高等专科学校,19
怀化,新晃侗族自治县中医院,hospital,2,新晃侗族自治县中医院,20
怒江傈僳族自治州,云南金鼎锌业有限公司,firm,1,云南金鼎锌业有限公司,1
怒江傈僳族自治州,怒江享靓园林有限责任公司,firm,1,怒江享靓园林有限责任公司,2
怒江傈僳族自治州,怒江宏盛锦盟硅业有限公司,firm,1,怒江宏盛锦盟硅业有限公司,3
恩施土家族苗族自治州,恩施济源药业科技开发有限公司,firm,12,恩施济源药业科技开发有限公司,1
恩施土家族苗族自治州,湖北民族学院,univ,7,湖北民族学院,2
恩施土家族苗族自治州,恩施清江生物工程有限公司,firm,4,恩施清江生物工程有限公司,3
恩施土家族苗族自治州,湖北宝石花工艺品有限公司,firm,4,湖北宝石花工艺品有限公司,4
恩施土家族苗族自治州,饶莉,individual,4,饶莉,5
恩施土家族苗族自治州,湖北省思乐牧业集团有限公司,firm,3,湖北省思乐牧业集团有限公司,6
恩施土家族苗族自治州,利川市汇川现代农业有限公司,firm,2,利川市汇川现代农业有限公司,7
恩施土家族苗族自治州,吴中芬,other,2,吴中芬,8
恩施土家族苗族自治州,吴定地,individual,2,吴定地,9
恩施土家族苗族自治州,恩施土家族苗族自治州农业科学院,univ,2,恩施土家族苗族自治州农业科学院,10
恩施土家族苗族自治州,恩施市齐进节能建材工程有限公司,firm,2,恩施市齐进节能建材工程有限公司,11
恩施土家族苗族自治州,湖北圣峰药业有限公司,firm,2,湖北圣峰药业有限公司,12
恩施土家族苗族自治州,湖北省农科院中药材研究所,research,2,湖北省农科院中药材研究所,13
恩施土家族苗族自治州,湖北香连药业有限责任公司,firm,2,湖北香连药业有限责任公司,14
恩施土家族苗族自治州,王铂仕,individual,2,王铂仕,15
恩施土家族苗族自治州,田恒兵,individual,2,田恒兵,16
恩施土家族苗族自治州,赵明银,individual,2,赵明银,17
恩施土家族苗族自治州,赵西选,individual,2,赵西选,18
恩施土家族苗族自治州,高兴亮,individual,2,高兴亮,19
恩施土家族苗族自治州,佘君山,individual,1,佘君山,20
惠州,惠州TCL移动通信有限公司,firm,258,惠州TCL移动通信有限公司,1
惠州,TCL集团股份有限公司,firm,235,TCL集团股份有限公司,2
惠州,惠州市中迅化工有限公司,firm,26,惠州市中迅化工有限公司,3
惠州,惠州市长润发涂料有限公司,firm,26,惠州市长润发涂料有限公司,4
惠州,惠州市华阳多媒体电子有限公司,firm,22,惠州市华阳多媒体电子有限公司,5
惠州,惠州亿纬锂能股份有限公司,firm,19,惠州亿纬锂能股份有限公司,6
惠州,周俊雄,individual,17,周俊雄,7
惠州,惠州市亿能电子有限公司,firm,17,惠州市亿能电子有限公司,8
惠州,惠州市德赛视听科技有限公司,firm,16,惠州市德赛视听科技有限公司,9
惠州,惠州市沃特新材料有限公司,firm,16,惠州市沃特新材料有限公司,10
惠州,广东九联科技股份有限公司,firm,15,广东九联科技股份有限公司,11
惠州,广东奥美特集团有限公司,firm,12,广东奥美特集团有限公司,12
惠州,惠州市欧野科技有限公司,firm,12,惠州市欧野科技有限公司,13
惠州,惠州市百宏微动技术工业有限公司,firm,12,惠州市百宏微动技术工业有限公司,14
惠州,惠州强雳日常用品制造有限公司,firm,11,惠州强雳日常用品制造有限公司,15
惠州,朱斯忠,individual,11,朱斯忠,16
惠州,赖新莲,individual,11,赖新莲,17
惠州,惠州市正源微电子有限公司,firm,10,惠州市正源微电子有限公司,18
惠州,刘秀英,individual,9,刘秀英,19
惠州,惠州元晖光电有限公司,firm,9,惠州元晖光电有限公司,20
成都,电子科技大学,univ,1099,电子科技大学,1
成都,四川大学,univ,1050,四川大学,2
成都,成都市华为赛门铁克科技有限公司,firm,684,成都市华为赛门铁克科技有限公司,3
成都,西南交通大学,univ,388,西南交通大学,4
成都,中国科学院光电技术研究所,univ,252,中国科学院光电技术研究所,5
成都,西南石油大学,univ,167,西南石油大学,6
成都,攀钢集团研究院有限公司,firm,136,攀钢集团研究院有限公司,7
成都,成都峻峰科技开发有限公司,firm,130,成都峻峰科技开发有限公司,8
成都,袁俊海,individual,111,袁俊海,9
成都,迈普通信技术股份有限公司,firm,108,迈普通信技术股份有限公司,10
成都,成都芯源系统有限公司,firm,100,成都芯源系统有限公司,11
成都,中国科学院成都生物研究所,univ,99,中国科学院成都生物研究所,12
成都,成都理工大学,univ,95,成都理工大学,13
成都,成都市宇中梅科技有限责任公司,firm,91,成都市宇中梅科技有限责任公司,14
成都,中国核动力研究设计院,research,86,中国核动力研究设计院,15
成都,中国石油集团川庆钻探工程有限公司,firm,86,中国石油集团川庆钻探工程有限公司,16
成都,成都飞机工业(集团)有限责任公司,firm,86,成都飞机工业(集团)有限责任公司,17
成都,武侯区巅峰机电科技研发中心,research,83,武侯区巅峰机电科技研发中心,18
成都,中国科学院成都有机化学有限公司,firm,79,中国科学院成都有机化学有限公司,19
成都,四川农业大学,univ,76,四川农业大学,20
扬州,扬州大学,univ,276,扬州大学,1
扬州,江苏扬农化工股份有限公司,firm,53,江苏扬农化工股份有限公司,2
扬州,江苏朝阳液压机械集团有限公司,firm,35,江苏朝阳液压机械集团有限公司,3
扬州,江苏牧羊集团有限公司,firm,34,江苏牧羊集团有限公司,4
扬州,江苏亚威机床股份有限公司,firm,28,江苏亚威机床股份有限公司,5
扬州,苏祥,individual,26,苏祥,6
扬州,史杰,individual,25,史杰,7
扬州,扬州恒德模具有限公司,firm,25,扬州恒德模具有限公司,8
扬州,江苏远洋东泽电缆股份有限公司,firm,22,江苏远洋东泽电缆股份有限公司,9
扬州,扬州市聚鑫机械有限公司,firm,19,扬州市聚鑫机械有限公司,10
扬州,严宏生,individual,17,严宏生,11
扬州,江苏中油天工机械有限公司,firm,17,江苏中油天工机械有限公司,12
扬州,江苏扬农化工集团有限公司,firm,17,江苏扬农化工集团有限公司,13
扬州,江苏诚德钢管股份有限公司,firm,17,江苏诚德钢管股份有限公司,14
扬州,扬州华盟电子有限公司,firm,16,扬州华盟电子有限公司,15
扬州,江苏海明医疗器械有限公司,firm,16,江苏海明医疗器械有限公司,16
扬州,江苏金飞达电动工具有限公司,firm,16,江苏金飞达电动工具有限公司,17
扬州,江苏奔宇车身制造有限公司,firm,15,江苏奔宇车身制造有限公司,18
扬州,江苏清溢环保设备有限公司,firm,15,江苏清溢环保设备有限公司,19
扬州,沈军,individual,15,沈军,20
承德,邓忠元,individual,17,邓忠元,1
承德,范鸿基,individual,9,范鸿基,2
承德,承德颈复康药业集团有限公司,firm,8,承德颈复康药业集团有限公司,3
承德,承德建龙特殊钢有限公司,firm,7,承德建龙特殊钢有限公司,4
承德,河北钢铁股份有限公司承德分公司,firm,6,河北钢铁股份有限公司承德分公司,5
承德,徐建国,individual,5,徐建国,6
承德,康莉,individual,4,康莉,7
承德,彭兴勇,individual,4,彭兴勇,8
承德,承德新新钒钛股份有限公司,firm,4,承德新新钒钛股份有限公司,9
承德,王平,individual,4,王平,10
承德,王海静,individual,4,王海静,11
承德,闫晓峰,individual,4,闫晓峰,12
承德,陈立兵,individual,4,陈立兵,13
承德,承德医学院中药研究所,univ,3,承德医学院中药研究所,14
承德,李洁,individual,3,李洁,15
承德,穆宝文,individual,3,穆宝文,16
承德,任阁升,individual,2,任阁升,17
承德,吴蔓洁,individual,2,吴蔓洁,18
承德,孙彦升,individual,2,孙彦升,19
承德,张占海,individual,2,张占海,20
抚州,东华理工大学,univ,14,东华理工大学,1
抚州,江西南丰振宇实业集团有限公司,firm,8,江西南丰振宇实业集团有限公司,2
抚州,江西江铃底盘股份有限公司,firm,6,江西江铃底盘股份有限公司,3
抚州,江西博雅生物制药股份有限公司,firm,4,江西博雅生物制药股份有限公司,4
抚州,抚州苍源中药材种植有限公司,firm,3,抚州苍源中药材种植有限公司,5
抚州,江西施美制药有限公司,firm,3,江西施美制药有限公司,6
抚州,江西昌诺药业有限公司,firm,3,江西昌诺药业有限公司,7
抚州,江西海豹高科技有限公司,firm,3,江西海豹高科技有限公司,8
抚州,江西红星药业有限公司,firm,3,江西红星药业有限公司,9
抚州,蔡忠贞,individual,3,蔡忠贞,10
抚州,邓晓光,individual,3,邓晓光,11
抚州,陈荣志,individual,3,陈荣志,12
抚州,丁汉云,individual,2,丁汉云,13
抚州,何丽英,individual,2,何丽英,14
抚州,何端光,individual,2,何端光,15
抚州,何长根,individual,2,何长根,16
抚州,回音必集团抚州制药有限公司,firm,2,回音必集团抚州制药有限公司,17
抚州,徐东,individual,2,徐东,18
抚州,抚州市临川之信生物科技有限公司,firm,2,抚州市临川之信生物科技有限公司,19
抚州,江西宇骏生物工程有限公司,firm,2,江西宇骏生物工程有限公司,20
抚顺,中国石油化工股份有限公司抚顺石油化工研究院,firm,47,中国石油化工股份有限公司抚顺石油化工研究院,1
抚顺,辽宁石油化工大学,univ,45,辽宁石油化工大学,2
抚顺,抚顺矿业集团有限责任公司,firm,29,抚顺矿业集团有限责任公司,3
抚顺,抚顺煤矿电机制造有限责任公司,firm,17,抚顺煤矿电机制造有限责任公司,4
抚顺,中国石油化工股份有限公司,firm,14,中国石油化工股份有限公司,5
抚顺,抚顺电瓷制造有限公司,firm,7,抚顺电瓷制造有限公司,6
抚顺,抚顺哥俩好化学有限公司,firm,6,抚顺哥俩好化学有限公司,7
抚顺,煤炭科学研究总院沈阳研究院,research,6,煤炭科学研究总院沈阳研究院,8
抚顺,抚顺佳化聚氨酯有限公司,firm,5,抚顺佳化聚氨酯有限公司,9
抚顺,杨平,individual,5,杨平,10
抚顺,中国石油天然气第八建设有限公司,firm,4,中国石油天然气第八建设有限公司,11
抚顺,中国石油集团工程设计有限责任公司抚顺分公司,firm,4,中国石油集团工程设计有限责任公司抚顺分公司,12
抚顺,抚顺市锅炉压力容器检验研究所,research,4,抚顺市锅炉压力容器检验研究所,13
抚顺,煤炭科学研究总院抚顺分院,other,4,煤炭科学研究总院抚顺分院,14
抚顺,董富山,individual,4,董富山,15
抚顺,辽宁抚挖重工机械股份有限公司,firm,4,辽宁抚挖重工机械股份有限公司,16
抚顺,辽宁省电力有限公司抚顺供电公司,firm,4,辽宁省电力有限公司抚顺供电公司,17
抚顺,刘春喜,individual,3,刘春喜,18
抚顺,张义成,individual,3,张义成,19
抚顺,抚顺挖掘机制造有限责任公司,firm,3,抚顺挖掘机制造有限责任公司,20
拉萨,西藏天麦力健康品有限公司,firm,16,西藏天麦力健康品有限公司,1
拉萨,西藏月王生物技术有限公司,firm,13,西藏月王生物技术有限公司,2
拉萨,西藏自治区高原生物研究所,research,12,西藏自治区高原生物研究所,3
拉萨,杨泰,individual,9,杨泰,4
拉萨,郑亚蓉,individual,9,郑亚蓉,5
拉萨,西藏金哈达药业有限公司,firm,6,西藏金哈达药业有限公司,6
拉萨,吕坤秋,individual,5,吕坤秋,7
拉萨,西藏诺迪康药业股份有限公司,firm,5,西藏诺迪康药业股份有限公司,8
拉萨,管新飞,individual,4,管新飞,9
拉萨,喻谦鹏,individual,3,喻谦鹏,10
拉萨,洛藏,individual,3,洛藏,11
拉萨,西藏天地绿色饮品发展有限公司,firm,3,西藏天地绿色饮品发展有限公司,12
拉萨,西藏奇正原生态健康品有限公司,firm,3,西藏奇正原生态健康品有限公司,13
拉萨,西藏金稞集团有限责任公司,firm,3,西藏金稞集团有限责任公司,14
拉萨,郑亚玲,individual,3,郑亚玲,15
拉萨,五洲明珠股份有限公司,firm,2,五洲明珠股份有限公司,16
拉萨,江春艳,individual,2,江春艳,17
拉萨,西藏冰川矿泉水有限公司,firm,2,西藏冰川矿泉水有限公司,18
拉萨,西藏剑圣生物药物制品开发有限公司,firm,2,西藏剑圣生物药物制品开发有限公司,19
拉萨,西藏大学,univ,2,西藏大学,20
揭阳,蔡旭阳,individual,18,蔡旭阳,1
揭阳,康美药业股份有限公司,firm,14,康美药业股份有限公司,2
揭阳,戴瑞萍,individual,8,戴瑞萍,3
揭阳,广东巨轮模具股份有限公司,firm,7,广东巨轮模具股份有限公司,4
揭阳,普宁市仙宜岱时装有限公司,firm,7,普宁市仙宜岱时装有限公司,5
揭阳,庄明儒,individual,5,庄明儒,6
揭阳,李捍雄,individual,5,李捍雄,7
揭阳,陈坤鑫,individual,5,陈坤鑫,8
揭阳,吴孔希,individual,4,吴孔希,9
揭阳,宋旭彬,individual,4,宋旭彬,10
揭阳,广东吉荣空调有限公司,firm,4,广东吉荣空调有限公司,11
揭阳,广东天银化工实业有限公司,firm,4,广东天银化工实业有限公司,12
揭阳,广东柏堡龙股份有限公司,firm,4,广东柏堡龙股份有限公司,13
揭阳,揭阳市天阳模具有限公司,firm,4,揭阳市天阳模具有限公司,14
揭阳,许福章,individual,4,许福章,15
揭阳,邱楚盛,individual,4,邱楚盛,16
揭阳,吴礼明,individual,3,吴礼明,17
揭阳,广东东泰乳业有限公司,firm,3,广东东泰乳业有限公司,18
揭阳,广东吉青电缆实业有限公司,firm,3,广东吉青电缆实业有限公司,19
揭阳,广东威孚包装材料有限公司,firm,3,广东威孚包装材料有限公司,20
攀枝花,攀钢集团钢铁钒钛股份有限公司,firm,201,攀钢集团钢铁钒钛股份有限公司,1
攀枝花,攀枝花新钢钒股份有限公司,firm,76,攀枝花新钢钒股份有限公司,2
攀枝花,攀钢集团攀枝花钢铁研究院有限公司,firm,65,攀钢集团攀枝花钢铁研究院有限公司,3
攀枝花,攀钢集团冶金工程技术有限公司,firm,34,攀钢集团冶金工程技术有限公司,4
攀枝花,中冶实久建设有限公司,firm,25,中冶实久建设有限公司,5
攀枝花,攀枝花学院,univ,24,攀枝花学院,6
攀枝花,攀枝花钢城集团有限公司,firm,23,攀枝花钢城集团有限公司,7
攀枝花,攀钢集团攀枝花钢钒有限公司,firm,20,攀钢集团攀枝花钢钒有限公司,8
攀枝花,攀钢集团有限公司,firm,14,攀钢集团有限公司,9
攀枝花,张留品,individual,8,张留品,10
攀枝花,攀枝花环业冶金渣开发有限责任公司,firm,8,攀枝花环业冶金渣开发有限责任公司,11
攀枝花,四川龙蟒矿冶有限责任公司,firm,7,四川龙蟒矿冶有限责任公司,12
攀枝花,攀钢集团钛业有限责任公司,firm,7,攀钢集团钛业有限责任公司,13
攀枝花,四川安宁铁钛股份有限公司,firm,6,四川安宁铁钛股份有限公司,14
攀枝花,攀枝花兴辰钒钛有限公司,firm,6,攀枝花兴辰钒钛有限公司,15
攀枝花,攀枝花钢城集团瑞钢工业有限公司,firm,6,攀枝花钢城集团瑞钢工业有限公司,16
攀枝花,攀枝花电业局,other,5,攀枝花电业局,17
攀枝花,张志国,individual,4,张志国,18
攀枝花,攀枝花市硕盛工贸有限公司,firm,4,攀枝花市硕盛工贸有限公司,19
攀枝花,攀钢冶金材料有限责任公司,firm,4,攀钢冶金材料有限责任公司,20
文山壮族苗族自治州,金代田,individual,10,金代田,1
文山壮族苗族自治州,云南特安呐制药股份有限公司,firm,7,云南特安呐制药股份有限公司,2
文山壮族苗族自治州,王仕尧,individual,7,王仕尧,3
文山壮族苗族自治州,文山壮族苗族自治州三七科学技术研究所,research,5,文山壮族苗族自治州三七科学技术研究所,4
文山壮族苗族自治州,杨光孝,individual,5,杨光孝,5
文山壮族苗族自治州,云南人羞花化妆品有限公司,firm,3,云南人羞花化妆品有限公司,6
文山壮族苗族自治州,云南文山斗南锰业股份有限公司,firm,3,云南文山斗南锰业股份有限公司,7
文山壮族苗族自治州,任锡林,individual,3,任锡林,8
文山壮族苗族自治州,吴江维,individual,3,吴江维,9
文山壮族苗族自治州,张文,individual,3,张文,10
文山壮族苗族自治州,文山三七研究院,research,3,文山三七研究院,11
文山壮族苗族自治州,云南太阳魂酒业有限公司,firm,2,云南太阳魂酒业有限公司,12
文山壮族苗族自治州,云南金穗种业有限公司,firm,2,云南金穗种业有限公司,13
文山壮族苗族自治州,刘达平,individual,2,刘达平,14
文山壮族苗族自治州,孙万德,individual,2,孙万德,15
文山壮族苗族自治州,文山县绿健生物科技有限公司,firm,2,文山县绿健生物科技有限公司,16
文山壮族苗族自治州,文山通用机械制造有限责任公司,firm,2,文山通用机械制造有限责任公司,17
文山壮族苗族自治州,李洪峰,individual,2,李洪峰,18
文山壮族苗族自治州,王启福,individual,2,王启福,19
文山壮族苗族自治州,肖龙,individual,2,肖龙,20
文昌,中国热带农业科学院椰子研究所,univ,15,中国热带农业科学院椰子研究所,1
文昌,海南定大养殖有限公司,firm,2,海南定大养殖有限公司,2
文昌,周国辉,individual,1,周国辉,3
文昌,张国钦,individual,1,张国钦,4
文昌,林剑,individual,1,林剑,5
文昌,蔡杰美,individual,1,蔡杰美,6
文昌,袁礼江,individual,1,袁礼江,7
新乡,河南省电力公司新乡供电公司,firm,96,河南省电力公司新乡供电公司,1
新乡,河南师范大学,univ,57,河南师范大学,2
新乡,河南太行振动机械股份有限公司,firm,45,河南太行振动机械股份有限公司,3
新乡,河南科隆集团有限公司,firm,36,河南科隆集团有限公司,4
新乡,乔占印,individual,22,乔占印,5
新乡,卫华集团有限公司,firm,22,卫华集团有限公司,6
新乡,河南科技学院,univ,22,河南科技学院,7
新乡,中国农业科学院农田灌溉研究所,univ,18,中国农业科学院农田灌溉研究所,8
新乡,新乡医学院,univ,18,新乡医学院,9
新乡,河南新科隆电器有限公司,firm,16,河南新科隆电器有限公司,10
新乡,河南省四达仙龙实业有限公司,firm,15,河南省四达仙龙实业有限公司,11
新乡,金龙精密铜管集团股份有限公司,firm,13,金龙精密铜管集团股份有限公司,12
新乡,刘廷国,individual,11,刘廷国,13
新乡,张伟公,other,10,张伟公,14
新乡,河南心连心化肥有限公司,firm,10,河南心连心化肥有限公司,15
新乡,河南省黄河防爆起重机有限公司,firm,10,河南省黄河防爆起重机有限公司,16
新乡,孙佩杰,individual,9,孙佩杰,17
新乡,河南省新阳农机制造有限公司,firm,9,河南省新阳农机制造有限公司,18
新乡,卫辉熔金高温材料有限责任公司,firm,8,卫辉熔金高温材料有限责任公司,19
新乡,新乡东方工业科技有限公司,firm,7,新乡东方工业科技有限公司,20
新余,江西赛维LDK太阳能高科技有限公司,firm,36,江西赛维LDK太阳能高科技有限公司,1
新余,江西赣锋锂业股份有限公司,firm,9,江西赣锋锂业股份有限公司,2
新余,江西华电电力有限责任公司,firm,6,江西华电电力有限责任公司,3
新余,熊道时,individual,4,熊道时,4
新余,新余市银龙机电科技有限公司,firm,3,新余市银龙机电科技有限公司,5
新余,新余钢铁股份有限公司,firm,3,新余钢铁股份有限公司,6
新余,李涛,individual,3,李涛,7
新余,赵育基,individual,3,赵育基,8
新余,何姗姗,individual,2,何姗姗,9
新余,廖小庭,individual,2,廖小庭,10
新余,新余市严达节能开发有限公司,firm,2,新余市严达节能开发有限公司,11
新余,新余钢铁集团有限公司,firm,2,新余钢铁集团有限公司,12
新余,江西东鹏新材料有限责任公司,firm,2,江西东鹏新材料有限责任公司,13
新余,江西华腾地毯产业园有限公司,firm,2,江西华腾地毯产业园有限公司,14
新余,江西恩达家纺有限公司,firm,2,江西恩达家纺有限公司,15
新余,江西省金锂科技有限公司,firm,2,江西省金锂科技有限公司,16
新余,浙江泰康药业集团新余制药有限公司,firm,2,浙江泰康药业集团新余制药有限公司,17
新余,胡发根,individual,2,胡发根,18
新余,胡海红,individual,2,胡海红,19
新余,胡飙,individual,2,胡飙,20
无锡,江南大学,univ,1382,江南大学,1
无锡,无锡华润上华半导体有限公司,firm,257,无锡华润上华半导体有限公司,2
无锡,无锡中星微电子有限公司,firm,142,无锡中星微电子有限公司,3
无锡,江苏长电科技股份有限公司,firm,130,江苏长电科技股份有限公司,4
无锡,陶春有,individual,103,陶春有,5
无锡,中国水产科学研究院淡水渔业研究中心,research,84,中国水产科学研究院淡水渔业研究中心,6
无锡,詹承镇,individual,84,詹承镇,7
无锡,无锡麟龙铝业有限公司,firm,77,无锡麟龙铝业有限公司,8
无锡,东南大学,univ,71,东南大学,9
无锡,无锡市中达电机有限公司,firm,71,无锡市中达电机有限公司,10
无锡,无锡开普动力有限公司,firm,69,无锡开普动力有限公司,11
无锡,无锡华联科技集团有限公司,firm,64,无锡华联科技集团有限公司,12
无锡,无锡爱睿芯电子有限公司,firm,64,无锡爱睿芯电子有限公司,13
无锡,无锡华联精工机械有限公司,firm,62,无锡华联精工机械有限公司,14
无锡,无锡尚德太阳能电力有限公司,firm,62,无锡尚德太阳能电力有限公司,15
无锡,无锡同春新能源科技有限公司,firm,59,无锡同春新能源科技有限公司,16
无锡,无锡华润矽科微电子有限公司,firm,58,无锡华润矽科微电子有限公司,17
无锡,杜也兵,individual,58,杜也兵,18
无锡,无锡吉兴汽车声学部件科技有限公司,firm,57,无锡吉兴汽车声学部件科技有限公司,19
无锡,无锡爱迪信光电科技有限公司,firm,57,无锡爱迪信光电科技有限公司,20
日照,张永忠,individual,61,张永忠,1
日照,张璐,individual,19,张璐,2
日照,日照金禾博源生化有限公司,firm,9,日照金禾博源生化有限公司,3
日照,刘旭祥,individual,8,刘旭祥,4
日照,日照金禾生化集团有限公司,firm,8,日照金禾生化集团有限公司,5
日照,孟翔鸣,individual,7,孟翔鸣,6
日照,陈常秋,individual,7,陈常秋,7
日照,陈永强,individual,7,陈永强,8
日照,宋百满,individual,6,宋百满,9
日照,滕世进,individual,6,滕世进,10
日照,聂清永,individual,6,聂清永,11
日照,陈罘杲,individual,6,陈罘杲,12
日照,丁宏利,individual,5,丁宏利,13
日照,山东五征集团有限公司,firm,5,山东五征集团有限公司,14
日照,日照鲁信金禾生化有限公司,firm,5,日照鲁信金禾生化有限公司,15
日照,刘曦,individual,4,刘曦,16
日照,日照旭日电子有限公司,firm,4,日照旭日电子有限公司,17
日照,李传峰,individual,4,李传峰,18
日照,杨金田,individual,4,杨金田,19
日照,吴昊,individual,3,吴昊,20
昆明,昆明理工大学,univ,1108,昆明理工大学,1
昆明,云南大学,univ,163,云南大学,2
昆明,中国科学院昆明植物研究所,univ,92,中国科学院昆明植物研究所,3
昆明,云南农业大学,univ,69,云南农业大学,4
昆明,云南烟草科学研究院,research,58,云南烟草科学研究院,5
昆明,郭景龙,individual,58,郭景龙,6
昆明,云南昆船设计研究院,research,45,云南昆船设计研究院,7
昆明,云南瑞升烟草技术(集团)有限公司,firm,41,云南瑞升烟草技术(集团)有限公司,8
昆明,昆明制药集团股份有限公司,firm,39,昆明制药集团股份有限公司,9
昆明,红云烟草(集团)有限责任公司,firm,39,红云烟草(集团)有限责任公司,10
昆明,武钢集团昆明钢铁股份有限公司,firm,36,武钢集团昆明钢铁股份有限公司,11
昆明,红云红河烟草(集团)有限责任公司,firm,36,红云红河烟草(集团)有限责任公司,12
昆明,中国科学院昆明动物研究所,univ,35,中国科学院昆明动物研究所,13
昆明,云南师范大学,univ,34,云南师范大学,14
昆明,昆明贵金属研究所,research,34,昆明贵金属研究所,15
昆明,中国医学科学院医学生物学研究所,univ,29,中国医学科学院医学生物学研究所,16
昆明,中国科学院西双版纳热带植物园,univ,27,中国科学院西双版纳热带植物园,17
昆明,云南省化工研究院,research,26,云南省化工研究院,18
昆明,贵研铂业股份有限公司,firm,24,贵研铂业股份有限公司,19
昆明,云南省农业科学院花卉研究所,univ,23,云南省农业科学院花卉研究所,20
昌吉回族自治州,赫广才,individual,16,赫广才,1
昌吉回族自治州,特变电工股份有限公司,firm,8,特变电工股份有限公司,2
昌吉回族自治州,新疆庄子实业有限公司,firm,5,新疆庄子实业有限公司,3
昌吉回族自治州,何茁,individual,3,何茁,4
昌吉回族自治州,周进友,individual,3,周进友,5
昌吉回族自治州,王茂博,individual,3,王茂博,6
昌吉回族自治州,五家渠亚克希姆建材有限责任公司,firm,2,五家渠亚克希姆建材有限责任公司,7
昌吉回族自治州,张同兵,individual,2,张同兵,8
昌吉回族自治州,戴传启,individual,2,戴传启,9
昌吉回族自治州,新疆新鑫矿业股份有限公司,firm,2,新疆新鑫矿业股份有限公司,10
昌吉回族自治州,新疆格莱雪冰川水制造有限公司,firm,2,新疆格莱雪冰川水制造有限公司,11
昌吉回族自治州,新疆泰昆集团股份有限公司,firm,2,新疆泰昆集团股份有限公司,12
昌吉回族自治州,耿彪,individual,2,耿彪,13
昌吉回族自治州,陈耀东,individual,2,陈耀东,14
昌吉回族自治州,齐效荣,individual,2,齐效荣,15
昌吉回族自治州,中国石油集团西部钻探工程有限公司准东钻井公司,firm,1,中国石油集团西部钻探工程有限公司准东钻井公司,16
昌吉回族自治州,冯建材,individual,1,冯建材,17
昌吉回族自治州,刘毅,individual,1,刘毅,18
昌吉回族自治州,吉中民,other,1,吉中民,19
昌吉回族自治州,周斌,individual,1,周斌,20
昌江黎族自治县,曾昭友,individual,1,曾昭友,1
昭通,云南昊龙实业集团兴煜冶炼有限公司,firm,3,云南昊龙实业集团兴煜冶炼有限公司,1
昭通,云南永孜堂制药有限公司,firm,2,云南永孜堂制药有限公司,2
昭通,昭通天元实业有限责任公司,firm,2,昭通天元实业有限责任公司,3
昭通,昭通神农乌天麻良种繁育有限公司,firm,2,昭通神农乌天麻良种繁育有限公司,4
昭通,赵维军,individual,2,赵维军,5
昭通,陈家勇,individual,2,陈家勇,6
昭通,魏明磊,individual,2,魏明磊,7
昭通,云南明磊实业有限公司,firm,1,云南明磊实业有限公司,8
昭通,云南省烟草公司昭通市公司,firm,1,云南省烟草公司昭通市公司,9
昭通,吴道顺,individual,1,吴道顺,10
昭通,周太安,individual,1,周太安,11
昭通,孙文广,individual,1,孙文广,12
昭通,昭通市张蝴绵蚕丝制品有限公司,firm,1,昭通市张蝴绵蚕丝制品有限公司,13
昭通,曾弟武,individual,1,曾弟武,14
昭通,李兴访,individual,1,李兴访,15
昭通,杨绍福,individual,1,杨绍福,16
昭通,熊卫,individual,1,熊卫,17
昭通,秦少闻,individual,1,秦少闻,18
昭通,范文昌,individual,1,范文昌,19
昭通,范泽文,individual,1,范泽文,20
晋中,山西农业大学,univ,23,山西农业大学,1
晋中,翟元德,individual,11,翟元德,2
晋中,翟超,individual,11,翟超,3
晋中,翟瑞林,individual,10,翟瑞林,4
晋中,左权县蓝天中药科技开发有限公司,firm,9,左权县蓝天中药科技开发有限公司,5
晋中,乔君旺,individual,6,乔君旺,6
晋中,山西宏远科技股份有限公司,firm,6,山西宏远科技股份有限公司,7
晋中,左权县馨源丰商贸有限公司,firm,6,左权县馨源丰商贸有限公司,8
晋中,介休市中医医院,hospital,5,介休市中医医院,9
晋中,寿阳县明鑫铝矾耐火材料有限公司,firm,5,寿阳县明鑫铝矾耐火材料有限公司,10
晋中,郭宏斌,individual,5,郭宏斌,11
晋中,山西全安新技术开发有限公司,firm,4,山西全安新技术开发有限公司,12
晋中,山西天一纳米材料科技有限公司,firm,4,山西天一纳米材料科技有限公司,13
晋中,山西天波制泵有限公司,firm,4,山西天波制泵有限公司,14
晋中,张鹏,individual,4,张鹏,15
晋中,晋中人和纺机轴承有限责任公司,firm,4,晋中人和纺机轴承有限责任公司,16
晋中,翟瑞红,individual,4,翟瑞红,17
晋中,中铁三局集团电务工程有限公司,firm,3,中铁三局集团电务工程有限公司,18
晋中,何银康,individual,3,何银康,19
晋中,兰建忠,individual,3,兰建忠,20
晋城,李永胜,individual,43,李永胜,1
晋城,山西晋城无烟煤矿业集团有限责任公司,firm,38,山西晋城无烟煤矿业集团有限责任公司,2
晋城,杨清福,individual,32,杨清福,3
晋城,苏存羊,individual,18,苏存羊,4
晋城,委东劳,other,17,委东劳,5
晋城,闫振东,individual,16,闫振东,6
晋城,山西乐百利特科技有限责任公司,firm,14,山西乐百利特科技有限责任公司,7
晋城,李军,individual,8,李军,8
晋城,高平市泫氏铸管有限公司,firm,8,高平市泫氏铸管有限公司,9
晋城,山西兴高能源股份有限公司,firm,7,山西兴高能源股份有限公司,10
晋城,郭敏,individual,6,郭敏,11
晋城,卢柳均,individual,5,卢柳均,12
晋城,卫斌鹏,individual,4,卫斌鹏,13
晋城,山西兰花科技创业股份有限公司,firm,4,山西兰花科技创业股份有限公司,14
晋城,山西省电力公司晋城供电分公司,firm,4,山西省电力公司晋城供电分公司,15
晋城,晋城凤凰实业有限责任公司,firm,4,晋城凤凰实业有限责任公司,16
晋城,阳城县绿野生态农业有限公司,firm,4,阳城县绿野生态农业有限公司,17
晋城,吴太平,individual,3,吴太平,18
晋城,张保金,individual,3,张保金,19
晋城,晋城市柿宝科技发展有限公司,firm,3,晋城市柿宝科技发展有限公司,20
普洱,罗林松,individual,10,罗林松,1
普洱,云南天士力帝泊洱生物茶集团有限公司,firm,6,云南天士力帝泊洱生物茶集团有限公司,2
普洱,普洱市人民政府茶产业发展办公室科技服务中心,government,6,普洱市人民政府茶产业发展办公室科技服务中心,3
普洱,云南龙生茶业股份有限公司,firm,5,云南龙生茶业股份有限公司,4
普洱,中国普洱茶研究院,research,2,中国普洱茶研究院,5
普洱,云南省烟草公司普洱市公司,firm,2,云南省烟草公司普洱市公司,6
普洱,刘宝,individual,2,刘宝,7
普洱,普洱健源油脂有限公司,firm,2,普洱健源油脂有限公司,8
普洱,李汁,individual,2,李汁,9
普洱,王乐观,individual,2,王乐观,10
普洱,白汉玉,individual,2,白汉玉,11
普洱,云南云景林纸股份有限公司,firm,1,云南云景林纸股份有限公司,12
普洱,云南天士力生物茶科技有限公司,firm,1,云南天士力生物茶科技有限公司,13
普洱,云南澜沧铅矿有限公司,firm,1,云南澜沧铅矿有限公司,14
普洱,云南茶兴机械有限责任公司,firm,1,云南茶兴机械有限责任公司,15
普洱,卫志伟,individual,1,卫志伟,16
普洱,吴亚红,individual,1,吴亚红,17
普洱,唐松高,individual,1,唐松高,18
普洱,张俊松,individual,1,张俊松,19
普洱,张红生,individual,1,张红生,20
景德镇,景德镇陶瓷学院,univ,45,景德镇陶瓷学院,1
景德镇,江西昌河航空工业有限公司,firm,12,江西昌河航空工业有限公司,2
景德镇,江西嘉柏新材料有限公司,firm,7,江西嘉柏新材料有限公司,3
景德镇,江西世龙实业股份有限公司,firm,6,江西世龙实业股份有限公司,4
景德镇,景德镇市富祥药业有限公司,firm,5,景德镇市富祥药业有限公司,5
景德镇,景德镇正宇奈米科技有限公司,firm,4,景德镇正宇奈米科技有限公司,6
景德镇,江西电化精细化工有限责任公司,firm,4,江西电化精细化工有限责任公司,7
景德镇,汪烈生,individual,4,汪烈生,8
景德镇,中国直升机设计研究所,research,3,中国直升机设计研究所,9
景德镇,何启航,individual,3,何启航,10
景德镇,宗海燕,individual,3,宗海燕,11
景德镇,昌河飞机工业(集团)有限责任公司,firm,3,昌河飞机工业(集团)有限责任公司,12
景德镇,江西德宇集团,firm,3,江西德宇集团,13
景德镇,方移平,individual,2,方移平,14
景德镇,景德镇博智陶瓷有限公司,firm,2,景德镇博智陶瓷有限公司,15
景德镇,景德镇国韵青瓷股份有限公司,firm,2,景德镇国韵青瓷股份有限公司,16
景德镇,曹毓红,individual,2,曹毓红,17
景德镇,江西天新药业有限公司,firm,2,江西天新药业有限公司,18
景德镇,江西昌河汽车有限责任公司,firm,2,江西昌河汽车有限责任公司,19
景德镇,江西省陶瓷研究所,research,2,江西省陶瓷研究所,20
曲靖,云南驰宏锌锗股份有限公司,firm,15,云南驰宏锌锗股份有限公司,1
曲靖,曲靖众一精细化工股份有限公司,firm,10,曲靖众一精细化工股份有限公司,2
曲靖,云南云维股份有限公司,firm,4,云南云维股份有限公司,3
曲靖,曲靖博浩生物科技股份有限公司,firm,4,曲靖博浩生物科技股份有限公司,4
曲靖,曲靖师范学院,univ,4,曲靖师范学院,5
曲靖,曲靖开发区格力康生物科技发展有限公司,firm,4,曲靖开发区格力康生物科技发展有限公司,6
曲靖,李哲,individual,4,李哲,7
曲靖,曲靖成浩实芯铸造有限公司,firm,3,曲靖成浩实芯铸造有限公司,8
曲靖,王明军,individual,3,王明军,9
曲靖,耿一平,individual,3,耿一平,10
曲靖,许定富,individual,3,许定富,11
曲靖,云南大为化工装备制造有限公司,firm,2,云南大为化工装备制造有限公司,12
曲靖,云南雄业制药有限公司,firm,2,云南雄业制药有限公司,13
曲靖,刘华,individual,2,刘华,14
曲靖,姚鹏贵,individual,2,姚鹏贵,15
曲靖,宣威市恒邦磷化工业有限公司,firm,2,宣威市恒邦磷化工业有限公司,16
曲靖,曲靖市众一煤化有限公司,firm,2,曲靖市众一煤化有限公司,17
曲靖,曲靖市烟草公司富源分公司,firm,2,曲靖市烟草公司富源分公司,18
曲靖,胡纯俊,individual,2,胡纯俊,19
曲靖,赵佳付,individual,2,赵佳付,20
朔州,赵敏,individual,36,赵敏,1
朔州,席礼,individual,10,席礼,2
朔州,中煤平朔煤业有限责任公司,firm,7,中煤平朔煤业有限责任公司,3
朔州,张建旺,individual,6,张建旺,4
朔州,高如奎,individual,6,高如奎,5
朔州,安政权,individual,5,安政权,6
朔州,尹滋,individual,5,尹滋,7
朔州,朔州市润泽投资发展有限公司,firm,5,朔州市润泽投资发展有限公司,8
朔州,田荣春,individual,5,田荣春,9
朔州,丁盘武,individual,4,丁盘武,10
朔州,苑玉山,individual,4,苑玉山,11
朔州,魏富儒,individual,4,魏富儒,12
朔州,龚润平,individual,4,龚润平,13
朔州,乔佐,individual,3,乔佐,14
朔州,元登科,individual,3,元登科,15
朔州,刘日宏,individual,3,刘日宏,16
朔州,吴裕礼,individual,3,吴裕礼,17
朔州,平朔煤炭工业公司,firm,3,平朔煤炭工业公司,18
朔州,武建国,individual,3,武建国,19
朔州,吴裕仁,individual,2,吴裕仁,20
朝阳,东风朝阳柴油机有限责任公司,firm,20,东风朝阳柴油机有限责任公司,1
朝阳,朝阳昊天有色金属有限公司,firm,13,朝阳昊天有色金属有限公司,2
朝阳,朝阳立塬新能源有限公司,firm,8,朝阳立塬新能源有限公司,3
朝阳,辽宁联达种业有限责任公司,firm,6,辽宁联达种业有限责任公司,4
朝阳,辽宁兴诺米业有限责任公司,firm,5,辽宁兴诺米业有限责任公司,5
朝阳,辽宁省微生物科学研究院,research,5,辽宁省微生物科学研究院,6
朝阳,北票市海丰食品有限公司,firm,4,北票市海丰食品有限公司,7
朝阳,北票市雪域藏獒制品开发有限公司,firm,4,北票市雪域藏獒制品开发有限公司,8
朝阳,朝阳市天龙大型水泥管道(集团)有限公司,firm,4,朝阳市天龙大型水泥管道(集团)有限公司,9
朝阳,朝阳重型机器发展有限公司,firm,4,朝阳重型机器发展有限公司,10
朝阳,辽宁省电力有限公司朝阳供电公司,firm,4,辽宁省电力有限公司朝阳供电公司,11
朝阳,邵映辉,individual,4,邵映辉,12
朝阳,霍耀锋,individual,4,霍耀锋,13
朝阳,刘国林,individual,3,刘国林,14
朝阳,朝阳华龙企业集团有限公司,firm,3,朝阳华龙企业集团有限公司,15
朝阳,朝阳无线电元件有限责任公司,firm,3,朝阳无线电元件有限责任公司,16
朝阳,朝阳百盛锆钛股份有限公司,firm,3,朝阳百盛锆钛股份有限公司,17
朝阳,朝阳鸿翔冶炼有限公司,firm,3,朝阳鸿翔冶炼有限公司,18
朝阳,李宪章,individual,3,李宪章,19
朝阳,王云龙,individual,3,王云龙,20
本溪,刘波,individual,47,刘波,1
本溪,本钢板材股份有限公司,firm,22,本钢板材股份有限公司,2
本溪,谢廷声,individual,11,谢廷声,3
本溪,本溪龙宝(集团)参茸有限公司,firm,10,本溪龙宝(集团)参茸有限公司,4
本溪,王雅林,individual,8,王雅林,5
本溪,宋福兴,individual,7,宋福兴,6
本溪,辽宁好护士药业(集团)有限责任公司,firm,6,辽宁好护士药业(集团)有限责任公司,7
本溪,辽宁本溪三药有限公司,firm,6,辽宁本溪三药有限公司,8
本溪,王铮,individual,5,王铮,9
本溪,陈阵,individual,5,陈阵,10
本溪,谢应凯,individual,4,谢应凯,11
本溪,辽宁科技学院,univ,4,辽宁科技学院,12
本溪,付长延,individual,3,付长延,13
本溪,孟昭君,individual,3,孟昭君,14
本溪,王杰,individual,3,王杰,15
本溪,艾纯强,individual,3,艾纯强,16
本溪,谢华,individual,3,谢华,17
本溪,谢应旭,individual,3,谢应旭,18
本溪,辽宁东方人药业有限公司,firm,3,辽宁东方人药业有限公司,19
本溪,于非,individual,2,于非,20
来宾,蒙国宁,individual,3,蒙国宁,1
来宾,广西方元电力股份有限公司桥巩水电站分公司,firm,2,广西方元电力股份有限公司桥巩水电站分公司,2
来宾,广西有色金属集团汇元锰业有限公司,firm,2,广西有色金属集团汇元锰业有限公司,3
来宾,广西象州联壮化工有限公司,firm,2,广西象州联壮化工有限公司,4
来宾,杨志杰,individual,2,杨志杰,5
来宾,林大灵,individual,2,林大灵,6
来宾,韦建耀,individual,2,韦建耀,7
来宾,兰盛锋,individual,1,兰盛锋,8
来宾,广西华佳丝绸有限公司,firm,1,广西华佳丝绸有限公司,9
来宾,广西合山市玉东澳洲坚果种养有限公司,firm,1,广西合山市玉东澳洲坚果种养有限公司,10
来宾,广西来宾银海铝业有限责任公司,firm,1,广西来宾银海铝业有限责任公司,11
来宾,广西金宏昕生物科技有限公司,firm,1,广西金宏昕生物科技有限公司,12
来宾,梁志业,individual,1,梁志业,13
来宾,熊一言,individual,1,熊一言,14
来宾,相国平,individual,1,相国平,15
来宾,莫宾,individual,1,莫宾,16
来宾,谢龙寿,individual,1,谢龙寿,17
来宾,韦耀宏,individual,1,韦耀宏,18
来宾,麦强,individual,1,麦强,19
来宾,黄元安,individual,1,黄元安,20
杭州,浙江大学,univ,5399,浙江大学,1
杭州,杭州华三通信技术有限公司,firm,1530,杭州华三通信技术有限公司,2
杭州,浙江工业大学,univ,1214,浙江工业大学,3
杭州,浙江理工大学,univ,491,浙江理工大学,4
杭州,杭州电子科技大学,univ,372,杭州电子科技大学,5
杭州,中国计量学院,univ,307,中国计量学院,6
杭州,浙江省农业科学院,univ,188,浙江省农业科学院,7
杭州,杭州六易科技有限公司,firm,171,杭州六易科技有限公司,8
杭州,浙江工商大学,univ,121,浙江工商大学,9
杭州,杭州师范大学,univ,115,杭州师范大学,10
杭州,浙江林学院,univ,107,浙江林学院,11
杭州,三花丹佛斯(杭州)微通道换热器有限公司,firm,86,三花丹佛斯(杭州)微通道换热器有限公司,12
杭州,中国水电顾问集团华东勘测设计研究院,firm,75,中国水电顾问集团华东勘测设计研究院,13
杭州,中国移动通信集团浙江有限公司,firm,75,中国移动通信集团浙江有限公司,14
杭州,杭州海康威视数字技术股份有限公司,firm,73,杭州海康威视数字技术股份有限公司,15
杭州,英飞特电子(杭州)有限公司,firm,68,英飞特电子(杭州)有限公司,16
杭州,浙江科技学院,univ,60,浙江科技学院,17
杭州,聚光科技(杭州)股份有限公司,firm,59,聚光科技(杭州)股份有限公司,18
杭州,杭州珂瑞特机械制造有限公司,firm,58,杭州珂瑞特机械制造有限公司,19
杭州,中国水稻研究所,research,57,中国水稻研究所,20
松原,苗凤祥,individual,5,苗凤祥,1
松原,杨永利,individual,4,杨永利,2
松原,赵长顺,individual,4,赵长顺,3
松原,安明武,individual,3,安明武,4
松原,松原大多油田配套产业有限公司,firm,3,松原大多油田配套产业有限公司,5
松原,王彦龙,individual,3,王彦龙,6
松原,王春玉,individual,3,王春玉,7
松原,于俊清,individual,2,于俊清,8
松原,刘恩伦,individual,2,刘恩伦,9
松原,孙宏伟,individual,2,孙宏伟,10
松原,李健光,individual,2,李健光,11
松原,李秋影,individual,2,李秋影,12
松原,李跃进,individual,2,李跃进,13
松原,王国辉,individual,2,王国辉,14
松原,王宇,individual,2,王宇,15
松原,中化吉林长山化工有限公司,firm,1,中化吉林长山化工有限公司,16
松原,乔国富,individual,1,乔国富,17
松原,乔洪慧,individual,1,乔洪慧,18
松原,于长海,individual,1,于长海,19
松原,刘向前,individual,1,刘向前,20
林芝,西藏奇正藏药股份有限公司,firm,17,西藏奇正藏药股份有限公司,1
林芝,西藏农牧学院,univ,5,西藏农牧学院,2
枣庄,刘善华,individual,14,刘善华,1
枣庄,枣庄矿业(集团)有限责任公司柴里煤矿,firm,14,枣庄矿业(集团)有限责任公司柴里煤矿,2
枣庄,枣庄矿业集团付村煤业有限公司,firm,14,枣庄矿业集团付村煤业有限公司,3
枣庄,水煤浆气化及煤化工国家工程研究中心,research,13,水煤浆气化及煤化工国家工程研究中心,4
枣庄,兖矿鲁南化肥厂,firm,12,兖矿鲁南化肥厂,5
枣庄,孟庆云,individual,10,孟庆云,6
枣庄,杨国梁,individual,10,杨国梁,7
枣庄,屈广花,individual,9,屈广花,8
枣庄,史洪海,individual,8,史洪海,9
枣庄,欧阳宝武,individual,8,欧阳宝武,10
枣庄,兖矿国泰化工有限公司,firm,7,兖矿国泰化工有限公司,11
枣庄,王春阳,individual,7,王春阳,12
枣庄,赵恒祥,individual,7,赵恒祥,13
枣庄,刘广强,individual,6,刘广强,14
枣庄,山东海吉雅环保设备有限公司,firm,6,山东海吉雅环保设备有限公司,15
枣庄,山东省泰和水处理有限公司,firm,6,山东省泰和水处理有限公司,16
枣庄,枣庄矿业(集团)有限责任公司蒋庄煤矿,firm,6,枣庄矿业(集团)有限责任公司蒋庄煤矿,17
枣庄,枣庄福源印染机械有限公司,firm,6,枣庄福源印染机械有限公司,18
枣庄,王承信,individual,6,王承信,19
枣庄,山东神工海特电子科技有限公司,firm,5,山东神工海特电子科技有限公司,20
柳州,上汽通用五菱汽车股份有限公司,firm,126,上汽通用五菱汽车股份有限公司,1
柳州,广西工学院,univ,29,广西工学院,2
柳州,广西壮族自治区花红药业股份有限公司,firm,14,广西壮族自治区花红药业股份有限公司,3
柳州,柳州欧维姆机械股份有限公司,firm,12,柳州欧维姆机械股份有限公司,4
柳州,罗晓迪,individual,10,罗晓迪,5
柳州,琪元,individual,9,琪元,6
柳州,柳州五菱汽车有限责任公司,firm,8,柳州五菱汽车有限责任公司,7
柳州,广西柳工机械股份有限公司,firm,7,广西柳工机械股份有限公司,8
柳州,曾超宁,individual,7,曾超宁,9
柳州,罗文礼,individual,7,罗文礼,10
柳州,刘觉滨,individual,6,刘觉滨,11
柳州,李健民,individual,6,李健民,12
柳州,柳州两面针股份有限公司,firm,6,柳州两面针股份有限公司,13
柳州,陈峰,individual,6,陈峰,14
柳州,广西建工集团第五建筑工程有限责任公司,firm,5,广西建工集团第五建筑工程有限责任公司,15
柳州,柳州职业技术学院,univ,5,柳州职业技术学院,16
柳州,谭月清,individual,5,谭月清,17
柳州,韦战,individual,5,韦战,18
柳州,广西华锡集团股份有限公司,firm,4,广西华锡集团股份有限公司,19
柳州,柳州市大荣非金属材料有限公司,firm,4,柳州市大荣非金属材料有限公司,20
株洲,株洲南车时代电气股份有限公司,firm,127,株洲南车时代电气股份有限公司,1
株洲,株洲冶炼集团股份有限公司,firm,109,株洲冶炼集团股份有限公司,2
株洲,株洲时代新材料科技股份有限公司,firm,58,株洲时代新材料科技股份有限公司,3
株洲,株洲钻石切削刀具股份有限公司,firm,55,株洲钻石切削刀具股份有限公司,4
株洲,南车株洲电力机车有限公司,firm,50,南车株洲电力机车有限公司,5
株洲,株洲硬质合金集团有限公司,firm,39,株洲硬质合金集团有限公司,6
株洲,湖南工业大学,univ,19,湖南工业大学,7
株洲,中国南方航空工业(集团)有限公司,firm,18,中国南方航空工业(集团)有限公司,8
株洲,湖南南车时代电动汽车股份有限公司,firm,18,湖南南车时代电动汽车股份有限公司,9
株洲,株洲变流技术国家工程研究中心有限公司,firm,16,株洲变流技术国家工程研究中心有限公司,10
株洲,株洲千金药业股份有限公司,firm,14,株洲千金药业股份有限公司,11
株洲,中国航空动力机械研究所,research,12,中国航空动力机械研究所,12
株洲,南车株洲电力机车研究所有限公司,firm,11,南车株洲电力机车研究所有限公司,13
株洲,南车株洲电机有限公司,firm,11,南车株洲电机有限公司,14
株洲,刘运武,individual,10,刘运武,15
株洲,株洲时代工程塑料制品有限责任公司,firm,10,株洲时代工程塑料制品有限责任公司,16
株洲,株洲时代电气绝缘有限责任公司,firm,10,株洲时代电气绝缘有限责任公司,17
株洲,湖南泰鑫瓷业有限公司,firm,9,湖南泰鑫瓷业有限公司,18
株洲,孙福莲,individual,8,孙福莲,19
株洲,株洲市兴民科技有限公司,firm,8,株洲市兴民科技有限公司,20
桂林,桂林理工大学,univ,126,桂林理工大学,1
桂林,桂林电子科技大学,univ,104,桂林电子科技大学,2
桂林,桂林工学院,univ,69,桂林工学院,3
桂林,广西师范大学,univ,57,广西师范大学,4
桂林,昊华南方(桂林)橡胶有限责任公司,firm,25,昊华南方(桂林)橡胶有限责任公司,5
桂林,中国化工橡胶桂林有限公司,firm,23,中国化工橡胶桂林有限公司,6
桂林,桂林莱茵生物科技股份有限公司,firm,19,桂林莱茵生物科技股份有限公司,7
桂林,中橡集团曙光橡胶工业研究设计院,firm,13,中橡集团曙光橡胶工业研究设计院,8
桂林,乔林友,individual,11,乔林友,9
桂林,桂林橡胶机械厂,firm,10,桂林橡胶机械厂,10
桂林,桂林乳胶厂,firm,9,桂林乳胶厂,11
桂林,中国化学工业桂林工程有限公司,firm,8,中国化学工业桂林工程有限公司,12
桂林,桂林三金药业股份有限公司,firm,8,桂林三金药业股份有限公司,13
桂林,桂林医学院,univ,8,桂林医学院,14
桂林,桂林矿产地质研究院,firm,8,桂林矿产地质研究院,15
桂林,燕京啤酒(桂林漓泉)股份有限公司,firm,7,燕京啤酒(桂林漓泉)股份有限公司,16
桂林,桂林航天电子有限公司,firm,6,桂林航天电子有限公司,17
桂林,林炳营,individual,5,林炳营,18
桂林,桂林星火机械制造有限公司,firm,5,桂林星火机械制造有限公司,19
桂林,桂林机床股份有限公司,firm,5,桂林机床股份有限公司,20
梅州,嘉应学院,univ,17,嘉应学院,1
梅州,林谊,individual,6,林谊,2
梅州,梅州博敏电子有限公司,firm,6,梅州博敏电子有限公司,3
梅州,梅州市志浩电子科技有限公司,firm,6,梅州市志浩电子科技有限公司,4
梅州,吴煌发,individual,5,吴煌发,5
梅州,广东南台药业有限公司,firm,5,广东南台药业有限公司,6
梅州,广东新大地生物科技股份有限公司,firm,5,广东新大地生物科技股份有限公司,7
梅州,梅州振声包装技术有限公司,firm,5,梅州振声包装技术有限公司,8
梅州,兴宁市洪才电镀废水处理设备有限公司,firm,3,兴宁市洪才电镀废水处理设备有限公司,9
梅州,广东富农食品有限公司,firm,3,广东富农食品有限公司,10
梅州,广东富远稀土新材料股份有限公司,firm,3,广东富远稀土新材料股份有限公司,11
梅州,广福建材(蕉岭)精化有限公司,firm,3,广福建材(蕉岭)精化有限公司,12
梅州,徐安定,individual,3,徐安定,13
梅州,谢仁朗,individual,3,谢仁朗,14
梅州,倪文城,individual,2,倪文城,15
梅州,兴宁市精细化工厂有限公司,firm,2,兴宁市精细化工厂有限公司,16
梅州,广东侨微生物科技有限公司,firm,2,广东侨微生物科技有限公司,17
梅州,广东华威化工实业有限公司,firm,2,广东华威化工实业有限公司,18
梅州,广东嘉和电器股份有限公司,firm,2,广东嘉和电器股份有限公司,19
梅州,广东宇星锑业有限公司,firm,2,广东宇星锑业有限公司,20
梧州,李浪辉,individual,16,李浪辉,1
梧州,梁荫健,individual,8,梁荫健,2
梧州,梧州神冠蛋白肠衣有限公司,firm,8,梧州神冠蛋白肠衣有限公司,3
梧州,许淑清,individual,5,许淑清,4
梧州,广西强寿药业集团有限公司,firm,4,广西强寿药业集团有限公司,5
梧州,莫丽嘉,individual,3,莫丽嘉,6
梧州,黄进平,individual,3,黄进平,7
梧州,吴柱华,individual,2,吴柱华,8
梧州,广西梧州制药(集团)股份有限公司,firm,2,广西梧州制药(集团)股份有限公司,9
梧州,李家新,individual,2,李家新,10
梧州,梧州三和新材料科技有限公司,firm,2,梧州三和新材料科技有限公司,11
梧州,瑞福祥药业(广西)有限公司,firm,2,瑞福祥药业(广西)有限公司,12
梧州,秦彩玲,individual,2,秦彩玲,13
梧州,谢煜光,individual,2,谢煜光,14
梧州,郭富强,individual,2,郭富强,15
梧州,中央储备粮梧州直属库,other,1,中央储备粮梧州直属库,16
梧州,刘廷,individual,1,刘廷,17
梧州,刘莉,individual,1,刘莉,18
梧州,广西天鹅蓄电池有限责任公司,firm,1,广西天鹅蓄电池有限责任公司,19
梧州,广西梧州日成林产化工股份有限公司,firm,1,广西梧州日成林产化工股份有限公司,20
楚雄彝族自治州,云南省农业科学院热区生态农业研究所,univ,26,云南省农业科学院热区生态农业研究所,1
楚雄彝族自治州,云南爱尔发生物技术有限公司,firm,6,云南爱尔发生物技术有限公司,2
楚雄彝族自治州,易美春,individual,6,易美春,3
楚雄彝族自治州,黄登平,individual,6,黄登平,4
楚雄彝族自治州,耿兆华,individual,5,耿兆华,5
楚雄彝族自治州,云南天腾化工有限公司,firm,4,云南天腾化工有限公司,6
楚雄彝族自治州,楚雄宏桂绿色食品有限公司,firm,4,楚雄宏桂绿色食品有限公司,7
楚雄彝族自治州,罗光臣,individual,4,罗光臣,8
楚雄彝族自治州,云南燃二化工有限公司,firm,3,云南燃二化工有限公司,9
楚雄彝族自治州,叶子仁,individual,3,叶子仁,10
楚雄彝族自治州,楚雄师范学院,univ,3,楚雄师范学院,11
楚雄彝族自治州,赵克阳,individual,3,赵克阳,12
楚雄彝族自治州,云南楚雄天利药业有限公司,firm,2,云南楚雄天利药业有限公司,13
楚雄彝族自治州,云南楚雄彝山工贸有限公司,firm,2,云南楚雄彝山工贸有限公司,14
楚雄彝族自治州,云南牟定润丰源食品有限责任公司,firm,2,云南牟定润丰源食品有限责任公司,15
楚雄彝族自治州,倪志群,individual,2,倪志群,16
楚雄彝族自治州,南华茂森综合利用有限责任公司,firm,2,南华茂森综合利用有限责任公司,17
楚雄彝族自治州,周云飞,individual,2,周云飞,18
楚雄彝族自治州,段丽蓉,individual,2,段丽蓉,19
楚雄彝族自治州,云南云开电气股份有限公司,firm,1,云南云开电气股份有限公司,20
榆林,陕西神木化学工业有限公司,firm,7,陕西神木化学工业有限公司,1
榆林,王树宽,individual,4,王树宽,2
榆林,榆林学院,univ,3,榆林学院,3
榆林,许富昌,individual,3,许富昌,4
榆林,高崇东,individual,3,高崇东,5
榆林,高明利,individual,3,高明利,6
榆林,佳县益民现代农业开发有限公司,firm,2,佳县益民现代农业开发有限公司,7
榆林,杜建,individual,2,杜建,8
榆林,王建平,individual,2,王建平,9
榆林,王志江,individual,2,王志江,10
榆林,马文孝,individual,2,马文孝,11
榆林,高瑜,individual,2,高瑜,12
榆林,任政军,individual,1,任政军,13
榆林,任玉珊,individual,1,任玉珊,14
榆林,侯思明,individual,1,侯思明,15
榆林,刘子建,individual,1,刘子建,16
榆林,刘新宇,individual,1,刘新宇,17
榆林,子洲县天赐中药材有限责任公司,firm,1,子洲县天赐中药材有限责任公司,18
榆林,康新,individual,1,康新,19
榆林,张乃文,individual,1,张乃文,20
武威,甘肃敬业农业科技有限公司,firm,6,甘肃敬业农业科技有限公司,1
武威,吴元,individual,4,吴元,2
武威,甘肃赫原生物制品有限公司,firm,4,甘肃赫原生物制品有限公司,3
武威,武威金苹果新果仁食品有限责任公司,firm,2,武威金苹果新果仁食品有限责任公司,4
武威,甘肃创兴生物工程有限责任公司,firm,2,甘肃创兴生物工程有限责任公司,5
武威,程浩德,individual,2,程浩德,6
武威,丁国成,individual,1,丁国成,7
武威,任学瑞,other,1,任学瑞,8
武威,吴正奇,individual,1,吴正奇,9
武威,张钰浩,individual,1,张钰浩,10
武威,曹平,individual,1,曹平,11
武威,武威红牛农牧科技有限公司,firm,1,武威红牛农牧科技有限公司,12
武威,甘肃天祝藏酒酒业有限公司,firm,1,甘肃天祝藏酒酒业有限公司,13
武威,甘肃普安制药有限公司,firm,1,甘肃普安制药有限公司,14
武威,甘肃省武威公路总段,other,1,甘肃省武威公路总段,15
武威,贾永鑫,individual,1,贾永鑫,16
武威,赵永先,individual,1,赵永先,17
武威,郭建忠,individual,1,郭建忠,18
武威,陈庆明,individual,1,陈庆明,19
武汉,华中科技大学,univ,1307,华中科技大学,1
武汉,武汉大学,univ,779,武汉大学,2
武汉,武汉理工大学,univ,713,武汉理工大学,3
武汉,武汉钢铁(集团)公司,firm,436,武汉钢铁(集团)公司,4
武汉,华中农业大学,univ,402,华中农业大学,5
武汉,武汉科技大学,univ,231,武汉科技大学,6
武汉,中国地质大学(武汉),univ,198,中国地质大学(武汉),7
武汉,烽火通信科技股份有限公司,firm,182,烽火通信科技股份有限公司,8
武汉,湖北中烟工业有限责任公司,firm,180,湖北中烟工业有限责任公司,9
武汉,武汉工程大学,univ,172,武汉工程大学,10
武汉,中冶南方工程技术有限公司,firm,156,中冶南方工程技术有限公司,11
武汉,凹凸电子(武汉)有限公司,firm,145,凹凸电子(武汉)有限公司,12
武汉,华中师范大学,univ,125,华中师范大学,13
武汉,中国科学院武汉岩土力学研究所,univ,113,中国科学院武汉岩土力学研究所,14
武汉,湖北大学,univ,98,湖北大学,15
武汉,武汉鼎超科技开发有限公司,firm,88,武汉鼎超科技开发有限公司,16
武汉,武汉科技学院,univ,74,武汉科技学院,17
武汉,中国第一冶金建设有限责任公司,firm,71,中国第一冶金建设有限责任公司,18
武汉,湖北盛佳电器设备有限公司,firm,69,湖北盛佳电器设备有限公司,19
武汉,湖北工业大学,univ,65,湖北工业大学,20
毕节,毕节地区力帆骏马振兴车辆有限公司,firm,5,毕节地区力帆骏马振兴车辆有限公司,1
毕节,武艳,individual,2,武艳,2
毕节,殷翔,individual,2,殷翔,3
毕节,蒋利民,individual,2,蒋利民,4
毕节,贵州省毕节地区农业科学研究所,research,2,贵州省毕节地区农业科学研究所,5
毕节,贵州省毕节地区水产技术推广站,other,2,贵州省毕节地区水产技术推广站,6
毕节,冷登书,individual,1,冷登书,7
毕节,刘波,individual,1,刘波,8
毕节,吉学忠,other,1,吉学忠,9
毕节,吴勇,individual,1,吴勇,10
毕节,张光文,individual,1,张光文,11
毕节,张梅,individual,1,张梅,12
毕节,彭刚,individual,1,彭刚,13
毕节,施绍慧,individual,1,施绍慧,14
毕节,朱世宗,individual,1,朱世宗,15
毕节,李发祥,individual,1,李发祥,16
毕节,李珊,individual,1,李珊,17
毕节,李贵荣,individual,1,李贵荣,18
毕节,毕节学院,univ,1,毕节学院,19
毕节,王愐荣,individual,1,王愐荣,20
永州,杨贵成,individual,37,杨贵成,1
永州,李林军,individual,18,李林军,2
永州,欧解志,individual,14,欧解志,3
永州,湖南省中科农业有限公司,firm,11,湖南省中科农业有限公司,4
永州,姜德雄,individual,9,姜德雄,5
永州,永州湘江纸业有限责任公司,firm,9,永州湘江纸业有限责任公司,6
永州,湖南东港锑品有限公司,firm,9,湖南东港锑品有限公司,7
永州,罗家启,individual,6,罗家启,8
永州,唐健鹏,individual,5,唐健鹏,9
永州,李俊国,individual,5,李俊国,10
永州,李德伟,individual,5,李德伟,11
永州,永州皓志稀土材料有限公司,firm,5,永州皓志稀土材料有限公司,12
永州,湖南省天龙米业有限公司,firm,5,湖南省天龙米业有限公司,13
永州,祝根华,individual,5,祝根华,14
永州,李永庚,individual,4,李永庚,15
永州,永州市雅大科技实业有限公司,firm,4,永州市雅大科技实业有限公司,16
永州,湖南天圣有机农业有限公司,firm,4,湖南天圣有机农业有限公司,17
永州,谭群英,individual,4,谭群英,18
永州,雷宜东,individual,4,雷宜东,19
永州,周金元,individual,3,周金元,20
汉中,陕西理工学院,univ,30,陕西理工学院,1
汉中,陕西飞机工业(集团)有限公司,firm,15,陕西飞机工业(集团)有限公司,2
汉中,李明杰,individual,7,李明杰,3
汉中,杨灏,individual,6,杨灏,4
汉中,陕西盛华冶化有限公司,firm,5,陕西盛华冶化有限公司,5
汉中,吴振耀,individual,4,吴振耀,6
汉中,唐远福,individual,4,唐远福,7
汉中,国营长空精密机械制造公司,firm,4,国营长空精密机械制造公司,8
汉中,宁文礼,individual,4,宁文礼,9
汉中,常堡同,individual,4,常堡同,10
汉中,王东,individual,4,王东,11
汉中,邵厚仁,individual,4,邵厚仁,12
汉中,张驰,individual,3,张驰,13
汉中,杨灵华,individual,3,杨灵华,14
汉中,汉中八一锌业有限责任公司,firm,3,汉中八一锌业有限责任公司,15
汉中,汉中第一粘合剂有限公司,firm,3,汉中第一粘合剂有限公司,16
汉中,胡胜录,individual,3,胡胜录,17
汉中,袁鼎山,individual,3,袁鼎山,18
汉中,陕西汉王药业有限公司,firm,3,陕西汉王药业有限公司,19
汉中,中核陕西铀浓缩有限公司,firm,2,中核陕西铀浓缩有限公司,20
汕头,汕头大学,univ,37,汕头大学,1
汕头,广东粤东机械实业有限公司,firm,27,广东粤东机械实业有限公司,2
汕头,广东名臣有限公司,firm,24,广东名臣有限公司,3
汕头,广东拉芳日化有限公司,firm,22,广东拉芳日化有限公司,4
汕头,广东光华化学厂有限公司,firm,20,广东光华化学厂有限公司,5
汕头,汕头超声显示器(二厂)有限公司,firm,19,汕头超声显示器(二厂)有限公司,6
汕头,钟明华,individual,19,钟明华,7
汕头,王洪,individual,16,王洪,8
汕头,广东奥飞动漫文化股份有限公司,firm,12,广东奥飞动漫文化股份有限公司,9
汕头,徐柔云,individual,12,徐柔云,10
汕头,张学荣,other,11,张学荣,11
汕头,汕头市奥山服饰有限公司,firm,11,汕头市奥山服饰有限公司,12
汕头,张冬敏,individual,10,张冬敏,13
汕头,徐志强,individual,10,徐志强,14
汕头,汕头市骏码凯撒有限公司,firm,10,汕头市骏码凯撒有限公司,15
汕头,池建平,individual,10,池建平,16
汕头,洪煌炳,individual,10,洪煌炳,17
汕头,王丹琳,individual,10,王丹琳,18
汕头,蔡丹丹,individual,10,蔡丹丹,19
汕头,蔡显强,individual,10,蔡显强,20
汕尾,信利半导体有限公司,firm,42,信利半导体有限公司,1
汕尾,许子龙,individual,13,许子龙,2
汕尾,朱小龙,individual,6,朱小龙,3
汕尾,李秉记,individual,4,李秉记,4
汕尾,何展辉,individual,2,何展辉,5
汕尾,信利光电(汕尾)有限公司,firm,2,信利光电(汕尾)有限公司,6
汕尾,陈武雄,individual,2,陈武雄,7
汕尾,黄晓民,individual,2,黄晓民,8
汕尾,黎德接,individual,2,黎德接,9
汕尾,何世超,individual,1,何世超,10
汕尾,倪创,individual,1,倪创,11
汕尾,刘诗城,individual,1,刘诗城,12
汕尾,周君雄,individual,1,周君雄,13
汕尾,广东省汕尾市药品检验所,other,1,广东省汕尾市药品检验所,14
汕尾,广东省生宝种养有限公司,firm,1,广东省生宝种养有限公司,15
汕尾,张庆楼,individual,1,张庆楼,16
汕尾,施文峰,individual,1,施文峰,17
汕尾,汕尾市大利荣耀灯饰工业有限公司,firm,1,汕尾市大利荣耀灯饰工业有限公司,18
汕尾,汕尾铭基节能技术有限公司,firm,1,汕尾铭基节能技术有限公司,19
汕尾,王汉有,individual,1,王汉有,20
江门,林智勇,individual,125,林智勇,1
江门,五邑大学,univ,56,五邑大学,2
江门,鹤山丽得电子实业有限公司,firm,34,鹤山丽得电子实业有限公司,3
江门,鹤山健豪灯饰企业有限公司,firm,15,鹤山健豪灯饰企业有限公司,4
江门,江门市科恒实业股份有限公司,firm,14,江门市科恒实业股份有限公司,5
江门,广东嘉宝莉化工集团有限公司,firm,12,广东嘉宝莉化工集团有限公司,6
江门,江门市大长江集团有限公司,firm,12,江门市大长江集团有限公司,7
江门,江门市汉宇电器有限公司,firm,12,江门市汉宇电器有限公司,8
江门,广东金莱特电器股份有限公司,firm,11,广东金莱特电器股份有限公司,9
江门,江门市制漆厂有限公司,firm,11,江门市制漆厂有限公司,10
江门,江门市蒙德电气有限公司,firm,11,江门市蒙德电气有限公司,11
江门,叶露微,individual,10,叶露微,12
江门,周剑冰,individual,9,周剑冰,13
江门,黎永雄,individual,9,黎永雄,14
江门,冯可健,individual,8,冯可健,15
江门,广东江粉磁材股份有限公司,firm,8,广东江粉磁材股份有限公司,16
江门,李锦记(新会)食品有限公司,firm,8,李锦记(新会)食品有限公司,17
江门,江门市三七电池实业有限公司,firm,8,江门市三七电池实业有限公司,18
江门,刘昆虎,individual,7,刘昆虎,19
江门,廖树汉,individual,7,廖树汉,20
池州,吴成祥,individual,10,吴成祥,1
池州,李震,individual,9,李震,2
池州,安徽天品堂生态农业有限公司,firm,5,安徽天品堂生态农业有限公司,3
池州,安徽马东机械制造有限公司,firm,5,安徽马东机械制造有限公司,4
池州,池州万维化工有限公司,firm,5,池州万维化工有限公司,5
池州,叶守义,individual,4,叶守义,6
池州,安徽益友家用机床有限公司,firm,4,安徽益友家用机床有限公司,7
池州,池州方达科技有限公司,firm,4,池州方达科技有限公司,8
池州,安徽池州伟舜机电有限公司,firm,3,安徽池州伟舜机电有限公司,9
池州,安徽池州皖美电器厂,firm,3,安徽池州皖美电器厂,10
池州,杨泽田,individual,3,杨泽田,11
池州,池州天宇塑业有限公司,firm,3,池州天宇塑业有限公司,12
池州,池州学院,univ,3,池州学院,13
池州,安徽来福高科股份有限公司,firm,2,安徽来福高科股份有限公司,14
池州,安徽池州家用机床股份有限公司,firm,2,安徽池州家用机床股份有限公司,15
池州,安徽瑞泰汽车零部件有限责任公司,firm,2,安徽瑞泰汽车零部件有限责任公司,16
池州,安徽铜冠有色金属(池州)有限责任公司九华冶炼厂,firm,2,安徽铜冠有色金属(池州)有限责任公司九华冶炼厂,17
池州,李雷生,individual,2,李雷生,18
池州,池州九华汉高电工材料有限公司,firm,2,池州九华汉高电工材料有限公司,19
池州,池州埃美柯水表铸造有限公司,firm,2,池州埃美柯水表铸造有限公司,20
沈阳,东北大学,univ,540,东北大学,1
沈阳,中国科学院金属研究所,univ,495,中国科学院金属研究所,2
沈阳,沈阳药科大学,univ,284,沈阳药科大学,3
沈阳,沈阳工业大学,univ,253,沈阳工业大学,4
沈阳,中国科学院沈阳自动化研究所,univ,244,中国科学院沈阳自动化研究所,5
沈阳,中国科学院沈阳应用生态研究所,univ,187,中国科学院沈阳应用生态研究所,6
沈阳,沈阳黎明航空发动机(集团)有限责任公司,firm,185,沈阳黎明航空发动机(集团)有限责任公司,7
沈阳,沈阳铝镁设计研究院,research,166,沈阳铝镁设计研究院,8
沈阳,三一重型装备有限公司,firm,116,三一重型装备有限公司,9
沈阳,沈阳飞机工业(集团)有限公司,firm,111,沈阳飞机工业(集团)有限公司,10
沈阳,任立蓬,individual,109,任立蓬,11
沈阳,沈阳化工学院,univ,108,沈阳化工学院,12
沈阳,沈阳建筑大学,univ,104,沈阳建筑大学,13
沈阳,沈阳理工大学,univ,104,沈阳理工大学,14
沈阳,沈阳铝镁设计研究院有限公司,firm,84,沈阳铝镁设计研究院有限公司,15
沈阳,沈阳晨讯希姆通科技有限公司,firm,82,沈阳晨讯希姆通科技有限公司,16
沈阳,沈阳农业大学,univ,75,沈阳农业大学,17
沈阳,辽宁大学,univ,58,辽宁大学,18
沈阳,东软集团股份有限公司,firm,53,东软集团股份有限公司,19
沈阳,沈阳大学,univ,46,沈阳大学,20
沧州,张永钢,individual,19,张永钢,1
沧州,华斯农业开发股份有限公司,firm,12,华斯农业开发股份有限公司,2
沧州,凯瑞化工有限责任公司,firm,9,凯瑞化工有限责任公司,3
沧州,邵世达,individual,8,邵世达,4
沧州,金秋生,individual,8,金秋生,5
沧州,沧州那瑞化学科技有限公司,firm,7,沧州那瑞化学科技有限公司,6
沧州,陈春祥,individual,7,陈春祥,7
沧州,任丘市双楼电碳制品有限公司,firm,6,任丘市双楼电碳制品有限公司,8
沧州,甄立新,individual,6,甄立新,9
沧州,沧州明珠塑料股份有限公司,firm,5,沧州明珠塑料股份有限公司,10
沧州,河北建新化工股份有限公司,firm,5,河北建新化工股份有限公司,11
沧州,刘建林,individual,4,刘建林,12
沧州,张远林,individual,4,张远林,13
沧州,张铁锤,individual,4,张铁锤,14
沧州,李开森,individual,4,李开森,15
沧州,王旭华,individual,4,王旭华,16
沧州,李明,individual,3,李明,17
沧州,杨孝才,individual,3,杨孝才,18
沧州,沧州市农林科学院,univ,3,沧州市农林科学院,19
沧州,河北华北石油荣盛机械制造有限公司,firm,3,河北华北石油荣盛机械制造有限公司,20
河池,广西华锡集团股份有限公司车河选矿厂,firm,4,广西华锡集团股份有限公司车河选矿厂,1
河池,覃怀忠,individual,4,覃怀忠,2
河池,韦持理,individual,4,韦持理,3
河池,广西润达制药股份有限公司,firm,3,广西润达制药股份有限公司,4
河池,河池学院,univ,3,河池学院,5
河池,杨昌标,individual,2,杨昌标,6
河池,莫沉鹏,individual,2,莫沉鹏,7
河池,蓝景恒,individual,2,蓝景恒,8
河池,阮元忠,individual,2,阮元忠,9
河池,黄久发,individual,2,黄久发,10
河池,东兰音乐铜鼓文化传播有限责任公司,firm,1,东兰音乐铜鼓文化传播有限责任公司,11
河池,华锡集团车河选矿厂,firm,1,华锡集团车河选矿厂,12
河池,吴华金,individual,1,吴华金,13
河池,唐浩,individual,1,唐浩,14
河池,孙浩忠,individual,1,孙浩忠,15
河池,广西现代职业技术学院,univ,1,广西现代职业技术学院,16
河池,曹万贵,individual,1,曹万贵,17
河池,李长忠,individual,1,李长忠,18
河池,河池市南方有色冶炼有限责任公司,firm,1,河池市南方有色冶炼有限责任公司,19
河池,河池市津泰资源再生有限公司,firm,1,河池市津泰资源再生有限公司,20
河源,广东雅达电子股份有限公司,firm,18,广东雅达电子股份有限公司,1
河源,张书闵,individual,8,张书闵,2
河源,张苑金,individual,7,张苑金,3
河源,河源市雅达电子有限公司,firm,7,河源市雅达电子有限公司,4
河源,丘新贵,individual,4,丘新贵,5
河源,河源万峰陶瓷有限公司,firm,4,河源万峰陶瓷有限公司,6
河源,河源富马硬质合金股份有限公司,firm,4,河源富马硬质合金股份有限公司,7
河源,广东紫金正天药业有限公司,firm,3,广东紫金正天药业有限公司,8
河源,河源市粤兴实业有限公司,firm,3,河源市粤兴实业有限公司,9
河源,河源正信硬质合金有限公司,firm,3,河源正信硬质合金有限公司,10
河源,河源职业技术学院,univ,3,河源职业技术学院,11
河源,陈启房,individual,3,陈启房,12
河源,东源绿保生物科技开发有限公司,firm,2,东源绿保生物科技开发有限公司,13
河源,广东立国制药有限公司,firm,2,广东立国制药有限公司,14
河源,河源市天仙湖农业发展有限公司,firm,2,河源市天仙湖农业发展有限公司,15
河源,河源市特灵通通讯有限公司,firm,2,河源市特灵通通讯有限公司,16
河源,河源海川科技有限公司,firm,2,河源海川科技有限公司,17
河源,蔡向源,individual,2,蔡向源,18
河源,谢文省,individual,2,谢文省,19
河源,陈志平,individual,2,陈志平,20
泉州,华侨大学,univ,79,华侨大学,1
泉州,福建浔兴拉链科技股份有限公司,firm,50,福建浔兴拉链科技股份有限公司,2
泉州,福建钧石能源有限公司,firm,42,福建钧石能源有限公司,3
泉州,南安市三晶阳光电力有限公司,firm,27,南安市三晶阳光电力有限公司,4
泉州,庄景阳,individual,25,庄景阳,5
泉州,福建恒安集团有限公司,firm,25,福建恒安集团有限公司,6
泉州,南安市柳城高捷图文设计工作室,other,20,南安市柳城高捷图文设计工作室,7
泉州,福建鑫华股份有限公司,firm,20,福建鑫华股份有限公司,8
泉州,吴荣光,individual,15,吴荣光,9
泉州,福建凤竹纺织科技股份有限公司,firm,14,福建凤竹纺织科技股份有限公司,10
泉州,安踏(中国)有限公司,firm,12,安踏(中国)有限公司,11
泉州,戴文育,individual,11,戴文育,12
泉州,南安市三晶硅品精制有限公司,firm,10,南安市三晶硅品精制有限公司,13
泉州,泉州市东南光电有限公司,firm,10,泉州市东南光电有限公司,14
泉州,福建百宏聚纤科技实业有限公司,firm,10,福建百宏聚纤科技实业有限公司,15
泉州,福建省晋江优兰发纸业有限公司,firm,9,福建省晋江优兰发纸业有限公司,16
泉州,和谐光电科技(泉州)有限公司,firm,8,和谐光电科技(泉州)有限公司,17
泉州,晋江市连盛液压机械有限公司,firm,8,晋江市连盛液压机械有限公司,18
泉州,林福泳,individual,8,林福泳,19
泉州,泉州师范学院,univ,8,泉州师范学院,20
泰安,张琳,individual,169,张琳,1
泰安,山东农业大学,univ,155,山东农业大学,2
泰安,王芹,individual,53,王芹,3
泰安,贠钦亮,individual,53,贠钦亮,4
泰安,李清水,individual,48,李清水,5
泰安,宗翠红,individual,45,宗翠红,6
泰安,李祥,individual,44,李祥,7
泰安,唐超,individual,38,唐超,8
泰安,张在文,individual,34,张在文,9
泰安,曹淑兰,individual,30,曹淑兰,10
泰安,山东光大肥业科技有限公司,firm,29,山东光大肥业科技有限公司,11
泰安,李仕清,individual,28,李仕清,12
泰安,郭传法,individual,26,郭传法,13
泰安,张红旗,individual,25,张红旗,14
泰安,刘勇,individual,22,刘勇,15
泰安,律北平,individual,22,律北平,16
泰安,丁平,individual,21,丁平,17
泰安,刘绪春,individual,21,刘绪春,18
泰安,夏范音,individual,21,夏范音,19
泰安,胡令东,individual,21,胡令东,20
泰州,泰州乐金电子冷机有限公司,firm,46,泰州乐金电子冷机有限公司,1
泰州,江苏飞船股份有限公司,firm,36,江苏飞船股份有限公司,2
泰州,江苏双登集团有限公司,firm,29,江苏双登集团有限公司,3
泰州,南京双登科技发展研究院有限公司,firm,28,南京双登科技发展研究院有限公司,4
泰州,江苏泰隆减速机股份有限公司,firm,26,江苏泰隆减速机股份有限公司,5
泰州,张晓荣,individual,23,张晓荣,6
泰州,扬子江药业集团有限公司,firm,22,扬子江药业集团有限公司,7
泰州,江苏兆胜空调有限公司,firm,22,江苏兆胜空调有限公司,8
泰州,江苏江山制药有限公司,firm,21,江苏江山制药有限公司,9
泰州,泰州口岸船舶有限公司,firm,20,泰州口岸船舶有限公司,10
泰州,鞠小平,individual,20,鞠小平,11
泰州,殷宝良,individual,17,殷宝良,12
泰州,泰州申视塑料有限公司,firm,17,泰州申视塑料有限公司,13
泰州,泰通(泰州)工业有限公司,firm,16,泰通(泰州)工业有限公司,14
泰州,屠国强,individual,15,屠国强,15
泰州,江苏欣晖食品有限公司,firm,14,江苏欣晖食品有限公司,16
泰州,江苏远东电机制造有限公司,firm,14,江苏远东电机制造有限公司,17
泰州,王崇高,individual,14,王崇高,18
泰州,江苏明星减震器有限公司,firm,13,江苏明星减震器有限公司,19
泰州,江苏林海动力机械集团公司,firm,13,江苏林海动力机械集团公司,20
泸州,王光树,individual,27,王光树,1
泸州,泸州品创科技有限公司,firm,26,泸州品创科技有限公司,2
泸州,孟智平,individual,14,孟智平,3
泸州,泸州老窖股份有限公司,firm,7,泸州老窖股份有限公司,4
泸州,四川泸天化股份有限公司,firm,6,四川泸天化股份有限公司,5
泸州,泸州川油钻采工具有限公司,firm,5,泸州川油钻采工具有限公司,6
泸州,陈永生,individual,5,陈永生,7
泸州,四川海科机械制造有限公司,firm,4,四川海科机械制造有限公司,8
泸州,泸州万联化工有限公司,firm,3,泸州万联化工有限公司,9
泸州,泸州北方化学工业有限公司,firm,3,泸州北方化学工业有限公司,10
泸州,阎小宁,individual,3,阎小宁,11
泸州,周其强,individual,2,周其强,12
泸州,四川长起起重设备有限公司,firm,2,四川长起起重设备有限公司,13
泸州,杜力,individual,2,杜力,14
泸州,泸州众大科技液压件有限公司,firm,2,泸州众大科技液压件有限公司,15
泸州,泸州医学院附属医院,hospital,2,泸州医学院附属医院,16
泸州,泸州大洲化工有限公司,firm,2,泸州大洲化工有限公司,17
泸州,程思明,individual,2,程思明,18
泸州,罗劲,individual,2,罗劲,19
泸州,赵明久,individual,2,赵明久,20
洛阳,河南科技大学,univ,245,河南科技大学,1
洛阳,中航光电科技股份有限公司,firm,126,中航光电科技股份有限公司,2
洛阳,洛阳轴研科技股份有限公司,firm,110,洛阳轴研科技股份有限公司,3
洛阳,中信重工机械股份有限公司,firm,74,中信重工机械股份有限公司,4
洛阳,中国船舶重工集团公司第七二五研究所,firm,73,中国船舶重工集团公司第七二五研究所,5
洛阳,中色科技股份有限公司,firm,61,中色科技股份有限公司,6
洛阳,中钢集团洛阳耐火材料研究院有限公司,firm,55,中钢集团洛阳耐火材料研究院有限公司,7
洛阳,中国航空工业集团公司洛阳电光设备研究所,firm,46,中国航空工业集团公司洛阳电光设备研究所,8
洛阳,何巨堂,individual,45,何巨堂,9
洛阳,中国空空导弹研究院,research,43,中国空空导弹研究院,10
洛阳,河南省电力公司洛阳供电公司,firm,43,河南省电力公司洛阳供电公司,11
洛阳,洛阳梓生科技开发有限公司,firm,38,洛阳梓生科技开发有限公司,12
洛阳,洛阳普莱柯生物工程有限公司,firm,37,洛阳普莱柯生物工程有限公司,13
洛阳,中国一拖集团有限公司,firm,34,中国一拖集团有限公司,14
洛阳,中铁隧道集团有限公司,firm,27,中铁隧道集团有限公司,15
洛阳,洛阳LYC轴承有限公司,firm,27,洛阳LYC轴承有限公司,16
洛阳,刘朝轩,individual,23,刘朝轩,17
洛阳,洛阳惠中兽药有限公司,firm,22,洛阳惠中兽药有限公司,18
洛阳,中国石化集团洛阳石油化工工程公司,firm,17,中国石化集团洛阳石油化工工程公司,19
洛阳,中铝洛阳铜业有限公司,firm,16,中铝洛阳铜业有限公司,20
济南,山东大学,univ,1232,山东大学,1
济南,浪潮电子信息产业股份有限公司,firm,313,浪潮电子信息产业股份有限公司,2
济南,济南大学,univ,259,济南大学,3
济南,山东轩竹医药科技有限公司,firm,146,山东轩竹医药科技有限公司,4
济南,莱芜钢铁股份有限公司,firm,133,莱芜钢铁股份有限公司,5
济南,山东建筑大学,univ,111,山东建筑大学,6
济南,山东轻工业学院,univ,106,山东轻工业学院,7
济南,济南开发区星火科学技术研究院,research,99,济南开发区星火科学技术研究院,8
济南,山东电力研究院,research,93,山东电力研究院,9
济南,浪潮集团山东通用软件有限公司,firm,89,浪潮集团山东通用软件有限公司,10
济南,候万春,individual,80,候万春,11
济南,富美科技有限公司,firm,77,富美科技有限公司,12
济南,中国移动通信集团山东有限公司,firm,73,中国移动通信集团山东有限公司,13
济南,浪潮齐鲁软件产业有限公司,firm,72,浪潮齐鲁软件产业有限公司,14
济南,山东浪潮齐鲁软件产业股份有限公司,firm,65,山东浪潮齐鲁软件产业股份有限公司,15
济南,九阳股份有限公司,firm,58,九阳股份有限公司,16
济南,曹莹莹,individual,58,曹莹莹,17
济南,莱芜钢铁集团有限公司,firm,57,莱芜钢铁集团有限公司,18
济南,山东交通学院,univ,56,山东交通学院,19
济南,朱惠芬,individual,52,朱惠芬,20
济宁,兖州煤业股份有限公司,firm,28,兖州煤业股份有限公司,1
济宁,王伟均,individual,18,王伟均,2
济宁,侯圣春,individual,16,侯圣春,3
济宁,兖矿集团有限公司,firm,16,兖矿集团有限公司,4
济宁,贺成功,individual,16,贺成功,5
济宁,山东博特精工股份有限公司,firm,12,山东博特精工股份有限公司,6
济宁,山东太阳纸业股份有限公司,firm,12,山东太阳纸业股份有限公司,7
济宁,山东鲁抗辰欣药业有限公司,firm,12,山东鲁抗辰欣药业有限公司,8
济宁,山东省科学院激光研究所,univ,11,山东省科学院激光研究所,9
济宁,曲阜师范大学,univ,11,曲阜师范大学,10
济宁,刘宪福,individual,10,刘宪福,11
济宁,孟凡英,individual,10,孟凡英,12
济宁,曲阜市东宏实业有限公司,firm,10,曲阜市东宏实业有限公司,13
济宁,菱花集团有限公司,firm,10,菱花集团有限公司,14
济宁,山东电力集团公司济宁供电公司,firm,9,山东电力集团公司济宁供电公司,15
济宁,唐志明,individual,8,唐志明,16
济宁,山东安能输送带橡胶有限公司,firm,8,山东安能输送带橡胶有限公司,17
济宁,济宁金百特工程机械有限公司,firm,8,济宁金百特工程机械有限公司,18
济宁,丁行,other,7,丁行,19
济宁,山东鲁抗立科药物化学有限公司,firm,7,山东鲁抗立科药物化学有限公司,20
济源,河南豫光金铅股份有限公司,firm,17,河南豫光金铅股份有限公司,1
济源,河南省电力公司济源供电公司,firm,9,河南省电力公司济源供电公司,2
济源,中原特钢股份有限公司,firm,7,中原特钢股份有限公司,3
济源,北京石晶光电科技股份有限公司济源分公司,firm,7,北京石晶光电科技股份有限公司济源分公司,4
济源,河南豫光锌业有限公司,firm,5,河南豫光锌业有限公司,5
济源,黄超,individual,5,黄超,6
济源,河南神龙石油钻具有限公司,firm,4,河南神龙石油钻具有限公司,7
济源,济源市贝迪地能中央空调设备有限公司,firm,4,济源市贝迪地能中央空调设备有限公司,8
济源,连德峰,individual,4,连德峰,9
济源,迪特克(济源)绿色生物科技有限公司,firm,4,迪特克(济源)绿色生物科技有限公司,10
济源,李界文,individual,3,李界文,11
济源,河南清水源科技股份有限公司,firm,3,河南清水源科技股份有限公司,12
济源,唐文胜,individual,2,唐文胜,13
济源,张全乐,individual,2,张全乐,14
济源,张晓群,individual,2,张晓群,15
济源,河南济源钢铁(集团)有限公司,firm,2,河南济源钢铁(集团)有限公司,16
济源,济源优克电子材料有限公司,firm,2,济源优克电子材料有限公司,17
济源,济源市万洋冶炼(集团)有限公司,firm,2,济源市万洋冶炼(集团)有限公司,18
济源,济源市更新瓷料有限公司,firm,2,济源市更新瓷料有限公司,19
济源,马刘陈,individual,2,马刘陈,20
海东,杨学青,other,4,杨学青,1
海东,韦军,individual,4,韦军,2
海东,平安鑫海资源开发有限公司,firm,2,平安鑫海资源开发有限公司,3
海东,林建智,individual,2,林建智,4
海东,韦守良,individual,2,韦守良,5
海东,加羊,individual,1,加羊,6
海东,朱永文,individual,1,朱永文,7
海东,青海林丰农牧机械制造有限公司,firm,1,青海林丰农牧机械制造有限公司,8
海东,马德明,individual,1,马德明,9
海南藏族自治州,青海青海湖生物科技发展有限公司,firm,2,青海青海湖生物科技发展有限公司,1
海南藏族自治州,旦巴颜排,individual,1,旦巴颜排,2
海南藏族自治州,贵德县贵德清酒业有限责任公司,firm,1,贵德县贵德清酒业有限责任公司,3
海南藏族自治州,赵宏魁,individual,1,赵宏魁,4
海南藏族自治州,青海省青海湖药业有限公司,firm,1,青海省青海湖药业有限公司,5
海口,海南大学,univ,96,海南大学,1
海口,中国热带农业科学院热带生物技术研究所,univ,54,中国热带农业科学院热带生物技术研究所,2
海口,海南美大制药有限公司,firm,47,海南美大制药有限公司,3
海口,海南京润珍珠生物技术股份有限公司,firm,37,海南京润珍珠生物技术股份有限公司,4
海口,王明,individual,36,王明,5
海口,陶灵刚,individual,36,陶灵刚,6
海口,王丽燕,individual,29,王丽燕,7
海口,李平,individual,28,李平,8
海口,海南美兰史克制药有限公司,firm,28,海南美兰史克制药有限公司,9
海口,海南正业中农高科股份有限公司,firm,22,海南正业中农高科股份有限公司,10
海口,海南永田药物研究院有限公司,firm,17,海南永田药物研究院有限公司,11
海口,刘全胜,individual,15,刘全胜,12
海口,海南数尔药物研究有限公司,firm,15,海南数尔药物研究有限公司,13
海口,海南本创医药科技有限公司,firm,15,海南本创医药科技有限公司,14
海口,海南碧凯药业有限公司,firm,15,海南碧凯药业有限公司,15
海口,海南亚元防伪技术研究所,research,14,海南亚元防伪技术研究所,16
海口,海南新中正制药有限公司,firm,14,海南新中正制药有限公司,17
海口,海口市制药厂有限公司,firm,13,海口市制药厂有限公司,18
海口,郝志艳,individual,13,郝志艳,19
海口,胡建荣,individual,12,胡建荣,20
海西蒙古族藏族自治州,青海中信国安科技发展有限公司,firm,3,青海中信国安科技发展有限公司,1
海西蒙古族藏族自治州,刘恒志,individual,2,刘恒志,2
海西蒙古族藏族自治州,青海盐湖工业集团股份有限公司,firm,2,青海盐湖工业集团股份有限公司,3
海西蒙古族藏族自治州,刘阳,individual,1,刘阳,4
海西蒙古族藏族自治州,孔为军,individual,1,孔为军,5
海西蒙古族藏族自治州,格尔木同兴盐化有限公司,firm,1,格尔木同兴盐化有限公司,6
海西蒙古族藏族自治州,田才让,individual,1,田才让,7
海西蒙古族藏族自治州,茫崖兴元钾肥有限责任公司,firm,1,茫崖兴元钾肥有限责任公司,8
海西蒙古族藏族自治州,贾永财,individual,1,贾永财,9
海西蒙古族藏族自治州,青海中航资源有限公司,firm,1,青海中航资源有限公司,10
海西蒙古族藏族自治州,青海碱业有限公司,firm,1,青海碱业有限公司,11
海西蒙古族藏族自治州,青海金锋实业有限公司,firm,1,青海金锋实业有限公司,12
海西蒙古族藏族自治州,高丽英,individual,1,高丽英,13
淄博,山东理工大学,univ,337,山东理工大学,1
淄博,山东东岳神舟新材料有限公司,firm,103,山东东岳神舟新材料有限公司,2
淄博,中国石油化工股份有限公司,firm,65,中国石油化工股份有限公司,3
淄博,宋爱民,individual,50,宋爱民,4
淄博,淄博高新区联创科技服务中心,other,45,淄博高新区联创科技服务中心,5
淄博,陈久斌,individual,34,陈久斌,6
淄博,山东超瑞施生物磁学工程技术研究中心,research,32,山东超瑞施生物磁学工程技术研究中心,7
淄博,山东东大一诺威聚氨酯有限公司,firm,30,山东东大一诺威聚氨酯有限公司,8
淄博,山东东岳高分子材料有限公司,firm,30,山东东岳高分子材料有限公司,9
淄博,山东新华制药股份有限公司,firm,29,山东新华制药股份有限公司,10
淄博,淄博兰雁集团有限责任公司,firm,26,淄博兰雁集团有限责任公司,11
淄博,山东新华医疗器械股份有限公司,firm,24,山东新华医疗器械股份有限公司,12
淄博,张红霞,individual,22,张红霞,13
淄博,鲁泰纺织股份有限公司,firm,19,鲁泰纺织股份有限公司,14
淄博,山东淄博新达制药有限公司,firm,18,山东淄博新达制药有限公司,15
淄博,崔霖,individual,17,崔霖,16
淄博,山东申普汽车控制技术有限公司,firm,16,山东申普汽车控制技术有限公司,17
淄博,山东省药用玻璃股份有限公司,firm,15,山东省药用玻璃股份有限公司,18
淄博,淄博中轩生化有限公司,firm,15,淄博中轩生化有限公司,19
淄博,中材高新材料股份有限公司,firm,14,中材高新材料股份有限公司,20
淮北,冯世英,individual,38,冯世英,1
淮北,冯政,individual,10,冯政,2
淮北,安徽宝迪肉类食品有限公司,firm,10,安徽宝迪肉类食品有限公司,3
淮北,淮北煤炭师范学院,univ,9,淮北煤炭师范学院,4
淮北,淮北中润生物能源技术开发有限公司,firm,7,淮北中润生物能源技术开发有限公司,5
淮北,朱松峰,individual,5,朱松峰,6
淮北,淮北高罗输送装备有限公司,firm,5,淮北高罗输送装备有限公司,7
淮北,孙晋欣,individual,4,孙晋欣,8
淮北,安徽省电力公司淮北供电公司,firm,4,安徽省电力公司淮北供电公司,9
淮北,淮北市协力重型机器有限责任公司,firm,4,淮北市协力重型机器有限责任公司,10
淮北,孙明芹,individual,3,孙明芹,11
淮北,安徽中意胶带有限责任公司,firm,3,安徽中意胶带有限责任公司,12
淮北,安徽理士电池技术有限公司,firm,3,安徽理士电池技术有限公司,13
淮北,屈凤星,individual,3,屈凤星,14
淮北,成善民,individual,3,成善民,15
淮北,李明远,individual,3,李明远,16
淮北,李晓秋,individual,3,李晓秋,17
淮北,淮北钛钴新金属有限公司,firm,3,淮北钛钴新金属有限公司,18
淮北,王恒,individual,3,王恒,19
淮北,赵龙山,individual,3,赵龙山,20
淮南,淮南矿业(集团)有限责任公司,firm,87,淮南矿业(集团)有限责任公司,1
淮南,安徽理工大学,univ,33,安徽理工大学,2
淮南,张春平,individual,22,张春平,3
淮南,安徽淮化股份有限公司,firm,19,安徽淮化股份有限公司,4
淮南,淮南润成科技有限公司,firm,17,淮南润成科技有限公司,5
淮南,夏凤义,individual,7,夏凤义,6
淮南,中国电子科技集团公司第八研究所,firm,6,中国电子科技集团公司第八研究所,7
淮南,平安煤矿瓦斯治理国家工程研究中心有限责任公司,firm,6,平安煤矿瓦斯治理国家工程研究中心有限责任公司,8
淮南,淮南师范学院,univ,6,淮南师范学院,9
淮南,安徽山河药用辅料股份有限公司,firm,5,安徽山河药用辅料股份有限公司,10
淮南,淮南市华生鑫印刷包装机械有限公司,firm,5,淮南市华生鑫印刷包装机械有限公司,11
淮南,淮南舜立机械有限责任公司,firm,5,淮南舜立机械有限责任公司,12
淮南,薛爱民,individual,5,薛爱民,13
淮南,安徽省电力公司淮南供电公司,firm,4,安徽省电力公司淮南供电公司,14
淮南,安徽中兴华汉机械有限公司,firm,3,安徽中兴华汉机械有限公司,15
淮南,安徽淮河化工股份有限公司,firm,3,安徽淮河化工股份有限公司,16
淮南,杜江,individual,3,杜江,17
淮南,淮南市通霸蓄电池有限公司,firm,3,淮南市通霸蓄电池有限公司,18
淮南,煤矿瓦斯治理国家工程研究中心,firm,3,煤矿瓦斯治理国家工程研究中心,19
淮南,中国化学工程第三建设有限公司,firm,2,中国化学工程第三建设有限公司,20
淮安,淮阴工学院,univ,110,淮阴工学院,1
淮安,许庆华,individual,94,许庆华,2
淮安,淮阴师范学院,univ,40,淮阴师范学院,3
淮安,杨青,individual,36,杨青,4
淮安,韦星野,individual,29,韦星野,5
淮安,许盛英,individual,28,许盛英,6
淮安,韦加伟,individual,23,韦加伟,7
淮安,凌怀宇,individual,21,凌怀宇,8
淮安,江苏理士电池有限公司,firm,21,江苏理士电池有限公司,9
淮安,贾剑,individual,20,贾剑,10
淮安,蒋文兰,individual,19,蒋文兰,11
淮安,江苏点金石凹土研究开发有限公司,firm,14,江苏点金石凹土研究开发有限公司,12
淮安,宏恒胜电子科技(淮安)有限公司,firm,13,宏恒胜电子科技(淮安)有限公司,13
淮安,徐金兰,individual,12,徐金兰,14
淮安,解云,individual,12,解云,15
淮安,盱眙县科源新材料厂,firm,11,盱眙县科源新材料厂,16
淮安,江苏沙钢集团淮钢特钢有限公司,firm,10,江苏沙钢集团淮钢特钢有限公司,17
淮安,淮安万邦香料工业有限公司,firm,10,淮安万邦香料工业有限公司,18
淮安,贾维珍,individual,10,贾维珍,19
淮安,韦斌,individual,10,韦斌,20
深圳,中兴通讯股份有限公司,firm,15486,中兴通讯股份有限公司,1
深圳,华为技术有限公司,firm,9186,华为技术有限公司,2
深圳,鸿富锦精密工业(深圳)有限公司,firm,6969,鸿富锦精密工业(深圳)有限公司,3
深圳,比亚迪股份有限公司,firm,1702,比亚迪股份有限公司,4
深圳,深圳富泰宏精密工业有限公司,firm,1535,深圳富泰宏精密工业有限公司,5
深圳,海洋王照明科技股份有限公司,firm,1439,海洋王照明科技股份有限公司,6
深圳,深圳华为通信技术有限公司,firm,1083,深圳华为通信技术有限公司,7
深圳,腾讯科技(深圳)有限公司,firm,1003,腾讯科技(深圳)有限公司,8
深圳,华为终端有限公司,firm,965,华为终端有限公司,9
深圳,康佳集团股份有限公司,firm,852,康佳集团股份有限公司,10
深圳,宇龙计算机通信科技(深圳)有限公司,firm,810,宇龙计算机通信科技(深圳)有限公司,11
深圳,富准精密工业(深圳)有限公司,firm,666,富准精密工业(深圳)有限公司,12
深圳,金蝶软件(中国)有限公司,firm,510,金蝶软件(中国)有限公司,13
深圳,深圳市同洲电子股份有限公司,firm,412,深圳市同洲电子股份有限公司,14
深圳,深圳TCL新技术有限公司,firm,306,深圳TCL新技术有限公司,15
深圳,深圳创维RGB电子有限公司,firm,298,深圳创维RGB电子有限公司,16
深圳,深圳诺普信农化股份有限公司,firm,298,深圳诺普信农化股份有限公司,17
深圳,群康科技(深圳)有限公司,firm,292,群康科技(深圳)有限公司,18
深圳,晨星软件研发(深圳)有限公司,firm,276,晨星软件研发(深圳)有限公司,19
深圳,富泰华工业(深圳)有限公司,firm,257,富泰华工业(深圳)有限公司,20
清远,练其辉,individual,11,练其辉,1
清远,广东先导稀有材料股份有限公司,firm,5,广东先导稀有材料股份有限公司,2
清远,朱成祥,individual,5,朱成祥,3
清远,约克广州空调冷冻设备有限公司,firm,5,约克广州空调冷冻设备有限公司,4
清远,清远市佳的美电子科技有限公司,firm,4,清远市佳的美电子科技有限公司,5
清远,清远市灵捷制造化工有限公司,firm,4,清远市灵捷制造化工有限公司,6
清远,蔡海华,individual,4,蔡海华,7
清远,丽珠集团新北江制药股份有限公司,firm,3,丽珠集团新北江制药股份有限公司,8
清远,清远先导稀有材料有限公司,firm,3,清远先导稀有材料有限公司,9
清远,清远市建巢工业设计有限公司,firm,3,清远市建巢工业设计有限公司,10
清远,先导(清远)稀有金属化工有限公司,firm,2,先导(清远)稀有金属化工有限公司,11
清远,吕敬桥,individual,2,吕敬桥,12
清远,孔水友,individual,2,孔水友,13
清远,广东聚石化学股份有限公司,firm,2,广东聚石化学股份有限公司,14
清远,日丰(清远)电子有限公司,firm,2,日丰(清远)电子有限公司,15
清远,清远嘉博制药有限公司,firm,2,清远嘉博制药有限公司,16
清远,清远容大生物工程有限公司,firm,2,清远容大生物工程有限公司,17
清远,清远海贝生物技术有限公司,firm,2,清远海贝生物技术有限公司,18
清远,英德佳纳金属科技有限公司,firm,2,英德佳纳金属科技有限公司,19
清远,英德市奥胜新材料有限责任公司,firm,2,英德市奥胜新材料有限责任公司,20
温州,温州医学院,univ,120,温州医学院,1
温州,温州大学,univ,111,温州大学,2
温州,吴声震,individual,50,吴声震,3
温州,朱奎,individual,46,朱奎,4
温州,朱祚睿,individual,36,朱祚睿,5
温州,黄华道,individual,29,黄华道,6
温州,郑文秀,individual,28,郑文秀,7
温州,陈仁多,individual,24,陈仁多,8
温州,余哲锐,individual,23,余哲锐,9
温州,温州宏丰电工合金有限公司,firm,23,温州宏丰电工合金有限公司,10
温州,王建友,individual,23,王建友,11
温州,何伟斌,individual,20,何伟斌,12
温州,浙江正泰电器股份有限公司,firm,20,浙江正泰电器股份有限公司,13
温州,温州医学院眼视光研究院,univ,20,温州医学院眼视光研究院,14
温州,邹建仁,individual,20,邹建仁,15
温州,张繁荣,individual,19,张繁荣,16
温州,张文权,individual,18,张文权,17
温州,瑞立集团瑞安汽车零部件有限公司,firm,17,瑞立集团瑞安汽车零部件有限公司,18
温州,福达合金材料股份有限公司,firm,17,福达合金材料股份有限公司,19
温州,王军,individual,15,王军,20
渭南,张少武,individual,81,张少武,1
渭南,陕西韦尔奇作物保护有限公司,firm,43,陕西韦尔奇作物保护有限公司,2
渭南,陕西汤普森生物科技有限公司,firm,41,陕西汤普森生物科技有限公司,3
渭南,陕西蒲城县美邦农药有限责任公司,firm,23,陕西蒲城县美邦农药有限责任公司,4
渭南,陕西美邦农药有限公司,firm,11,陕西美邦农药有限公司,5
渭南,陕西北人印刷机械有限责任公司,firm,10,陕西北人印刷机械有限责任公司,6
渭南,中冶陕压重工设备有限公司,firm,5,中冶陕压重工设备有限公司,7
渭南,陕西恒田化工有限公司,firm,5,陕西恒田化工有限公司,8
渭南,刘天保,individual,4,刘天保,9
渭南,许朝辉,individual,4,许朝辉,10
渭南,韩城市金太阳花椒油脂药料有限责任公司,firm,4,韩城市金太阳花椒油脂药料有限责任公司,11
渭南,颜平安,individual,4,颜平安,12
渭南,颜平德,individual,4,颜平德,13
渭南,丁奇,individual,3,丁奇,14
渭南,何社明,other,3,何社明,15
渭南,刘增民,individual,3,刘增民,16
渭南,姚建国,individual,3,姚建国,17
渭南,梁长安,individual,3,梁长安,18
渭南,王秋绒,individual,3,王秋绒,19
渭南,任稳,individual,2,任稳,20
湖州,湖州来色生物基因工程有限公司,firm,48,湖州来色生物基因工程有限公司,1
湖州,董根荣,individual,34,董根荣,2
湖州,浙江世佳科技有限公司,firm,27,浙江世佳科技有限公司,3
湖州,沈新荣,individual,22,沈新荣,4
湖州,浙江升华拜克生物股份有限公司,firm,22,浙江升华拜克生物股份有限公司,5
湖州,永大自行车料(湖州)有限公司,firm,20,永大自行车料(湖州)有限公司,6
湖州,浙江世友木业有限公司,firm,20,浙江世友木业有限公司,7
湖州,超威电源有限公司,firm,19,超威电源有限公司,8
湖州,微宏动力系统(湖州)有限公司,firm,17,微宏动力系统(湖州)有限公司,9
湖州,德华兔宝宝装饰新材股份有限公司,firm,17,德华兔宝宝装饰新材股份有限公司,10
湖州,董金奎,individual,17,董金奎,11
湖州,浙江省淡水水产研究所,research,16,浙江省淡水水产研究所,12
湖州,陈义忠,individual,16,陈义忠,13
湖州,湖州太箭照明有限公司,firm,15,湖州太箭照明有限公司,14
湖州,湖州电力局,other,15,湖州电力局,15
湖州,钱尧翎,individual,15,钱尧翎,16
湖州,湖州机床厂有限公司,firm,14,湖州机床厂有限公司,17
湖州,钱俊,individual,14,钱俊,18
湖州,王中好,other,13,王中好,19
湖州,章体,individual,13,章体,20
湘潭,湘潭大学,univ,169,湘潭大学,1
湘潭,湖南科技大学,univ,69,湖南科技大学,2
湘潭,湘潭电机股份有限公司,firm,33,湘潭电机股份有限公司,3
湘潭,湖南华菱湘潭钢铁有限公司,firm,24,湖南华菱湘潭钢铁有限公司,4
湘潭,湘电风能有限公司,firm,24,湘电风能有限公司,5
湘潭,江南机器(集团)有限公司,firm,23,江南机器(集团)有限公司,6
湘潭,迅达科技集团股份有限公司,firm,15,迅达科技集团股份有限公司,7
湘潭,湖南工程学院,univ,13,湖南工程学院,8
湘潭,肖公平,other,13,肖公平,9
湘潭,湘潭平安电气有限公司,firm,11,湘潭平安电气有限公司,10
湘潭,糜鹤云,individual,9,糜鹤云,11
湘潭,江麓机电科技有限公司,firm,8,江麓机电科技有限公司,12
湘潭,湖南天利恩泽太阳能科技有限公司,firm,8,湖南天利恩泽太阳能科技有限公司,13
湘潭,湖南恒润高科有限公司,firm,7,湖南恒润高科有限公司,14
湘潭,湖南玉丰真空科学技术有限公司,firm,7,湖南玉丰真空科学技术有限公司,15
湘潭,钟汉光,individual,7,钟汉光,16
湘潭,湖南振辉管业有限公司,firm,6,湖南振辉管业有限公司,17
湘潭,湘电集团有限公司,firm,6,湘电集团有限公司,18
湘潭,王辉,individual,6,王辉,19
湘潭,刘蒙榕,individual,5,刘蒙榕,20
湘西土家族苗族自治州,吉首大学,univ,19,吉首大学,1
湘西土家族苗族自治州,湘西自治州兴湘科技开发有限责任公司,firm,7,湘西自治州兴湘科技开发有限责任公司,2
湘西土家族苗族自治州,湖南老爹农业科技开发股份有限公司,firm,6,湖南老爹农业科技开发股份有限公司,3
湘西土家族苗族自治州,花垣县强桦矿业有限责任公司,firm,6,花垣县强桦矿业有限责任公司,4
湘西土家族苗族自治州,湘西自治州矿产与新材料技术创新服务中心,firm,5,湘西自治州矿产与新材料技术创新服务中心,5
湘西土家族苗族自治州,肖峰,individual,4,肖峰,6
湘西土家族苗族自治州,花垣恒远植物生化有限责任公司,firm,4,花垣恒远植物生化有限责任公司,7
湘西土家族苗族自治州,保靖友丰锰业有限责任公司,firm,3,保靖友丰锰业有限责任公司,8
湘西土家族苗族自治州,向昌荣,individual,3,向昌荣,9
湘西土家族苗族自治州,吴言发,individual,3,吴言发,10
湘西土家族苗族自治州,熊烈,individual,3,熊烈,11
湘西土家族苗族自治州,郑廷佩,individual,3,郑廷佩,12
湘西土家族苗族自治州,五矿(湖南)铁合金有限责任公司,firm,2,五矿(湖南)铁合金有限责任公司,13
湘西土家族苗族自治州,刘鹏程,individual,2,刘鹏程,14
湘西土家族苗族自治州,吴启明,individual,2,吴启明,15
湘西土家族苗族自治州,周一波,individual,2,周一波,16
湘西土家族苗族自治州,姚贤章,individual,2,姚贤章,17
湘西土家族苗族自治州,湖南湘泉制药有限公司,firm,2,湖南湘泉制药有限公司,18
湘西土家族苗族自治州,湘西自治州奥瑞克医药化工有限责任公司,firm,2,湘西自治州奥瑞克医药化工有限责任公司,19
湘西土家族苗族自治州,何兴兵,individual,1,何兴兵,20
湛江,广东海洋大学,univ,224,广东海洋大学,1
湛江,中国热带农业科学院农产品加工研究所,univ,33,中国热带农业科学院农产品加工研究所,2
湛江,洪涛,individual,25,洪涛,3
湛江,中国热带农业科学院南亚热带作物研究所,univ,21,中国热带农业科学院南亚热带作物研究所,4
湛江,广东医学院,univ,15,广东医学院,5
湛江,张英华,individual,15,张英华,6
湛江,湛江师范学院,univ,14,湛江师范学院,7
湛江,广东恒兴集团有限公司,firm,11,广东恒兴集团有限公司,8
湛江,冯建光,individual,9,冯建光,9
湛江,湛江胜浪海洋捕捞研究所,research,9,湛江胜浪海洋捕捞研究所,10
湛江,湛江包装材料企业有限公司,firm,8,湛江包装材料企业有限公司,11
湛江,莫以贤,individual,8,莫以贤,12
湛江,刘海云,individual,7,刘海云,13
湛江,周小萍,individual,7,周小萍,14
湛江,林荣恒,individual,7,林荣恒,15
湛江,中国热带农业科学院农业机械研究所,univ,6,中国热带农业科学院农业机械研究所,16
湛江,薛晓宁,individual,5,薛晓宁,17
湛江,广东粤海饲料集团有限公司,firm,4,广东粤海饲料集团有限公司,18
湛江,湛江市聚鑫新能源有限公司,firm,4,湛江市聚鑫新能源有限公司,19
湛江,湛江恒兴特种饲料有限公司,firm,4,湛江恒兴特种饲料有限公司,20
滁州,博西华家用电器有限公司,firm,77,博西华家用电器有限公司,1
滁州,许修武,individual,19,许修武,2
滁州,赵宽,individual,16,赵宽,3
滁州,万金林,individual,15,万金林,4
滁州,安徽皖东化工有限公司,firm,6,安徽皖东化工有限公司,5
滁州,滁州友林科技发展有限公司,firm,6,滁州友林科技发展有限公司,6
滁州,滁州君越高分子新材料有限公司,firm,6,滁州君越高分子新材料有限公司,7
滁州,滁州扬子必威中央空调有限公司,firm,6,滁州扬子必威中央空调有限公司,8
滁州,安徽省实防新型玻璃科技有限公司,firm,5,安徽省实防新型玻璃科技有限公司,9
滁州,明光市浩淼消防科技发展有限公司,firm,5,明光市浩淼消防科技发展有限公司,10
滁州,颜群,individual,5,颜群,11
滁州,中国扬子集团滁州扬子空调器有限公司,firm,4,中国扬子集团滁州扬子空调器有限公司,12
滁州,安徽康佳同创电器有限公司,firm,4,安徽康佳同创电器有限公司,13
滁州,安徽省凤阳染料化工有限公司,firm,4,安徽省凤阳染料化工有限公司,14
滁州,滁州扬子木业有限公司,firm,4,滁州扬子木业有限公司,15
滁州,王学林,other,4,王学林,16
滁州,韦博夫,individual,4,韦博夫,17
滁州,安徽省天马泵阀集团有限公司,firm,3,安徽省天马泵阀集团有限公司,18
滁州,安徽省尚美精密机械科技有限公司,firm,3,安徽省尚美精密机械科技有限公司,19
滁州,安徽省电力公司滁州供电公司,firm,3,安徽省电力公司滁州供电公司,20
滨州,华纺股份有限公司,firm,19,华纺股份有限公司,1
滨州,山东京博控股发展有限公司,firm,19,山东京博控股发展有限公司,2
滨州,山东滨州亚光毛巾有限公司,firm,15,山东滨州亚光毛巾有限公司,3
滨州,西王集团有限公司,firm,15,西王集团有限公司,4
滨州,邹平金刚新材料有限公司,firm,13,邹平金刚新材料有限公司,5
滨州,刘景斌,individual,12,刘景斌,6
滨州,滨州学院,univ,12,滨州学院,7
滨州,孙立华,individual,11,孙立华,8
滨州,山东滨州渤海活塞股份有限公司,firm,10,山东滨州渤海活塞股份有限公司,9
滨州,愉悦家纺有限公司,firm,9,愉悦家纺有限公司,10
滨州,陈建波,individual,9,陈建波,11
滨州,山东三星玉米产业科技有限公司,firm,8,山东三星玉米产业科技有限公司,12
滨州,路佃俊,individual,8,路佃俊,13
滨州,孙立民,individual,7,孙立民,14
滨州,山东滨农科技有限公司,firm,7,山东滨农科技有限公司,15
滨州,孙莉,individual,6,孙莉,16
滨州,山东方兴科技开发有限公司,firm,6,山东方兴科技开发有限公司,17
滨州,山东电力集团公司滨州供电公司,firm,6,山东电力集团公司滨州供电公司,18
滨州,山东美罗福农化有限公司,firm,6,山东美罗福农化有限公司,19
滨州,山东铁雄能源煤化有限公司,firm,6,山东铁雄能源煤化有限公司,20
漯河,世林(漯河)冶金设备有限公司,firm,18,世林(漯河)冶金设备有限公司,1
漯河,际华三五一五皮革皮鞋有限公司,firm,12,际华三五一五皮革皮鞋有限公司,2
漯河,河南中原轧辊有限公司,firm,6,河南中原轧辊有限公司,3
漯河,关喜才,individual,4,关喜才,4
漯河,河南双汇投资发展股份有限公司,firm,4,河南双汇投资发展股份有限公司,5
漯河,河南省南街村(集团)有限公司,firm,4,河南省南街村(集团)有限公司,6
漯河,河南省电力公司漯河供电公司,firm,4,河南省电力公司漯河供电公司,7
漯河,漯河市利通橡胶有限公司,firm,4,漯河市利通橡胶有限公司,8
漯河,漯河科莱堡洁具配件有限公司,firm,3,漯河科莱堡洁具配件有限公司,9
漯河,赵淑玲,individual,3,赵淑玲,10
漯河,赵秀卿,individual,3,赵秀卿,11
漯河,宋安林,individual,2,宋安林,12
漯河,杨中发,other,2,杨中发,13
漯河,楚向前,individual,2,楚向前,14
漯河,河南中大生物工程有限公司,firm,2,河南中大生物工程有限公司,15
漯河,河南天纳图生物科技有限公司,firm,2,河南天纳图生物科技有限公司,16
漯河,漯河市兴茂钛业有限公司,firm,2,漯河市兴茂钛业有限公司,17
漯河,漯河市景恒冶金机械有限公司,firm,2,漯河市景恒冶金机械有限公司,18
漯河,漯河市罗孚文具制造有限公司,firm,2,漯河市罗孚文具制造有限公司,19
漯河,王许,individual,2,王许,20
漳州,卢能才,individual,18,卢能才,1
漳州,漳州万利达光催化科技有限公司,firm,17,漳州万利达光催化科技有限公司,2
漳州,福建南海食品有限公司,firm,13,福建南海食品有限公司,3
漳州,漳州灿坤实业有限公司,firm,12,漳州灿坤实业有限公司,4
漳州,漳州片仔癀药业股份有限公司,firm,9,漳州片仔癀药业股份有限公司,5
漳州,漳州国绿太阳能科技有限公司,firm,8,漳州国绿太阳能科技有限公司,6
漳州,福建龙溪轴承(集团)股份有限公司,firm,8,福建龙溪轴承(集团)股份有限公司,7
漳州,胡枝清,individual,8,胡枝清,8
漳州,黄得锋,individual,8,黄得锋,9
漳州,余章军,individual,7,余章军,10
漳州,漳州市麒麟电子有限公司,firm,7,漳州市麒麟电子有限公司,11
漳州,福建富顺电子有限公司,firm,7,福建富顺电子有限公司,12
漳州,福建省东山县海魁水产集团有限公司,firm,6,福建省东山县海魁水产集团有限公司,13
漳州,翁文桂,individual,6,翁文桂,14
漳州,杨锟,individual,5,杨锟,15
漳州,福建凯景钢铁开发有限公司,firm,5,福建凯景钢铁开发有限公司,16
漳州,龙海市奈特化工有限责任公司,firm,5,龙海市奈特化工有限责任公司,17
漳州,三实电器(漳州)有限公司,firm,4,三实电器(漳州)有限公司,18
漳州,周泽生,individual,4,周泽生,19
漳州,大闽食品(漳州)有限公司,firm,4,大闽食品(漳州)有限公司,20
潍坊,歌尔声学股份有限公司,firm,54,歌尔声学股份有限公司,1
潍坊,山东海龙股份有限公司,firm,49,山东海龙股份有限公司,2
潍坊,福田雷沃国际重工股份有限公司,firm,29,福田雷沃国际重工股份有限公司,3
潍坊,潍柴动力股份有限公司,firm,28,潍柴动力股份有限公司,4
潍坊,诸城市中泰机械有限公司,firm,23,诸城市中泰机械有限公司,5
潍坊,孚日集团股份有限公司,firm,19,孚日集团股份有限公司,6
潍坊,董宜昌,individual,17,董宜昌,7
潍坊,薛文伟,individual,17,薛文伟,8
潍坊,寿光市康跃增压器有限公司,firm,15,寿光市康跃增压器有限公司,9
潍坊,山东梦金园珠宝首饰有限公司,firm,15,山东梦金园珠宝首饰有限公司,10
潍坊,山东美晨科技股份有限公司,firm,14,山东美晨科技股份有限公司,11
潍坊,山东俊富非织造材料有限公司,firm,13,山东俊富非织造材料有限公司,12
潍坊,李祥啟,individual,13,李祥啟,13
潍坊,山东潍坊福田模具有限责任公司,firm,12,山东潍坊福田模具有限责任公司,14
潍坊,李昊,individual,12,李昊,15
潍坊,潍坊学院,univ,12,潍坊学院,16
潍坊,山东佳士博食品有限公司,firm,11,山东佳士博食品有限公司,17
潍坊,得利斯集团有限公司,firm,11,得利斯集团有限公司,18
潍坊,王光顺,individual,10,王光顺,19
潍坊,诸城市大业金属制品有限责任公司,firm,10,诸城市大业金属制品有限责任公司,20
潜江,湖北省天胶化工有限公司,firm,7,湖北省天胶化工有限公司,1
潜江,潜江市利荣红透天水产实业有限公司,firm,7,潜江市利荣红透天水产实业有限公司,2
潜江,郭长安,individual,5,郭长安,3
潜江,郭惟,individual,4,郭惟,4
潜江,中国石化江汉油田分公司江汉采油厂,firm,2,中国石化江汉油田分公司江汉采油厂,5
潜江,汪昌瑞,individual,2,汪昌瑞,6
潜江,湖北天进工贸有限公司,firm,2,湖北天进工贸有限公司,7
潜江,潜江市知识产权协会,other,2,潜江市知识产权协会,8
潜江,王丙军,individual,2,王丙军,9
潜江,邱氏湖北节能建材高新技术开发有限公司,firm,2,邱氏湖北节能建材高新技术开发有限公司,10
潜江,乔永成,individual,1,乔永成,11
潜江,刘思佳,individual,1,刘思佳,12
潜江,叶江波,individual,1,叶江波,13
潜江,吴家兵,individual,1,吴家兵,14
潜江,周学海,other,1,周学海,15
潜江,唐建宇,individual,1,唐建宇,16
潜江,姚良新,individual,1,姚良新,17
潜江,廖昌文,individual,1,廖昌文,18
潜江,李宏,individual,1,李宏,19
潜江,李必华,individual,1,李必华,20
潮州,韩山师范学院,univ,13,韩山师范学院,1
潮州,广东宏兴集团股份有限公司宏兴制药厂,firm,7,广东宏兴集团股份有限公司宏兴制药厂,2
潮州,潮州市三江电子有限公司,firm,7,潮州市三江电子有限公司,3
潮州,臧乘誉,individual,7,臧乘誉,4
潮州,潮州三环(集团)股份有限公司,firm,6,潮州三环(集团)股份有限公司,5
潮州,广东四通集团有限公司,firm,5,广东四通集团有限公司,6
潮州,卢锡义,individual,4,卢锡义,7
潮州,邱凤阳,individual,4,邱凤阳,8
潮州,陈森全,individual,4,陈森全,9
潮州,余炳顺,individual,3,余炳顺,10
潮州,吴焕清,individual,3,吴焕清,11
潮州,广东长城集团股份有限公司,firm,3,广东长城集团股份有限公司,12
潮州,潮州市晨歌电光源有限公司,firm,3,潮州市晨歌电光源有限公司,13
潮州,潮州正龙电池工业有限公司,firm,3,潮州正龙电池工业有限公司,14
潮州,谢伟藩,individual,3,谢伟藩,15
潮州,陆奕歆,individual,3,陆奕歆,16
潮州,陈旭江,individual,3,陈旭江,17
潮州,陈树喜,individual,3,陈树喜,18
潮州,高鞫,individual,3,高鞫,19
潮州,伟业陶瓷有限公司,firm,2,伟业陶瓷有限公司,20
澄迈县,海南利蒙特生物农药有限公司,firm,2,海南利蒙特生物农药有限公司,1
澄迈县,柯和昌,individual,1,柯和昌,2
澄迈县,王廷标,individual,1,王廷标,3
澳门特别行政区,澳门科技大学,univ,6,澳门科技大学,1
澳门特别行政区,谭国梁,individual,6,谭国梁,2
澳门特别行政区,澳门大学,univ,5,澳门大学,3
澳门特别行政区,谢庆,individual,3,谢庆,4
澳门特别行政区,陈嘉贤,individual,3,陈嘉贤,5
澳门特别行政区,中部树脂化工有限公司,firm,2,中部树脂化工有限公司,6
澳门特别行政区,梁冠华,individual,2,梁冠华,7
澳门特别行政区,澳门理工学院,univ,2,澳门理工学院,8
澳门特别行政区,百富(澳门离岸商业服务)有限公司,firm,2,百富(澳门离岸商业服务)有限公司,9
澳门特别行政区,康怡科技药业制造厂,firm,1,康怡科技药业制造厂,10
澳门特别行政区,李社远,other,1,李社远,11
澳门特别行政区,爱儿宝玩具有限公司,firm,1,爱儿宝玩具有限公司,12
澳门特别行政区,范彩云,individual,1,范彩云,13
澳门特别行政区,谭雪莹,individual,1,谭雪莹,14
澳门特别行政区,郑梁凯慈,individual,1,郑梁凯慈,15
澳门特别行政区,黄似兰,individual,1,黄似兰,16
濮阳,河南省电力公司濮阳供电公司,firm,21,河南省电力公司濮阳供电公司,1
濮阳,濮阳贝英数控机械设备有限公司,firm,15,濮阳贝英数控机械设备有限公司,2
濮阳,王凤蕊,individual,11,王凤蕊,3
濮阳,上海华中药业有限公司,firm,10,上海华中药业有限公司,4
濮阳,濮阳濮耐高温材料(集团)股份有限公司,firm,10,濮阳濮耐高温材料(集团)股份有限公司,5
濮阳,翟庆军,individual,10,翟庆军,6
濮阳,河南省长城特种润滑脂有限公司,firm,9,河南省长城特种润滑脂有限公司,7
濮阳,濮阳市亚利机械制造有限公司,firm,9,濮阳市亚利机械制造有限公司,8
濮阳,宏业生化股份有限公司,firm,8,宏业生化股份有限公司,9
濮阳,濮阳市天地人环保工程技术有限公司,firm,8,濮阳市天地人环保工程技术有限公司,10
濮阳,河南宏业化工有限公司,firm,7,河南宏业化工有限公司,11
濮阳,濮阳市信宇石油机械化工有限公司,firm,7,濮阳市信宇石油机械化工有限公司,12
濮阳,濮阳蔚林化工股份有限公司,firm,7,濮阳蔚林化工股份有限公司,13
濮阳,王世锋,individual,7,王世锋,14
濮阳,河南巨烽生物能源开发有限公司,firm,6,河南巨烽生物能源开发有限公司,15
濮阳,濮阳市诚信钻采助剂有限公司,firm,6,濮阳市诚信钻采助剂有限公司,16
濮阳,濮阳惠成化工有限公司,firm,6,濮阳惠成化工有限公司,17
濮阳,濮阳泓天威药业有限公司,firm,6,濮阳泓天威药业有限公司,18
濮阳,曹志才,individual,5,曹志才,19
濮阳,河南省中原大化集团有限责任公司,firm,5,河南省中原大化集团有限责任公司,20
烟台,李新民,individual,94,李新民,1
烟台,招远市天星塑料制品厂,firm,89,招远市天星塑料制品厂,2
烟台,鲁东大学,univ,79,鲁东大学,3
烟台,温永林,individual,68,温永林,4
烟台,招远市鑫都标准件厂,firm,62,招远市鑫都标准件厂,5
烟台,烟台海岸带可持续发展研究所,research,50,烟台海岸带可持续发展研究所,6
烟台,烟台大学,univ,47,烟台大学,7
烟台,李建远,individual,40,李建远,8
烟台,宋树建,individual,39,宋树建,9
烟台,烟台龙源电力技术股份有限公司,firm,35,烟台龙源电力技术股份有限公司,10
烟台,烟台万华聚氨酯股份有限公司,firm,34,烟台万华聚氨酯股份有限公司,11
烟台,冯益安,individual,28,冯益安,12
烟台,烟台德邦科技有限公司,firm,28,烟台德邦科技有限公司,13
烟台,烟台金王礼品有限公司,firm,27,烟台金王礼品有限公司,14
烟台,肖建选,individual,27,肖建选,15
烟台,烟台金王科贸有限公司,firm,26,烟台金王科贸有限公司,16
烟台,中国人民解放军海军航空工程学院,univ,24,中国人民解放军海军航空工程学院,17
烟台,中国科学院烟台海岸带研究所,univ,24,中国科学院烟台海岸带研究所,18
烟台,山东丽鹏股份有限公司,firm,23,山东丽鹏股份有限公司,19
烟台,刘方旭,individual,22,刘方旭,20
焦作,河南理工大学,univ,165,河南理工大学,1
焦作,河南省电力公司焦作供电公司,firm,33,河南省电力公司焦作供电公司,2
焦作,多氟多化工股份有限公司,firm,29,多氟多化工股份有限公司,3
焦作,河南未来铝业(集团)有限公司,firm,24,河南未来铝业(集团)有限公司,4
焦作,孟州世博生物科技有限公司,firm,17,孟州世博生物科技有限公司,5
焦作,河南省中原内配股份有限公司,firm,16,河南省中原内配股份有限公司,6
焦作,焦作市卓立烫印材料有限公司,firm,15,焦作市卓立烫印材料有限公司,7
焦作,焦作市怡园冷食有限公司,firm,15,焦作市怡园冷食有限公司,8
焦作,邓振全,individual,15,邓振全,9
焦作,宋恒福,individual,14,宋恒福,10
焦作,河南佰利联化学股份有限公司,firm,12,河南佰利联化学股份有限公司,11
焦作,焦趁英,individual,11,焦趁英,12
焦作,范琛,individual,10,范琛,13
焦作,徐国平,individual,8,徐国平,14
焦作,殷德印,individual,8,殷德印,15
焦作,河南辅仁怀庆堂制药有限公司,firm,8,河南辅仁怀庆堂制药有限公司,16
焦作,程长青,individual,8,程长青,17
焦作,昊华宇航化工有限责任公司,firm,7,昊华宇航化工有限责任公司,18
焦作,河南省江河纸业有限责任公司,firm,7,河南省江河纸业有限责任公司,19
焦作,焦作健康元生物制品有限公司,firm,7,焦作健康元生物制品有限公司,20
牡丹江,孟宪贵,individual,8,孟宪贵,1
牡丹江,牡丹江恒丰纸业股份有限公司,firm,8,牡丹江恒丰纸业股份有限公司,2
牡丹江,孟杰,individual,5,孟杰,3
牡丹江,中国烟草总公司黑龙江省公司牡丹江烟草科学研究所,firm,4,中国烟草总公司黑龙江省公司牡丹江烟草科学研究所,4
牡丹江,张晓丹,individual,4,张晓丹,5
牡丹江,林口信安建材板业有限公司,firm,4,林口信安建材板业有限公司,6
牡丹江,牡丹江水力发电总厂,firm,4,牡丹江水力发电总厂,7
牡丹江,郭贵仁,individual,4,郭贵仁,8
牡丹江,闫传东,individual,4,闫传东,9
牡丹江,黑龙江北方工具有限公司,firm,4,黑龙江北方工具有限公司,10
牡丹江,刘国忠,individual,3,刘国忠,11
牡丹江,宋高臣,individual,3,宋高臣,12
牡丹江,曹宏海,individual,3,曹宏海,13
牡丹江,李新利,individual,3,李新利,14
牡丹江,杨长河,individual,3,杨长河,15
牡丹江,牡丹江市红林化工有限责任公司,firm,3,牡丹江市红林化工有限责任公司,16
牡丹江,牡丹江新闻传媒集团有限公司,firm,3,牡丹江新闻传媒集团有限公司,17
牡丹江,黑龙江省横道河子酿酒总厂,firm,3,黑龙江省横道河子酿酒总厂,18
牡丹江,丁宝太,individual,2,丁宝太,19
牡丹江,俞在波,individual,2,俞在波,20
玉林,广西玉柴机器股份有限公司,firm,105,广西玉柴机器股份有限公司,1
玉林,李宏江,individual,12,李宏江,2
玉林,广西玉柴重工有限公司,firm,5,广西玉柴重工有限公司,3
玉林,庞己人,individual,5,庞己人,4
玉林,梁玉泉,individual,5,梁玉泉,5
玉林,郭伟,individual,5,郭伟,6
玉林,唐悦,individual,4,唐悦,7
玉林,广西汽牛农业机械有限公司,firm,4,广西汽牛农业机械有限公司,8
玉林,李成,individual,3,李成,9
玉林,温益雄,individual,3,温益雄,10
玉林,玉林伟镍科技矿冶有限公司,firm,3,玉林伟镍科技矿冶有限公司,11
玉林,玉林市骨科医院,hospital,3,玉林市骨科医院,12
玉林,黄锦熙,individual,3,黄锦熙,13
玉林,冼启福,individual,2,冼启福,14
玉林,广西神通药业有限公司,firm,2,广西神通药业有限公司,15
玉林,徐德峰,individual,2,徐德峰,16
玉林,李俊,individual,2,李俊,17
玉林,玉林师范学院,univ,2,玉林师范学院,18
玉林,陈军,individual,2,陈军,19
玉林,陈凤仪,individual,2,陈凤仪,20
玉溪,云南大红山管道有限公司,firm,80,云南大红山管道有限公司,1
玉溪,云南省烟草农业科学研究院,research,40,云南省烟草农业科学研究院,2
玉溪,云南省烟草科学研究所,research,22,云南省烟草科学研究所,3
玉溪,红塔烟草(集团)有限责任公司,firm,21,红塔烟草(集团)有限责任公司,4
玉溪,云南恩典科技产业发展有限公司,firm,18,云南恩典科技产业发展有限公司,5
玉溪,阳瑞鸿,individual,17,阳瑞鸿,6
玉溪,王金辉,individual,15,王金辉,7
玉溪,玉溪玉杯金属制品有限公司,firm,13,玉溪玉杯金属制品有限公司,8
玉溪,云南省玉溪市溶剂厂有限公司,firm,7,云南省玉溪市溶剂厂有限公司,9
玉溪,张玉明,individual,7,张玉明,10
玉溪,王彦明,individual,6,王彦明,11
玉溪,张其武,individual,5,张其武,12
玉溪,杨成云,individual,5,杨成云,13
玉溪,玉溪健坤生物药业有限公司,firm,5,玉溪健坤生物药业有限公司,14
玉溪,玉溪市星源油墨厂,firm,5,玉溪市星源油墨厂,15
玉溪,玉溪市维和生物技术有限责任公司,firm,5,玉溪市维和生物技术有限责任公司,16
玉溪,玉溪思润印刷有限公司,firm,5,玉溪思润印刷有限公司,17
玉溪,赵海刚,individual,5,赵海刚,18
玉溪,云南玉溪东魅包装材料有限公司,firm,4,云南玉溪东魅包装材料有限公司,19
玉溪,云南玉溪卷烟厂滤嘴棒分厂,firm,4,云南玉溪卷烟厂滤嘴棒分厂,20
珠海,珠海格力电器股份有限公司,firm,325,珠海格力电器股份有限公司,1
珠海,炬力集成电路设计有限公司,firm,120,炬力集成电路设计有限公司,2
珠海,珠海天威飞马打印耗材有限公司,firm,44,珠海天威飞马打印耗材有限公司,3
珠海,丽珠医药集团股份有限公司,firm,31,丽珠医药集团股份有限公司,4
珠海,珠海天威技术开发有限公司,firm,30,珠海天威技术开发有限公司,5
珠海,东信和平智能卡股份有限公司,firm,28,东信和平智能卡股份有限公司,6
珠海,珠海艾派克微电子有限公司,firm,27,珠海艾派克微电子有限公司,7
珠海,珠海赛纳科技有限公司,firm,26,珠海赛纳科技有限公司,8
珠海,珠海赛纳打印科技股份有限公司,firm,24,珠海赛纳打印科技股份有限公司,9
珠海,文荣,individual,23,文荣,10
珠海,珠海格力节能环保制冷技术研究中心有限公司,firm,23,珠海格力节能环保制冷技术研究中心有限公司,11
珠海,广东宝莱特医用科技股份有限公司,firm,21,广东宝莱特医用科技股份有限公司,12
珠海,珠海纳思达企业管理有限公司,firm,21,珠海纳思达企业管理有限公司,13
珠海,珠海慧生能源技术发展有限公司,firm,16,珠海慧生能源技术发展有限公司,14
珠海,珠海金山软件股份有限公司,firm,16,珠海金山软件股份有限公司,15
珠海,珠海中慧微电子有限公司,firm,15,珠海中慧微电子有限公司,16
珠海,珠海纳思达电子科技有限公司,firm,12,珠海纳思达电子科技有限公司,17
珠海,田小平,individual,12,田小平,18
珠海,广东溢多利生物科技股份有限公司,firm,11,广东溢多利生物科技股份有限公司,19
珠海,珠海保税区天然宝杰数码科技材料有限公司,firm,11,珠海保税区天然宝杰数码科技材料有限公司,20
琼海,海南省粮油科学研究所,research,4,海南省粮油科学研究所,1
琼海,刘宝胜,individual,1,刘宝胜,2
琼海,卢初群,individual,1,卢初群,3
琼海,吴多传,individual,1,吴多传,4
甘南藏族自治州,甘南州科瑞乳品开发有限公司,firm,1,甘南州科瑞乳品开发有限公司,1
甘孜藏族自治州,唐进原,individual,2,唐进原,1
甘孜藏族自治州,宋德煊,individual,2,宋德煊,2
甘孜藏族自治州,炉霍县林业开发总公司,firm,2,炉霍县林业开发总公司,3
甘孜藏族自治州,叶彤,individual,1,叶彤,4
甘孜藏族自治州,徐宁,individual,1,徐宁,5
甘孜藏族自治州,甘孜州泸定桥水泥有限公司,firm,1,甘孜州泸定桥水泥有限公司,6
白城,孙国繁,individual,5,孙国繁,1
白城,吉林敖东洮南药业股份有限公司,firm,4,吉林敖东洮南药业股份有限公司,2
白城,洮南市北方金塔实业有限责任公司,firm,4,洮南市北方金塔实业有限责任公司,3
白城,陈显锋,individual,3,陈显锋,4
白城,杜鸿钧,individual,2,杜鸿钧,5
白城,白城师范学院,univ,2,白城师范学院,6
白城,冯文昌,individual,1,冯文昌,7
白城,刘慧国,individual,1,刘慧国,8
白城,刘桂兰,individual,1,刘桂兰,9
白城,孟庆艳,individual,1,孟庆艳,10
白城,尹鹏飞,individual,1,尹鹏飞,11
白城,左勇,individual,1,左勇,12
白城,康兆毅,individual,1,康兆毅,13
白城,张中兴,other,1,张中兴,14
白城,张睿临,individual,1,张睿临,15
白城,彭丽英,individual,1,彭丽英,16
白城,曲宝石,individual,1,曲宝石,17
白城,李志勋,individual,1,李志勋,18
白城,李春胜,individual,1,李春胜,19
白城,洮南市金升冶金产品有限公司,firm,1,洮南市金升冶金产品有限公司,20
白山,王秀宝,individual,11,王秀宝,1
白山,吉林省健今药业股份有限公司,firm,5,吉林省健今药业股份有限公司,2
白山,丁政然,individual,3,丁政然,3
白山,刘雷,individual,3,刘雷,4
白山,北京同仁堂吉林人参有限责任公司,firm,3,北京同仁堂吉林人参有限责任公司,5
白山,张连玉,individual,3,张连玉,6
白山,刘峰,individual,2,刘峰,7
白山,吉林东圣焦化有限公司,firm,2,吉林东圣焦化有限公司,8
白山,吉林森工集团泉阳泉饮品有限公司,firm,2,吉林森工集团泉阳泉饮品有限公司,9
白山,吉林省临江市天元催化剂有限公司,firm,2,吉林省临江市天元催化剂有限公司,10
白山,吴殿满,individual,2,吴殿满,11
白山,张克斌,individual,2,张克斌,12
白山,张立波,individual,2,张立波,13
白山,施慧达药业集团(吉林)有限公司,firm,2,施慧达药业集团(吉林)有限公司,14
白山,柳忠润,individual,2,柳忠润,15
白山,范先明,individual,2,范先明,16
白山,袁跃成,individual,2,袁跃成,17
白山,邢津维,individual,2,邢津维,18
白山,中共临江市纪律检查委员会,government,1,中共临江市纪律检查委员会,19
白山,临江市中药材技术开发研究中心,research,1,临江市中药材技术开发研究中心,20
白沙黎族自治县,周怀胜,individual,1,周怀胜,1
白沙黎族自治县,陈有范,individual,1,陈有范,2
白银,白银有色集团股份有限公司,firm,26,白银有色集团股份有限公司,1
白银,甘肃稀土新材料股份有限公司,firm,21,甘肃稀土新材料股份有限公司,2
白银,西北矿冶研究院,firm,12,西北矿冶研究院,3
白银,甘肃银光聚银化工有限公司,firm,8,甘肃银光聚银化工有限公司,4
白银,甘肃银达化工有限公司,firm,8,甘肃银达化工有限公司,5
白银,甘肃银光化学工业集团有限公司,firm,4,甘肃银光化学工业集团有限公司,6
白银,甘肃正生生物科技有限公司,firm,3,甘肃正生生物科技有限公司,7
白银,万春雷,individual,2,万春雷,8
白银,会宁县三利土特产有限公司,firm,2,会宁县三利土特产有限公司,9
白银,刘生堂,individual,2,刘生堂,10
白银,温和,individual,2,温和,11
白银,甘肃华鹭铝业有限公司,firm,2,甘肃华鹭铝业有限公司,12
白银,甘肃大象能源科技有限公司,firm,2,甘肃大象能源科技有限公司,13
白银,甘肃昊洲肥业有限公司,firm,2,甘肃昊洲肥业有限公司,14
白银,白银中天化工有限责任公司,firm,2,白银中天化工有限责任公司,15
白银,白银先达科技服务有限责任公司,firm,2,白银先达科技服务有限责任公司,16
白银,白银李氏裕兴源医药科技有限公司,firm,2,白银李氏裕兴源医药科技有限公司,17
白银,刘振宏,individual,1,刘振宏,18
白银,张先汉,individual,1,张先汉,19
白银,朱梓瑜,individual,1,朱梓瑜,20
百色,高德金,individual,22,高德金,1
百色,何寒,individual,4,何寒,2
百色,梁小江,individual,4,梁小江,3
百色,蓝星化工新材料股份有限公司广西分公司,firm,4,蓝星化工新材料股份有限公司广西分公司,4
百色,黄俊柳,individual,3,黄俊柳,5
百色,黄勇,individual,3,黄勇,6
百色,广西华银铝业有限公司,firm,2,广西华银铝业有限公司,7
百色,广西强强碳素股份有限公司,firm,2,广西强强碳素股份有限公司,8
百色,广西靖西县一洲锰业有限公司,firm,2,广西靖西县一洲锰业有限公司,9
百色,杨忠雅,individual,2,杨忠雅,10
百色,林惠霞,individual,2,林惠霞,11
百色,罗吉庆,individual,2,罗吉庆,12
百色,蒙汉勤,individual,2,蒙汉勤,13
百色,赖军,individual,2,赖军,14
百色,中国南方电网有限责任公司超高压输电公司百色局,firm,1,中国南方电网有限责任公司超高压输电公司百色局,15
百色,中国铝业股份有限公司,firm,1,中国铝业股份有限公司,16
百色,农文豪,individual,1,农文豪,17
百色,凌连聪,individual,1,凌连聪,18
百色,右江民族医学院,univ,1,右江民族医学院,19
百色,吴全环,individual,1,吴全环,20
益阳,益阳橡胶塑料机械集团有限公司,firm,18,益阳橡胶塑料机械集团有限公司,1
益阳,益阳市润慷宝化工有限公司,firm,12,益阳市润慷宝化工有限公司,2
益阳,湖南城市学院,univ,11,湖南城市学院,3
益阳,湖南金博复合材料科技有限公司,firm,10,湖南金博复合材料科技有限公司,4
益阳,克明面业股份有限公司,firm,8,克明面业股份有限公司,5
益阳,沅江市明星麻业有限公司,firm,7,沅江市明星麻业有限公司,6
益阳,湖南万家丰科技有限公司,firm,7,湖南万家丰科技有限公司,7
益阳,湖南宇晶机器实业有限公司,firm,6,湖南宇晶机器实业有限公司,8
益阳,湖南艾华集团股份有限公司,firm,6,湖南艾华集团股份有限公司,9
益阳,太阳鸟游艇股份有限公司,firm,4,太阳鸟游艇股份有限公司,10
益阳,文晓锋,individual,4,文晓锋,11
益阳,桃江新兴管件有限责任公司,firm,4,桃江新兴管件有限责任公司,12
益阳,沅江纸业有限责任公司,firm,4,沅江纸业有限责任公司,13
益阳,黄超,individual,4,黄超,14
益阳,丁俣,individual,3,丁俣,15
益阳,中宇爱斯柯(益阳)科技实业有限公司,firm,3,中宇爱斯柯(益阳)科技实业有限公司,16
益阳,沅江浣溪沙麻业工程有限公司,firm,3,沅江浣溪沙麻业工程有限公司,17
益阳,湖南宏大锑铅有限公司,firm,3,湖南宏大锑铅有限公司,18
益阳,王记强,individual,3,王记强,19
益阳,郭继中,other,3,郭继中,20
盐城,盐城工学院,univ,46,盐城工学院,1
盐城,盐城师范学院,univ,35,盐城师范学院,2
盐城,何汉中,other,26,何汉中,3
盐城,江苏中科节能环保技术有限公司,firm,23,江苏中科节能环保技术有限公司,4
盐城,江苏华阳重工科技股份有限公司,firm,22,江苏华阳重工科技股份有限公司,5
盐城,江苏长虹涂装机械有限公司,firm,22,江苏长虹涂装机械有限公司,6
盐城,江苏科行环境工程技术有限公司,firm,20,江苏科行环境工程技术有限公司,7
盐城,江苏森威集团有限责任公司,firm,19,江苏森威集团有限责任公司,8
盐城,盐城雄亚减震器有限公司,firm,16,盐城雄亚减震器有限公司,9
盐城,凌德祥,individual,15,凌德祥,10
盐城,江苏丰东热技术股份有限公司,firm,14,江苏丰东热技术股份有限公司,11
盐城,刘训刚,individual,13,刘训刚,12
盐城,江苏克胜集团股份有限公司,firm,13,江苏克胜集团股份有限公司,13
盐城,江苏剑牌农药化工有限公司,firm,13,江苏剑牌农药化工有限公司,14
盐城,盐城三益石化机械有限公司,firm,13,盐城三益石化机械有限公司,15
盐城,盐城市智成机械制造有限公司,firm,13,盐城市智成机械制造有限公司,16
盐城,江苏永林油脂化工有限公司,firm,12,江苏永林油脂化工有限公司,17
盐城,江苏腾龙生物药业有限公司,firm,12,江苏腾龙生物药业有限公司,18
盐城,江苏辉丰农化股份有限公司,firm,12,江苏辉丰农化股份有限公司,19
盐城,盐城纺织职业技术学院,univ,12,盐城纺织职业技术学院,20
盘锦,辽河石油勘探局,other,41,辽河石油勘探局,1
盘锦,张辉,individual,9,张辉,2
盘锦,中国石油辽河油田钻采工艺研究院,research,7,中国石油辽河油田钻采工艺研究院,3
盘锦,藏树正,individual,7,藏树正,4
盘锦,辽宁杰事杰新材料有限公司,firm,7,辽宁杰事杰新材料有限公司,5
盘锦,盘锦光合水产有限公司,firm,5,盘锦光合水产有限公司,6
盘锦,舒漫,individual,5,舒漫,7
盘锦,盘锦和运新材料有限公司,firm,4,盘锦和运新材料有限公司,8
盘锦,辽宁华锦化工(集团)有限责任公司,firm,4,辽宁华锦化工(集团)有限责任公司,9
盘锦,辽宁省电力有限公司盘锦供电公司,firm,4,辽宁省电力有限公司盘锦供电公司,10
盘锦,刘其成,individual,3,刘其成,11
盘锦,康志勇,individual,3,康志勇,12
盘锦,张玉龙,individual,3,张玉龙,13
盘锦,徐萍,individual,3,徐萍,14
盘锦,曲健,individual,3,曲健,15
盘锦,朱克彦,individual,3,朱克彦,16
盘锦,杨青松,individual,3,杨青松,17
盘锦,盘锦河升大地石油科技有限公司,firm,3,盘锦河升大地石油科技有限公司,18
盘锦,耿素贤,individual,3,耿素贤,19
盘锦,解永,individual,3,解永,20
眉山,南车眉山车辆有限公司,firm,29,南车眉山车辆有限公司,1
眉山,四川大学锦江学院,univ,12,四川大学锦江学院,2
眉山,峨嵋半导体材料研究所,research,9,峨嵋半导体材料研究所,3
眉山,四川启明星铝业有限责任公司,firm,7,四川启明星铝业有限责任公司,4
眉山,四川省川眉芒硝有限责任公司,firm,7,四川省川眉芒硝有限责任公司,5
眉山,四川省吉香居食品有限公司,firm,6,四川省吉香居食品有限公司,6
眉山,四川川眉特种芒硝有限公司,firm,4,四川川眉特种芒硝有限公司,7
眉山,四川欧瑞特光电科技有限公司,firm,4,四川欧瑞特光电科技有限公司,8
眉山,四川金圣赛瑞化工有限责任公司,firm,4,四川金圣赛瑞化工有限责任公司,9
眉山,中国水利水电第七工程局有限公司机电安装分局,firm,3,中国水利水电第七工程局有限公司机电安装分局,10
眉山,刘启端,individual,3,刘启端,11
眉山,四川恒泰企业投资有限公司,firm,3,四川恒泰企业投资有限公司,12
眉山,峨眉山市老农民食品有限公司,firm,3,峨眉山市老农民食品有限公司,13
眉山,李海泉,individual,3,李海泉,14
眉山,熊兴,individual,3,熊兴,15
眉山,四川丹甫制冷压缩机股份有限公司,firm,2,四川丹甫制冷压缩机股份有限公司,16
眉山,四川兴天源材料检测技术有限公司,firm,2,四川兴天源材料检测技术有限公司,17
眉山,四川吉龙化学建材有限公司,firm,2,四川吉龙化学建材有限公司,18
眉山,四川成洪磷化工有限责任公司,firm,2,四川成洪磷化工有限责任公司,19
眉山,四川李记酱菜调味品有限公司,firm,2,四川李记酱菜调味品有限公司,20
石嘴山,宁夏东方钽业股份有限公司,firm,13,宁夏东方钽业股份有限公司,1
石嘴山,宁夏天地奔牛实业集团有限公司,firm,10,宁夏天地奔牛实业集团有限公司,2
石嘴山,西北稀有金属材料研究院,research,10,西北稀有金属材料研究院,3
石嘴山,姚会元,other,6,姚会元,4
石嘴山,中色(宁夏)东方集团有限公司,firm,4,中色(宁夏)东方集团有限公司,5
石嘴山,宁夏大荣化工冶金有限公司,firm,4,宁夏大荣化工冶金有限公司,6
石嘴山,平罗县滨河碳化硅制品有限公司,firm,4,平罗县滨河碳化硅制品有限公司,7
石嘴山,刘麒,individual,2,刘麒,8
石嘴山,宁夏大荣实业集团有限公司,firm,2,宁夏大荣实业集团有限公司,9
石嘴山,宁夏电力公司石嘴山供电局,firm,2,宁夏电力公司石嘴山供电局,10
石嘴山,宁夏阳光硅业有限公司,firm,2,宁夏阳光硅业有限公司,11
石嘴山,李志东,individual,2,李志东,12
石嘴山,闫淼江,individual,2,闫淼江,13
石嘴山,傅永茂,individual,1,傅永茂,14
石嘴山,刘明,individual,1,刘明,15
石嘴山,国电宁夏太阳能有限公司,firm,1,国电宁夏太阳能有限公司,16
石嘴山,姜洪金,individual,1,姜洪金,17
石嘴山,宁夏三一西北骏马电机制造股份有限公司,firm,1,宁夏三一西北骏马电机制造股份有限公司,18
石嘴山,宁夏天地西北煤机有限公司,firm,1,宁夏天地西北煤机有限公司,19
石嘴山,宁夏日晶电子科技有限公司,firm,1,宁夏日晶电子科技有限公司,20
石家庄,河北科技大学,univ,202,河北科技大学,1
石家庄,河北以岭医药研究院有限公司,firm,134,河北以岭医药研究院有限公司,2
石家庄,中国电子科技集团公司第五十四研究所,firm,120,中国电子科技集团公司第五十四研究所,3
石家庄,中国电子科技集团公司第十三研究所,firm,45,中国电子科技集团公司第十三研究所,4
石家庄,河北省电力研究院,research,43,河北省电力研究院,5
石家庄,石药集团中奇制药技术(石家庄)有限公司,firm,43,石药集团中奇制药技术(石家庄)有限公司,6
石家庄,贾会平,other,38,贾会平,7
石家庄,华北制药集团制剂有限公司,firm,34,华北制药集团制剂有限公司,8
石家庄,河北东旭投资集团有限公司,firm,34,河北东旭投资集团有限公司,9
石家庄,河北师范大学,univ,32,河北师范大学,10
石家庄,中国科学院遗传与发育生物学研究所,univ,26,中国科学院遗传与发育生物学研究所,11
石家庄,中国移动通信集团河北有限公司,firm,23,中国移动通信集团河北有限公司,12
石家庄,姚福来,individual,20,姚福来,13
石家庄,河北医科大学,univ,19,河北医科大学,14
石家庄,王钢柱,individual,18,王钢柱,15
石家庄,张英泽,individual,17,张英泽,16
石家庄,中国人民解放军总装备部军械技术研究所,research,15,中国人民解放军总装备部军械技术研究所,17
石家庄,华北制药集团新药研究开发有限责任公司,firm,14,华北制药集团新药研究开发有限责任公司,18
石家庄,张建中,other,14,张建中,19
石家庄,石家庄铁道学院,univ,14,石家庄铁道学院,20
石河子,石河子大学,univ,54,石河子大学,1
石河子,新疆天业(集团)有限公司,firm,30,新疆天业(集团)有限公司,2
石河子,新疆农垦科学院,univ,14,新疆农垦科学院,3
石河子,于德龙,individual,8,于德龙,4
石河子,代斌,individual,5,代斌,5
石河子,石河子大学医学院第一附属医院,hospital,5,石河子大学医学院第一附属医院,6
石河子,石河子市华农种子机械制造有限公司,firm,5,石河子市华农种子机械制造有限公司,7
石河子,杨琳,individual,4,杨琳,8
石河子,刘军林,individual,3,刘军林,9
石河子,天辰化工有限公司,firm,3,天辰化工有限公司,10
石河子,新疆天科合达蓝光半导体有限公司,firm,3,新疆天科合达蓝光半导体有限公司,11
石河子,新疆石河子中发化工有限责任公司,firm,3,新疆石河子中发化工有限责任公司,12
石河子,新疆科神农业装备科技开发有限公司,firm,3,新疆科神农业装备科技开发有限公司,13
石河子,新疆西域牧歌农业科技有限公司,firm,3,新疆西域牧歌农业科技有限公司,14
石河子,石河子开发区神内食品有限公司,firm,3,石河子开发区神内食品有限公司,15
石河子,刘盛林,individual,2,刘盛林,16
石河子,刘须功,individual,2,刘须功,17
石河子,张波,individual,2,张波,18
石河子,新疆兵团现代绿色氯碱化工工程研究中心(有限公司),firm,2,新疆兵团现代绿色氯碱化工工程研究中心(有限公司),19
石河子,新疆农垦科学院农业新技术推广服务中心,univ,2,新疆农垦科学院农业新技术推广服务中心,20
神农架林区,神农架林晖绿色开发有限责任公司,firm,3,神农架林晖绿色开发有限责任公司,1
神农架林区,神农架绿野食品开发有限责任公司,firm,2,神农架绿野食品开发有限责任公司,2
神农架林区,神农架双神源食品有限责任公司,firm,1,神农架双神源食品有限责任公司,3
神农架林区,神农架林区小蓝天饮食有限责任公司,firm,1,神农架林区小蓝天饮食有限责任公司,4
神农架林区,神农架林区楚源渔业有限公司,firm,1,神农架林区楚源渔业有限公司,5
神农架林区,神农架神农氏生物开发有限公司,firm,1,神农架神农氏生物开发有限公司,6
神农架林区,神农架神农源茶叶有限责任公司,firm,1,神农架神农源茶叶有限责任公司,7
福州,福州大学,univ,361,福州大学,1
福州,中国科学院福建物质结构研究所,univ,241,中国科学院福建物质结构研究所,2
福州,福建星网锐捷网络有限公司,firm,236,福建星网锐捷网络有限公司,3
福州,福建师范大学,univ,192,福建师范大学,4
福州,福建农林大学,univ,191,福建农林大学,5
福州,福州高意通讯有限公司,firm,140,福州高意通讯有限公司,6
福州,福建捷联电子有限公司,firm,93,福建捷联电子有限公司,7
福州,福建华映显示科技有限公司,firm,80,福建华映显示科技有限公司,8
福州,华映光电股份有限公司,firm,74,华映光电股份有限公司,9
福州,中国移动通信集团福建有限公司,firm,73,中国移动通信集团福建有限公司,10
福州,福建新大陆电脑股份有限公司,firm,73,福建新大陆电脑股份有限公司,11
福州,福州华映视讯有限公司,firm,62,福州华映视讯有限公司,12
福州,福建新大陆通信科技股份有限公司,firm,61,福建新大陆通信科技股份有限公司,13
福州,戴永锋,individual,47,戴永锋,14
福州,福州瑞芯微电子有限公司,firm,46,福州瑞芯微电子有限公司,15
福州,福建升腾资讯有限公司,firm,32,福建升腾资讯有限公司,16
福州,陈章艳,individual,31,陈章艳,17
福州,福州星网视易信息系统有限公司,firm,29,福州星网视易信息系统有限公司,18
福州,福建工程学院,univ,29,福建工程学院,19
福州,福建福晶科技股份有限公司,firm,28,福建福晶科技股份有限公司,20
秦皇岛,燕山大学,univ,266,燕山大学,1
秦皇岛,徐林波,individual,59,徐林波,2
秦皇岛,秦皇岛首秦金属材料有限公司,firm,50,秦皇岛首秦金属材料有限公司,3
秦皇岛,中信戴卡轮毂制造股份有限公司,firm,38,中信戴卡轮毂制造股份有限公司,4
秦皇岛,河北科技师范学院,univ,18,河北科技师范学院,5
秦皇岛,中国阿拉伯化肥有限公司,firm,13,中国阿拉伯化肥有限公司,6
秦皇岛,王全龄,individual,11,王全龄,7
秦皇岛,秦皇岛玻璃工业研究设计院,research,11,秦皇岛玻璃工业研究设计院,8
秦皇岛,秦皇岛领先科技发展有限公司,firm,11,秦皇岛领先科技发展有限公司,9
秦皇岛,秦皇岛市康泰医学系统有限公司,firm,10,秦皇岛市康泰医学系统有限公司,10
秦皇岛,河北省农林科学院昌黎果树研究所,univ,9,河北省农林科学院昌黎果树研究所,11
秦皇岛,秦皇岛正大有限公司,firm,8,秦皇岛正大有限公司,12
秦皇岛,秦皇岛港股份有限公司,firm,8,秦皇岛港股份有限公司,13
秦皇岛,徐明双,individual,7,徐明双,14
秦皇岛,秦皇岛天业通联重工股份有限公司,firm,7,秦皇岛天业通联重工股份有限公司,15
秦皇岛,秦皇岛皇威制药有限公司,firm,7,秦皇岛皇威制药有限公司,16
秦皇岛,秦皇岛秦冶重工有限公司,firm,7,秦皇岛秦冶重工有限公司,17
秦皇岛,秦皇岛金海食品工业有限公司,firm,7,秦皇岛金海食品工业有限公司,18
秦皇岛,秦建忠,individual,6,秦建忠,19
秦皇岛,韩咏梅,individual,6,韩咏梅,20
红河哈尼族彝族自治州,云南锡业集团(控股)有限责任公司,firm,39,云南锡业集团(控股)有限责任公司,1
红河哈尼族彝族自治州,云南省农业科学院甘蔗研究所,univ,35,云南省农业科学院甘蔗研究所,2
红河哈尼族彝族自治州,云南红河制药有限公司,firm,9,云南红河制药有限公司,3
红河哈尼族彝族自治州,张继成,individual,8,张继成,4
红河哈尼族彝族自治州,云南源鑫炭素有限公司,firm,5,云南源鑫炭素有限公司,5
红河哈尼族彝族自治州,红河学院,univ,5,红河学院,6
红河哈尼族彝族自治州,云南大唐国际红河发电有限责任公司,firm,4,云南大唐国际红河发电有限责任公司,7
红河哈尼族彝族自治州,吕伟鹏,individual,4,吕伟鹏,8
红河哈尼族彝族自治州,李翠华,individual,4,李翠华,9
红河哈尼族彝族自治州,红河千山生物工程有限公司,firm,4,红河千山生物工程有限公司,10
红河哈尼族彝族自治州,蒙自矿冶有限责任公司,firm,4,蒙自矿冶有限责任公司,11
红河哈尼族彝族自治州,云南乍甸乳业有限责任公司,firm,3,云南乍甸乳业有限责任公司,12
红河哈尼族彝族自治州,云南云河药业有限公司,firm,3,云南云河药业有限公司,13
红河哈尼族彝族自治州,云南云铝润鑫铝业有限公司,firm,3,云南云铝润鑫铝业有限公司,14
红河哈尼族彝族自治州,李钱江,individual,3,李钱江,15
红河哈尼族彝族自治州,赵永兴,individual,3,赵永兴,16
红河哈尼族彝族自治州,丁默,individual,2,丁默,17
红河哈尼族彝族自治州,个旧市联兴贵金属有限责任公司,firm,2,个旧市联兴贵金属有限责任公司,18
红河哈尼族彝族自治州,个旧玉龙再生资源经营有限公司,firm,2,个旧玉龙再生资源经营有限公司,19
红河哈尼族彝族自治州,云南云铝涌鑫铝业有限公司,firm,2,云南云铝涌鑫铝业有限公司,20
绍兴,绍兴文理学院,univ,168,绍兴文理学院,1
绍兴,浙江三花股份有限公司,firm,131,浙江三花股份有限公司,2
绍兴,浙江三花制冷集团有限公司,firm,60,浙江三花制冷集团有限公司,3
绍兴,卧龙电气集团股份有限公司,firm,57,卧龙电气集团股份有限公司,4
绍兴,浙江医药股份有限公司新昌制药厂,firm,40,浙江医药股份有限公司新昌制药厂,5
绍兴,裘苗全,individual,37,裘苗全,6
绍兴,浙江阳光集团股份有限公司,firm,34,浙江阳光集团股份有限公司,7
绍兴,浙江闰土股份有限公司,firm,30,浙江闰土股份有限公司,8
绍兴,朱爱萍,individual,25,朱爱萍,9
绍兴,浙江菲达环保科技股份有限公司,firm,24,浙江菲达环保科技股份有限公司,10
绍兴,浙江新和成股份有限公司,firm,22,浙江新和成股份有限公司,11
绍兴,何国苗,individual,21,何国苗,12
绍兴,浙江海亮股份有限公司,firm,20,浙江海亮股份有限公司,13
绍兴,浙江皇马科技股份有限公司,firm,20,浙江皇马科技股份有限公司,14
绍兴,绍兴电力局,other,20,绍兴电力局,15
绍兴,周云正,individual,19,周云正,16
绍兴,胡国贤,individual,19,胡国贤,17
绍兴,浙江京新药业股份有限公司,firm,18,浙江京新药业股份有限公司,18
绍兴,应小平,individual,16,应小平,19
绍兴,洪桂焕,individual,16,洪桂焕,20
绥化,吴光彦,individual,17,吴光彦,1
绥化,黑龙江福和华星制药集团股份有限公司,firm,7,黑龙江福和华星制药集团股份有限公司,2
绥化,张振和,individual,5,张振和,3
绥化,肇东市日成酶制剂有限公司,firm,5,肇东市日成酶制剂有限公司,4
绥化,范友,individual,5,范友,5
绥化,陈玉祥,individual,5,陈玉祥,6
绥化,黑龙江省索康营养科技有限公司,firm,5,黑龙江省索康营养科技有限公司,7
绥化,刘利军,individual,4,刘利军,8
绥化,梁守富,individual,4,梁守富,9
绥化,黑龙江省沃必达农业科技开发有限公司,firm,4,黑龙江省沃必达农业科技开发有限公司,10
绥化,哈药集团三精千鹤望奎制药有限公司,firm,3,哈药集团三精千鹤望奎制药有限公司,11
绥化,井清泉,individual,2,井清泉,12
绥化,刘兴印,individual,2,刘兴印,13
绥化,刘怀信,individual,2,刘怀信,14
绥化,宋清晖,individual,2,宋清晖,15
绥化,李梅圃,individual,2,李梅圃,16
绥化,绥化学院,univ,2,绥化学院,17
绥化,绥化电业局,other,2,绥化电业局,18
绥化,霍继仁,individual,2,霍继仁,19
绥化,黑龙江省汇丰动物保健品有限公司,firm,2,黑龙江省汇丰动物保健品有限公司,20
绵阳,四川长虹电器股份有限公司,firm,407,四川长虹电器股份有限公司,1
绵阳,西南科技大学,univ,159,西南科技大学,2
绵阳,四川虹欧显示器件有限公司,firm,102,四川虹欧显示器件有限公司,3
绵阳,四川九洲电器集团有限责任公司,firm,37,四川九洲电器集团有限责任公司,4
绵阳,中国工程物理研究院流体物理研究所,research,33,中国工程物理研究院流体物理研究所,5
绵阳,利尔化学股份有限公司,firm,22,利尔化学股份有限公司,6
绵阳,四川长虹空调有限公司,firm,19,四川长虹空调有限公司,7
绵阳,李寿海,individual,16,李寿海,8
绵阳,中国工程物理研究院电子工程研究所,research,15,中国工程物理研究院电子工程研究所,9
绵阳,四川东材科技集团股份有限公司,firm,14,四川东材科技集团股份有限公司,10
绵阳,中国工程物理研究院化工材料研究所,research,13,中国工程物理研究院化工材料研究所,11
绵阳,中国兵器工业第五八研究所,research,12,中国兵器工业第五八研究所,12
绵阳,中国工程物理研究院激光聚变研究中心,research,12,中国工程物理研究院激光聚变研究中心,13
绵阳,四川省绵阳西南自动化研究所,research,12,四川省绵阳西南自动化研究所,14
绵阳,绵阳台沃农业科技有限责任公司,firm,10,绵阳台沃农业科技有限责任公司,15
绵阳,雅化集团绵阳实业有限公司,firm,9,雅化集团绵阳实业有限公司,16
绵阳,绵阳新晨动力机械有限公司,firm,8,绵阳新晨动力机械有限公司,17
绵阳,中国燃气涡轮研究院,research,7,中国燃气涡轮研究院,18
绵阳,四川铁骑力士实业有限公司,firm,7,四川铁骑力士实业有限公司,19
绵阳,四川省安县银河建化(集团)有限公司,firm,6,四川省安县银河建化(集团)有限公司,20
聊城,聊城大学,univ,110,聊城大学,1
聊城,山东福荫造纸环保科技有限公司,firm,40,山东福荫造纸环保科技有限公司,2
聊城,山东泉林纸业有限责任公司,firm,25,山东泉林纸业有限责任公司,3
聊城,蒋保珍,individual,18,蒋保珍,4
聊城,中通客车控股股份有限公司,firm,16,中通客车控股股份有限公司,5
聊城,姜传书,individual,14,姜传书,6
聊城,山东泉林包装有限公司,firm,10,山东泉林包装有限公司,7
聊城,聊城市鲁西化工工程设计有限责任公司,firm,10,聊城市鲁西化工工程设计有限责任公司,8
聊城,郑广辉,individual,10,郑广辉,9
聊城,阳谷祥光铜业有限公司,firm,10,阳谷祥光铜业有限公司,10
聊城,李兴奇,individual,9,李兴奇,11
聊城,山东电力集团公司聊城供电公司,firm,8,山东电力集团公司聊城供电公司,12
聊城,布焕景,individual,8,布焕景,13
聊城,李金伟,individual,8,李金伟,14
聊城,中冶纸业银河有限公司,firm,7,中冶纸业银河有限公司,15
聊城,刘爱玲,individual,7,刘爱玲,16
聊城,山东奥克特化工有限公司,firm,7,山东奥克特化工有限公司,17
聊城,山东省高唐蓝山集团总公司,firm,7,山东省高唐蓝山集团总公司,18
聊城,中色奥博特铜铝业有限公司,firm,6,中色奥博特铜铝业有限公司,19
聊城,山东东阿阿胶股份有限公司,firm,6,山东东阿阿胶股份有限公司,20
肇庆,广东风华高新科技股份有限公司,firm,74,广东风华高新科技股份有限公司,1
肇庆,广东肇庆星湖生物科技股份有限公司,firm,33,广东肇庆星湖生物科技股份有限公司,2
肇庆,肇庆理士电源技术有限公司,firm,17,肇庆理士电源技术有限公司,3
肇庆,肇庆俊富纤网材料有限公司,firm,10,肇庆俊富纤网材料有限公司,4
肇庆,肇庆市京欧机械制造有限公司,firm,10,肇庆市京欧机械制造有限公司,5
肇庆,广东鸿图科技股份有限公司,firm,7,广东鸿图科技股份有限公司,6
肇庆,怀集登云汽配股份有限公司,firm,6,怀集登云汽配股份有限公司,7
肇庆,曾燕飞,individual,6,曾燕飞,8
肇庆,肇庆富盛复合材料有限公司,firm,5,肇庆富盛复合材料有限公司,9
肇庆,四会市鸿明贵金属有限公司,firm,4,四会市鸿明贵金属有限公司,10
肇庆,广东同步化工股份有限公司,firm,4,广东同步化工股份有限公司,11
肇庆,广东天龙油墨集团股份有限公司,firm,4,广东天龙油墨集团股份有限公司,12
肇庆,广东鸿特精密技术股份有限公司,firm,4,广东鸿特精密技术股份有限公司,13
肇庆,肇庆学院,univ,4,肇庆学院,14
肇庆,肇庆市顺鑫煤化工科技有限公司,firm,4,肇庆市顺鑫煤化工科技有限公司,15
肇庆,肇庆爱晟电子科技有限公司,firm,4,肇庆爱晟电子科技有限公司,16
肇庆,吴枝祥,individual,3,吴枝祥,17
肇庆,广东四会互感器厂有限公司,firm,3,广东四会互感器厂有限公司,18
肇庆,广东省广宁县顺宁葡萄糖药业有限公司,firm,3,广东省广宁县顺宁葡萄糖药业有限公司,19
肇庆,肇庆市志成气动有限公司,firm,3,肇庆市志成气动有限公司,20
自贡,中昊晨光化工研究院,research,33,中昊晨光化工研究院,1
自贡,四川理工学院,univ,16,四川理工学院,2
自贡,东方锅炉(集团)股份有限公司,firm,12,东方锅炉(集团)股份有限公司,3
自贡,李卓,individual,8,李卓,4
自贡,四川久大制盐有限责任公司,firm,7,四川久大制盐有限责任公司,5
自贡,自贡硬质合金有限责任公司,firm,7,自贡硬质合金有限责任公司,6
自贡,自贡电业局,other,6,自贡电业局,7
自贡,陈烈彬,individual,6,陈烈彬,8
自贡,四川长征机床集团有限公司,firm,5,四川长征机床集团有限公司,9
自贡,自贡鸿鹤化工股份有限公司,firm,5,自贡鸿鹤化工股份有限公司,10
自贡,陈炳金,individual,5,陈炳金,11
自贡,四川辉腾科技有限公司,firm,4,四川辉腾科技有限公司,12
自贡,甘丘平,individual,4,甘丘平,13
自贡,自贡市华刚硬质合金新材料有限公司,firm,4,自贡市华刚硬质合金新材料有限公司,14
自贡,自贡市轻工业设计研究院有限责任公司,firm,4,自贡市轻工业设计研究院有限责任公司,15
自贡,陈觉非,individual,4,陈觉非,16
自贡,四川升拓检测技术有限责任公司,firm,3,四川升拓检测技术有限责任公司,17
自贡,四川大西洋焊接材料股份有限公司,firm,3,四川大西洋焊接材料股份有限公司,18
自贡,自贡市嘉特数控机械制造有限公司,firm,3,自贡市嘉特数控机械制造有限公司,19
自贡,自贡市江阳磁材有限责任公司,firm,3,自贡市江阳磁材有限责任公司,20
舟山,浙江海洋学院,univ,184,浙江海洋学院,1
舟山,吴汉民,individual,6,吴汉民,2
舟山,扬帆集团股份有限公司,firm,6,扬帆集团股份有限公司,3
舟山,浙江兴业集团有限公司,firm,6,浙江兴业集团有限公司,4
舟山,浙江省海洋水产研究所,research,5,浙江省海洋水产研究所,5
舟山,宋孟光,individual,4,宋孟光,6
舟山,方懂平,individual,4,方懂平,7
舟山,施云宝,individual,4,施云宝,8
舟山,浙江海一方生物工程有限公司,firm,4,浙江海一方生物工程有限公司,9
舟山,浙江东海岸船业有限公司,firm,3,浙江东海岸船业有限公司,10
舟山,浙江海力生制药有限公司,firm,3,浙江海力生制药有限公司,11
舟山,浙江省海洋开发研究院,research,3,浙江省海洋开发研究院,12
舟山,浙江省电力公司舟山电力局,firm,3,浙江省电力公司舟山电力局,13
舟山,浙江科力尔环保设备有限公司,firm,3,浙江科力尔环保设备有限公司,14
舟山,浙江金达电机电器有限公司,firm,3,浙江金达电机电器有限公司,15
舟山,王唯,individual,3,王唯,16
舟山,程利岳,individual,3,程利岳,17
舟山,舟山中远船务工程有限公司,firm,3,舟山中远船务工程有限公司,18
舟山,舟山京洲水产食品有限公司,firm,3,舟山京洲水产食品有限公司,19
舟山,舟山市博远科技开发有限公司,firm,3,舟山市博远科技开发有限公司,20
芜湖,奇瑞汽车股份有限公司,firm,1366,奇瑞汽车股份有限公司,1
芜湖,谈发来,individual,67,谈发来,2
芜湖,安徽华东光电技术研究所,research,66,安徽华东光电技术研究所,3
芜湖,安徽师范大学,univ,59,安徽师范大学,4
芜湖,陈恒树,individual,45,陈恒树,5
芜湖,芜湖新兴铸管有限责任公司,firm,34,芜湖新兴铸管有限责任公司,6
芜湖,芜湖盛力制动有限责任公司,firm,31,芜湖盛力制动有限责任公司,7
芜湖,谭建,individual,31,谭建,8
芜湖,安徽鑫龙电器股份有限公司,firm,26,安徽鑫龙电器股份有限公司,9
芜湖,中国人民解放军第五七二0工厂,firm,21,中国人民解放军第五七二0工厂,10
芜湖,胡素芳,individual,21,胡素芳,11
芜湖,商建忠,individual,20,商建忠,12
芜湖,芜湖博耐尔汽车电气系统有限公司,firm,20,芜湖博耐尔汽车电气系统有限公司,13
芜湖,芜湖杰锋汽车动力系统有限公司,firm,20,芜湖杰锋汽车动力系统有限公司,14
芜湖,安徽省芜湖仪器仪表研究所,research,17,安徽省芜湖仪器仪表研究所,15
芜湖,中航华东光电有限公司,firm,16,中航华东光电有限公司,16
芜湖,埃泰克汽车电子(芜湖)有限公司,firm,16,埃泰克汽车电子(芜湖)有限公司,17
芜湖,芜湖市金贸流体科技股份有限公司,firm,14,芜湖市金贸流体科技股份有限公司,18
芜湖,彭常安,individual,12,彭常安,19
芜湖,芜湖伯特利汽车安全系统有限公司,firm,12,芜湖伯特利汽车安全系统有限公司,20
苏州,苏州艾杰生物科技有限公司,firm,820,苏州艾杰生物科技有限公司,1
苏州,富士康(昆山)电脑接插件有限公司,firm,678,富士康(昆山)电脑接插件有限公司,2
苏州,苏州大学,univ,611,苏州大学,3
苏州,苏州宝时得电动工具有限公司,firm,293,苏州宝时得电动工具有限公司,4
苏州,华映视讯(吴江)有限公司,firm,244,华映视讯(吴江)有限公司,5
苏州,苏州佳世达电通有限公司,firm,200,苏州佳世达电通有限公司,6
苏州,友达光电(苏州)有限公司,firm,161,友达光电(苏州)有限公司,7
苏州,昆达电脑科技(昆山)有限公司,firm,161,昆达电脑科技(昆山)有限公司,8
苏州,苏州知微堂生物科技有限公司,firm,158,苏州知微堂生物科技有限公司,9
苏州,苏州明富自动化设备有限公司,firm,156,苏州明富自动化设备有限公司,10
苏州,汉达精密电子(昆山)有限公司,firm,128,汉达精密电子(昆山)有限公司,11
苏州,和舰科技(苏州)有限公司,firm,123,和舰科技(苏州)有限公司,12
苏州,苏州天臣国际医疗科技有限公司,firm,120,苏州天臣国际医疗科技有限公司,13
苏州,苏州市科创聚合物有限公司,firm,113,苏州市科创聚合物有限公司,14
苏州,好孩子儿童用品有限公司,firm,101,好孩子儿童用品有限公司,15
苏州,苏州苏铸成套装备制造有限公司,firm,101,苏州苏铸成套装备制造有限公司,16
苏州,苏州有色金属研究院有限公司,firm,100,苏州有色金属研究院有限公司,17
苏州,中国科学院苏州纳米技术与纳米仿生研究所,univ,97,中国科学院苏州纳米技术与纳米仿生研究所,18
苏州,昆山龙腾光电有限公司,firm,94,昆山龙腾光电有限公司,19
苏州,吴江市东塔鞋业有限公司,firm,88,吴江市东塔鞋业有限公司,20
茂名,茂名学院,univ,29,茂名学院,1
茂名,广东石油化工学院,univ,15,广东石油化工学院,2
茂名,茂名重力石化机械制造有限公司,firm,10,茂名重力石化机械制造有限公司,3
茂名,张华文,individual,9,张华文,4
茂名,李继福,individual,7,李继福,5
茂名,谢世庚,individual,7,谢世庚,6
茂名,茂名市茂南三高渔业发展有限公司,firm,6,茂名市茂南三高渔业发展有限公司,7
茂名,李林风,individual,5,李林风,8
茂名,广东康尔美医疗器械有限公司,firm,4,广东康尔美医疗器械有限公司,9
茂名,广东新华粤石化股份有限公司,firm,4,广东新华粤石化股份有限公司,10
茂名,李活,individual,4,李活,11
茂名,杨春华,individual,4,杨春华,12
茂名,茂名实华东成化工有限公司,firm,4,茂名实华东成化工有限公司,13
茂名,茂名市银华高岭土实业有限公司,firm,4,茂名市银华高岭土实业有限公司,14
茂名,广东众和化塑有限公司,firm,3,广东众和化塑有限公司,15
茂名,广东电网公司茂名供电局,firm,3,广东电网公司茂名供电局,16
茂名,梁振美,individual,3,梁振美,17
茂名,蔡亚景,individual,3,蔡亚景,18
茂名,邓国华,individual,3,邓国华,19
茂名,黎宗圣,individual,3,黎宗圣,20
荆州,长江大学,univ,50,长江大学,1
荆州,凌建军,individual,37,凌建军,2
荆州,刘金远,individual,31,刘金远,3
荆州,李新发,individual,20,李新发,4
荆州,中国水产科学研究院长江水产研究所,research,18,中国水产科学研究院长江水产研究所,5
荆州,沙隆达集团公司,firm,10,沙隆达集团公司,6
荆州,湖北华丽染料工业有限公司,firm,9,湖北华丽染料工业有限公司,7
荆州,湖北新生源生物工程股份有限公司,firm,7,湖北新生源生物工程股份有限公司,8
荆州,丽源(湖北)科技有限公司,firm,6,丽源(湖北)科技有限公司,9
荆州,中国石化集团江汉石油管理局第四机械厂,firm,5,中国石化集团江汉石油管理局第四机械厂,10
荆州,四机赛瓦石油钻采设备有限公司,firm,5,四机赛瓦石油钻采设备有限公司,11
荆州,谢俊,individual,5,谢俊,12
荆州,湖北能特科技股份有限公司,firm,4,湖北能特科技股份有限公司,13
荆州,荆州市新力大风车食品有限公司,firm,4,荆州市新力大风车食品有限公司,14
荆州,荆州环宇汽车零部件有限公司,firm,4,荆州环宇汽车零部件有限公司,15
荆州,袁玲,individual,4,袁玲,16
荆州,别道平,individual,3,别道平,17
荆州,李宽义,individual,3,李宽义,18
荆州,法雷奥汽车空调湖北有限公司,firm,3,法雷奥汽车空调湖北有限公司,19
荆州,湖北凯乐科技股份有限公司,firm,3,湖北凯乐科技股份有限公司,20
荆门,张修贵,individual,8,张修贵,1
荆门,罗国平,individual,8,罗国平,2
荆门,范明星,individual,8,范明星,3
荆门,贺琴,individual,8,贺琴,4
荆门,赵秀玲,individual,8,赵秀玲,5
荆门,钟祥市新宇机电制造有限公司,firm,8,钟祥市新宇机电制造有限公司,6
荆门,鲁志强,individual,7,鲁志强,7
荆门,李之洲,individual,6,李之洲,8
荆门,李卫华,individual,6,李卫华,9
荆门,孔繁采,individual,5,孔繁采,10
荆门,中国特种飞行器研究所,research,4,中国特种飞行器研究所,11
荆门,吴道立,individual,4,吴道立,12
荆门,孔敏,individual,4,孔敏,13
荆门,摩根凯龙(荆门)热陶瓷有限公司,firm,4,摩根凯龙(荆门)热陶瓷有限公司,14
荆门,杨静云,individual,4,杨静云,15
荆门,湖北京山轻工机械股份有限公司,firm,4,湖北京山轻工机械股份有限公司,16
荆门,湖北新美香食品有限公司,firm,4,湖北新美香食品有限公司,17
荆门,鲁洪,individual,4,鲁洪,18
荆门,周福伟,individual,3,周福伟,19
荆门,湖北凯龙化工集团股份有限公司,firm,3,湖北凯龙化工集团股份有限公司,20
莆田,刘文祥,individual,23,刘文祥,1
莆田,福建正源饲料有限公司,firm,11,福建正源饲料有限公司,2
莆田,三棵树涂料股份有限公司,firm,8,三棵树涂料股份有限公司,3
莆田,福建中科万邦光电股份有限公司,firm,8,福建中科万邦光电股份有限公司,4
莆田,方志雄,individual,6,方志雄,5
莆田,福建新世纪电子材料有限公司,firm,6,福建新世纪电子材料有限公司,6
莆田,张国王,individual,4,张国王,7
莆田,徐飞鹤,individual,4,徐飞鹤,8
莆田,林天华,individual,4,林天华,9
莆田,福建省万邦光电科技有限公司,firm,4,福建省万邦光电科技有限公司,10
莆田,福建省莆田市中涵机动力有限公司,firm,4,福建省莆田市中涵机动力有限公司,11
莆田,莆田市城厢区星华电子模具有限公司,firm,4,莆田市城厢区星华电子模具有限公司,12
莆田,林寒清,individual,3,林寒清,13
莆田,福建省洪诚生物药业有限公司,firm,3,福建省洪诚生物药业有限公司,14
莆田,叶羽经,individual,2,叶羽经,15
莆田,吴丹凤,individual,2,吴丹凤,16
莆田,李国平,individual,2,李国平,17
莆田,林国全,individual,2,林国全,18
莆田,林秀椿,individual,2,林秀椿,19
莆田,福建众和股份有限公司,firm,2,福建众和股份有限公司,20
菏泽,山东方明药业股份有限公司,firm,35,山东方明药业股份有限公司,1
菏泽,韩世昌,individual,14,韩世昌,2
菏泽,乔聚生,individual,12,乔聚生,3
菏泽,菏泽金正大生态工程有限公司,firm,12,菏泽金正大生态工程有限公司,4
菏泽,宋强,individual,11,宋强,5
菏泽,山东达驰电气有限公司,firm,9,山东达驰电气有限公司,6
菏泽,李敏,individual,8,李敏,7
菏泽,袁显兰,individual,8,袁显兰,8
菏泽,郭庆松,individual,8,郭庆松,9
菏泽,刘兵,individual,7,刘兵,10
菏泽,刘福启,individual,7,刘福启,11
菏泽,孙明杰,individual,7,孙明杰,12
菏泽,山东华信制药集团股份有限公司,firm,7,山东华信制药集团股份有限公司,13
菏泽,山东步长制药有限公司,firm,7,山东步长制药有限公司,14
菏泽,山东洪业化工集团有限公司,firm,7,山东洪业化工集团有限公司,15
菏泽,袁东明,individual,7,袁东明,16
菏泽,山东博奥华干馏炉研发有限公司,firm,6,山东博奥华干馏炉研发有限公司,17
菏泽,张桂松,individual,6,张桂松,18
菏泽,曹县精锐机械锁业有限公司,firm,6,曹县精锐机械锁业有限公司,19
菏泽,李明,individual,6,李明,20
萍乡,姚光纯,individual,22,姚光纯,1
萍乡,倪国森,individual,9,倪国森,2
萍乡,江西天使烟火科技发展有限公司,firm,8,江西天使烟火科技发展有限公司,3
萍乡,李凯,individual,5,李凯,4
萍乡,文鹏飞,individual,4,文鹏飞,5
萍乡,汤苏云,individual,3,汤苏云,6
萍乡,陈焕龙,individual,3,陈焕龙,7
萍乡,三瑞科技(江西)有限公司,firm,2,三瑞科技(江西)有限公司,8
萍乡,吴汉阳,individual,2,吴汉阳,9
萍乡,彭德远,individual,2,彭德远,10
萍乡,彭海泉,individual,2,彭海泉,11
萍乡,易国松,individual,2,易国松,12
萍乡,李日政,individual,2,李日政,13
萍乡,欧阳贵明,individual,2,欧阳贵明,14
萍乡,江西强联电瓷股份有限公司,firm,2,江西强联电瓷股份有限公司,15
萍乡,萍乡市新安工业有限责任公司,firm,2,萍乡市新安工业有限责任公司,16
萍乡,谢振杨,individual,2,谢振杨,17
萍乡,赖祖明,individual,2,赖祖明,18
萍乡,何干清,individual,1,何干清,19
萍乡,刘仁军,individual,1,刘仁军,20
营口,陈耕田,individual,42,陈耕田,1
营口,孙新龙,individual,25,孙新龙,2
营口,薛忠运,individual,21,薛忠运,3
营口,王克涛,individual,16,王克涛,4
营口,营口东邦冶金设备耐材有限公司,firm,16,营口东邦冶金设备耐材有限公司,5
营口,刘兴廉,individual,14,刘兴廉,6
营口,王恩清,individual,14,王恩清,7
营口,蓝家瑞,individual,14,蓝家瑞,8
营口,宋朋泽,individual,13,宋朋泽,9
营口,游勇,individual,11,游勇,10
营口,刘金忠,individual,10,刘金忠,11
营口,王涛,individual,9,王涛,12
营口,营口市风光化工有限公司,firm,6,营口市风光化工有限公司,13
营口,刘恒利,individual,5,刘恒利,14
营口,李新宇,individual,5,李新宇,15
营口,营口之光创新咨询有限公司,firm,5,营口之光创新咨询有限公司,16
营口,营口巨成教学科技开发有限公司,firm,5,营口巨成教学科技开发有限公司,17
营口,辽宁中邦高新技术发展有限公司,firm,5,辽宁中邦高新技术发展有限公司,18
营口,孙国文,individual,4,孙国文,19
营口,营口艾特科技有限公司,firm,4,营口艾特科技有限公司,20
葫芦岛,渤海船舶重工有限责任公司,firm,15,渤海船舶重工有限责任公司,1
葫芦岛,葫芦岛锌业股份有限公司,firm,9,葫芦岛锌业股份有限公司,2
葫芦岛,杜洋,individual,7,杜洋,3
葫芦岛,葫芦岛国帝药业有限责任公司,firm,7,葫芦岛国帝药业有限责任公司,4
葫芦岛,锦西化工研究院,research,7,锦西化工研究院,5
葫芦岛,葫芦岛辉宏有色金属有限公司,firm,6,葫芦岛辉宏有色金属有限公司,6
葫芦岛,中国农业科学院果树研究所,univ,5,中国农业科学院果树研究所,7
葫芦岛,李学员,other,5,李学员,8
葫芦岛,渤海造船厂集团有限公司,firm,5,渤海造船厂集团有限公司,9
葫芦岛,孙玉生,individual,4,孙玉生,10
葫芦岛,石殿来,individual,4,石殿来,11
葫芦岛,葫芦岛东方实业有限公司,firm,4,葫芦岛东方实业有限公司,12
葫芦岛,辽宁胜吉科技发展有限公司,firm,4,辽宁胜吉科技发展有限公司,13
葫芦岛,中冶葫芦岛有色金属集团有限公司,firm,3,中冶葫芦岛有色金属集团有限公司,14
葫芦岛,兴城菊花岛海产品有限公司,firm,3,兴城菊花岛海产品有限公司,15
葫芦岛,刘广文,individual,3,刘广文,16
葫芦岛,固康春,individual,3,固康春,17
葫芦岛,姚德龙,individual,3,姚德龙,18
葫芦岛,张永存,individual,3,张永存,19
葫芦岛,王鲸栋,individual,3,王鲸栋,20
蚌埠,安徽丰原发酵技术工程研究有限公司,firm,97,安徽丰原发酵技术工程研究有限公司,1
蚌埠,蚌埠丰原涂山制药有限公司,firm,43,蚌埠丰原涂山制药有限公司,2
蚌埠,安徽中烟工业公司,firm,29,安徽中烟工业公司,3
蚌埠,蚌埠丰原医药科技发展有限公司,firm,28,蚌埠丰原医药科技发展有限公司,4
蚌埠,华东光电集成器件研究所,research,27,华东光电集成器件研究所,5
蚌埠,中国电子科技集团公司第四十一研究所,firm,26,中国电子科技集团公司第四十一研究所,6
蚌埠,李三猛,individual,22,李三猛,7
蚌埠,安徽汇精模具研发科技有限公司,firm,16,安徽汇精模具研发科技有限公司,8
蚌埠,中粮生物化学(安徽)股份有限公司,firm,15,中粮生物化学(安徽)股份有限公司,9
蚌埠,唐兴龙,individual,14,唐兴龙,10
蚌埠,安徽泰格生物技术股份有限公司,firm,14,安徽泰格生物技术股份有限公司,11
蚌埠,成祖双,individual,14,成祖双,12
蚌埠,安徽丰原生物化学股份有限公司,firm,13,安徽丰原生物化学股份有限公司,13
蚌埠,中国建材国际工程有限公司,firm,12,中国建材国际工程有限公司,14
蚌埠,邵为旭,individual,12,邵为旭,15
蚌埠,配天(安徽)电子技术有限公司,firm,12,配天(安徽)电子技术有限公司,16
蚌埠,黄宇嵩,individual,12,黄宇嵩,17
蚌埠,常先苗,individual,11,常先苗,18
蚌埠,蚌埠通达汽车零部件有限公司,firm,11,蚌埠通达汽车零部件有限公司,19
蚌埠,李跃,individual,10,李跃,20
衡水,王志明,individual,16,王志明,1
衡水,王俊强,individual,12,王俊强,2
衡水,丁兴民,individual,6,丁兴民,3
衡水,刘坤,individual,6,刘坤,4
衡水,彭俊超,individual,6,彭俊超,5
衡水,赵书全,individual,6,赵书全,6
衡水,夏立元,individual,5,夏立元,7
衡水,仝国磊,individual,4,仝国磊,8
衡水,张保发,individual,4,张保发,9
衡水,张广强,individual,4,张广强,10
衡水,曹小鹏,individual,4,曹小鹏,11
衡水,河北精信化工集团有限公司,firm,4,河北精信化工集团有限公司,12
衡水,王长立,individual,4,王长立,13
衡水,衡水供电公司,firm,4,衡水供电公司,14
衡水,衡水大禹工程橡塑科技开发有限公司,firm,4,衡水大禹工程橡塑科技开发有限公司,15
衡水,冀州市中意复合材料有限公司,firm,3,冀州市中意复合材料有限公司,16
衡水,吕松新,individual,3,吕松新,17
衡水,河北佰特橡胶有限公司,firm,3,河北佰特橡胶有限公司,18
衡水,河北省农林科学院旱作农业研究所,univ,3,河北省农林科学院旱作农业研究所,19
衡水,河北联冠电极股份有限公司,firm,3,河北联冠电极股份有限公司,20
衡阳,南华大学,univ,25,南华大学,1
衡阳,田陆,individual,20,田陆,2
衡阳,湖南天雁机械有限责任公司,firm,15,湖南天雁机械有限责任公司,3
衡阳,湖南机油泵股份有限公司,firm,14,湖南机油泵股份有限公司,4
衡阳,衡阳华菱连轧管有限公司,firm,14,衡阳华菱连轧管有限公司,5
衡阳,衡阳华菱钢管有限公司,firm,14,衡阳华菱钢管有限公司,6
衡阳,王润湘,individual,8,王润湘,7
衡阳,衡阳师范学院,univ,8,衡阳师范学院,8
衡阳,衡阳风顺车桥有限公司,firm,7,衡阳风顺车桥有限公司,9
衡阳,李少华,individual,6,李少华,10
衡阳,湖南共创光伏科技有限公司,firm,6,湖南共创光伏科技有限公司,11
衡阳,特变电工衡阳变压器有限公司,firm,6,特变电工衡阳变压器有限公司,12
衡阳,田志恒,individual,6,田志恒,13
衡阳,紫光古汉集团股份有限公司,firm,6,紫光古汉集团股份有限公司,14
衡阳,衡阳中微科技开发有限公司,firm,6,衡阳中微科技开发有限公司,15
衡阳,湖南顺信生物科技有限公司,firm,5,湖南顺信生物科技有限公司,16
衡阳,王宏丁,individual,5,王宏丁,17
衡阳,中钢集团衡阳重机有限公司,firm,4,中钢集团衡阳重机有限公司,18
衡阳,杨新华,individual,4,杨新华,19
衡阳,湖南金杯电缆有限公司,firm,4,湖南金杯电缆有限公司,20
衢州,吴伟明,individual,22,吴伟明,1
衢州,周开根,individual,20,周开根,2
衢州,饶建明,individual,19,饶建明,3
衢州,巨化集团公司,firm,18,巨化集团公司,4
衢州,林景春,individual,9,林景春,5
衢州,浙江硅宏电子科技有限公司,firm,9,浙江硅宏电子科技有限公司,6
衢州,谭亚辉,individual,8,谭亚辉,7
衢州,陈洪法,individual,8,陈洪法,8
衢州,张云霞,individual,7,张云霞,9
衢州,刘灵通,individual,6,刘灵通,10
衢州,杨国建,individual,6,杨国建,11
衢州,浙江凯丰纸业有限公司,firm,6,浙江凯丰纸业有限公司,12
衢州,浙江富盛控股集团有限公司,firm,6,浙江富盛控股集团有限公司,13
衢州,袁建华,individual,6,袁建华,14
衢州,郜勇军,individual,6,郜勇军,15
衢州,汪一平,individual,5,汪一平,16
衢州,浙江亿思达显示科技有限公司,firm,5,浙江亿思达显示科技有限公司,17
衢州,浙江名芯半导体科技有限公司,firm,5,浙江名芯半导体科技有限公司,18
衢州,浙江科力印业新技术发展有限公司,firm,5,浙江科力印业新技术发展有限公司,19
衢州,胡维民,individual,5,胡维民,20
襄阳,襄樊学院,univ,135,襄樊学院,1
襄阳,襄樊金鹰轨道车辆有限责任公司,firm,25,襄樊金鹰轨道车辆有限责任公司,2
襄阳,际华三五四二纺织有限公司,firm,23,际华三五四二纺织有限公司,3
襄阳,南车襄樊机车有限公司,firm,16,南车襄樊机车有限公司,4
襄阳,湖北新华光信息材料股份有限公司,firm,16,湖北新华光信息材料股份有限公司,5
襄阳,新兴重工湖北三六一一机械有限公司,firm,14,新兴重工湖北三六一一机械有限公司,6
襄阳,晴雯,individual,14,晴雯,7
襄阳,中国航天科技集团公司第四研究院第四十二所,firm,11,中国航天科技集团公司第四研究院第四十二所,8
襄阳,航宇救生装备有限公司,firm,11,航宇救生装备有限公司,9
襄阳,襄樊五二五泵业有限公司,firm,11,襄樊五二五泵业有限公司,10
襄阳,襄樊市博亚机械有限公司,firm,11,襄樊市博亚机械有限公司,11
襄阳,湖北新华光信息材料有限公司,firm,10,湖北新华光信息材料有限公司,12
襄阳,南车洛阳机车有限公司,firm,9,南车洛阳机车有限公司,13
襄阳,湖北回天胶业股份有限公司,firm,9,湖北回天胶业股份有限公司,14
襄阳,湖北新火炬科技股份有限公司,firm,9,湖北新火炬科技股份有限公司,15
襄阳,东风德纳车桥有限公司,firm,8,东风德纳车桥有限公司,16
襄阳,周菲菲,individual,8,周菲菲,17
襄阳,襄樊新四五印染有限责任公司,firm,8,襄樊新四五印染有限责任公司,18
襄阳,彭鑫港,individual,7,彭鑫港,19
襄阳,襄樊博亚精工机器有限公司,firm,7,襄樊博亚精工机器有限公司,20
西双版纳傣族自治州,西双版纳傣族自治州民族医药研究所,research,10,西双版纳傣族自治州民族医药研究所,1
西双版纳傣族自治州,汉麻产业投资控股有限公司,firm,8,汉麻产业投资控股有限公司,2
西双版纳傣族自治州,云南勐象竹业有限公司,firm,5,云南勐象竹业有限公司,3
西双版纳傣族自治州,云南省热带作物科学研究所,research,4,云南省热带作物科学研究所,4
西双版纳傣族自治州,西双版纳版纳药业有限责任公司,firm,4,西双版纳版纳药业有限责任公司,5
西双版纳傣族自治州,李定忠,individual,3,李定忠,6
西双版纳傣族自治州,云南省农业科学院茶叶研究所,univ,2,云南省农业科学院茶叶研究所,7
西双版纳傣族自治州,刀玉丹,individual,2,刀玉丹,8
西双版纳傣族自治州,吴锦华,individual,2,吴锦华,9
西双版纳傣族自治州,乔昕,individual,1,乔昕,10
西双版纳傣族自治州,云南红土生源药用生物科技开发有限公司,firm,1,云南红土生源药用生物科技开发有限公司,11
西双版纳傣族自治州,云南纳西泉食品饮料有限责任公司,firm,1,云南纳西泉食品饮料有限责任公司,12
西双版纳傣族自治州,何汝桥,individual,1,何汝桥,13
西双版纳傣族自治州,刘丰,individual,1,刘丰,14
西双版纳傣族自治州,刘芳,individual,1,刘芳,15
西双版纳傣族自治州,勐海县云茶科技有限责任公司,firm,1,勐海县云茶科技有限责任公司,16
西双版纳傣族自治州,朱富银,individual,1,朱富银,17
西双版纳傣族自治州,桂兰仙,individual,1,桂兰仙,18
西双版纳傣族自治州,王树山,individual,1,王树山,19
西双版纳傣族自治州,苟高平,individual,1,苟高平,20
西宁,中国科学院青海盐湖研究所,univ,73,中国科学院青海盐湖研究所,1
西宁,中国科学院西北高原生物研究所,univ,52,中国科学院西北高原生物研究所,2
西宁,陶财德,individual,25,陶财德,3
西宁,苟春虎,individual,20,苟春虎,4
西宁,西部矿业股份有限公司,firm,16,西部矿业股份有限公司,5
西宁,邢玉明,individual,13,邢玉明,6
西宁,青海电力科学试验研究院,research,11,青海电力科学试验研究院,7
西宁,青海康普生物科技股份有限公司,firm,9,青海康普生物科技股份有限公司,8
西宁,青海大学,univ,8,青海大学,9
西宁,黄国宏,individual,8,黄国宏,10
西宁,青海清华博众生物技术有限公司,firm,7,青海清华博众生物技术有限公司,11
西宁,青海省格拉丹东药业有限公司,firm,5,青海省格拉丹东药业有限公司,12
西宁,青海西部矿业科技有限公司,firm,5,青海西部矿业科技有限公司,13
西宁,史建全,individual,4,史建全,14
西宁,铁生年,individual,4,铁生年,15
西宁,闫涛,individual,4,闫涛,16
西宁,陈元涛,individual,4,陈元涛,17
西宁,青海师范大学,univ,4,青海师范大学,18
西宁,青海物通(集团)实业有限公司,firm,4,青海物通(集团)实业有限公司,19
西宁,青海青美生物资源研究开发有限公司,firm,4,青海青美生物资源研究开发有限公司,20
西安,西安交通大学,univ,1337,西安交通大学,1
西安,西北工业大学,univ,852,西北工业大学,2
西安,西安电子科技大学,univ,807,西安电子科技大学,3
西安,陕西科技大学,univ,720,陕西科技大学,4
西安,西安理工大学,univ,278,西安理工大学,5
西安,中国人民解放军第四军医大学,univ,258,中国人民解放军第四军医大学,6
西安,长安大学,univ,257,长安大学,7
西安,西安建筑科技大学,univ,255,西安建筑科技大学,8
西安,中国科学院西安光学精密机械研究所,univ,187,中国科学院西安光学精密机械研究所,9
西安,陕西师范大学,univ,177,陕西师范大学,10
西安,无敌科技(西安)有限公司,firm,164,无敌科技(西安)有限公司,11
西安,西安金和光学科技有限公司,firm,157,西安金和光学科技有限公司,12
西安,西北有色金属研究院,research,155,西北有色金属研究院,13
西安,西北大学,univ,139,西北大学,14
西安,西安近代化学研究所,research,139,西安近代化学研究所,15
西安,中国西电电气股份有限公司,firm,122,中国西电电气股份有限公司,16
西安,西安信唯信息科技有限公司,firm,102,西安信唯信息科技有限公司,17
西安,西安石油大学,univ,85,西安石油大学,18
西安,西安工程大学,univ,84,西安工程大学,19
西安,西安西电捷通无线网络通信有限公司,firm,82,西安西电捷通无线网络通信有限公司,20
许昌,河南省电力公司许昌供电公司,firm,73,河南省电力公司许昌供电公司,1
许昌,河南新天地药业有限公司,firm,42,河南新天地药业有限公司,2
许昌,许继集团有限公司,firm,40,许继集团有限公司,3
许昌,河南瑞贝卡发制品股份有限公司,firm,26,河南瑞贝卡发制品股份有限公司,4
许昌,河南新天地药业股份有限公司,firm,22,河南新天地药业股份有限公司,5
许昌,河南鸿昌电子有限公司,firm,19,河南鸿昌电子有限公司,6
许昌,张军才,individual,15,张军才,7
许昌,河南众品食业股份有限公司,firm,15,河南众品食业股份有限公司,8
许昌,河南森源电气股份有限公司,firm,13,河南森源电气股份有限公司,9
许昌,河南黄河旋风股份有限公司,firm,13,河南黄河旋风股份有限公司,10
许昌,河南省长葛市新能源研究所,research,12,河南省长葛市新能源研究所,11
许昌,王德荣,individual,11,王德荣,12
许昌,许昌恒源发制品股份有限公司,firm,11,许昌恒源发制品股份有限公司,13
许昌,河南久大电子电器有限公司,firm,10,河南久大电子电器有限公司,14
许昌,河南德信电瓷有限公司,firm,9,河南德信电瓷有限公司,15
许昌,河南省今派实业有限公司,firm,9,河南省今派实业有限公司,16
许昌,河南许绝电工绝缘材料有限公司,firm,9,河南许绝电工绝缘材料有限公司,17
许昌,河南爱迪德电力设备有限责任公司,firm,8,河南爱迪德电力设备有限责任公司,18
许昌,刘卫东,individual,7,刘卫东,19
许昌,禹州市森源本草天然产物有限公司,firm,7,禹州市森源本草天然产物有限公司,20
贵港,广西安泰化工有限责任公司,firm,5,广西安泰化工有限责任公司,1
贵港,曾梓,individual,4,曾梓,2
贵港,广西源安堂药业有限公司,firm,3,广西源安堂药业有限公司,3
贵港,梁运富,individual,3,梁运富,4
贵港,黄伟,individual,3,黄伟,5
贵港,广西贵港市群星电缆有限公司,firm,2,广西贵港市群星电缆有限公司,6
贵港,汪大汪,individual,2,汪大汪,7
贵港,陈万利,individual,2,陈万利,8
贵港,何虹兑,individual,1,何虹兑,9
贵港,刘金华,individual,1,刘金华,10
贵港,向金健,individual,1,向金健,11
贵港,广西五菱福达车辆有限公司,firm,1,广西五菱福达车辆有限公司,12
贵港,广西巴帝食品有限责任公司,firm,1,广西巴帝食品有限责任公司,13
贵港,广西科穗环境科技有限公司,firm,1,广西科穗环境科技有限公司,14
贵港,广西贵港联合收割机有限公司,firm,1,广西贵港联合收割机有限公司,15
贵港,广西贵糖(集团)股份有限公司,firm,1,广西贵糖(集团)股份有限公司,16
贵港,广西远辰锰业有限公司,firm,1,广西远辰锰业有限公司,17
贵港,张海生,individual,1,张海生,18
贵港,曾华,individual,1,曾华,19
贵港,李列明,individual,1,李列明,20
贵阳,贵阳铝镁设计研究院,research,238,贵阳铝镁设计研究院,1
贵阳,贵州大学,univ,212,贵州大学,2
贵阳,瓮福(集团)有限责任公司,firm,157,瓮福(集团)有限责任公司,3
贵阳,贵州华科铝材料工程技术研究有限公司,firm,111,贵州华科铝材料工程技术研究有限公司,4
贵阳,贵阳铝镁设计研究院有限公司,firm,92,贵阳铝镁设计研究院有限公司,5
贵阳,贵州航天电器股份有限公司,firm,49,贵州航天电器股份有限公司,6
贵阳,贵州益佰制药股份有限公司,firm,30,贵州益佰制药股份有限公司,7
贵阳,贵州中烟工业有限责任公司,firm,25,贵州中烟工业有限责任公司,8
贵阳,国家复合改性聚合物材料工程技术研究中心,research,24,国家复合改性聚合物材料工程技术研究中心,9
贵阳,贵州省建筑材料科学研究设计院,research,23,贵州省建筑材料科学研究设计院,10
贵阳,中国科学院地球化学研究所,univ,20,中国科学院地球化学研究所,11
贵阳,中国移动通信集团贵州有限公司,firm,19,中国移动通信集团贵州有限公司,12
贵阳,贵州师范大学,univ,19,贵州师范大学,13
贵阳,南方汇通股份有限公司,firm,18,南方汇通股份有限公司,14
贵阳,贵州信邦制药股份有限公司,firm,18,贵州信邦制药股份有限公司,15
贵阳,贵州电力试验研究院,research,18,贵州电力试验研究院,16
贵阳,贵州红林机械有限公司,firm,17,贵州红林机械有限公司,17
贵阳,贵州久联民爆器材发展股份有限公司,firm,15,贵州久联民爆器材发展股份有限公司,18
贵阳,贵阳医学院,univ,15,贵阳医学院,19
贵阳,贵阳柏丝特化工有限公司,firm,15,贵阳柏丝特化工有限公司,20
贺州,广西贺州市桂东电子科技有限责任公司,firm,14,广西贺州市桂东电子科技有限责任公司,1
贺州,蒋科化,individual,9,蒋科化,2
贺州,李先兰,individual,7,李先兰,3
贺州,贺州学院,univ,7,贺州学院,4
贺州,广西钟山长城矿山机械厂,firm,6,广西钟山长城矿山机械厂,5
贺州,柳延东,individual,6,柳延东,6
贺州,仲景林,individual,5,仲景林,7
贺州,蒋科富,individual,5,蒋科富,8
贺州,蒋科罡,individual,5,蒋科罡,9
贺州,钟桂英,individual,5,钟桂英,10
贺州,陈花娇,individual,5,陈花娇,11
贺州,广西真龙彩印包装有限公司,firm,4,广西真龙彩印包装有限公司,12
贺州,张雅静,individual,4,张雅静,13
贺州,周维武,individual,3,周维武,14
贺州,黄义干,individual,3,黄义干,15
贺州,黄景诚,individual,3,黄景诚,16
贺州,广西贺州玖典科技发展有限公司,firm,2,广西贺州玖典科技发展有限公司,17
贺州,莫启令,individual,2,莫启令,18
贺州,陈高明,individual,2,陈高明,19
贺州,刘双度,individual,1,刘双度,20
资阳,南车资阳机车有限公司,firm,13,南车资阳机车有限公司,1
资阳,四川禾邦阳光制药股份有限公司,firm,10,四川禾邦阳光制药股份有限公司,2
资阳,四川空分设备(集团)有限责任公司,firm,10,四川空分设备(集团)有限责任公司,3
资阳,四川轮胎橡胶(集团)股份有限公司,firm,9,四川轮胎橡胶(集团)股份有限公司,4
资阳,余义伦,individual,6,余义伦,5
资阳,四川珍珠制药有限公司,firm,6,四川珍珠制药有限公司,6
资阳,四川正东农牧集团有限责任公司,firm,4,四川正东农牧集团有限责任公司,7
资阳,四川省杨森乳业有限责任公司,firm,4,四川省杨森乳业有限责任公司,8
资阳,吴国成,individual,3,吴国成,9
资阳,四川天虎工具有限责任公司,firm,3,四川天虎工具有限责任公司,10
资阳,四川省农业科学院经济作物育种栽培研究所,univ,3,四川省农业科学院经济作物育种栽培研究所,11
资阳,岳亮,individual,3,岳亮,12
资阳,李兵,individual,3,李兵,13
资阳,詹朝润,individual,3,詹朝润,14
资阳,四川国光农化股份有限公司,firm,2,四川国光农化股份有限公司,15
资阳,四川大千药业有限公司,firm,2,四川大千药业有限公司,16
资阳,四川杰特机器有限公司,firm,2,四川杰特机器有限公司,17
资阳,田均,individual,2,田均,18
资阳,蒋万文,individual,2,蒋万文,19
资阳,谭明中,other,2,谭明中,20
赣州,江西理工大学,univ,41,江西理工大学,1
赣州,江西山香药业有限公司,firm,27,江西山香药业有限公司,2
赣州,江西青峰药业有限公司,firm,10,江西青峰药业有限公司,3
赣州,汤科儿,individual,9,汤科儿,4
赣州,涂鸿,individual,9,涂鸿,5
赣州,赣州虔东稀土集团股份有限公司,firm,7,赣州虔东稀土集团股份有限公司,6
赣州,张贵华,individual,6,张贵华,7
赣州,杜子曦,individual,6,杜子曦,8
赣州,唐东升,individual,5,唐东升,9
赣州,崇义章源钨业股份有限公司,firm,5,崇义章源钨业股份有限公司,10
赣州,江西省龙钇重稀土材料有限责任公司,firm,5,江西省龙钇重稀土材料有限责任公司,11
赣州,夏京,individual,4,夏京,12
赣州,朱壹,individual,4,朱壹,13
赣州,杜俊明,individual,4,杜俊明,14
赣州,穆诗智,individual,4,穆诗智,15
赣州,赣州菊隆高科技实业有限公司,firm,4,赣州菊隆高科技实业有限公司,16
赣州,龙南龙钇重稀土科技股份有限公司,firm,4,龙南龙钇重稀土科技股份有限公司,17
赣州,张建玲,individual,3,张建玲,18
赣州,曾永斌,individual,3,曾永斌,19
赣州,江西明达功能材料有限责任公司,firm,3,江西明达功能材料有限责任公司,20
赤峰,李国辉,individual,20,李国辉,1
赤峰,赤峰天奇制药有限责任公司,firm,7,赤峰天奇制药有限责任公司,2
赤峰,韩玉祥,individual,7,韩玉祥,3
赤峰,内蒙古草原兴发食品有限公司,firm,5,内蒙古草原兴发食品有限公司,4
赤峰,张然,individual,5,张然,5
赤峰,赤峰制药股份有限公司,firm,5,赤峰制药股份有限公司,6
赤峰,王俊斗,individual,4,王俊斗,7
赤峰,赤峰博恩药业有限公司,firm,4,赤峰博恩药业有限公司,8
赤峰,佘运强,individual,3,佘运强,9
赤峰,内蒙古宁城天宇化工有限公司,firm,3,内蒙古宁城天宇化工有限公司,10
赤峰,冯全君,individual,3,冯全君,11
赤峰,刘艳昭,individual,3,刘艳昭,12
赤峰,吴晓彤,individual,3,吴晓彤,13
赤峰,姜文平,individual,3,姜文平,14
赤峰,张博雅,individual,3,张博雅,15
赤峰,张吉越,individual,3,张吉越,16
赤峰,张杉,individual,3,张杉,17
赤峰,林树芳,individual,3,林树芳,18
赤峰,白一求,individual,3,白一求,19
赤峰,许尧,individual,3,许尧,20
辽源,吉林麦达斯铝业有限公司,firm,4,吉林麦达斯铝业有限公司,1
辽源,刘金山,individual,3,刘金山,2
辽源,吉林省东丰药业股份有限公司,firm,3,吉林省东丰药业股份有限公司,3
辽源,吉林省元隆达工装设备有限公司,firm,3,吉林省元隆达工装设备有限公司,4
辽源,辽源市麒鸣生物技术综合开发有限公司,firm,3,辽源市麒鸣生物技术综合开发有限公司,5
辽源,刘刚,individual,2,刘刚,6
辽源,吉林利源铝业股份有限公司,firm,2,吉林利源铝业股份有限公司,7
辽源,吉林省鸿源机床制造有限责任公司,firm,2,吉林省鸿源机床制造有限责任公司,8
辽源,王延海,individual,2,王延海,9
辽源,刘宇翔,individual,1,刘宇翔,10
辽源,吉林省博大伟业制药有限公司,firm,1,吉林省博大伟业制药有限公司,11
辽源,吉林省博大制药有限责任公司,firm,1,吉林省博大制药有限责任公司,12
辽源,吉林省希玛生物科技有限公司,firm,1,吉林省希玛生物科技有限公司,13
辽源,夏中军,other,1,夏中军,14
辽源,姜伟,individual,1,姜伟,15
辽源,孙凯,individual,1,孙凯,16
辽源,孙广立,individual,1,孙广立,17
辽源,孙晓东,individual,1,孙晓东,18
辽源,孙玉林,individual,1,孙玉林,19
辽源,宋利刚,individual,1,宋利刚,20
辽阳,辽宁奥克化学股份有限公司,firm,17,辽宁奥克化学股份有限公司,1
辽阳,辽阳石化机械设计制造有限公司,firm,14,辽阳石化机械设计制造有限公司,2
辽阳,王吉广,individual,11,王吉广,3
辽阳,王际威,individual,7,王际威,4
辽阳,高莹,individual,6,高莹,5
辽阳,刘洪锁,individual,5,刘洪锁,6
辽阳,刘胜群,individual,5,刘胜群,7
辽阳,周立军,individual,5,周立军,8
辽阳,孙会民,other,5,孙会民,9
辽阳,孙情为,individual,5,孙情为,10
辽阳,李国忠,individual,5,李国忠,11
辽阳,沈阳工业大学,univ,5,沈阳工业大学,12
辽阳,赵仁理,individual,5,赵仁理,13
辽阳,何利,individual,4,何利,14
辽阳,尼起鑫,individual,4,尼起鑫,15
辽阳,王及元,individual,4,王及元,16
辽阳,王延杰,individual,4,王延杰,17
辽阳,盖连发,individual,4,盖连发,18
辽阳,辽宁益康生物制品有限公司,firm,4,辽宁益康生物制品有限公司,19
辽阳,辽宁科隆精细化工股份有限公司,firm,4,辽宁科隆精细化工股份有限公司,20
达州,达州市恒成能源(集团)有限责任公司,firm,6,达州市恒成能源(集团)有限责任公司,1
达州,四川省达州钢铁集团有限责任公司,firm,4,四川省达州钢铁集团有限责任公司,2
达州,成都地奥集团天府药业股份有限公司,firm,4,成都地奥集团天府药业股份有限公司,3
达州,李中平,other,4,李中平,4
达州,王星,individual,4,王星,5
达州,袁小勇,individual,4,袁小勇,6
达州,达州电业局,other,4,达州电业局,7
达州,严笳化,individual,3,严笳化,8
达州,唐志,individual,3,唐志,9
达州,四川川东电缆有限责任公司,firm,3,四川川东电缆有限责任公司,10
达州,文谟统,individual,3,文谟统,11
达州,何昌霖,individual,2,何昌霖,12
达州,刘之政,individual,2,刘之政,13
达州,四川达兴能源股份有限公司,firm,2,四川达兴能源股份有限公司,14
达州,王建全,individual,2,王建全,15
达州,何文安,individual,1,何文安,16
达州,刘大仁,individual,1,刘大仁,17
达州,刘道明,individual,1,刘道明,18
达州,吴子由,individual,1,吴子由,19
达州,周宗明,individual,1,周宗明,20
运城,永济新时速电机电器有限责任公司,firm,83,永济新时速电机电器有限责任公司,1
运城,梁坚平,individual,12,梁坚平,2
运城,山西银光华盛镁业股份有限公司,firm,10,山西银光华盛镁业股份有限公司,3
运城,南风化工集团股份有限公司,firm,8,南风化工集团股份有限公司,4
运城,山西青山化工有限公司,firm,7,山西青山化工有限公司,5
运城,李策,individual,7,李策,6
运城,际华三五三四制衣有限公司,firm,7,际华三五三四制衣有限公司,7
运城,冯宏章,individual,5,冯宏章,8
运城,山西省农业科学院棉花研究所,univ,5,山西省农业科学院棉花研究所,9
运城,侯维栋,individual,4,侯维栋,10
运城,王衡,individual,4,王衡,11
运城,运城恒磁科技有限公司,firm,4,运城恒磁科技有限公司,12
运城,阮克胜,individual,4,阮克胜,13
运城,侯西平,individual,3,侯西平,14
运城,山西东睦华晟粉末冶金有限公司,firm,3,山西东睦华晟粉末冶金有限公司,15
运城,山西亚宝药业集团股份有限公司,firm,3,山西亚宝药业集团股份有限公司,16
运城,山西永东化工股份有限公司,firm,3,山西永东化工股份有限公司,17
运城,山西省运城安瑞节能风机有限公司,firm,3,山西省运城安瑞节能风机有限公司,18
运城,山西阳煤丰喜肥业(集团)有限责任公司,firm,3,山西阳煤丰喜肥业(集团)有限责任公司,19
运城,张辉,individual,3,张辉,20
连云港,淮海工学院,univ,106,淮海工学院,1
连云港,江苏恒瑞医药股份有限公司,firm,46,江苏恒瑞医药股份有限公司,2
连云港,江苏康缘药业股份有限公司,firm,30,江苏康缘药业股份有限公司,3
连云港,江苏正大天晴药业股份有限公司,firm,28,江苏正大天晴药业股份有限公司,4
连云港,翟兆明,individual,17,翟兆明,5
连云港,张万鹏,individual,13,张万鹏,6
连云港,中蓝连海设计研究院,research,12,中蓝连海设计研究院,7
连云港,王行安,other,12,王行安,8
连云港,中复神鹰碳纤维有限责任公司,firm,10,中复神鹰碳纤维有限责任公司,9
连云港,江苏豪森药业股份有限公司,firm,10,江苏豪森药业股份有限公司,10
连云港,孙广喜,individual,9,孙广喜,11
连云港,徐寿海,individual,9,徐寿海,12
连云港,江苏豪森医药集团有限公司,firm,9,江苏豪森医药集团有限公司,13
连云港,连云港杰瑞电子有限公司,firm,9,连云港杰瑞电子有限公司,14
连云港,孙德云,individual,8,孙德云,15
连云港,杜兴文,individual,8,杜兴文,16
连云港,江苏省电力公司连云港供电公司,firm,8,江苏省电力公司连云港供电公司,17
连云港,连云港中复连众复合材料集团有限公司,firm,8,连云港中复连众复合材料集团有限公司,18
连云港,何林,individual,7,何林,19
连云港,张修成,individual,7,张修成,20
迪庆藏族自治州,香格里拉县圣宝食品进出口有限责任公司,firm,3,香格里拉县圣宝食品进出口有限责任公司,1
迪庆藏族自治州,云南迪庆矿业开发有限责任公司,firm,2,云南迪庆矿业开发有限责任公司,2
迪庆藏族自治州,维西县康邦美味绿色资源开发公司,firm,2,维西县康邦美味绿色资源开发公司,3
通化,吉林省宏久生物科技股份有限公司,firm,12,吉林省宏久生物科技股份有限公司,1
通化,吉林紫鑫药业股份有限公司,firm,10,吉林紫鑫药业股份有限公司,2
通化,通化华夏药业有限责任公司,firm,8,通化华夏药业有限责任公司,3
通化,博安兄弟制药(中国)有限公司,firm,7,博安兄弟制药(中国)有限公司,4
通化,潘首德,individual,6,潘首德,5
通化,李强,individual,5,李强,6
通化,赵广钧,individual,4,赵广钧,7
通化,通化东宝药业股份有限公司,firm,4,通化东宝药业股份有限公司,8
通化,通化力神保健品有限公司,firm,4,通化力神保健品有限公司,9
通化,通化双龙化工股份有限公司,firm,4,通化双龙化工股份有限公司,10
通化,霍善明,individual,4,霍善明,11
通化,高阳,individual,4,高阳,12
通化,吉林省辉南长龙生化药业股份有限公司,firm,3,吉林省辉南长龙生化药业股份有限公司,13
通化,吉林省集安益盛药业股份有限公司,firm,3,吉林省集安益盛药业股份有限公司,14
通化,尹享邑,individual,3,尹享邑,15
通化,茂祥集团吉林制药有限公司,firm,3,茂祥集团吉林制药有限公司,16
通化,通化市林蛙研究所,research,3,通化市林蛙研究所,17
通化,通化师范学院,univ,3,通化师范学院,18
通化,通化昌源医药科技有限公司,firm,3,通化昌源医药科技有限公司,19
通化,通化耐博耐火材料有限责任公司,firm,3,通化耐博耐火材料有限责任公司,20
通辽,内蒙古通辽岳泰股份有限公司,firm,5,内蒙古通辽岳泰股份有限公司,1
通辽,内蒙古库伦蒙药厂,firm,4,内蒙古库伦蒙药厂,2
通辽,包桂荣,individual,4,包桂荣,3
通辽,邓亚东,individual,4,邓亚东,4
通辽,刘义,individual,3,刘义,5
通辽,孙志文,individual,3,孙志文,6
通辽,张建臣,individual,3,张建臣,7
通辽,杨淑环,individual,3,杨淑环,8
通辽,梁布赫朝鲁,other,3,梁布赫朝鲁,9
通辽,中电投蒙东能源集团有限责任公司,firm,2,中电投蒙东能源集团有限责任公司,10
通辽,内蒙古清谷新禾有机食品有限责任公司,firm,2,内蒙古清谷新禾有机食品有限责任公司,11
通辽,内蒙古皓海化工有限责任公司,firm,2,内蒙古皓海化工有限责任公司,12
通辽,内蒙古蒙药股份有限公司,firm,2,内蒙古蒙药股份有限公司,13
通辽,冯成伟,individual,2,冯成伟,14
通辽,图雅,individual,2,图雅,15
通辽,奈曼旗中华麦饭石开发有限公司,firm,2,奈曼旗中华麦饭石开发有限公司,16
通辽,奥乌力吉,individual,2,奥乌力吉,17
通辽,崔承波,individual,2,崔承波,18
通辽,王国峰,individual,2,王国峰,19
通辽,白心亮,other,2,白心亮,20
遂宁,四川省隆鑫科技包装有限公司,firm,10,四川省隆鑫科技包装有限公司,1
遂宁,李家民,individual,9,李家民,2
遂宁,邹海,individual,8,邹海,3
遂宁,邹家福,individual,6,邹家福,4
遂宁,彭明成,individual,4,彭明成,5
遂宁,四川天齐锂业股份有限公司,firm,3,四川天齐锂业股份有限公司,6
遂宁,四川柏狮光电技术有限公司,firm,3,四川柏狮光电技术有限公司,7
遂宁,四川省蓬溪县弘桥实业有限公司,firm,3,四川省蓬溪县弘桥实业有限公司,8
遂宁,四川金皇乐爽鹿业有限公司,firm,3,四川金皇乐爽鹿业有限公司,9
遂宁,四川高金食品股份有限公司,firm,3,四川高金食品股份有限公司,10
遂宁,左伟,individual,3,左伟,11
遂宁,张政权,individual,3,张政权,12
遂宁,熊伟,individual,3,熊伟,13
遂宁,四川五斗米食品开发有限公司,firm,2,四川五斗米食品开发有限公司,14
遂宁,四川伟才化工有限公司,firm,2,四川伟才化工有限公司,15
遂宁,四川天成生化科技有限公司,firm,2,四川天成生化科技有限公司,16
遂宁,四川正圆科技有限公司,firm,2,四川正圆科技有限公司,17
遂宁,四川省射洪县金皇乐爽鹿业开发有限公司,firm,2,四川省射洪县金皇乐爽鹿业开发有限公司,18
遂宁,四川美可迪科技开发有限责任公司,firm,2,四川美可迪科技开发有限责任公司,19
遂宁,四川职业技术学院,univ,2,四川职业技术学院,20
遵义,贵州航天电器股份有限公司,firm,66,贵州航天电器股份有限公司,1
遵义,贵州航天精工制造有限公司,firm,27,贵州航天精工制造有限公司,2
遵义,贵州航天凯山石油仪器有限公司,firm,16,贵州航天凯山石油仪器有限公司,3
遵义,贵州航天天马机电科技有限公司,firm,10,贵州航天天马机电科技有限公司,4
遵义,遵义医学院,univ,10,遵义医学院,5
遵义,遵义钛业股份有限公司,firm,10,遵义钛业股份有限公司,6
遵义,遵义师范学院,univ,9,遵义师范学院,7
遵义,梅岭化工厂,firm,8,梅岭化工厂,8
遵义,贵州仁怀茅台镇金士酒业有限公司,firm,8,贵州仁怀茅台镇金士酒业有限公司,9
遵义,贵州航天新力铸锻有限责任公司,firm,8,贵州航天新力铸锻有限责任公司,10
遵义,遵义市金鼎农业科技有限公司,firm,8,遵义市金鼎农业科技有限公司,11
遵义,贵州航天乌江机电设备有限责任公司,firm,7,贵州航天乌江机电设备有限责任公司,12
遵义,贵州凯星液力传动机械有限公司,firm,6,贵州凯星液力传动机械有限公司,13
遵义,贵州百花医药股份有限公司,firm,6,贵州百花医药股份有限公司,14
遵义,贵州钢绳股份有限公司,firm,6,贵州钢绳股份有限公司,15
遵义,遵义医学院附属医院,hospital,6,遵义医学院附属医院,16
遵义,遵义陆圣康源科技开发有限责任公司,firm,6,遵义陆圣康源科技开发有限责任公司,17
遵义,务川山仙东升食品有限责任公司,firm,5,务川山仙东升食品有限责任公司,18
遵义,贵州天义电器有限责任公司,firm,5,贵州天义电器有限责任公司,19
遵义,贵州湄潭兰馨茶业有限公司,firm,5,贵州湄潭兰馨茶业有限公司,20
邢台,中钢集团邢台机械轧辊有限公司,firm,15,中钢集团邢台机械轧辊有限公司,1
邢台,河北惟祥福中药科技开发有限公司,firm,13,河北惟祥福中药科技开发有限公司,2
邢台,河北上大再生资源科技有限公司,firm,7,河北上大再生资源科技有限公司,3
邢台,翟爱民,individual,7,翟爱民,4
邢台,张国芳,individual,6,张国芳,5
邢台,张禹,individual,6,张禹,6
邢台,河北金大地房地产开发有限公司,firm,6,河北金大地房地产开发有限公司,7
邢台,河北鑫合生物化工有限公司,firm,6,河北鑫合生物化工有限公司,8
邢台,晶龙实业集团有限公司,firm,5,晶龙实业集团有限公司,9
邢台,河北万邦复临药业有限公司,firm,5,河北万邦复临药业有限公司,10
邢台,关俊华,individual,4,关俊华,11
邢台,晶澳太阳能有限公司,firm,4,晶澳太阳能有限公司,12
邢台,邢台钢铁有限责任公司,firm,4,邢台钢铁有限责任公司,13
邢台,天龙伟业线缆有限公司,firm,3,天龙伟业线缆有限公司,14
邢台,河北金牛能源股份有限公司葛泉矿,firm,3,河北金牛能源股份有限公司葛泉矿,15
邢台,王琳,individual,3,王琳,16
邢台,邢台供电公司,firm,3,邢台供电公司,17
邢台,邢台旭阳煤化工有限公司,firm,3,邢台旭阳煤化工有限公司,18
邢台,邢台路桥建设总公司,firm,3,邢台路桥建设总公司,19
邢台,郭永德,individual,3,郭永德,20
那曲,西藏贝珠雅药业有限公司,firm,3,西藏贝珠雅药业有限公司,1
那曲,王天琪,individual,2,王天琪,2
那曲,西藏嘉黎县藏医院,hospital,2,西藏嘉黎县藏医院,3
邯郸,新兴铸管股份有限公司,firm,90,新兴铸管股份有限公司,1
邯郸,新兴河北工程技术有限公司,firm,28,新兴河北工程技术有限公司,2
邯郸,晨光生物科技集团股份有限公司,firm,28,晨光生物科技集团股份有限公司,3
邯郸,中国船舶重工集团公司第七一八研究所,firm,25,中国船舶重工集团公司第七一八研究所,4
邯郸,邯郸新兴重型机械有限公司,firm,21,邯郸新兴重型机械有限公司,5
邯郸,吕学栋,other,15,吕学栋,6
邯郸,中煤第一建设公司第四十九工程处,firm,14,中煤第一建设公司第四十九工程处,7
邯郸,河北文丰钢铁有限公司,firm,13,河北文丰钢铁有限公司,8
邯郸,张双元,individual,10,张双元,9
邯郸,美科尔(河北)生物科技有限公司,firm,10,美科尔(河北)生物科技有限公司,10
邯郸,邯郸钢铁股份有限公司,firm,10,邯郸钢铁股份有限公司,11
邯郸,河北汉光重工有限责任公司,firm,9,河北汉光重工有限责任公司,12
邯郸,王森,individual,8,王森,13
邯郸,郝志付,individual,7,郝志付,14
邯郸,中煤邯郸煤矿机械有限责任公司,firm,6,中煤邯郸煤矿机械有限责任公司,15
邯郸,国营汉光机械厂,firm,6,国营汉光机械厂,16
邯郸,张新未,individual,6,张新未,17
邯郸,河北天择重型机械有限公司,firm,6,河北天择重型机械有限公司,18
邯郸,河北钢铁股份有限公司邯郸分公司,firm,6,河北钢铁股份有限公司邯郸分公司,19
邯郸,中煤第一建设公司特殊凿井处,firm,5,中煤第一建设公司特殊凿井处,20
邵阳,湖南广信电工科技股份有限公司,firm,14,湖南广信电工科技股份有限公司,1
邵阳,湖南信多利新材料有限公司,firm,10,湖南信多利新材料有限公司,2
邵阳,邵阳市创捷化工有限公司,firm,10,邵阳市创捷化工有限公司,3
邵阳,邵阳市宏远商贸有限责任公司,firm,5,邵阳市宏远商贸有限责任公司,4
邵阳,刘定能,individual,4,刘定能,5
邵阳,刘小杨,individual,4,刘小杨,6
邵阳,湖南甾体化学品有限公司,firm,4,湖南甾体化学品有限公司,7
邵阳,湖南阳光电化有限公司,firm,4,湖南阳光电化有限公司,8
邵阳,邵阳维克液压股份有限公司,firm,4,邵阳维克液压股份有限公司,9
邵阳,夏建国,individual,3,夏建国,10
邵阳,湖南湘窖酒业有限公司,firm,3,湖南湘窖酒业有限公司,11
邵阳,邵阳学院,univ,3,邵阳学院,12
邵阳,邵阳市三良泵业有限公司,firm,3,邵阳市三良泵业有限公司,13
邵阳,邵阳纺织机械有限责任公司,firm,3,邵阳纺织机械有限责任公司,14
邵阳,邵阳维克液压有限责任公司,firm,3,邵阳维克液压有限责任公司,15
邵阳,向军锋,individual,2,向军锋,16
邵阳,周代艳,individual,2,周代艳,17
邵阳,周小红,individual,2,周小红,18
邵阳,城步鼎盛微电子科技有限公司,firm,2,城步鼎盛微电子科技有限公司,19
邵阳,尹文,individual,2,尹文,20
郑州,郑州大学,univ,280,郑州大学,1
郑州,河南工业大学,univ,179,河南工业大学,2
郑州,中国烟草总公司郑州烟草研究院,firm,165,中国烟草总公司郑州烟草研究院,3
郑州,中国人民解放军信息工程大学,univ,149,中国人民解放军信息工程大学,4
郑州,河南农业大学,univ,141,河南农业大学,5
郑州,王跃进,individual,118,王跃进,6
郑州,中原工学院,univ,102,中原工学院,7
郑州,河南中医学院,univ,77,河南中医学院,8
郑州,河南省农业科学院,univ,49,河南省农业科学院,9
郑州,郑州后羿制药有限公司,firm,47,郑州后羿制药有限公司,10
郑州,河南电力试验研究院,research,45,河南电力试验研究院,11
郑州,吴鲁智,individual,37,吴鲁智,12
郑州,范福仓,individual,35,范福仓,13
郑州,景玲,individual,31,景玲,14
郑州,王学文,other,31,王学文,15
郑州,中国移动通信集团河南有限公司,firm,30,中国移动通信集团河南有限公司,16
郑州,刘国法,individual,29,刘国法,17
郑州,河南中孚实业股份有限公司,firm,24,河南中孚实业股份有限公司,18
郑州,刘振安,individual,22,刘振安,19
郑州,栗素琴,individual,22,栗素琴,20
郴州,郴州市金贵银业股份有限公司,firm,18,郴州市金贵银业股份有限公司,1
郴州,郴州高鑫铂业有限公司,firm,11,郴州高鑫铂业有限公司,2
郴州,郴州邦尔泰苏仙油脂有限公司,firm,7,郴州邦尔泰苏仙油脂有限公司,3
郴州,代科创,individual,6,代科创,4
郴州,湘能华磊光电股份有限公司,firm,5,湘能华磊光电股份有限公司,5
郴州,郴州市国大有色金属冶炼有限公司,firm,5,郴州市国大有色金属冶炼有限公司,6
郴州,郴州雄风稀贵金属材料股份有限公司,firm,5,郴州雄风稀贵金属材料股份有限公司,7
郴州,周文兵,individual,4,周文兵,8
郴州,湖南品川技术发展有限公司,firm,4,湖南品川技术发展有限公司,9
郴州,湖南省嘉禾县湘江工具厂,firm,4,湖南省嘉禾县湘江工具厂,10
郴州,湖南金旺实业有限公司,firm,4,湖南金旺实业有限公司,11
郴州,肖琼,individual,4,肖琼,12
郴州,高斯贝尔数码科技股份有限公司,firm,4,高斯贝尔数码科技股份有限公司,13
郴州,曹永红,individual,3,曹永红,14
郴州,湖南省铸万有实业有限公司,firm,3,湖南省铸万有实业有限公司,15
郴州,蒋坤元,individual,3,蒋坤元,16
郴州,邓加慧,individual,3,邓加慧,17
郴州,郴州市农夫机电有限公司,firm,3,郴州市农夫机电有限公司,18
郴州,郴州市裕湘面业有限公司,firm,3,郴州市裕湘面业有限公司,19
郴州,郴州金箭焊料有限公司,firm,3,郴州金箭焊料有限公司,20
鄂尔多斯,内蒙古蒙西高新技术集团有限公司,firm,21,内蒙古蒙西高新技术集团有限公司,1
鄂尔多斯,内蒙古兴泰建筑有限责任公司,firm,14,内蒙古兴泰建筑有限责任公司,2
鄂尔多斯,赵永胜,individual,10,赵永胜,3
鄂尔多斯,王银河,individual,8,王银河,4
鄂尔多斯,内蒙古鄂尔多斯羊绒集团有限责任公司,firm,5,内蒙古鄂尔多斯羊绒集团有限责任公司,5
鄂尔多斯,准格尔旗粉煤灰煤矸石研发中心,research,5,准格尔旗粉煤灰煤矸石研发中心,6
鄂尔多斯,黄金山,individual,5,黄金山,7
鄂尔多斯,赵彬,individual,3,赵彬,8
鄂尔多斯,郝巴雅斯胡良,other,3,郝巴雅斯胡良,9
鄂尔多斯,鄂尔多斯市亚欣碳纤维有限责任公司,firm,3,鄂尔多斯市亚欣碳纤维有限责任公司,10
鄂尔多斯,内蒙古汇江陶瓷研究设计院,research,2,内蒙古汇江陶瓷研究设计院,11
鄂尔多斯,刘桂荫,individual,2,刘桂荫,12
鄂尔多斯,崔怀奇,individual,2,崔怀奇,13
鄂尔多斯,张玉贵,individual,2,张玉贵,14
鄂尔多斯,杨丽焕,individual,2,杨丽焕,15
鄂尔多斯,鄂尔多斯市东胜区中兴特种车辆制造有限责任公司,firm,2,鄂尔多斯市东胜区中兴特种车辆制造有限责任公司,16
鄂尔多斯,鄂尔多斯市陶尔斯陶瓷有限公司,firm,2,鄂尔多斯市陶尔斯陶瓷有限公司,17
鄂尔多斯,中国神华能源股份有限公司,firm,1,中国神华能源股份有限公司,18
鄂尔多斯,云长全,individual,1,云长全,19
鄂尔多斯,代理义,individual,1,代理义,20
鄂州,肖祖胜,individual,12,肖祖胜,1
鄂州,郭卫康,individual,10,郭卫康,2
鄂州,李伟,individual,5,李伟,3
鄂州,鄂州市栋鑫冶金机械设备有限公司,firm,5,鄂州市栋鑫冶金机械设备有限公司,4
鄂州,陈栋,individual,5,陈栋,5
鄂州,湖北鄂丰模具有限公司,firm,4,湖北鄂丰模具有限公司,6
鄂州,黄继荣,individual,4,黄继荣,7
鄂州,万小娟,individual,3,万小娟,8
鄂州,严国语,individual,3,严国语,9
鄂州,吴凤仙,individual,3,吴凤仙,10
鄂州,宋建忠,individual,3,宋建忠,11
鄂州,尹中华,other,3,尹中华,12
鄂州,武汉策尔曼自动化设备有限公司,firm,3,武汉策尔曼自动化设备有限公司,13
鄂州,湖北省葛店开发区晨光实业有限公司,firm,3,湖北省葛店开发区晨光实业有限公司,14
鄂州,何锋,individual,2,何锋,15
鄂州,刘新民,individual,2,刘新民,16
鄂州,吴新建,individual,2,吴新建,17
鄂州,周国良,individual,2,周国良,18
鄂州,嘉吉烯王生物工程(湖北)有限公司,firm,2,嘉吉烯王生物工程(湖北)有限公司,19
鄂州,张海堂,individual,2,张海堂,20
酒泉,谭汉卿,individual,7,谭汉卿,1
酒泉,敦煌研究院,research,4,敦煌研究院,2
酒泉,王开全,individual,4,王开全,3
酒泉,甘肃大禹节水股份有限公司,firm,4,甘肃大禹节水股份有限公司,4
酒泉,酒泉市绿炬能源科技开发有限责任公司,firm,4,酒泉市绿炬能源科技开发有限责任公司,5
酒泉,李海龙,individual,3,李海龙,6
酒泉,甘肃省敦煌种业股份有限公司玉门市种子公司,firm,3,甘肃省敦煌种业股份有限公司玉门市种子公司,7
酒泉,苏振彪,individual,3,苏振彪,8
酒泉,郑重胜,individual,3,郑重胜,9
酒泉,宋祥会,other,2,宋祥会,10
酒泉,尤文峰,individual,2,尤文峰,11
酒泉,杨军,individual,2,杨军,12
酒泉,玉门中汇农业发展有限公司,firm,2,玉门中汇农业发展有限公司,13
酒泉,玉门拓璞科技开发有限责任公司,firm,2,玉门拓璞科技开发有限责任公司,14
酒泉,瓜州亿得生物科技有限公司,firm,2,瓜州亿得生物科技有限公司,15
酒泉,甘肃酒泉奥凯种子机械有限公司,firm,2,甘肃酒泉奥凯种子机械有限公司,16
酒泉,酒泉市肃州区三旺养殖场,other,2,酒泉市肃州区三旺养殖场,17
酒泉,酒泉西部农业科技有限公司,firm,2,酒泉西部农业科技有限公司,18
酒泉,中国石油青海油田钻采工艺研究院,research,1,中国石油青海油田钻采工艺研究院,19
酒泉,刘玉海,individual,1,刘玉海,20
重庆,重庆大学,univ,1336,重庆大学,1
重庆,重庆长安汽车股份有限公司,firm,500,重庆长安汽车股份有限公司,2
重庆,西南大学,univ,343,西南大学,3
重庆,力帆实业(集团)股份有限公司,firm,284,力帆实业(集团)股份有限公司,4
重庆,中冶赛迪工程技术股份有限公司,firm,203,中冶赛迪工程技术股份有限公司,5
重庆,重庆隆鑫机车有限公司,firm,185,重庆隆鑫机车有限公司,6
重庆,中国人民解放军第三军医大学,univ,181,中国人民解放军第三军医大学,7
重庆,重庆邮电大学,univ,152,重庆邮电大学,8
重庆,重庆工商大学,univ,133,重庆工商大学,9
重庆,中国人民解放军第三军医大学第一附属医院,hospital,118,中国人民解放军第三军医大学第一附属医院,10
重庆,西南铝业(集团)有限责任公司,firm,112,西南铝业(集团)有限责任公司,11
重庆,重庆市黔江区黔双科技有限公司,firm,100,重庆市黔江区黔双科技有限公司,12
重庆,重庆理工大学,univ,92,重庆理工大学,13
重庆,重庆重邮信科通信技术有限公司,firm,91,重庆重邮信科通信技术有限公司,14
重庆,隆鑫工业有限公司,firm,90,隆鑫工业有限公司,15
重庆,重庆交通大学,univ,86,重庆交通大学,16
重庆,重庆钢铁(集团)有限责任公司,firm,78,重庆钢铁(集团)有限责任公司,17
重庆,陈非,individual,68,陈非,18
重庆,煤炭科学研究总院重庆研究院,research,67,煤炭科学研究总院重庆研究院,19
重庆,重庆医科大学,univ,63,重庆医科大学,20
金华,浙江师范大学,univ,179,浙江师范大学,1
金华,许晓华,individual,82,许晓华,2
金华,金祚献,individual,37,金祚献,3
金华,潘旭华,individual,32,潘旭华,4
金华,横店集团东磁股份有限公司,firm,31,横店集团东磁股份有限公司,5
金华,赵一美,individual,28,赵一美,6
金华,义乌市安冬电器有限公司,firm,27,义乌市安冬电器有限公司,7
金华,吴茂盛,individual,19,吴茂盛,8
金华,王亚运,individual,19,王亚运,9
金华,吴康,individual,18,吴康,10
金华,朱宏锋,individual,17,朱宏锋,11
金华,吴亚军,individual,16,吴亚军,12
金华,浙江绿源电动车有限公司,firm,16,浙江绿源电动车有限公司,13
金华,金华职业技术学院,univ,15,金华职业技术学院,14
金华,李行,other,14,李行,15
金华,浙江晨云实业有限公司,firm,14,浙江晨云实业有限公司,16
金华,浙江佰耐钢带有限公司,firm,13,浙江佰耐钢带有限公司,17
金华,中核苏阀横店机械有限公司,firm,12,中核苏阀横店机械有限公司,18
金华,卢心东,other,11,卢心东,19
金华,浙江康恩贝制药股份有限公司,firm,11,浙江康恩贝制药股份有限公司,20
金昌,金川集团有限公司,firm,72,金川集团有限公司,1
金昌,牛庆君,individual,25,牛庆君,2
金昌,杜永胜,individual,4,杜永胜,3
金昌,甘肃省电力公司金昌供电公司,firm,4,甘肃省电力公司金昌供电公司,4
金昌,甘肃金昌化学工业集团有限公司,firm,2,甘肃金昌化学工业集团有限公司,5
金昌,南桂卿,individual,1,南桂卿,6
金昌,宫毅,individual,1,宫毅,7
金昌,甘肃瓮福化工有限责任公司,firm,1,甘肃瓮福化工有限责任公司,8
金昌,薄增力,individual,1,薄增力,9
金昌,邓涛,individual,1,邓涛,10
金昌,金昌市宇恒镍网有限公司,firm,1,金昌市宇恒镍网有限公司,11
金昌,金昌金川万方实业有限责任公司,firm,1,金昌金川万方实业有限责任公司,12
金昌,钟亮,individual,1,钟亮,13
钦州,广西明利集团有限公司,firm,9,广西明利集团有限公司,1
钦州,钦州鑫能源科技有限公司,firm,5,钦州鑫能源科技有限公司,2
钦州,黄景明,individual,5,黄景明,3
钦州,广西力源新资源开发有限公司,firm,4,广西力源新资源开发有限公司,4
钦州,莫春浩,individual,4,莫春浩,5
钦州,林晓光,individual,3,林晓光,6
钦州,钦州华成自控设备有限公司,firm,3,钦州华成自控设备有限公司,7
钦州,陆强,individual,2,陆强,8
钦州,陈昭澜,individual,2,陈昭澜,9
钦州,陈林延,individual,2,陈林延,10
钦州,陈贵忠,individual,2,陈贵忠,11
钦州,黄常基,individual,2,黄常基,12
钦州,丁洁厚,individual,1,丁洁厚,13
钦州,丁起武,individual,1,丁起武,14
钦州,吴云锋,individual,1,吴云锋,15
钦州,广西万山香料有限责任公司,firm,1,广西万山香料有限责任公司,16
钦州,广西庆荣耐火材料有限公司,firm,1,广西庆荣耐火材料有限公司,17
钦州,广西钦州力顺机械有限公司,firm,1,广西钦州力顺机械有限公司,18
钦州,广西钦州谷虫净总厂,firm,1,广西钦州谷虫净总厂,19
钦州,廖朝东,individual,1,廖朝东,20
铁岭,刘明全,individual,10,刘明全,1
铁岭,王铁军,individual,10,王铁军,2
铁岭,闫海军,individual,10,闫海军,3
铁岭,苏晶,individual,7,苏晶,4
铁岭,铁岭市光明仪器仪表厂,firm,7,铁岭市光明仪器仪表厂,5
铁岭,麻志国,individual,7,麻志国,6
铁岭,辽宁鑫丰矿电设备制造有限公司,firm,6,辽宁鑫丰矿电设备制造有限公司,7
铁岭,辽宁鹿源参茸饮片有限公司,firm,6,辽宁鹿源参茸饮片有限公司,8
铁岭,李静,individual,5,李静,9
铁岭,王宏伟,individual,5,王宏伟,10
铁岭,辽宁唐人神曙光农牧集团有限公司,firm,5,辽宁唐人神曙光农牧集团有限公司,11
铁岭,铁岭永新涂料有限公司,firm,5,铁岭永新涂料有限公司,12
铁岭,铁煤多种经营天成机电设备总厂,firm,5,铁煤多种经营天成机电设备总厂,13
铁岭,北方绿色食品股份有限公司,firm,4,北方绿色食品股份有限公司,14
铁岭,孙会敏,other,4,孙会敏,15
铁岭,张敬平,individual,4,张敬平,16
铁岭,辽宁西格马数控机床有限公司,firm,4,辽宁西格马数控机床有限公司,17
铁岭,辽宁隆达集团百星达铸造有限责任公司,firm,4,辽宁隆达集团百星达铸造有限责任公司,18
铁岭,铁岭华晨橡塑制品有限公司,firm,4,铁岭华晨橡塑制品有限公司,19
铁岭,铁岭宝众新能源汽车有限公司,firm,4,铁岭宝众新能源汽车有限公司,20
铜仁,贵州航天风华精密设备有限公司,firm,4,贵州航天风华精密设备有限公司,1
铜仁,万山特区红晶汞业有限公司,firm,2,万山特区红晶汞业有限公司,2
铜仁,冉伟,individual,1,冉伟,3
铜仁,刘贵荣,individual,1,刘贵荣,4
铜仁,吴代华,individual,1,吴代华,5
铜仁,吴先见,individual,1,吴先见,6
铜仁,安文,individual,1,安文,7
铜仁,张模,individual,1,张模,8
铜仁,张著明,individual,1,张著明,9
铜仁,杨勇,individual,1,杨勇,10
铜仁,杨旭辉,individual,1,杨旭辉,11
铜仁,杨高,individual,1,杨高,12
铜仁,王继清,individual,1,王继清,13
铜仁,石华,individual,1,石华,14
铜仁,罗克鼎,individual,1,罗克鼎,15
铜仁,肖建军,individual,1,肖建军,16
铜仁,胡国伟,individual,1,胡国伟,17
铜仁,苏星,individual,1,苏星,18
铜仁,董新平,individual,1,董新平,19
铜仁,贵州云马飞机制造厂,firm,1,贵州云马飞机制造厂,20
铜川,铜川供电局,other,4,铜川供电局,1
铜川,拓勤,individual,3,拓勤,2
铜川,李新民,individual,2,李新民,3
铜川,刘泽斌,individual,1,刘泽斌,4
铜川,周杨帆,individual,1,周杨帆,5
铜川,姚伟,individual,1,姚伟,6
铜川,孙宏贺,individual,1,孙宏贺,7
铜川,李竹玲,individual,1,李竹玲,8
铜川,李铁铸,individual,1,李铁铸,9
铜川,西安大昱光电科技有限公司,firm,1,西安大昱光电科技有限公司,10
铜川,郭育民,individual,1,郭育民,11
铜川,铜川秦瀚陶粒有限责任公司,firm,1,铜川秦瀚陶粒有限责任公司,12
铜川,陕西佰度实业有限公司,firm,1,陕西佰度实业有限公司,13
铜川,陕西煤炭建设公司管件设备厂,firm,1,陕西煤炭建设公司管件设备厂,14
铜川,陕西省土肥新技术研究开发有限公司,firm,1,陕西省土肥新技术研究开发有限公司,15
铜川,陕西省烟草公司铜川市公司,firm,1,陕西省烟草公司铜川市公司,16
铜川,陕西西部绿色能源有限公司,firm,1,陕西西部绿色能源有限公司,17
铜陵,铜陵三佳科技股份有限公司,firm,33,铜陵三佳科技股份有限公司,1
铜陵,铜陵市永生机电制造有限责任公司,firm,20,铜陵市永生机电制造有限责任公司,2
铜陵,安徽蓝盾光电子股份有限公司,firm,10,安徽蓝盾光电子股份有限公司,3
铜陵,铜陵华源麻业有限公司,firm,10,铜陵华源麻业有限公司,4
铜陵,铜陵市维新投资咨询有限公司,firm,8,铜陵市维新投资咨询有限公司,5
铜陵,铜陵祥云消防科技有限责任公司,firm,8,铜陵祥云消防科技有限责任公司,6
铜陵,铜陵市松马食品包装机械制造有限责任公司,firm,7,铜陵市松马食品包装机械制造有限责任公司,7
铜陵,铜陵洁雅生物科技股份有限公司,firm,7,铜陵洁雅生物科技股份有限公司,8
铜陵,詹龙忠,individual,6,詹龙忠,9
铜陵,铜陵凯润牡丹生物医药科技有限公司,firm,6,铜陵凯润牡丹生物医药科技有限公司,10
铜陵,铜陵大通小磨麻油厂,firm,6,铜陵大通小磨麻油厂,11
铜陵,铜陵天奇蓝天机械设备有限公司,firm,6,铜陵天奇蓝天机械设备有限公司,12
铜陵,铜陵市新泰电容电器有限责任公司,firm,6,铜陵市新泰电容电器有限责任公司,13
铜陵,铜陵市琨鹏光电科技有限公司,firm,6,铜陵市琨鹏光电科技有限公司,14
铜陵,锐展(铜陵)科技有限公司,firm,6,锐展(铜陵)科技有限公司,15
铜陵,安徽明珠颜料科技有限公司,firm,5,安徽明珠颜料科技有限公司,16
铜陵,安徽红星阀门有限公司,firm,5,安徽红星阀门有限公司,17
铜陵,安徽铜陵科力阀门有限责任公司,firm,5,安徽铜陵科力阀门有限责任公司,18
铜陵,铜陵国方水暖科技有限责任公司,firm,5,铜陵国方水暖科技有限责任公司,19
铜陵,铜陵市三盛电子有限公司,firm,5,铜陵市三盛电子有限公司,20
银川,宁夏大学,univ,42,宁夏大学,1
银川,宁夏农林科学院,univ,25,宁夏农林科学院,2
银川,宁夏共享集团有限责任公司,firm,13,宁夏共享集团有限责任公司,3
银川,北方民族大学,univ,12,北方民族大学,4
银川,宁夏大北农科技实业有限公司,firm,8,宁夏大北农科技实业有限公司,5
银川,中国移动通信集团宁夏有限公司,firm,7,中国移动通信集团宁夏有限公司,6
银川,宁夏隆基宁光仪表有限公司,firm,6,宁夏隆基宁光仪表有限公司,7
银川,上海华源药业(宁夏)沙赛制药有限公司,firm,5,上海华源药业(宁夏)沙赛制药有限公司,8
银川,宁夏医科大学,univ,5,宁夏医科大学,9
银川,宁夏电力公司电力科学研究院,firm,5,宁夏电力公司电力科学研究院,10
银川,杨涛,individual,5,杨涛,11
银川,焦海波,individual,5,焦海波,12
银川,宁夏农林科学院畜牧兽医研究所(有限公司),firm,4,宁夏农林科学院畜牧兽医研究所(有限公司),13
银川,宁夏回族自治区电力公司,firm,4,宁夏回族自治区电力公司,14
银川,宁夏夏盛实业集团有限公司,firm,4,宁夏夏盛实业集团有限公司,15
银川,宁夏多维药业有限公司,firm,4,宁夏多维药业有限公司,16
银川,宁夏宝塔石化集团有限公司,firm,4,宁夏宝塔石化集团有限公司,17
银川,宁夏新瑞长城机床有限公司,firm,4,宁夏新瑞长城机床有限公司,18
银川,宁夏电力公司银川供电局,firm,4,宁夏电力公司银川供电局,19
银川,宁夏电力建设工程公司,firm,4,宁夏电力建设工程公司,20
锡林郭勒盟,张琦海,individual,3,张琦海,1
锡林郭勒盟,丁宪明,individual,2,丁宪明,2
锡林郭勒盟,王兆珉,individual,2,王兆珉,3
锡林郭勒盟,其林,individual,1,其林,4
锡林郭勒盟,刘启和,individual,1,刘启和,5
锡林郭勒盟,刘纯红,individual,1,刘纯红,6
锡林郭勒盟,华润电力投资有限公司,firm,1,华润电力投资有限公司,7
锡林郭勒盟,孙明文,individual,1,孙明文,8
锡林郭勒盟,宝力格,individual,1,宝力格,9
锡林郭勒盟,木仁,individual,1,木仁,10
锡林郭勒盟,温树月,individual,1,温树月,11
锡林郭勒盟,许永胜,individual,1,许永胜,12
锡林郭勒盟,锡林浩特国能煤干燥有限公司,firm,1,锡林浩特国能煤干燥有限公司,13
锡林郭勒盟,闫皓,individual,1,闫皓,14
锡林郭勒盟,陈永祥,individual,1,陈永祥,15
锦州,渤海大学,univ,32,渤海大学,1
锦州,锦州锦恒汽车安全系统有限公司,firm,14,锦州锦恒汽车安全系统有限公司,2
锦州,锦州汉拿电机有限公司,firm,11,锦州汉拿电机有限公司,3
锦州,中信锦州铁合金股份有限公司,firm,9,中信锦州铁合金股份有限公司,4
锦州,辽宁工业大学,univ,8,辽宁工业大学,5
锦州,辽宁省电力有限公司锦州供电公司,firm,8,辽宁省电力有限公司锦州供电公司,6
锦州,锦州康泰润滑油添加剂有限公司,firm,7,锦州康泰润滑油添加剂有限公司,7
锦州,锦州惠发天合化学有限公司,firm,7,锦州惠发天合化学有限公司,8
锦州,辽宁天合精细化工股份有限公司,firm,6,辽宁天合精细化工股份有限公司,9
锦州,锦州金业化工冶金技术咨询有限公司,firm,6,锦州金业化工冶金技术咨询有限公司,10
锦州,于洪儒,individual,5,于洪儒,11
锦州,杜志刚,individual,5,杜志刚,12
锦州,武海涛,individual,5,武海涛,13
锦州,锦州凯美能源有限公司,firm,5,锦州凯美能源有限公司,14
锦州,锦州钛业有限公司,firm,5,锦州钛业有限公司,15
锦州,黄光智,individual,5,黄光智,16
锦州,锦州春光包装机械有限公司,firm,4,锦州春光包装机械有限公司,17
锦州,锦州海伯伦汽车电子有限公司,firm,4,锦州海伯伦汽车电子有限公司,18
锦州,中石油东北炼化工程有限公司锦州设计院,firm,3,中石油东北炼化工程有限公司锦州设计院,19
锦州,冷光君,individual,3,冷光君,20
镇江,江苏大学,univ,977,江苏大学,1
镇江,江苏科技大学,univ,238,江苏科技大学,2
镇江,镇江雅迅软件有限责任公司,firm,49,镇江雅迅软件有限责任公司,3
镇江,大亚科技股份有限公司,firm,40,大亚科技股份有限公司,4
镇江,镇江忆诺唯记忆合金有限公司,firm,39,镇江忆诺唯记忆合金有限公司,5
镇江,江苏惠通集团有限责任公司,firm,37,江苏惠通集团有限责任公司,6
镇江,江苏辉能电气有限公司,firm,36,江苏辉能电气有限公司,7
镇江,江苏国泉泵业制造有限公司,firm,35,江苏国泉泵业制造有限公司,8
镇江,王森豹,individual,33,王森豹,9
镇江,镇江华扬信息科技有限公司,firm,33,镇江华扬信息科技有限公司,10
镇江,江苏丘陵地区镇江农业科学研究所,research,29,江苏丘陵地区镇江农业科学研究所,11
镇江,江苏丽恒电子有限公司,firm,28,江苏丽恒电子有限公司,12
镇江,镇江市食用菌研究所,research,23,镇江市食用菌研究所,13
镇江,镇江精英软件科技有限公司,firm,21,镇江精英软件科技有限公司,14
镇江,镇江市亿华系统集成有限公司,firm,20,镇江市亿华系统集成有限公司,15
镇江,江苏三星化工有限公司,firm,18,江苏三星化工有限公司,16
镇江,中电电气集团有限公司,firm,17,中电电气集团有限公司,17
镇江,江苏柳工机械有限公司,firm,17,江苏柳工机械有限公司,18
镇江,江苏索普(集团)有限公司,firm,17,江苏索普(集团)有限公司,19
镇江,宋培荣,individual,16,宋培荣,20
长春,吉林大学,univ,1029,吉林大学,1
长春,中国科学院长春光学精密机械与物理研究所,univ,481,中国科学院长春光学精密机械与物理研究所,2
长春,中国科学院长春应用化学研究所,univ,481,中国科学院长春应用化学研究所,3
长春,中国第一汽车集团公司,firm,318,中国第一汽车集团公司,4
长春,长春理工大学,univ,250,长春理工大学,5
长春,东北师范大学,univ,107,东北师范大学,6
长春,吉林农业大学,univ,106,吉林农业大学,7
长春,长春工业大学,univ,72,长春工业大学,8
长春,长春轨道客车股份有限公司,firm,61,长春轨道客车股份有限公司,9
长春,吉林省农业科学院,univ,32,吉林省农业科学院,10
长春,中国移动通信集团吉林有限公司,firm,26,中国移动通信集团吉林有限公司,11
长春,中国人民解放军军事医学科学院军事兽医研究所,univ,23,中国人民解放军军事医学科学院军事兽医研究所,12
长春,中国科学院东北地理与农业生态研究所,univ,22,中国科学院东北地理与农业生态研究所,13
长春,邵伟,individual,19,邵伟,14
长春,赵全成,individual,18,赵全成,15
长春,长春黄金研究院,research,18,长春黄金研究院,16
长春,长春工程学院,univ,17,长春工程学院,17
长春,长春大学,univ,16,长春大学,18
长春,长春惠工净化工业有限公司,firm,14,长春惠工净化工业有限公司,19
长春,吉林修正药业新药开发有限公司,firm,12,吉林修正药业新药开发有限公司,20
长沙,中南大学,univ,1119,中南大学,1
长沙,湖南大学,univ,625,湖南大学,2
长沙,中国人民解放军国防科学技术大学,univ,529,中国人民解放军国防科学技术大学,3
长沙,三一重工股份有限公司,firm,234,三一重工股份有限公司,4
长沙,中冶长天国际工程有限责任公司,firm,177,中冶长天国际工程有限责任公司,5
长沙,长沙理工大学,univ,154,长沙理工大学,6
长沙,湖南农业大学,univ,138,湖南农业大学,7
长沙,中南林业科技大学,univ,121,中南林业科技大学,8
长沙,李晓亮,individual,98,李晓亮,9
长沙,长沙楚天科技有限公司,firm,93,长沙楚天科技有限公司,10
长沙,湖南中烟工业有限责任公司,firm,72,湖南中烟工业有限责任公司,11
长沙,长沙中联重工科技发展股份有限公司,firm,68,长沙中联重工科技发展股份有限公司,12
长沙,吴方伯,individual,62,吴方伯,13
长沙,湖南师范大学,univ,62,湖南师范大学,14
长沙,李新桥,individual,59,李新桥,15
长沙,湖南晟通科技集团有限公司,firm,57,湖南晟通科技集团有限公司,16
长沙,楚天科技股份有限公司,firm,45,楚天科技股份有限公司,17
长沙,湖南华廷筑邦建材有限公司,firm,39,湖南华廷筑邦建材有限公司,18
长沙,王本淼,individual,39,王本淼,19
长沙,湖南山河智能机械股份有限公司,firm,37,湖南山河智能机械股份有限公司,20
长治,山西百世特食品有限公司,firm,42,山西百世特食品有限公司,1
长治,山西省屯留县科技情报服务中心,other,38,山西省屯留县科技情报服务中心,2
长治,崔凤玉,individual,22,崔凤玉,3
长治,鲍旭刚,individual,18,鲍旭刚,4
长治,长治清华机械厂,firm,17,长治清华机械厂,5
长治,山西潞安环保能源开发股份有限公司,firm,16,山西潞安环保能源开发股份有限公司,6
长治,山西东华机械有限公司,firm,15,山西东华机械有限公司,7
长治,路正平,individual,15,路正平,8
长治,天脊煤化工集团股份有限公司,firm,11,天脊煤化工集团股份有限公司,9
长治,程开心,other,11,程开心,10
长治,山西潞安矿业(集团)有限责任公司,firm,10,山西潞安矿业(集团)有限责任公司,11
长治,长治钢铁(集团)锻压机械制造有限公司,firm,10,长治钢铁(集团)锻压机械制造有限公司,12
长治,山西防爆电机(集团)有限公司,firm,9,山西防爆电机(集团)有限公司,13
长治,吴泽峰,individual,8,吴泽峰,14
长治,杨柏,individual,8,杨柏,15
长治,任娇娥,individual,7,任娇娥,16
长治,山西振东制药股份有限公司,firm,7,山西振东制药股份有限公司,17
长治,山西振东开元制药有限公司,firm,7,山西振东开元制药有限公司,18
长治,山西康宝生物制品股份有限公司,firm,6,山西康宝生物制品股份有限公司,19
长治,山西振东五和健康食品股份有限公司,firm,6,山西振东五和健康食品股份有限公司,20
阜新,辽宁工程技术大学,univ,24,辽宁工程技术大学,1
阜新,钟显亮,individual,15,钟显亮,2
阜新,张震红,individual,6,张震红,3
阜新,李光,individual,4,李光,4
阜新,阜新驰宇石油机械有限公司,firm,4,阜新驰宇石油机械有限公司,5
阜新,刘学发,other,3,刘学发,6
阜新,阜新奥瑞凯精细化工有限公司,firm,3,阜新奥瑞凯精细化工有限公司,7
阜新,阜新金昊空压机有限公司,firm,3,阜新金昊空压机有限公司,8
阜新,国风,individual,2,国风,9
阜新,宋铁芳,individual,2,宋铁芳,10
阜新,张耕宁,individual,2,张耕宁,11
阜新,王建成,individual,2,王建成,12
阜新,辽宁凯赛服饰科研有限公司,firm,2,辽宁凯赛服饰科研有限公司,13
阜新,辽宁省电力有限公司阜新供电公司,firm,2,辽宁省电力有限公司阜新供电公司,14
阜新,金凯(辽宁)化工有限公司,firm,2,金凯(辽宁)化工有限公司,15
阜新,阜新汇丰资源开发有限公司,firm,2,阜新汇丰资源开发有限公司,16
阜新,阜新达亿化工有限公司研究所,firm,2,阜新达亿化工有限公司研究所,17
阜新,马敬浩,individual,2,马敬浩,18
阜新,中铁九局集团有限公司,firm,1,中铁九局集团有限公司,19
阜新,任蕾,individual,1,任蕾,20
阜阳,肖福贵,individual,18,肖福贵,1
阜阳,安徽三缔沥青材料有限公司,firm,11,安徽三缔沥青材料有限公司,2
阜阳,许文成,individual,10,许文成,3
阜阳,秦中文,other,9,秦中文,4
阜阳,贾善华,individual,8,贾善华,5
阜阳,张秀兰,individual,7,张秀兰,6
阜阳,安徽省界首市云龙粮机配套工程有限公司,firm,6,安徽省界首市云龙粮机配套工程有限公司,7
阜阳,董世贤,individual,6,董世贤,8
阜阳,安徽强旺调味食品有限公司,firm,5,安徽强旺调味食品有限公司,9
阜阳,尚诚德,individual,5,尚诚德,10
阜阳,曹全礼,individual,5,曹全礼,11
阜阳,王心聚,other,5,王心聚,12
阜阳,界首市天鸿包装材料有限公司,firm,5,界首市天鸿包装材料有限公司,13
阜阳,赵子山,individual,5,赵子山,14
阜阳,侯玉华,individual,4,侯玉华,15
阜阳,孟祥荣,individual,4,孟祥荣,16
阜阳,李保明,individual,4,李保明,17
阜阳,耿玉兰,individual,4,耿玉兰,18
阜阳,孙卫东,individual,3,孙卫东,19
阜阳,孙向阳,individual,3,孙向阳,20
防城港,广西桂人堂金花茶产业集团股份有限公司,firm,5,广西桂人堂金花茶产业集团股份有限公司,1
防城港,唐钊,individual,2,唐钊,2
防城港,广西中港高科国宝金花茶产业有限公司,firm,2,广西中港高科国宝金花茶产业有限公司,3
防城港,防城港市百喜金花茶科技开发有限公司,firm,2,防城港市百喜金花茶科技开发有限公司,4
防城港,冯征华,individual,1,冯征华,5
防城港,劳卓昌,individual,1,劳卓昌,6
防城港,吴文武,individual,1,吴文武,7
防城港,吴芝樟,individual,1,吴芝樟,8
防城港,吴远才,individual,1,吴远才,9
防城港,廖章愉,individual,1,廖章愉,10
防城港,施彦雄,individual,1,施彦雄,11
防城港,李声辉,individual,1,李声辉,12
防城港,罗飞天,individual,1,罗飞天,13
防城港,苏兴,individual,1,苏兴,14
防城港,蔡豪佳,individual,1,蔡豪佳,15
防城港,黄焕珠,individual,1,黄焕珠,16
防城港,黎永荣,individual,1,黎永荣,17
防城港,黎蕾秀,individual,1,黎蕾秀,18
阳江,阳江市汉能工业有限公司,firm,6,阳江市汉能工业有限公司,1
阳江,陈基镛,individual,6,陈基镛,2
阳江,陈康伟,individual,6,陈康伟,3
阳江,刘盛开,individual,5,刘盛开,4
阳江,欧成忠,individual,5,欧成忠,5
阳江,阳江市新力工业有限公司,firm,5,阳江市新力工业有限公司,6
阳江,李积回,individual,4,李积回,7
阳江,宋金有,individual,3,宋金有,8
阳江,广东喜之郎集团有限公司,firm,3,广东喜之郎集团有限公司,9
阳江,曾正,individual,3,曾正,10
阳江,林其访,individual,3,林其访,11
阳江,阳江市飞轮金属制品有限公司,firm,3,阳江市飞轮金属制品有限公司,12
阳江,黄春尧,individual,3,黄春尧,13
阳江,司徒光,other,2,司徒光,14
阳江,广东永力泵业有限公司,firm,2,广东永力泵业有限公司,15
阳江,广东肇庆明珠纸业有限公司,firm,2,广东肇庆明珠纸业有限公司,16
阳江,张献忠,individual,2,张献忠,17
阳江,林齐,individual,2,林齐,18
阳江,阳江喜之郎果冻制造有限公司,firm,2,阳江喜之郎果冻制造有限公司,19
阳江,阳江纳谷科技有限公司,firm,2,阳江纳谷科技有限公司,20
阳泉,杜志刚,individual,95,杜志刚,1
阳泉,王惠民,individual,19,王惠民,2
阳泉,冯文山,individual,12,冯文山,3
阳泉,刘江涛,individual,11,刘江涛,4
阳泉,卢泉生,individual,11,卢泉生,5
阳泉,朱艳红,individual,11,朱艳红,6
阳泉,王新平,individual,11,王新平,7
阳泉,王沾林,individual,11,王沾林,8
阳泉,牛占卉,individual,9,牛占卉,9
阳泉,翟秀德,individual,9,翟秀德,10
阳泉,梁永贵,individual,6,梁永贵,11
阳泉,唐清池,individual,4,唐清池,12
阳泉,山西京宇磁性材料有限公司,firm,3,山西京宇磁性材料有限公司,13
阳泉,山西太行建设开发有限公司,firm,3,山西太行建设开发有限公司,14
阳泉,山西省电力公司阳泉供电分公司,firm,3,山西省电力公司阳泉供电分公司,15
阳泉,平定莹玉陶瓷有限公司,firm,3,平定莹玉陶瓷有限公司,16
阳泉,张澎珍,individual,3,张澎珍,17
阳泉,杨振福,individual,3,杨振福,18
阳泉,郭玉宝,individual,3,郭玉宝,19
阳泉,阳泉市下千耐火材料有限公司,firm,3,阳泉市下千耐火材料有限公司,20
阿克苏地区,新疆天河化工有限公司,firm,5,新疆天河化工有限公司,1
阿克苏地区,陈卫星,individual,5,陈卫星,2
阿克苏地区,王瑞,individual,4,王瑞,3
阿克苏地区,新疆富沃药业有限公司,firm,3,新疆富沃药业有限公司,4
阿克苏地区,张朝书,individual,2,张朝书,5
阿克苏地区,王华,individual,2,王华,6
阿克苏地区,付相凯,individual,1,付相凯,7
阿克苏地区,刘忠友,individual,1,刘忠友,8
阿克苏地区,卢军,individual,1,卢军,9
阿克苏地区,帕旦木沙比尔,other,1,帕旦木沙比尔,10
阿克苏地区,斯热吉丁阿不都拉,other,1,斯热吉丁阿不都拉,11
阿克苏地区,新疆天枣源龟兹生物技术有限责任公司,firm,1,新疆天枣源龟兹生物技术有限责任公司,12
阿克苏地区,新疆新欣肥料科技发展有限公司,firm,1,新疆新欣肥料科技发展有限公司,13
阿克苏地区,李杰,individual,1,李杰,14
阿克苏地区,李林蔚,individual,1,李林蔚,15
阿克苏地区,沈维聪,individual,1,沈维聪,16
阿克苏地区,热合曼艾买提,other,1,热合曼艾买提,17
阿克苏地区,牙生玉苏甫,other,1,牙生玉苏甫,18
阿克苏地区,艾山江依迪热斯,other,1,艾山江依迪热斯,19
阿克苏地区,赵宵虎,individual,1,赵宵虎,20
阿勒泰地区,努拉合德尔汗,other,8,努拉合德尔汗,1
阿勒泰地区,新疆戈宝红麻有限公司,firm,4,新疆戈宝红麻有限公司,2
阿勒泰地区,巴哈尔古丽黄尔汗,other,3,巴哈尔古丽黄尔汗,3
阿勒泰地区,张红伟,individual,3,张红伟,4
阿勒泰地区,毛里夏里甫,other,3,毛里夏里甫,5
阿勒泰地区,巴哈尔古丽,other,2,巴哈尔古丽,6
阿勒泰地区,新疆公路管理局阿勒泰公路总段富蕴公路段,government,2,新疆公路管理局阿勒泰公路总段富蕴公路段,7
阿勒泰地区,沙依兰沙依甫拉,other,2,沙依兰沙依甫拉,8
阿勒泰地区,许正瑜,individual,2,许正瑜,9
阿勒泰地区,于新军,individual,1,于新军,10
阿勒泰地区,保尔江阿布都哈米提,other,1,保尔江阿布都哈米提,11
阿勒泰地区,党志强,individual,1,党志强,12
阿勒泰地区,包尔江阿布都哈米提,other,1,包尔江阿布都哈米提,13
阿勒泰地区,吾拉力别克赛买提,other,1,吾拉力别克赛买提,14
阿勒泰地区,周向德,individual,1,周向德,15
阿勒泰地区,巴图,individual,1,巴图,16
阿勒泰地区,张成山,individual,1,张成山,17
阿勒泰地区,新疆公路管理局阿勒泰公路总段哈巴河公路段,government,1,新疆公路管理局阿勒泰公路总段哈巴河公路段,18
阿勒泰地区,新疆维吾尔自治区交通厅公路管理局阿勒泰公路总段,government,1,新疆维吾尔自治区交通厅公路管理局阿勒泰公路总段,19
阿勒泰地区,新疆阿勒泰地区哈医医院,hospital,1,新疆阿勒泰地区哈医医院,20
阿坝藏族羌族自治州,四川鑫通新材料有限责任公司,firm,3,四川鑫通新材料有限责任公司,1
阿坝藏族羌族自治州,茂县鑫盐化工有限公司,firm,3,茂县鑫盐化工有限公司,2
阿坝藏族羌族自治州,四川国理锂材料有限公司,firm,2,四川国理锂材料有限公司,3
阿坝藏族羌族自治州,四川川西磁业有限责任公司,firm,2,四川川西磁业有限责任公司,4
阿坝藏族羌族自治州,四川省中医药科学院,univ,2,四川省中医药科学院,5
阿坝藏族羌族自治州,阿坝州九寨鼎盛科技有限责任公司,firm,2,阿坝州九寨鼎盛科技有限责任公司,6
阿坝藏族羌族自治州,九寨沟高原食品有限公司,firm,1,九寨沟高原食品有限公司,7
阿坝藏族羌族自治州,曹荣江,individual,1,曹荣江,8
阿坝藏族羌族自治州,李增太,individual,1,李增太,9
阿坝藏族羌族自治州,杨国伟,individual,1,杨国伟,10
阿坝藏族羌族自治州,柏大全,individual,1,柏大全,11
阿坝藏族羌族自治州,王宗耀,individual,1,王宗耀,12
阿坝藏族羌族自治州,罗建峰,individual,1,罗建峰,13
阿拉善盟,丽源(内蒙古)科技有限公司,firm,3,丽源(内蒙古)科技有限公司,1
阿拉善盟,内蒙古自治区阿拉善盟公路管理局,government,1,内蒙古自治区阿拉善盟公路管理局,2
阿拉善盟,王军,individual,1,王军,3
阿拉善盟,阿拉善达康三四氯乙烯有限公司,firm,1,阿拉善达康三四氯乙烯有限公司,4
阿拉尔,塔里木大学,univ,3,塔里木大学,1
阿拉尔,乐明高,individual,1,乐明高,2
阿拉尔,张琴,individual,1,张琴,3
阿拉尔,新疆生产建设兵团农一师幸福城监狱,other,1,新疆生产建设兵团农一师幸福城监狱,4
阿拉尔,阿拉尔市天宝实业有限公司,firm,1,阿拉尔市天宝实业有限公司,5
阿拉尔,高庆华,individual,1,高庆华,6
阿里地区,西藏阿里华峰矿业公司,firm,1,西藏阿里华峰矿业公司,1
陇南,刘全,individual,4,刘全,1
陇南,仝卫明,individual,2,仝卫明,2
陇南,包雁仲,individual,1,包雁仲,3
陇南,孙小燕,individual,1,孙小燕,4
陇南,常占东,individual,1,常占东,5
陇南,李飞虎,individual,1,李飞虎,6
陇南,林海,individual,1,林海,7
陇南,王德林,individual,1,王德林,8
陇南,王晓鹏,individual,1,王晓鹏,9
陇南,甘肃独一味生物制药股份有限公司,firm,1,甘肃独一味生物制药股份有限公司,10
陇南,祝耀德,individual,1,祝耀德,11
陇南,秦彦龙,individual,1,秦彦龙,12
陇南,罗建军,individual,1,罗建军,13
陇南,贾进善,individual,1,贾进善,14
陵水黎族自治县,中国热带农业科学院橡胶研究所,univ,28,中国热带农业科学院橡胶研究所,1
陵水黎族自治县,中国热带农业科学院环境与植物保护研究所,univ,22,中国热带农业科学院环境与植物保护研究所,2
陵水黎族自治县,中国热带农业科学院热带作物品种资源研究所,univ,20,中国热带农业科学院热带作物品种资源研究所,3
陵水黎族自治县,蒋盛军,individual,9,蒋盛军,4
陵水黎族自治县,刘国道,individual,5,刘国道,5
陵水黎族自治县,中国热带农业科学院,univ,2,中国热带农业科学院,6
陵水黎族自治县,华南热带农业大学种苗组培中心,univ,1,华南热带农业大学种苗组培中心,7
陵水黎族自治县,张新春,individual,1,张新春,8
陵水黎族自治县,张海德,individual,1,张海德,9
陵水黎族自治县,海南南海热带海洋生物及病害研究所,research,1,海南南海热带海洋生物及病害研究所,10
随州,湖北双剑催化剂有限公司,firm,8,湖北双剑催化剂有限公司,1
随州,湖北泰晶电子科技有限公司,firm,7,湖北泰晶电子科技有限公司,2
随州,湖北犇星化工有限责任公司,firm,7,湖北犇星化工有限责任公司,3
随州,湖北双雄催化剂有限公司,firm,6,湖北双雄催化剂有限公司,4
随州,湖北省风机厂有限公司,firm,5,湖北省风机厂有限公司,5
随州,广水轻工机械有限责任公司,firm,3,广水轻工机械有限责任公司,6
随州,林学军,other,3,林学军,7
随州,湖北同一石油化工有限公司,firm,3,湖北同一石油化工有限公司,8
随州,湖北广仁药业有限公司,firm,3,湖北广仁药业有限公司,9
随州,湖北正佳微生物工程股份有限公司,firm,3,湖北正佳微生物工程股份有限公司,10
随州,韩厚华,individual,3,韩厚华,11
随州,中意机电(湖北)鼓风机制造有限公司,firm,2,中意机电(湖北)鼓风机制造有限公司,12
随州,冯明勋,individual,2,冯明勋,13
随州,湖北三环铸造股份有限公司,firm,2,湖北三环铸造股份有限公司,14
随州,湖北华都钢琴制造有限公司,firm,2,湖北华都钢琴制造有限公司,15
随州,湖北双剑鼓风机制造有限公司,firm,2,湖北双剑鼓风机制造有限公司,16
随州,湖北武大光子科技有限公司,firm,2,湖北武大光子科技有限公司,17
随州,湖北省齐星汽车车身股份有限公司,firm,2,湖北省齐星汽车车身股份有限公司,18
随州,闻铎,individual,2,闻铎,19
随州,靳文勇,individual,2,靳文勇,20
雅安,四川农业大学,univ,44,四川农业大学,1
雅安,四川农业大学实验动物工程技术中心,univ,9,四川农业大学实验动物工程技术中心,2
雅安,四川泛华航空仪表电器厂,firm,6,四川泛华航空仪表电器厂,3
雅安,雅安三九中药材科技产业化有限公司,firm,6,雅安三九中药材科技产业化有限公司,4
雅安,秦文,individual,4,秦文,5
雅安,杨文钰,individual,3,杨文钰,6
雅安,汪建,individual,3,汪建,7
雅安,任万军,individual,2,任万军,8
雅安,四川中雅科技有限公司,firm,2,四川中雅科技有限公司,9
雅安,薛白,individual,2,薛白,10
雅安,雷沁坪,individual,2,雷沁坪,11
雅安,魏光元,individual,2,魏光元,12
雅安,中国长安汽车集团股份有限公司四川建安车桥分公司,firm,1,中国长安汽车集团股份有限公司四川建安车桥分公司,13
雅安,刘江,individual,1,刘江,14
雅安,吕小荣,individual,1,吕小荣,15
雅安,吕秀兰,individual,1,吕秀兰,16
雅安,唐君畏,individual,1,唐君畏,17
雅安,四川建安工业有限责任公司,firm,1,四川建安工业有限责任公司,18
雅安,四川航空工业川西机器厂,firm,1,四川航空工业川西机器厂,19
雅安,娄作富,individual,1,娄作富,20
青岛,海尔集团公司,firm,474,海尔集团公司,1
青岛,中国海洋大学,univ,462,中国海洋大学,2
青岛,山东科技大学,univ,273,山东科技大学,3
青岛,青岛海信电器股份有限公司,firm,272,青岛海信电器股份有限公司,4
青岛,中国科学院海洋研究所,univ,215,中国科学院海洋研究所,5
青岛,青岛科技大学,univ,196,青岛科技大学,6
青岛,青岛海信移动通信技术股份有限公司,firm,170,青岛海信移动通信技术股份有限公司,7
青岛,中国水产科学研究院黄海水产研究所,research,150,中国水产科学研究院黄海水产研究所,8
青岛,青岛大学,univ,110,青岛大学,9
青岛,山东省花生研究所,research,91,山东省花生研究所,10
青岛,青岛康地恩药业有限公司,firm,85,青岛康地恩药业有限公司,11
青岛,青岛理工大学,univ,65,青岛理工大学,12
青岛,青岛海尔软件有限公司,firm,58,青岛海尔软件有限公司,13
青岛,海信(山东)空调有限公司,firm,53,海信(山东)空调有限公司,14
青岛,中国科学院青岛生物能源与过程研究所,univ,49,中国科学院青岛生物能源与过程研究所,15
青岛,软控股份有限公司,firm,49,软控股份有限公司,16
青岛,青岛生物能源与过程研究所,research,47,青岛生物能源与过程研究所,17
青岛,青岛海信宽带多媒体技术有限公司,firm,45,青岛海信宽带多媒体技术有限公司,18
青岛,青岛农业大学,univ,44,青岛农业大学,19
青岛,青岛海信信芯科技有限公司,firm,44,青岛海信信芯科技有限公司,20
鞍山,鞍钢股份有限公司,firm,498,鞍钢股份有限公司,1
鞍山,鞍钢集团矿业公司,firm,174,鞍钢集团矿业公司,2
鞍山,鞍钢重型机械有限责任公司,firm,43,鞍钢重型机械有限责任公司,3
鞍山,中冶北方工程技术有限公司,firm,41,中冶北方工程技术有限公司,4
鞍山,辽宁科技大学,univ,40,辽宁科技大学,5
鞍山,中冶焦耐工程技术有限公司,firm,34,中冶焦耐工程技术有限公司,6
鞍山,中冶焦耐(大连)工程技术有限公司,firm,28,中冶焦耐(大连)工程技术有限公司,7
鞍山,荣信电力电子股份有限公司,firm,27,荣信电力电子股份有限公司,8
鞍山,鞍钢集团工程技术有限公司,firm,21,鞍钢集团工程技术有限公司,9
鞍山,鞍山钢铁集团公司,firm,20,鞍山钢铁集团公司,10
鞍山,中钢集团鞍山热能研究院有限公司,firm,15,中钢集团鞍山热能研究院有限公司,11
鞍山,尚世群,individual,12,尚世群,12
鞍山,毛国武,individual,12,毛国武,13
鞍山,鞍钢建设集团有限公司,firm,12,鞍钢建设集团有限公司,14
鞍山,鞍钢钢绳有限责任公司,firm,12,鞍钢钢绳有限责任公司,15
鞍山,鞍山重型矿山机器股份有限公司,firm,10,鞍山重型矿山机器股份有限公司,16
鞍山,张德胜,individual,9,张德胜,17
鞍山,鞍山海华油脂化学有限公司,firm,8,鞍山海华油脂化学有限公司,18
鞍山,高步,individual,8,高步,19
鞍山,中冶辽宁德龙钢管有限公司,firm,7,中冶辽宁德龙钢管有限公司,20
韶关,广东省韶铸集团有限公司,firm,19,广东省韶铸集团有限公司,1
韶关,黄武昌,individual,15,黄武昌,2
韶关,韶关学院,univ,13,韶关学院,3
韶关,深圳市中金岭南有色金属股份有限公司凡口铅锌矿,firm,9,深圳市中金岭南有色金属股份有限公司凡口铅锌矿,4
韶关,成佩秀,individual,8,成佩秀,5
韶关,林庆,individual,7,林庆,6
韶关,丽珠集团利民制药厂,firm,6,丽珠集团利民制药厂,7
韶关,卿如民,individual,6,卿如民,8
韶关,江惠贤,individual,6,江惠贤,9
韶关,王东伟,individual,6,王东伟,10
韶关,蓝智华,individual,6,蓝智华,11
韶关,刘星昭,individual,5,刘星昭,12
韶关,郭恒勋,individual,5,郭恒勋,13
韶关,韶关市力冉农业科技有限公司,firm,5,韶关市力冉农业科技有限公司,14
韶关,韶关市正星车轮有限公司,firm,5,韶关市正星车轮有限公司,15
韶关,中健行集团有限公司,firm,4,中健行集团有限公司,16
韶关,李细莲,individual,4,李细莲,17
韶关,深圳市中金岭南有色金属股份有限公司韶关冶炼厂,firm,4,深圳市中金岭南有色金属股份有限公司韶关冶炼厂,18
韶关,罗元月,individual,4,罗元月,19
韶关,翁源县申立五金加工厂,firm,4,翁源县申立五金加工厂,20
香港,香港中文大学,univ,1,香港中文大学,1
香港特别行政区,香港应用科技研究院有限公司,firm,136,香港应用科技研究院有限公司,1
香港特别行政区,明门香港股份有限公司,firm,115,明门香港股份有限公司,2
香港特别行政区,香港理工大学,univ,102,香港理工大学,3
香港特别行政区,联想创新有限公司(香港),firm,84,联想创新有限公司(香港),4
香港特别行政区,新科实业有限公司,firm,71,新科实业有限公司,5
香港特别行政区,香港中文大学,univ,62,香港中文大学,6
香港特别行政区,香港科技大学,univ,62,香港科技大学,7
香港特别行政区,杜邦太阳能有限公司,firm,47,杜邦太阳能有限公司,8
香港特别行政区,冠捷投资有限公司,firm,33,冠捷投资有限公司,9
香港特别行政区,香港纺织及成衣研发中心,research,33,香港纺织及成衣研发中心,10
香港特别行政区,国际文具制造厂有限公司,firm,28,国际文具制造厂有限公司,11
香港特别行政区,香港大学,univ,28,香港大学,12
香港特别行政区,雅达电子国际有限公司,firm,26,雅达电子国际有限公司,13
香港特别行政区,香港城市大学,univ,26,香港城市大学,14
香港特别行政区,创科实业有限公司,firm,23,创科实业有限公司,15
香港特别行政区,宝钜儿童用品香港股份有限公司,firm,22,宝钜儿童用品香港股份有限公司,16
香港特别行政区,亚洲太阳科技有限公司,firm,19,亚洲太阳科技有限公司,17
香港特别行政区,百安力钢结构应用科技有限公司,firm,17,百安力钢结构应用科技有限公司,18
香港特别行政区,璨扬投资有限公司,firm,15,璨扬投资有限公司,19
香港特别行政区,耀光联有限公司,firm,15,耀光联有限公司,20
马鞍山,马鞍山钢铁股份有限公司,firm,119,马鞍山钢铁股份有限公司,1
马鞍山,安徽工业大学,univ,92,安徽工业大学,2
马鞍山,中冶华天工程技术有限公司,firm,21,中冶华天工程技术有限公司,3
马鞍山,中钢集团马鞍山矿山研究院有限公司,firm,17,中钢集团马鞍山矿山研究院有限公司,4
马鞍山,周建安,individual,11,周建安,5
马鞍山,杜正林,individual,10,杜正林,6
马鞍山,中国第十七冶金建设有限公司,firm,9,中国第十七冶金建设有限公司,7
马鞍山,安徽华菱汽车股份有限公司,firm,9,安徽华菱汽车股份有限公司,8
马鞍山,安徽奥马特汽车变速系统有限公司,firm,8,安徽奥马特汽车变速系统有限公司,9
马鞍山,中国十七冶集团有限公司,firm,7,中国十七冶集团有限公司,10
马鞍山,中钢集团安徽天源科技股份有限公司,firm,7,中钢集团安徽天源科技股份有限公司,11
马鞍山,中国十七冶建设有限公司,firm,6,中国十七冶建设有限公司,12
马鞍山,安徽星马汽车股份有限公司,firm,6,安徽星马汽车股份有限公司,13
马鞍山,安徽东海机床制造有限公司,firm,5,安徽东海机床制造有限公司,14
马鞍山,安徽天锦云漆业有限公司,firm,5,安徽天锦云漆业有限公司,15
马鞍山,马鞍山市安康菌业有限公司,firm,5,马鞍山市安康菌业有限公司,16
马鞍山,马鞍山市恒利达机械刀片有限公司,firm,5,马鞍山市恒利达机械刀片有限公司,17
马鞍山,安徽泰尔重工股份有限公司,firm,4,安徽泰尔重工股份有限公司,18
马鞍山,安徽马钢和菱实业有限公司,firm,4,安徽马钢和菱实业有限公司,19
马鞍山,钱和革,individual,4,钱和革,20
驻马店,陈家斌,individual,64,陈家斌,1
驻马店,周大红,individual,40,周大红,2
驻马店,河南省电力公司驻马店供电公司,firm,12,河南省电力公司驻马店供电公司,3
驻马店,辛保山,individual,12,辛保山,4
驻马店,管理,individual,11,管理,5
驻马店,河南天方药业股份有限公司,firm,6,河南天方药业股份有限公司,6
驻马店,王庆生,individual,6,王庆生,7
驻马店,付文生,individual,4,付文生,8
驻马店,河南博特电气有限公司,firm,4,河南博特电气有限公司,9
驻马店,河南省华鼎高分子合成树脂有限公司,firm,4,河南省华鼎高分子合成树脂有限公司,10
驻马店,河南省天地建筑防水工程有限公司,firm,4,河南省天地建筑防水工程有限公司,11
驻马店,路根成,individual,4,路根成,12
驻马店,魏保全,individual,4,魏保全,13
驻马店,刘庆顺,individual,3,刘庆顺,14
驻马店,朱海山,individual,3,朱海山,15
驻马店,李大举,individual,3,李大举,16
驻马店,李好义,individual,3,李好义,17
驻马店,李怀念,individual,3,李怀念,18
驻马店,栗全正,individual,3,栗全正,19
驻马店,河南骏化发展股份有限公司,firm,3,河南骏化发展股份有限公司,20
鸡西,黑龙江省珍宝岛制药有限公司,firm,11,黑龙江省珍宝岛制药有限公司,1
鸡西,鲍迎全,individual,6,鲍迎全,2
鸡西,郑百祥,individual,5,郑百祥,3
鸡西,黑龙江珍宝岛药业股份有限公司,firm,4,黑龙江珍宝岛药业股份有限公司,4
鸡西,姜海,individual,3,姜海,5
鸡西,鸡西电业局,other,3,鸡西电业局,6
鸡西,常维援,individual,2,常维援,7
鸡西,张晓光,individual,2,张晓光,8
鸡西,杨显,individual,2,杨显,9
鸡西,滕树财,individual,2,滕树财,10
鸡西,焦东道,individual,2,焦东道,11
鸡西,王克山,individual,2,王克山,12
鸡西,王爱国,individual,2,王爱国,13
鸡西,郑友,individual,2,郑友,14
鸡西,金英俊,individual,2,金英俊,15
鸡西,鸡西市健鑫农业科技开发有限公司,firm,2,鸡西市健鑫农业科技开发有限公司,16
鸡西,黑龙江省牡丹江农垦奥宇石墨深加工有限公司,firm,2,黑龙江省牡丹江农垦奥宇石墨深加工有限公司,17
鸡西,于振喜,individual,1,于振喜,18
鸡西,全文日,individual,1,全文日,19
鸡西,冯忠良,individual,1,冯忠良,20
鹤壁,河南省淇县永达食业有限公司,firm,40,河南省淇县永达食业有限公司,1
鹤壁,鹤壁佳多科工贸有限责任公司,firm,9,鹤壁佳多科工贸有限责任公司,2
鹤壁,河南大用实业有限公司,firm,8,河南大用实业有限公司,3
鹤壁,张培霞,individual,6,张培霞,4
鹤壁,河南天海电器有限公司,firm,6,河南天海电器有限公司,5
鹤壁,河南永昌飞天淀粉糖有限公司,firm,5,河南永昌飞天淀粉糖有限公司,6
鹤壁,河南省电力公司鹤壁供电公司,firm,5,河南省电力公司鹤壁供电公司,7
鹤壁,鹤壁地恩地新材料科技有限公司,firm,5,鹤壁地恩地新材料科技有限公司,8
鹤壁,李海泉,individual,4,李海泉,9
鹤壁,杨晓陆,individual,4,杨晓陆,10
鹤壁,申绍俭,individual,4,申绍俭,11
鹤壁,冯振周,individual,3,冯振周,12
鹤壁,夏合保,individual,3,夏合保,13
鹤壁,宁宗法,individual,3,宁宗法,14
鹤壁,张建平,individual,3,张建平,15
鹤壁,河南省烟草公司鹤壁市公司,firm,3,河南省烟草公司鹤壁市公司,16
鹤壁,王洪有,individual,3,王洪有,17
鹤壁,苏卫星,individual,3,苏卫星,18
鹤壁,鹤壁职业技术学院机电工程学院,univ,3,鹤壁职业技术学院机电工程学院,19
鹤壁,鹤壁银龙有色金属科技有限公司,firm,3,鹤壁银龙有色金属科技有限公司,20
鹤岗,黑龙江万禾园油脂有限公司,firm,3,黑龙江万禾园油脂有限公司,1
鹤岗,张春举,individual,2,张春举,2
鹤岗,陶相臣,individual,2,陶相臣,3
鹤岗,韩继福,individual,2,韩继福,4
鹤岗,于海滨,individual,1,于海滨,5
鹤岗,仲维铸,individual,1,仲维铸,6
鹤岗,何明忠,individual,1,何明忠,7
鹤岗,刘国,individual,1,刘国,8
鹤岗,刘国斌,individual,1,刘国斌,9
鹤岗,周一臣,individual,1,周一臣,10
鹤岗,哈药集团三精千鹤望奎制药有限公司,firm,1,哈药集团三精千鹤望奎制药有限公司,11
鹤岗,崔仓红,individual,1,崔仓红,12
鹤岗,徐传祥,individual,1,徐传祥,13
鹤岗,方相坤,individual,1,方相坤,14
鹤岗,李国祥,individual,1,李国祥,15
鹤岗,李岩,individual,1,李岩,16
鹤岗,杨喜山,individual,1,杨喜山,17
鹤岗,白云鹤,individual,1,白云鹤,18
鹤岗,谢釜峰,individual,1,谢釜峰,19
鹤岗,郑家龙,individual,1,郑家龙,20
鹰潭,江西铜业股份有限公司,firm,15,江西铜业股份有限公司,1
鹰潭,江西天施康中药股份有限公司,firm,12,江西天施康中药股份有限公司,2
鹰潭,江西铜业集团公司,firm,10,江西铜业集团公司,3
鹰潭,江西三川水表股份有限公司,firm,7,江西三川水表股份有限公司,4
鹰潭,张贵师,individual,5,张贵师,5
鹰潭,江西三琦药业有限公司,firm,5,江西三琦药业有限公司,6
鹰潭,吴和生,individual,4,吴和生,7
鹰潭,江西美的贵雅照明有限公司,firm,4,江西美的贵雅照明有限公司,8
鹰潭,周静,individual,3,周静,9
鹰潭,张旺林,individual,3,张旺林,10
鹰潭,江西同人电子材料有限公司,firm,3,江西同人电子材料有限公司,11
鹰潭,陈广义,individual,3,陈广义,12
鹰潭,吴小云,individual,2,吴小云,13
鹰潭,周永洪,individual,2,周永洪,14
鹰潭,孙福标,individual,2,孙福标,15
鹰潭,段建松,individual,2,段建松,16
鹰潭,潘尚斌,individual,2,潘尚斌,17
鹰潭,黄清卫,individual,2,黄清卫,18
鹰潭,黄知成,individual,2,黄知成,19
鹰潭,中国科学院南京土壤研究所,univ,1,中国科学院南京土壤研究所,20
黄冈,湖北贵族真空科技股份有限公司,firm,6,湖北贵族真空科技股份有限公司,1
黄冈,张顺,individual,5,张顺,2
黄冈,湖北怡莲阳光丝绸纺织有限公司,firm,5,湖北怡莲阳光丝绸纺织有限公司,3
黄冈,刘圣平,individual,4,刘圣平,4
黄冈,湖北省宏源药业有限公司,firm,4,湖北省宏源药业有限公司,5
黄冈,湖北祥云(集团)化工股份有限公司,firm,4,湖北祥云(集团)化工股份有限公司,6
黄冈,湖北龙翔药业有限公司,firm,4,湖北龙翔药业有限公司,7
黄冈,冯林,individual,3,冯林,8
黄冈,冯立友,individual,3,冯立友,9
黄冈,曾舟华,individual,3,曾舟华,10
黄冈,湖北五瑞生物工程有限公司,firm,3,湖北五瑞生物工程有限公司,11
黄冈,湖北迅达药业股份有限公司,firm,3,湖北迅达药业股份有限公司,12
黄冈,马勒三环气门驱动(湖北)有限公司,firm,3,马勒三环气门驱动(湖北)有限公司,13
黄冈,丁权,individual,2,丁权,14
黄冈,吴顺喜,individual,2,吴顺喜,15
黄冈,宋春烨,individual,2,宋春烨,16
黄冈,张五一,individual,2,张五一,17
黄冈,朱辉平,individual,2,朱辉平,18
黄冈,梅新光,individual,2,梅新光,19
黄冈,武穴市龙翔药业有限公司,firm,2,武穴市龙翔药业有限公司,20
黄山,黄山永新股份有限公司,firm,15,黄山永新股份有限公司,1
黄山,杜邦华佳化工有限公司,firm,5,杜邦华佳化工有限公司,2
黄山,程存照,individual,5,程存照,3
黄山,黄山学院,univ,5,黄山学院,4
黄山,黄山市继林机械制造有限公司,firm,5,黄山市继林机械制造有限公司,5
黄山,汪修建,individual,4,汪修建,6
黄山,黄山皖南机床有限公司,firm,4,黄山皖南机床有限公司,7
黄山,陈光辉,individual,3,陈光辉,8
黄山,项晓明,individual,3,项晓明,9
黄山,黄山好视达通信技术有限公司,firm,3,黄山好视达通信技术有限公司,10
黄山,黄山市汽车电器股份公司,firm,3,黄山市汽车电器股份公司,11
黄山,黄山市迎客松生物科技有限公司,firm,3,黄山市迎客松生物科技有限公司,12
黄山,黄山高艺精密制造有限公司,firm,3,黄山高艺精密制造有限公司,13
黄山,安徽省屯溪高压阀门有限公司,firm,2,安徽省屯溪高压阀门有限公司,14
黄山,安徽省祁门黄山药谷生物科技有限公司,firm,2,安徽省祁门黄山药谷生物科技有限公司,15
黄山,徐宝生,individual,2,徐宝生,16
黄山,方园,individual,2,方园,17
黄山,歙县绿源环保设备有限公司,firm,2,歙县绿源环保设备有限公司,18
黄山,项美根,individual,2,项美根,19
黄山,黄山华兰科技有限公司,firm,2,黄山华兰科技有限公司,20
黄石,湖北汇特生物医药技术有限公司,firm,15,湖北汇特生物医药技术有限公司,1
黄石,劲牌有限公司,firm,13,劲牌有限公司,2
黄石,郭卫康,individual,13,郭卫康,3
黄石,湖北师范学院,univ,8,湖北师范学院,4
黄石,大冶有色金属公司,firm,6,大冶有色金属公司,5
黄石,大冶有色金属集团控股有限公司,firm,6,大冶有色金属集团控股有限公司,6
黄石,黄石山力大通热工设备有限公司,firm,6,黄石山力大通热工设备有限公司,7
黄石,湖北新冶钢有限公司,firm,5,湖北新冶钢有限公司,8
黄石,黄石东贝电器股份有限公司,firm,5,黄石东贝电器股份有限公司,9
黄石,大冶斯瑞尔换热器有限公司,firm,4,大冶斯瑞尔换热器有限公司,10
黄石,宋焕玉,individual,4,宋焕玉,11
黄石,湖北三环锻压设备有限公司,firm,4,湖北三环锻压设备有限公司,12
黄石,陈一恒,individual,4,陈一恒,13
黄石,中国十五冶金建设有限公司,firm,3,中国十五冶金建设有限公司,14
黄石,中铝华中铜业有限公司,firm,3,中铝华中铜业有限公司,15
黄石,周现华,individual,3,周现华,16
黄石,湖北东神楚天化工有限公司,firm,3,湖北东神楚天化工有限公司,17
黄石,湖北网安科技有限公司,firm,3,湖北网安科技有限公司,18
黄石,邹秀华,individual,3,邹秀华,19
黄石,黄石市建材节能设备总厂,firm,3,黄石市建材节能设备总厂,20
黑河,陈福库,other,5,陈福库,1
黑河,张照民,individual,4,张照民,2
黑河,赵守财,individual,4,赵守财,3
黑河,李宜海,individual,3,李宜海,4
黑河,陈荣华,individual,3,陈荣华,5
黑河,刘迎辉,individual,2,刘迎辉,6
黑河,孙铁岩,individual,2,孙铁岩,7
黑河,宋德林,individual,2,宋德林,8
黑河,小江生物技术有限公司,firm,2,小江生物技术有限公司,9
黑河,李柏文,individual,2,李柏文,10
黑河,蔡庆举,individual,2,蔡庆举,11
黑河,吕合新,individual,1,吕合新,12
黑河,吴大川,individual,1,吴大川,13
黑河,吴宇会,other,1,吴宇会,14
黑河,孙年超,individual,1,孙年超,15
黑河,孙恩波,individual,1,孙恩波,16
黑河,张云卿,individual,1,张云卿,17
黑河,张修春,individual,1,张修春,18
黑河,张秋月,individual,1,张秋月,19
黑河,文海涛,individual,1,文海涛,20
黔东南苗族侗族自治州,谢显春,individual,8,谢显春,1
黔东南苗族侗族自治州,张峰,individual,4,张峰,2
黔东南苗族侗族自治州,陈国弟,individual,4,陈国弟,3
黔东南苗族侗族自治州,唐笃信,individual,3,唐笃信,4
黔东南苗族侗族自治州,杨再亮,individual,3,杨再亮,5
黔东南苗族侗族自治州,贵州信邦中药发展有限公司,firm,3,贵州信邦中药发展有限公司,6
黔东南苗族侗族自治州,饶友斌,individual,3,饶友斌,7
黔东南苗族侗族自治州,王和付,individual,2,王和付,8
黔东南苗族侗族自治州,贵州三元太宝实业股份有限公司,firm,2,贵州三元太宝实业股份有限公司,9
黔东南苗族侗族自治州,中国振华集团华联无线电器材厂,firm,1,中国振华集团华联无线电器材厂,10
黔东南苗族侗族自治州,习杨,individual,1,习杨,11
黔东南苗族侗族自治州,冯廷萃,individual,1,冯廷萃,12
黔东南苗族侗族自治州,刘兴海,individual,1,刘兴海,13
黔东南苗族侗族自治州,向祖龙,individual,1,向祖龙,14
黔东南苗族侗族自治州,吴佳莹,individual,1,吴佳莹,15
黔东南苗族侗族自治州,吴展航,individual,1,吴展航,16
黔东南苗族侗族自治州,吴运昇,individual,1,吴运昇,17
黔东南苗族侗族自治州,吴通成,individual,1,吴通成,18
黔东南苗族侗族自治州,周安斌,individual,1,周安斌,19
黔东南苗族侗族自治州,姚儒,individual,1,姚儒,20
黔南布依族苗族自治州,时扬,individual,4,时扬,1
黔南布依族苗族自治州,贵定锦江娃娃鱼开发有限公司,firm,4,贵定锦江娃娃鱼开发有限公司,2
黔南布依族苗族自治州,沈勇,individual,3,沈勇,3
黔南布依族苗族自治州,陈严,individual,3,陈严,4
黔南布依族苗族自治州,张永康,individual,2,张永康,5
黔南布依族苗族自治州,杨哲凡,individual,2,杨哲凡,6
黔南布依族苗族自治州,杨峰,individual,2,杨峰,7
黔南布依族苗族自治州,蔡邦红,individual,2,蔡邦红,8
黔南布依族苗族自治州,贵州天福化工有限责任公司,firm,2,贵州天福化工有限责任公司,9
黔南布依族苗族自治州,贵州瓮福蓝天氟化工股份有限公司,firm,2,贵州瓮福蓝天氟化工股份有限公司,10
黔南布依族苗族自治州,都匀贵航东方机床有限公司,firm,2,都匀贵航东方机床有限公司,11
黔南布依族苗族自治州,险峰机床厂,firm,2,险峰机床厂,12
黔南布依族苗族自治州,何艳,individual,1,何艳,13
黔南布依族苗族自治州,唐翊程,individual,1,唐翊程,14
黔南布依族苗族自治州,喻才,individual,1,喻才,15
黔南布依族苗族自治州,孟庆剑,individual,1,孟庆剑,16
黔南布依族苗族自治州,张德民,individual,1,张德民,17
黔南布依族苗族自治州,张祥麟,individual,1,张祥麟,18
黔南布依族苗族自治州,张荣华,individual,1,张荣华,19
黔南布依族苗族自治州,彭勇,individual,1,彭勇,20
黔西南布依族苗族自治州,潘代恩,individual,10,潘代恩,1
黔西南布依族苗族自治州,贵州兴化化工股份有限公司,firm,2,贵州兴化化工股份有限公司,2
黔西南布依族苗族自治州,贵州省亚热带作物研究所,research,2,贵州省亚热带作物研究所,3
黔西南布依族苗族自治州,中国南方电网有限责任公司调峰调频发电公司天生桥水力发电总厂,firm,1,中国南方电网有限责任公司调峰调频发电公司天生桥水力发电总厂,4
黔西南布依族苗族自治州,安龙县康天生态产业开发有限责任公司,firm,1,安龙县康天生态产业开发有限责任公司,5
黔西南布依族苗族自治州,康信勇,individual,1,康信勇,6
黔西南布依族苗族自治州,徐勇,individual,1,徐勇,7
黔西南布依族苗族自治州,景琳,individual,1,景琳,8
黔西南布依族苗族自治州,李搏,individual,1,李搏,9
黔西南布依族苗族自治州,李斯平,individual,1,李斯平,10
黔西南布依族苗族自治州,林伟,individual,1,林伟,11
黔西南布依族苗族自治州,潘胜兰,individual,1,潘胜兰,12
黔西南布依族苗族自治州,王作飞,individual,1,王作飞,13
黔西南布依族苗族自治州,贵州宜化化工有限责任公司,firm,1,贵州宜化化工有限责任公司,14
黔西南布依族苗族自治州,贵州桑立洁净能源科技开发有限公司,firm,1,贵州桑立洁净能源科技开发有限公司,15
黔西南布依族苗族自治州,贵州盛峰药用包装有限公司,firm,1,贵州盛峰药用包装有限公司,16
黔西南布依族苗族自治州,贵州省安龙县金州食品科技开发有限公司,firm,1,贵州省安龙县金州食品科技开发有限公司,17
黔西南布依族苗族自治州,贵州省烟草公司黔西南州公司,firm,1,贵州省烟草公司黔西南州公司,18
黔西南布依族苗族自治州,贵州荣发制药有限责任公司,firm,1,贵州荣发制药有限责任公司,19
黔西南布依族苗族自治州,郑昌茂,individual,1,郑昌茂,20
齐齐哈尔,齐齐哈尔轨道交通装备有限责任公司,firm,83,齐齐哈尔轨道交通装备有限责任公司,1
齐齐哈尔,齐齐哈尔大学,univ,45,齐齐哈尔大学,2
齐齐哈尔,中国第一重型机械股份公司,firm,31,中国第一重型机械股份公司,3
齐齐哈尔,吴小平,individual,19,吴小平,4
齐齐哈尔,齐齐哈尔二机床(集团)有限责任公司,firm,13,齐齐哈尔二机床(集团)有限责任公司,5
齐齐哈尔,中国第一重型机械集团公司,firm,12,中国第一重型机械集团公司,6
齐齐哈尔,安泰生物工程股份有限公司,firm,6,安泰生物工程股份有限公司,7
齐齐哈尔,齐重数控装备股份有限公司,firm,5,齐重数控装备股份有限公司,8
齐齐哈尔,齐齐哈尔医学院,univ,5,齐齐哈尔医学院,9
齐齐哈尔,丁海波,individual,4,丁海波,10
齐齐哈尔,卜继武,individual,4,卜继武,11
齐齐哈尔,邢建国,individual,4,邢建国,12
齐齐哈尔,齐齐哈尔华工机床制造有限公司,firm,4,齐齐哈尔华工机床制造有限公司,13
齐齐哈尔,齐齐哈尔电业局,other,4,齐齐哈尔电业局,14
齐齐哈尔,齐齐哈尔雄鹰猎弹有限公司,firm,4,齐齐哈尔雄鹰猎弹有限公司,15
齐齐哈尔,包良玉,individual,3,包良玉,16
齐齐哈尔,周立富,individual,3,周立富,17
齐齐哈尔,张朝斌,individual,3,张朝斌,18
齐齐哈尔,曹聿哲,individual,3,曹聿哲,19
齐齐哈尔,李树春,individual,3,李树春,20
龙岩,黄灿荣,individual,43,黄灿荣,1
龙岩,紫金矿业集团股份有限公司,firm,34,紫金矿业集团股份有限公司,2
龙岩,龙岩烟草工业有限责任公司,firm,25,龙岩烟草工业有限责任公司,3
龙岩,谢庆生,individual,22,谢庆生,4
龙岩,福建龙净环保股份有限公司,firm,13,福建龙净环保股份有限公司,5
龙岩,龚炳生,individual,8,龚炳生,6
龙岩,罗日良,individual,7,罗日良,7
龙岩,福建瑞森化工有限公司,firm,6,福建瑞森化工有限公司,8
龙岩,罗诚,individual,6,罗诚,9
龙岩,龙岩成冠纺织有限公司,firm,6,龙岩成冠纺织有限公司,10
龙岩,沈开宇,individual,5,沈开宇,11
龙岩,福建金鑫钨业股份有限公司,firm,5,福建金鑫钨业股份有限公司,12
龙岩,刘庭驹,individual,4,刘庭驹,13
龙岩,刘荣坤,individual,4,刘荣坤,14
龙岩,温金龙,individual,4,温金龙,15
龙岩,陈永如,individual,4,陈永如,16
龙岩,龙岩科力达橡塑有限公司,firm,4,龙岩科力达橡塑有限公司,17
龙岩,兰如根,individual,3,兰如根,18
龙岩,德泓(福建)光电科技有限公司,firm,3,德泓(福建)光电科技有限公司,19
龙岩,福建侨龙专用汽车有限公司,firm,3,福建侨龙专用汽车有限公司,20
